english_grade,filipino_grade,mathematics_grade,science_grade,mapeh_grade,araling_panlipunan_grade,tle_grade,values_education_grade,failing_subject_count,language_fail_count,non_language_fail_count,lowest_grade,available_grade_count,risk_level,risk_label
83.7,86.3,91.6,87.7,88.9,85.5,92.5,92.1,0,0,0,83.7,8,Low Risk,Low Risk
93.4,88.1,92.5,85.1,92.5,88.8,88.2,86.2,0,0,0,85.1,8,Low Risk,Low Risk
89.8,90.1,93.2,90.4,90.6,90.7,97.5,87.3,0,0,0,87.3,8,Low Risk,Low Risk
71.6,77.5,79.2,78.7,73.9,77.4,77.0,77.4,2,1,1,71.6,8,High Risk,High Risk
77.4,69.1,74.9,74.6,74.0,75.4,82.5,73.1,5,1,4,69.1,8,High Risk,High Risk
77.8,78.1,74.8,74.7,79.9,75.8,71.4,72.0,4,0,4,71.4,8,High Risk,High Risk
89.6,90.7,91.9,86.2,92.9,89.1,91.0,92.9,0,0,0,86.2,8,Low Risk,Low Risk
91.8,90.5,93.1,84.2,85.2,85.7,87.0,92.6,0,0,0,84.2,8,Low Risk,Low Risk
97.4,90.8,96.4,87.2,90.2,87.2,89.6,94.3,0,0,0,87.2,8,Low Risk,Low Risk
74.9,77.9,76.9,82.8,75.5,72.3,77.1,77.3,2,1,1,72.3,8,High Risk,High Risk
74.4,73.3,75.3,70.9,79.0,75.5,70.5,72.4,5,2,3,70.5,8,High Risk,High Risk
73.0,68.5,77.9,73.2,74.8,74.0,75.9,80.7,5,2,3,68.5,8,High Risk,High Risk
71.9,66.0,64.4,66.1,67.0,78.4,66.6,73.3,7,2,5,64.4,8,High Risk,High Risk
68.9,70.7,64.0,70.6,76.3,70.6,69.5,71.1,7,2,5,64.0,8,High Risk,High Risk
82.0,70.8,75.7,76.8,69.2,68.4,75.8,65.5,4,1,3,65.5,8,High Risk,High Risk
60.0,61.8,61.6,61.2,62.6,64.7,69.7,60.8,8,2,6,60.0,8,High Risk,High Risk
71.4,71.4,62.2,65.2,67.0,66.8,61.7,66.4,8,2,6,61.7,8,High Risk,High Risk
67.7,70.1,62.0,63.5,60.0,65.4,61.8,63.9,8,2,6,60.0,8,High Risk,High Risk
75.9,60.0,64.0,67.5,73.0,62.2,65.1,69.2,7,1,6,60.0,8,High Risk,High Risk
66.8,67.1,69.5,66.8,67.5,66.3,66.1,63.2,8,2,6,63.2,8,High Risk,High Risk
72.1,71.6,66.5,68.1,60.0,69.8,67.9,61.7,8,2,6,60.0,8,High Risk,High Risk
78.7,80.4,80.0,77.6,72.1,80.4,86.0,73.0,2,0,2,72.1,8,High Risk,High Risk
84.9,82.0,85.7,83.8,80.9,86.1,80.9,82.4,0,0,0,80.9,8,Moderate Risk,Moderate Risk
76.9,83.6,74.1,82.2,78.4,83.8,82.1,86.4,1,0,1,74.1,8,Moderate Risk,Moderate Risk
81.8,76.8,79.4,82.5,85.9,83.7,72.1,82.5,1,0,1,72.1,8,Moderate Risk,Moderate Risk
84.0,75.3,88.0,82.7,84.6,79.0,84.5,85.5,0,0,0,75.3,8,Moderate Risk,Moderate Risk
82.7,78.2,81.5,80.7,82.8,85.3,77.0,80.8,0,0,0,77.0,8,Moderate Risk,Moderate Risk
98.8,96.9,96.5,94.2,99.0,91.2,84.0,98.4,0,0,0,84.0,8,Low Risk,Low Risk
98.7,87.1,88.1,85.6,88.8,93.8,94.1,93.1,0,0,0,85.6,8,Low Risk,Low Risk
93.7,91.6,95.0,94.8,92.6,95.1,92.9,94.1,0,0,0,91.6,8,Low Risk,Low Risk
88.5,89.0,92.1,78.8,81.6,80.9,77.4,84.1,0,0,0,77.4,8,Low Risk,Low Risk
90.3,93.9,94.1,86.5,92.2,87.2,83.4,84.4,0,0,0,83.4,8,Low Risk,Low Risk
88.1,92.7,95.6,81.3,88.4,82.6,88.7,86.3,0,0,0,81.3,8,Low Risk,Low Risk
66.3,63.8,65.1,67.1,70.9,64.3,60.0,69.9,8,2,6,60.0,8,High Risk,High Risk
75.8,68.8,68.1,62.3,67.0,65.5,66.9,62.3,7,1,6,62.3,8,High Risk,High Risk
79.9,70.7,62.1,64.5,66.4,68.1,64.3,69.9,7,1,6,62.1,8,High Risk,High Risk
91.7,96.5,91.4,96.0,97.6,94.8,92.1,95.1,0,0,0,91.4,8,Low Risk,Low Risk
87.5,93.5,86.9,87.3,98.7,96.9,90.4,87.3,0,0,0,86.9,8,Low Risk,Low Risk
99.0,96.5,92.6,95.1,87.0,92.1,93.7,92.9,0,0,0,87.0,8,Low Risk,Low Risk
60.0,60.4,70.8,64.7,71.1,63.7,71.3,66.0,8,2,6,60.0,8,High Risk,High Risk
69.5,71.2,70.0,60.0,62.3,60.0,62.2,66.5,8,2,6,60.0,8,High Risk,High Risk
75.1,74.8,66.6,73.6,65.1,64.3,62.5,61.4,7,1,6,61.4,8,High Risk,High Risk
94.2,90.6,89.1,92.9,91.4,84.9,90.4,91.7,0,0,0,84.9,8,Low Risk,Low Risk
85.4,96.6,96.7,89.7,92.1,81.0,86.1,89.5,0,0,0,81.0,8,Low Risk,Low Risk
99.0,86.5,88.3,91.6,97.1,85.8,91.7,98.0,0,0,0,85.8,8,Low Risk,Low Risk
65.8,63.6,60.0,66.4,62.1,69.5,61.9,61.8,8,2,6,60.0,8,High Risk,High Risk
63.8,62.6,60.0,60.0,67.2,65.3,61.9,70.2,8,2,6,60.0,8,High Risk,High Risk
72.7,75.7,60.0,70.8,74.6,62.7,60.0,63.1,7,1,6,60.0,8,High Risk,High Risk
81.1,81.9,83.2,74.5,82.1,79.9,88.9,80.8,1,0,1,74.5,8,Moderate Risk,Moderate Risk
83.2,87.3,79.4,74.7,81.4,77.8,80.1,81.1,1,0,1,74.7,8,Moderate Risk,Moderate Risk
85.6,83.5,77.8,76.2,84.8,82.9,91.0,83.1,0,0,0,76.2,8,Moderate Risk,Moderate Risk
78.1,77.9,82.2,84.8,77.0,77.1,80.1,77.8,0,0,0,77.0,8,Moderate Risk,Moderate Risk
76.5,76.7,69.7,75.0,75.1,78.0,83.3,77.8,1,0,1,69.7,8,High Risk,High Risk
82.0,78.9,81.6,78.8,81.6,74.7,78.8,78.0,1,0,1,74.7,8,Moderate Risk,Moderate Risk
60.0,69.1,66.2,70.0,62.3,62.4,68.7,67.1,8,2,6,60.0,8,High Risk,High Risk
69.9,60.0,69.8,62.8,60.0,67.3,70.6,74.1,8,2,6,60.0,8,High Risk,High Risk
69.4,78.9,61.4,70.3,69.5,68.7,71.9,69.4,7,1,6,61.4,8,High Risk,High Risk
73.9,69.5,75.0,70.6,71.3,66.2,72.1,70.8,7,2,5,66.2,8,High Risk,High Risk
74.7,73.6,65.3,69.9,67.5,65.5,72.6,72.1,8,2,6,65.3,8,High Risk,High Risk
78.9,72.9,71.1,75.7,74.9,70.0,65.5,69.3,6,1,5,65.5,8,High Risk,High Risk
70.0,64.3,69.0,77.8,67.4,63.5,64.6,72.1,7,2,5,63.5,8,High Risk,High Risk
78.5,73.4,67.3,70.7,77.7,79.4,70.7,79.6,4,1,3,67.3,8,High Risk,High Risk
91.7,76.3,69.4,70.0,75.6,72.1,73.1,72.1,5,0,5,69.4,8,High Risk,High Risk
72.7,64.0,66.6,68.4,70.6,71.9,66.7,73.7,8,2,6,64.0,8,High Risk,High Risk
75.0,76.7,63.8,66.1,66.4,71.9,75.8,69.1,5,0,5,63.8,8,High Risk,High Risk
76.6,83.7,64.8,72.7,64.6,72.3,71.2,70.2,6,0,6,64.6,8,High Risk,High Risk
70.0,65.3,73.5,76.2,77.4,73.7,77.1,64.1,5,2,3,64.1,8,High Risk,High Risk
80.1,73.9,69.9,71.6,73.4,76.3,78.2,72.9,5,1,4,69.9,8,High Risk,High Risk
76.8,79.0,70.7,70.2,73.0,60.0,73.1,60.0,6,0,6,60.0,8,High Risk,High Risk
70.5,75.3,70.8,67.1,70.7,71.0,65.7,70.1,7,1,6,65.7,8,High Risk,High Risk
75.9,70.4,74.7,69.5,65.5,72.9,73.0,65.0,7,1,6,65.0,8,High Risk,High Risk
81.4,81.0,68.3,74.6,77.1,78.3,76.4,70.7,3,0,3,68.3,8,High Risk,High Risk
77.0,78.3,80.0,76.2,80.8,79.3,72.8,83.5,1,0,1,72.8,8,Moderate Risk,Moderate Risk
75.9,75.6,79.8,79.1,79.0,79.4,80.2,69.3,1,0,1,69.3,8,High Risk,High Risk
81.7,77.8,75.3,79.7,75.6,77.7,81.7,75.5,0,0,0,75.3,8,Moderate Risk,Moderate Risk
63.1,62.7,65.5,71.1,65.1,70.7,63.9,68.1,8,2,6,62.7,8,High Risk,High Risk
71.7,72.3,73.4,67.1,73.4,66.3,68.7,64.6,8,2,6,64.6,8,High Risk,High Risk
78.2,69.5,72.9,80.1,66.6,74.6,69.9,68.3,6,1,5,66.6,8,High Risk,High Risk
87.9,91.0,89.0,84.0,91.5,92.9,88.6,90.5,0,0,0,84.0,8,Low Risk,Low Risk
90.3,90.3,90.3,82.2,89.4,81.2,83.4,91.8,0,0,0,81.2,8,Low Risk,Low Risk
86.8,83.2,87.3,87.0,86.9,91.1,85.1,88.0,0,0,0,83.2,8,Low Risk,Low Risk
65.1,73.2,64.2,67.0,60.0,64.4,66.9,65.2,8,2,6,60.0,8,High Risk,High Risk
71.4,77.3,60.0,65.8,68.0,70.7,69.8,66.4,7,1,6,60.0,8,High Risk,High Risk
73.0,78.7,70.4,60.0,62.3,63.2,66.5,66.9,7,1,6,60.0,8,High Risk,High Risk
61.6,60.0,62.3,60.0,61.4,65.0,65.9,66.1,8,2,6,60.0,8,High Risk,High Risk
62.7,67.1,62.1,70.6,68.5,63.4,67.4,72.2,8,2,6,62.1,8,High Risk,High Risk
65.7,70.7,60.0,61.7,61.6,60.9,73.6,65.6,8,2,6,60.0,8,High Risk,High Risk
68.0,62.5,67.1,66.7,68.2,61.4,67.1,68.0,8,2,6,61.4,8,High Risk,High Risk
62.7,60.0,63.3,61.9,65.1,67.3,67.5,71.2,8,2,6,60.0,8,High Risk,High Risk
75.5,64.2,60.0,68.9,71.1,61.9,66.2,62.1,7,1,6,60.0,8,High Risk,High Risk
76.6,76.3,74.7,80.8,80.7,80.5,84.3,83.9,1,0,1,74.7,8,Moderate Risk,Moderate Risk
83.2,78.2,77.1,82.9,69.4,70.1,81.3,78.4,2,0,2,69.4,8,High Risk,High Risk
77.4,75.0,76.4,69.6,79.1,81.5,71.8,75.5,2,0,2,69.6,8,High Risk,High Risk
87.0,96.0,81.2,87.9,84.6,92.6,86.6,91.0,0,0,0,81.2,8,Low Risk,Low Risk
90.2,92.5,86.3,94.1,86.3,87.1,89.2,83.1,0,0,0,83.1,8,Low Risk,Low Risk
92.2,84.7,91.8,92.3,81.8,85.0,92.8,90.4,0,0,0,81.8,8,Low Risk,Low Risk
65.2,70.1,70.3,67.8,65.7,79.1,71.2,66.9,7,2,5,65.2,8,High Risk,High Risk
75.7,75.2,66.6,68.2,68.8,68.4,73.5,62.9,6,0,6,62.9,8,High Risk,High Risk
84.4,75.2,70.2,63.4,69.8,71.3,72.1,70.6,6,0,6,63.4,8,High Risk,High Risk
72.7,78.4,73.0,75.2,83.8,75.7,79.7,70.4,3,1,2,70.4,8,High Risk,High Risk
81.8,75.8,75.8,75.9,75.6,80.7,78.9,80.5,0,0,0,75.6,8,Moderate Risk,Moderate Risk
75.4,86.0,70.3,82.9,83.4,74.5,86.8,81.9,2,0,2,70.3,8,High Risk,High Risk
71.4,70.4,70.9,68.8,66.2,66.4,63.3,70.8,8,2,6,63.3,8,High Risk,High Risk
68.3,66.0,67.3,71.0,79.2,75.9,68.7,67.5,6,2,4,66.0,8,High Risk,High Risk
79.3,76.5,69.3,73.7,67.0,66.5,71.7,73.8,6,0,6,66.5,8,High Risk,High Risk
62.7,62.8,73.3,60.0,64.2,72.6,67.6,68.0,8,2,6,60.0,8,High Risk,High Risk
61.5,68.3,64.8,63.3,61.5,64.4,61.4,67.1,8,2,6,61.4,8,High Risk,High Risk
76.0,71.4,60.0,65.6,73.8,66.3,66.1,68.0,7,1,6,60.0,8,High Risk,High Risk
69.7,79.8,80.4,78.4,84.5,84.9,79.5,71.6,2,1,1,69.7,8,High Risk,High Risk
88.8,76.9,84.1,73.4,76.4,86.2,79.1,83.5,1,0,1,73.4,8,Moderate Risk,Moderate Risk
77.5,83.0,82.7,73.9,77.2,77.8,78.7,74.6,2,0,2,73.9,8,High Risk,High Risk
84.5,85.8,84.1,86.9,89.2,79.9,86.4,85.4,0,0,0,79.9,8,Low Risk,Low Risk
82.5,83.2,88.8,90.4,77.4,87.6,91.0,85.6,0,0,0,77.4,8,Low Risk,Low Risk
87.8,81.8,79.3,90.0,82.3,84.4,80.7,80.6,0,0,0,79.3,8,Moderate Risk,Moderate Risk
96.2,85.6,91.3,93.2,93.8,83.0,87.5,94.1,0,0,0,83.0,8,Low Risk,Low Risk
89.0,88.4,92.6,87.7,88.5,89.0,86.0,90.8,0,0,0,86.0,8,Low Risk,Low Risk
91.2,86.9,93.8,88.9,91.8,93.4,89.5,93.2,0,0,0,86.9,8,Low Risk,Low Risk
69.0,68.3,71.6,76.1,64.7,75.7,71.8,71.0,6,2,4,64.7,8,High Risk,High Risk
67.2,72.9,69.8,69.0,69.8,76.9,74.0,70.3,7,2,5,67.2,8,High Risk,High Risk
81.8,74.4,77.7,76.6,69.0,72.7,71.8,72.9,5,1,4,69.0,8,High Risk,High Risk
86.9,88.7,84.0,83.9,85.9,92.9,85.5,90.6,0,0,0,83.9,8,Low Risk,Low Risk
89.3,93.3,87.9,81.7,82.5,85.9,83.0,89.7,0,0,0,81.7,8,Low Risk,Low Risk
82.9,90.7,85.5,86.1,88.6,78.7,89.0,95.6,0,0,0,78.7,8,Low Risk,Low Risk
72.9,69.9,65.7,72.5,69.7,69.9,74.4,66.6,8,2,6,65.7,8,High Risk,High Risk
76.6,73.9,69.9,71.6,71.9,71.1,66.2,69.9,7,1,6,66.2,8,High Risk,High Risk
76.5,80.7,72.4,68.9,69.7,73.2,70.0,75.6,5,0,5,68.9,8,High Risk,High Risk
80.1,75.1,76.9,77.5,75.7,75.8,79.4,75.1,0,0,0,75.1,8,Moderate Risk,Moderate Risk
91.0,78.0,80.3,74.8,86.8,84.5,81.2,74.6,2,0,2,74.6,8,High Risk,High Risk
70.1,75.9,82.8,84.8,84.4,73.6,81.2,84.0,2,1,1,70.1,8,High Risk,High Risk
63.4,65.0,70.7,67.9,67.5,69.5,61.4,71.0,8,2,6,61.4,8,High Risk,High Risk
70.1,70.9,71.6,72.9,71.1,68.1,60.7,72.2,8,2,6,60.7,8,High Risk,High Risk
84.3,75.9,69.2,64.7,70.8,71.4,69.5,70.0,6,0,6,64.7,8,High Risk,High Risk
68.8,64.2,67.4,74.3,69.1,72.6,70.5,74.3,8,2,6,64.2,8,High Risk,High Risk
67.7,67.6,73.0,72.8,72.3,70.8,74.4,70.2,8,2,6,67.6,8,High Risk,High Risk
73.9,81.0,74.7,65.2,74.6,77.3,69.8,72.1,6,1,5,65.2,8,High Risk,High Risk
66.6,74.2,73.5,69.6,77.6,74.0,71.5,73.6,7,2,5,66.6,8,High Risk,High Risk
75.4,75.8,74.0,77.6,72.7,77.9,78.0,64.2,3,0,3,64.2,8,High Risk,High Risk
69.4,70.9,79.9,68.1,80.3,75.6,71.1,73.5,5,2,3,68.1,8,High Risk,High Risk
92.1,87.6,91.5,88.4,86.5,92.0,86.7,82.9,0,0,0,82.9,8,Low Risk,Low Risk
89.2,88.6,90.7,99.0,91.8,92.6,84.5,89.0,0,0,0,84.5,8,Low Risk,Low Risk
95.9,87.4,93.0,89.3,92.3,89.0,90.5,90.7,0,0,0,87.4,8,Low Risk,Low Risk
61.4,61.1,63.6,72.0,60.0,68.3,60.0,66.1,8,2,6,60.0,8,High Risk,High Risk
66.4,65.9,60.1,62.0,60.0,66.8,67.4,66.2,8,2,6,60.0,8,High Risk,High Risk
73.0,69.6,64.9,66.3,60.0,69.7,64.9,60.8,8,2,6,60.0,8,High Risk,High Risk
63.2,60.6,64.2,66.4,64.5,61.3,65.0,64.2,8,2,6,60.6,8,High Risk,High Risk
67.8,65.4,60.3,64.9,67.4,62.6,68.5,60.5,8,2,6,60.3,8,High Risk,High Risk
69.7,73.4,62.3,60.0,67.5,60.0,69.1,75.9,7,2,5,60.0,8,High Risk,High Risk
82.8,83.2,78.8,80.0,84.6,80.6,82.8,79.9,0,0,0,78.8,8,Moderate Risk,Moderate Risk
73.8,80.6,80.3,75.6,80.6,80.9,72.1,77.0,2,1,1,72.1,8,High Risk,High Risk
84.8,81.3,78.2,78.2,82.6,81.5,83.2,81.2,0,0,0,78.2,8,Moderate Risk,Moderate Risk
96.7,91.6,81.2,84.9,90.9,86.7,85.7,93.4,0,0,0,81.2,8,Low Risk,Low Risk
91.4,92.1,90.0,91.4,88.6,89.7,86.7,88.0,0,0,0,86.7,8,Low Risk,Low Risk
93.7,92.8,88.2,84.5,88.0,87.7,88.5,96.6,0,0,0,84.5,8,Low Risk,Low Risk
91.5,87.0,88.3,88.3,90.7,88.6,92.3,86.9,0,0,0,86.9,8,Low Risk,Low Risk
91.8,87.3,86.9,83.5,91.1,85.9,87.8,87.1,0,0,0,83.5,8,Low Risk,Low Risk
85.9,91.1,92.1,88.6,84.1,90.0,84.3,85.2,0,0,0,84.1,8,Low Risk,Low Risk
73.8,77.7,78.7,79.0,78.1,81.2,77.5,83.7,1,1,0,73.8,8,Moderate Risk,Moderate Risk
82.7,83.1,79.7,90.9,83.3,74.9,78.4,75.4,1,0,1,74.9,8,Moderate Risk,Moderate Risk
83.5,76.9,77.2,82.5,83.1,75.0,81.7,82.4,0,0,0,75.0,8,Moderate Risk,Moderate Risk
84.6,79.1,79.3,82.9,83.6,79.4,84.3,85.1,0,0,0,79.1,8,Moderate Risk,Moderate Risk
76.8,80.4,81.2,80.8,78.6,75.2,81.5,78.1,0,0,0,75.2,8,Moderate Risk,Moderate Risk
75.9,81.2,81.7,83.5,89.9,82.3,83.1,76.9,0,0,0,75.9,8,Moderate Risk,Moderate Risk
60.0,62.2,68.9,61.6,60.0,68.6,66.8,62.4,8,2,6,60.0,8,High Risk,High Risk
67.8,60.0,60.0,66.2,65.8,69.2,67.0,60.0,8,2,6,60.0,8,High Risk,High Risk
77.2,68.5,65.7,60.5,67.4,68.5,65.3,60.0,7,1,6,60.0,8,High Risk,High Risk
68.9,70.2,78.5,75.3,65.1,73.2,76.0,76.3,4,2,2,65.1,8,High Risk,High Risk
68.5,71.5,60.0,69.7,72.9,69.5,79.2,71.5,7,2,5,60.0,8,High Risk,High Risk
78.3,76.7,71.1,80.4,70.4,73.1,76.5,76.0,3,0,3,70.4,8,High Risk,High Risk
69.8,68.6,65.6,70.6,81.3,73.6,74.4,73.6,7,2,5,65.6,8,High Risk,High Risk
68.7,69.4,70.6,72.9,72.7,70.1,71.0,65.5,8,2,6,65.5,8,High Risk,High Risk
87.8,77.1,77.7,76.2,74.7,68.7,66.7,73.4,4,0,4,66.7,8,High Risk,High Risk
75.3,74.5,78.8,69.4,73.5,78.3,73.1,69.1,5,1,4,69.1,8,High Risk,High Risk
69.0,76.9,72.1,70.9,73.8,74.8,73.0,77.9,6,1,5,69.0,8,High Risk,High Risk
69.0,76.8,74.2,66.1,73.4,71.9,81.9,68.7,6,1,5,66.1,8,High Risk,High Risk
88.3,80.3,82.1,86.4,90.3,79.6,81.8,89.2,0,0,0,79.6,8,Low Risk,Low Risk
78.0,82.5,80.7,78.1,78.0,83.0,85.9,81.4,0,0,0,78.0,8,Moderate Risk,Moderate Risk
78.2,85.0,85.0,92.3,80.4,80.1,85.0,85.2,0,0,0,78.2,8,Low Risk,Low Risk
99.0,92.6,88.0,85.8,88.4,88.2,92.8,88.7,0,0,0,85.8,8,Low Risk,Low Risk
93.3,99.0,98.0,93.5,91.6,91.7,94.7,95.8,0,0,0,91.6,8,Low Risk,Low Risk
86.9,95.9,98.4,92.3,99.0,89.9,-1.0,93.3,0,0,0,86.9,7,Low Risk,Low Risk
76.5,79.7,74.7,80.8,74.7,82.1,86.6,77.2,2,0,2,74.7,8,High Risk,High Risk
80.5,78.4,82.4,81.4,83.8,79.2,81.3,76.5,0,0,0,76.5,8,Moderate Risk,Moderate Risk
77.3,79.7,78.0,75.4,77.8,83.5,79.9,70.9,1,0,1,70.9,8,Moderate Risk,Moderate Risk
84.8,90.6,83.5,90.3,87.9,86.7,86.3,85.0,0,0,0,83.5,8,Low Risk,Low Risk
82.8,79.8,88.2,88.2,87.6,87.3,84.4,88.8,0,0,0,79.8,8,Low Risk,Low Risk
85.0,94.4,78.8,87.7,79.0,85.3,84.0,77.4,0,0,0,77.4,8,Low Risk,Low Risk
78.6,77.3,82.5,83.3,81.1,72.8,77.4,78.3,1,0,1,72.8,8,Moderate Risk,Moderate Risk
77.9,76.9,78.7,73.3,72.7,81.6,82.1,72.6,3,0,3,72.6,8,High Risk,High Risk
77.5,82.8,78.4,79.1,73.2,85.2,78.5,79.4,1,0,1,73.2,8,Moderate Risk,Moderate Risk
65.3,69.2,60.3,62.1,65.2,69.3,60.7,60.0,8,2,6,60.0,8,High Risk,High Risk
69.1,67.0,61.2,63.3,72.2,66.9,63.8,65.4,8,2,6,61.2,8,High Risk,High Risk
69.2,77.4,68.7,64.7,65.2,68.7,63.7,68.4,7,1,6,63.7,8,High Risk,High Risk
60.0,60.0,70.6,62.2,65.5,63.2,66.6,61.7,8,2,6,60.0,8,High Risk,High Risk
63.3,68.1,64.3,65.5,62.9,68.3,71.3,63.7,8,2,6,62.9,8,High Risk,High Risk
68.1,79.6,69.4,62.8,60.0,66.1,60.0,64.6,7,1,6,60.0,8,High Risk,High Risk
95.5,96.5,91.4,96.3,88.4,96.2,97.6,93.7,0,0,0,88.4,8,Low Risk,Low Risk
83.5,96.1,94.4,92.6,95.7,92.5,88.3,92.3,0,0,0,83.5,8,Low Risk,Low Risk
95.6,99.0,90.5,93.5,98.0,85.9,93.5,90.5,0,0,0,85.9,8,Low Risk,Low Risk
74.7,86.8,80.2,81.6,80.1,77.9,80.7,91.5,1,1,0,74.7,8,Moderate Risk,Moderate Risk
82.5,76.6,74.9,85.8,86.3,85.9,79.8,81.0,1,0,1,74.9,8,Moderate Risk,Moderate Risk
80.4,84.2,77.2,84.2,83.0,84.7,85.2,78.9,0,0,0,77.2,8,Moderate Risk,Moderate Risk
84.2,80.5,80.2,80.6,79.1,75.8,76.1,75.0,0,0,0,75.0,8,Moderate Risk,Moderate Risk
75.3,79.1,73.1,82.8,74.1,78.8,81.0,78.3,2,0,2,73.1,8,High Risk,High Risk
83.1,76.8,74.0,74.7,81.2,79.5,79.0,75.7,2,0,2,74.0,8,High Risk,High Risk
72.9,81.7,77.0,79.9,81.0,80.8,80.3,82.5,1,1,0,72.9,8,Moderate Risk,Moderate Risk
83.7,83.6,85.9,76.3,83.6,85.1,78.3,82.5,0,0,0,76.3,8,Moderate Risk,Moderate Risk
88.3,73.9,92.5,78.8,86.4,86.3,78.5,84.4,1,1,0,73.9,8,Moderate Risk,Moderate Risk
74.2,72.1,74.7,70.3,68.8,70.7,70.5,76.1,7,2,5,68.8,8,High Risk,High Risk
73.0,73.1,70.4,69.4,67.1,75.5,69.8,85.2,6,2,4,67.1,8,High Risk,High Risk
81.4,73.7,64.2,73.4,64.0,67.7,70.8,69.6,7,1,6,64.0,8,High Risk,High Risk
87.1,87.4,83.6,88.1,86.0,83.7,83.7,81.5,0,0,0,81.5,8,Low Risk,Low Risk
85.3,91.9,84.6,80.8,90.5,84.2,84.7,86.5,0,0,0,80.8,8,Low Risk,Low Risk
83.9,90.9,84.9,93.9,86.4,77.4,87.8,94.2,0,0,0,77.4,8,Low Risk,Low Risk
60.0,60.0,60.0,68.1,67.7,65.7,60.0,63.3,8,2,6,60.0,8,High Risk,High Risk
60.0,73.4,60.0,71.1,69.6,64.6,63.4,64.0,8,2,6,60.0,8,High Risk,High Risk
65.6,72.0,60.0,60.5,66.7,65.0,65.3,72.4,8,2,6,60.0,8,High Risk,High Risk
70.7,75.0,71.3,72.7,70.5,73.3,74.1,69.7,7,1,6,69.7,8,High Risk,High Risk
75.8,70.3,77.2,73.7,79.2,73.8,78.4,75.4,3,1,2,70.3,8,High Risk,High Risk
77.1,80.2,76.5,75.6,80.7,66.7,71.8,71.0,3,0,3,66.7,8,High Risk,High Risk
79.3,79.0,84.8,82.8,73.1,76.3,87.3,82.9,1,0,1,73.1,8,Moderate Risk,Moderate Risk
76.1,78.2,81.6,80.8,83.5,76.3,82.7,85.6,0,0,0,76.1,8,Moderate Risk,Moderate Risk
81.1,78.2,80.3,86.3,80.8,77.7,79.3,82.1,0,0,0,77.7,8,Moderate Risk,Moderate Risk
60.3,60.5,63.8,65.2,62.4,65.2,65.1,64.3,8,2,6,60.3,8,High Risk,High Risk
67.2,68.7,72.5,63.6,70.4,67.8,60.7,70.1,8,2,6,60.7,8,High Risk,High Risk
75.6,66.1,62.1,65.1,69.9,62.3,63.4,67.6,7,1,6,62.1,8,High Risk,High Risk
76.4,70.8,64.2,67.3,72.6,73.6,69.2,69.6,7,1,6,64.2,8,High Risk,High Risk
78.8,75.0,71.3,66.8,68.8,66.1,64.4,70.8,6,0,6,64.4,8,High Risk,High Risk
80.7,76.0,71.0,66.8,69.6,66.9,67.3,64.9,6,0,6,64.9,8,High Risk,High Risk
86.6,89.7,92.4,87.7,95.3,89.1,89.3,84.6,0,0,0,84.6,8,Low Risk,Low Risk
85.8,85.1,99.0,87.1,82.4,85.4,88.0,90.4,0,0,0,82.4,8,Low Risk,Low Risk
85.7,89.6,85.5,85.7,84.5,83.4,92.5,90.9,0,0,0,83.4,8,Low Risk,Low Risk
84.9,84.0,78.0,76.8,79.9,85.0,85.5,77.3,0,0,0,76.8,8,Moderate Risk,Moderate Risk
81.0,77.0,76.3,79.5,83.1,78.0,82.3,87.0,0,0,0,76.3,8,Moderate Risk,Moderate Risk
86.5,80.8,79.7,87.4,81.5,87.2,84.5,81.4,0,0,0,79.7,8,Low Risk,Low Risk
66.3,60.0,68.5,67.6,60.4,70.5,74.7,69.7,8,2,6,60.0,8,High Risk,High Risk
65.2,69.7,60.0,68.2,60.0,63.9,71.8,61.4,8,2,6,60.0,8,High Risk,High Risk
78.3,74.5,65.5,66.7,67.7,67.1,62.3,60.3,7,1,6,60.3,8,High Risk,High Risk
94.1,84.0,86.9,87.9,83.1,88.8,93.9,85.5,0,0,0,83.1,8,Low Risk,Low Risk
87.4,86.3,84.9,91.8,86.2,86.8,86.0,79.8,0,0,0,79.8,8,Low Risk,Low Risk
79.1,84.5,86.6,94.4,90.5,85.2,92.7,84.5,0,0,0,79.1,8,Low Risk,Low Risk
66.0,62.9,68.0,64.6,-1.0,68.7,66.7,65.2,7,2,5,62.9,7,High Risk,High Risk
83.5,70.5,61.7,65.2,64.9,69.6,66.3,67.5,7,1,6,61.7,8,High Risk,High Risk
74.8,74.2,68.9,70.6,68.1,69.3,67.2,64.3,8,2,6,64.3,8,High Risk,High Risk
60.0,60.0,64.8,71.7,75.4,71.7,62.7,67.7,7,2,5,60.0,8,High Risk,High Risk
71.8,66.0,60.0,66.1,66.5,64.5,69.3,68.4,8,2,6,60.0,8,High Risk,High Risk
72.8,76.8,65.1,62.5,62.7,66.3,68.6,66.2,7,1,6,62.5,8,High Risk,High Risk
93.1,91.3,87.1,82.9,87.0,84.8,82.2,85.9,0,0,0,82.2,8,Low Risk,Low Risk
93.8,87.8,88.0,81.6,87.1,90.7,92.4,86.2,0,0,0,81.6,8,Low Risk,Low Risk
86.4,94.3,95.8,91.0,88.9,80.3,81.0,89.6,0,0,0,80.3,8,Low Risk,Low Risk
96.0,91.1,89.3,92.8,84.6,99.0,90.0,90.1,0,0,0,84.6,8,Low Risk,Low Risk
94.3,84.7,95.4,87.2,89.0,83.4,90.6,85.9,0,0,0,83.4,8,Low Risk,Low Risk
98.8,99.0,90.0,88.8,87.0,93.0,87.2,86.8,0,0,0,86.8,8,Low Risk,Low Risk
67.2,70.2,63.8,69.2,64.5,67.4,71.4,68.7,8,2,6,63.8,8,High Risk,High Risk
75.8,75.0,61.0,67.0,72.6,70.5,63.0,70.7,6,0,6,61.0,8,High Risk,High Risk
80.7,81.6,71.6,71.2,69.3,68.6,67.3,63.4,6,0,6,63.4,8,High Risk,High Risk
87.0,93.2,90.6,80.9,86.3,92.3,84.9,87.5,0,0,0,80.9,8,Low Risk,Low Risk
90.0,82.4,85.5,90.0,87.1,84.4,87.4,85.4,0,0,0,82.4,8,Low Risk,Low Risk
85.1,88.1,86.8,79.3,82.0,91.9,87.2,80.4,0,0,0,79.3,8,Low Risk,Low Risk
81.5,74.3,83.2,79.2,84.0,77.3,81.3,82.0,1,1,0,74.3,8,Moderate Risk,Moderate Risk
78.6,77.1,85.9,84.8,77.5,82.8,77.6,75.8,0,0,0,75.8,8,Moderate Risk,Moderate Risk
83.4,78.6,78.6,82.2,82.9,77.3,83.4,81.0,0,0,0,77.3,8,Moderate Risk,Moderate Risk
70.2,71.7,71.9,74.9,73.2,71.4,69.3,64.1,8,2,6,64.1,8,High Risk,High Risk
79.9,73.0,77.1,67.6,72.5,68.5,69.5,71.5,6,1,5,67.6,8,High Risk,High Risk
75.5,68.5,72.8,81.4,66.2,77.6,72.0,75.0,4,1,3,66.2,8,High Risk,High Risk
60.5,60.0,65.9,69.2,61.6,65.8,63.4,65.7,8,2,6,60.0,8,High Risk,High Risk
66.2,70.5,65.3,69.2,61.8,63.9,63.7,60.0,8,2,6,60.0,8,High Risk,High Risk
78.0,69.8,60.0,70.1,62.9,69.9,64.6,70.1,7,1,6,60.0,8,High Risk,High Risk
75.9,77.5,73.1,77.0,75.0,69.4,75.8,71.3,3,0,3,69.4,8,High Risk,High Risk
68.1,70.4,82.7,71.5,78.2,73.0,76.0,73.2,5,2,3,68.1,8,High Risk,High Risk
71.0,77.6,85.4,81.1,78.6,75.4,68.0,70.4,3,1,2,68.0,8,High Risk,High Risk
84.1,89.3,87.3,85.4,88.5,85.6,85.0,88.0,0,0,0,84.1,8,Low Risk,Low Risk
87.5,84.1,84.8,89.2,87.9,88.0,87.3,86.3,0,0,0,84.1,8,Low Risk,Low Risk
90.8,86.8,93.8,87.1,88.7,87.3,87.1,83.2,0,0,0,83.2,8,Low Risk,Low Risk
98.4,89.6,88.8,84.3,87.6,83.8,93.2,99.0,0,0,0,83.8,8,Low Risk,Low Risk
95.9,89.4,95.9,89.5,88.1,89.9,93.7,89.7,0,0,0,88.1,8,Low Risk,Low Risk
87.2,93.9,83.6,88.9,93.7,91.9,93.0,90.4,0,0,0,83.6,8,Low Risk,Low Risk
85.7,92.7,91.4,93.3,85.2,85.3,90.8,88.7,0,0,0,85.2,8,Low Risk,Low Risk
83.6,87.3,94.6,96.2,84.1,87.6,-1.0,96.1,0,0,0,83.6,7,Low Risk,Low Risk
89.6,93.9,83.3,88.3,82.3,84.7,92.3,88.7,0,0,0,82.3,8,Low Risk,Low Risk
76.6,80.6,78.8,80.8,80.3,78.0,77.1,78.2,0,0,0,76.6,8,Moderate Risk,Moderate Risk
77.0,79.7,80.0,85.4,78.0,83.0,84.1,78.9,0,0,0,77.0,8,Moderate Risk,Moderate Risk
78.9,83.4,80.2,80.1,74.7,75.3,87.8,78.5,1,0,1,74.7,8,Moderate Risk,Moderate Risk
92.7,98.9,91.7,80.4,89.4,99.0,93.2,86.5,0,0,0,80.4,8,Low Risk,Low Risk
86.1,90.1,91.7,82.3,85.2,89.8,88.2,91.4,0,0,0,82.3,8,Low Risk,Low Risk
86.8,98.1,84.5,85.4,91.5,96.4,91.0,92.0,0,0,0,84.5,8,Low Risk,Low Risk
61.3,60.0,66.6,61.9,68.3,65.1,72.7,68.4,8,2,6,60.0,8,High Risk,High Risk
66.4,61.9,60.0,62.9,69.6,60.7,61.6,74.3,8,2,6,60.0,8,High Risk,High Risk
68.7,81.1,61.2,62.9,61.1,72.5,76.8,65.2,6,1,5,61.1,8,High Risk,High Risk
60.0,67.0,62.3,69.1,68.7,60.0,60.0,62.5,8,2,6,60.0,8,High Risk,High Risk
69.8,71.0,68.1,66.0,64.3,62.2,68.4,70.5,8,2,6,62.2,8,High Risk,High Risk
70.8,71.7,62.3,60.0,62.5,69.5,63.0,62.2,8,2,6,60.0,8,High Risk,High Risk
91.7,89.6,95.1,94.6,99.0,91.0,94.9,95.0,0,0,0,89.6,8,Low Risk,Low Risk
98.9,97.1,93.2,92.3,88.2,90.5,91.2,89.2,0,0,0,88.2,8,Low Risk,Low Risk
92.2,96.9,90.0,92.5,90.9,96.1,91.0,97.7,0,0,0,90.0,8,Low Risk,Low Risk
71.6,68.3,63.3,64.7,67.9,62.6,70.6,67.4,8,2,6,62.6,8,High Risk,High Risk
74.5,66.1,65.3,67.4,60.5,60.0,62.4,62.1,8,2,6,60.0,8,High Risk,High Risk
70.4,76.6,65.2,-1.0,65.9,63.2,65.3,66.3,6,1,5,63.2,7,High Risk,High Risk
80.9,76.9,80.3,77.1,81.5,80.7,82.7,82.1,0,0,0,76.9,8,Moderate Risk,Moderate Risk
78.3,81.6,76.1,76.7,80.0,80.9,75.9,78.9,0,0,0,75.9,8,Moderate Risk,Moderate Risk
76.5,76.7,78.0,84.9,74.4,75.9,68.8,77.3,2,0,2,68.8,8,High Risk,High Risk
85.0,90.1,96.6,99.0,91.8,88.5,86.8,93.7,0,0,0,85.0,8,Low Risk,Low Risk
95.2,93.7,92.8,93.8,92.2,88.4,98.9,90.1,0,0,0,88.4,8,Low Risk,Low Risk
97.0,97.8,93.7,93.8,93.8,89.0,93.7,88.3,0,0,0,88.3,8,Low Risk,Low Risk
68.2,61.3,69.4,72.1,68.8,73.1,67.9,68.3,8,2,6,61.3,8,High Risk,High Risk
64.2,76.5,63.9,70.3,68.5,82.9,70.2,67.6,6,1,5,63.9,8,High Risk,High Risk
64.5,82.7,64.6,66.4,66.9,70.6,74.5,73.3,7,1,6,64.5,8,High Risk,High Risk
89.6,92.0,93.9,90.0,87.8,84.6,83.3,85.5,0,0,0,83.3,8,Low Risk,Low Risk
81.6,86.9,94.4,87.9,81.9,97.0,87.4,89.1,0,0,0,81.6,8,Low Risk,Low Risk
87.1,98.5,93.6,90.8,89.9,83.5,92.7,84.2,0,0,0,83.5,8,Low Risk,Low Risk
81.5,87.8,84.5,78.2,79.3,82.8,83.8,77.9,0,0,0,77.9,8,Moderate Risk,Moderate Risk
81.5,78.8,78.5,84.8,84.1,81.2,86.1,77.7,0,0,0,77.7,8,Moderate Risk,Moderate Risk
92.4,74.6,76.2,80.9,80.9,87.1,76.6,82.9,1,1,0,74.6,8,Moderate Risk,Moderate Risk
67.5,67.6,64.7,70.8,68.4,64.9,64.1,65.3,8,2,6,64.1,8,High Risk,High Risk
77.9,71.1,60.0,65.1,72.2,61.3,72.7,74.3,7,1,6,60.0,8,High Risk,High Risk
80.3,73.8,66.4,72.9,67.5,63.2,63.9,69.8,7,1,6,63.2,8,High Risk,High Risk
66.4,61.3,63.8,72.8,63.2,63.3,65.5,67.7,8,2,6,61.3,8,High Risk,High Risk
70.7,66.2,64.7,64.3,70.4,63.1,63.6,66.1,8,2,6,63.1,8,High Risk,High Risk
72.3,69.4,65.4,65.8,68.5,63.9,62.2,78.1,7,2,5,62.2,8,High Risk,High Risk
60.0,72.8,61.4,72.9,70.9,69.1,63.4,67.4,8,2,6,60.0,8,High Risk,High Risk
69.8,66.3,62.6,60.0,68.4,68.8,66.0,62.2,8,2,6,60.0,8,High Risk,High Risk
72.3,80.5,67.5,65.3,64.4,60.0,70.6,68.6,7,1,6,60.0,8,High Risk,High Risk
71.3,76.9,75.9,71.6,84.7,78.2,78.8,74.1,3,1,2,71.3,8,High Risk,High Risk
83.8,78.1,83.0,72.6,73.2,72.3,77.9,77.2,3,0,3,72.3,8,High Risk,High Risk
74.6,83.6,77.5,82.0,74.8,77.9,76.7,70.1,3,1,2,70.1,8,High Risk,High Risk
67.1,66.3,67.0,60.0,62.0,60.7,67.7,65.4,8,2,6,60.0,8,High Risk,High Risk
69.9,66.7,67.4,63.1,68.0,60.0,60.9,66.1,8,2,6,60.0,8,High Risk,High Risk
69.4,75.1,60.9,63.8,60.0,66.4,67.1,74.6,7,1,6,60.0,8,High Risk,High Risk
89.1,86.9,85.8,95.0,82.1,86.5,82.3,92.5,0,0,0,82.1,8,Low Risk,Low Risk
89.0,88.0,85.0,88.4,86.9,86.2,85.2,87.1,0,0,0,85.0,8,Low Risk,Low Risk
84.4,93.8,82.9,87.0,84.1,92.4,81.7,82.4,0,0,0,81.7,8,Low Risk,Low Risk
81.3,77.4,86.9,77.2,85.6,79.6,88.8,85.4,0,0,0,77.2,8,Moderate Risk,Moderate Risk
85.8,82.3,81.8,87.5,79.4,82.7,86.2,85.6,0,0,0,79.4,8,Low Risk,Low Risk
76.4,79.1,83.8,81.8,82.7,86.5,77.6,81.4,0,0,0,76.4,8,Moderate Risk,Moderate Risk
60.3,66.3,68.9,66.5,71.4,65.8,73.0,74.4,8,2,6,60.3,8,High Risk,High Risk
61.6,70.2,71.5,67.5,67.5,71.6,77.3,76.7,6,2,4,61.6,8,High Risk,High Risk
69.6,76.0,68.0,60.0,70.9,72.8,72.0,69.8,7,1,6,60.0,8,High Risk,High Risk
91.1,96.0,90.9,94.8,92.2,96.7,90.4,93.4,0,0,0,90.4,8,Low Risk,Low Risk
86.1,91.1,95.7,97.7,92.5,90.4,94.6,95.0,0,0,0,86.1,8,Low Risk,Low Risk
97.7,99.0,95.3,91.7,91.3,93.8,91.1,92.3,0,0,0,91.1,8,Low Risk,Low Risk
66.0,65.0,67.7,77.9,60.0,67.2,82.2,73.6,6,2,4,60.0,8,High Risk,High Risk
73.2,73.9,65.7,64.2,65.0,67.7,66.5,72.5,8,2,6,64.2,8,High Risk,High Risk
80.2,80.7,69.7,67.9,71.0,68.2,71.9,70.3,6,0,6,67.9,8,High Risk,High Risk
60.0,60.0,63.3,70.3,65.2,78.1,71.6,73.2,7,2,5,60.0,8,High Risk,High Risk
66.5,68.1,70.1,69.5,71.2,64.3,63.6,74.5,8,2,6,63.6,8,High Risk,High Risk
69.5,72.9,69.2,69.2,69.1,65.0,67.5,69.5,8,2,6,65.0,8,High Risk,High Risk
81.8,81.2,79.5,77.5,82.9,82.4,78.5,85.2,0,0,0,77.5,8,Moderate Risk,Moderate Risk
86.1,83.0,79.4,81.9,81.3,69.7,77.1,80.5,1,0,1,69.7,8,High Risk,High Risk
80.8,78.2,80.3,79.5,89.7,71.8,79.2,80.7,1,0,1,71.8,8,Moderate Risk,Moderate Risk
68.2,70.2,61.1,64.3,61.6,72.0,69.5,70.6,8,2,6,61.1,8,High Risk,High Risk
68.6,72.1,67.2,75.0,73.4,70.0,64.6,72.8,7,2,5,64.6,8,High Risk,High Risk
74.9,77.0,62.6,63.3,68.3,68.7,67.2,73.5,7,1,6,62.6,8,High Risk,High Risk
75.7,91.1,86.4,90.7,82.6,87.5,89.5,84.3,0,0,0,75.7,8,Low Risk,Low Risk
90.3,88.1,90.6,84.2,80.8,94.0,83.7,83.8,0,0,0,80.8,8,Low Risk,Low Risk
86.6,88.1,86.6,86.8,76.7,93.6,85.5,88.4,0,0,0,76.7,8,Low Risk,Low Risk
79.9,80.7,82.4,88.0,75.3,77.6,75.1,78.5,0,0,0,75.1,8,Moderate Risk,Moderate Risk
79.5,74.4,79.3,87.7,84.5,83.6,78.9,76.7,1,1,0,74.4,8,Moderate Risk,Moderate Risk
85.9,86.1,85.9,79.9,83.0,81.6,82.1,91.0,0,0,0,79.9,8,Low Risk,Low Risk
76.2,70.7,79.8,79.3,78.7,73.2,77.0,73.1,3,1,2,70.7,8,High Risk,High Risk
71.7,72.3,73.3,74.9,80.4,79.0,78.8,72.3,5,2,3,71.7,8,High Risk,High Risk
75.7,78.0,83.8,76.0,81.4,78.9,70.8,72.3,2,0,2,70.8,8,High Risk,High Risk
83.0,83.6,91.5,87.3,85.5,78.5,80.3,82.0,0,0,0,78.5,8,Low Risk,Low Risk
84.3,78.5,87.8,82.8,75.4,82.2,83.5,86.2,0,0,0,75.4,8,Moderate Risk,Moderate Risk
83.6,77.6,77.4,86.8,87.1,83.6,88.3,86.6,0,0,0,77.4,8,Low Risk,Low Risk
68.8,61.1,72.6,67.5,72.8,69.3,70.3,68.3,8,2,6,61.1,8,High Risk,High Risk
75.4,69.3,62.5,75.8,79.6,71.7,62.9,73.8,5,1,4,62.5,8,High Risk,High Risk
76.7,78.7,68.4,72.7,70.6,65.7,75.3,60.4,5,0,5,60.4,8,High Risk,High Risk
83.0,69.7,79.1,78.9,78.5,75.4,80.7,71.1,2,1,1,69.7,8,High Risk,High Risk
74.1,78.5,77.6,73.8,76.3,76.2,74.6,79.1,3,1,2,73.8,8,High Risk,High Risk
76.6,78.5,72.3,71.7,84.1,78.8,75.7,73.6,3,0,3,71.7,8,High Risk,High Risk
69.7,69.5,73.0,64.0,76.2,74.8,76.5,71.3,6,2,4,64.0,8,High Risk,High Risk
69.1,72.1,62.5,63.0,77.0,75.1,67.3,71.5,6,2,4,62.5,8,High Risk,High Risk
79.8,79.7,70.0,71.7,67.3,74.7,67.6,70.6,6,0,6,67.3,8,High Risk,High Risk
67.5,73.6,70.1,71.7,70.4,73.5,67.3,66.1,8,2,6,66.1,8,High Risk,High Risk
69.3,69.3,71.2,72.0,64.7,70.1,72.1,69.1,8,2,6,64.7,8,High Risk,High Risk
84.2,74.1,66.7,73.6,68.6,69.0,72.5,69.3,7,1,6,66.7,8,High Risk,High Risk
75.7,69.3,74.1,75.8,74.1,82.0,78.0,81.6,3,1,2,69.3,8,High Risk,High Risk
69.5,72.8,74.1,77.8,78.0,73.8,78.0,75.4,4,2,2,69.5,8,High Risk,High Risk
81.3,71.9,75.4,70.9,82.6,75.8,76.3,81.5,2,1,1,70.9,8,High Risk,High Risk
89.7,85.4,85.9,80.8,84.0,92.5,97.3,91.3,0,0,0,80.8,8,Low Risk,Low Risk
85.2,97.2,-1.0,96.9,94.0,81.4,85.7,85.7,0,0,0,81.4,7,Low Risk,Low Risk
84.7,89.9,91.2,88.4,88.8,84.2,88.8,90.5,0,0,0,84.2,8,Low Risk,Low Risk
60.1,61.6,65.3,62.9,61.0,60.0,60.0,63.8,8,2,6,60.0,8,High Risk,High Risk
70.8,64.7,61.4,61.6,69.6,68.3,67.2,68.5,8,2,6,61.4,8,High Risk,High Risk
73.3,76.3,67.8,60.0,62.6,73.0,62.3,63.8,7,1,6,60.0,8,High Risk,High Risk
82.3,94.7,84.8,82.6,77.8,80.9,87.0,88.1,0,0,0,77.8,8,Low Risk,Low Risk
76.7,83.7,75.6,75.3,82.2,83.4,84.9,83.3,0,0,0,75.3,8,Moderate Risk,Moderate Risk
81.3,75.7,72.5,84.2,78.3,84.8,85.7,78.8,1,0,1,72.5,8,Moderate Risk,Moderate Risk
75.9,83.5,80.9,82.4,77.1,77.8,84.5,87.9,0,0,0,75.9,8,Moderate Risk,Moderate Risk
81.3,89.6,80.2,86.7,77.9,80.7,83.3,82.4,0,0,0,77.9,8,Moderate Risk,Moderate Risk
83.9,84.7,85.8,88.1,81.4,79.6,86.2,83.7,0,0,0,79.6,8,Low Risk,Low Risk
89.8,92.1,81.1,87.4,89.2,-1.0,83.8,83.0,0,0,0,81.1,7,Low Risk,Low Risk
94.9,83.5,90.9,88.6,88.0,88.0,87.6,93.2,0,0,0,83.5,8,Low Risk,Low Risk
90.0,90.4,90.1,90.9,87.2,87.2,86.9,78.3,0,0,0,78.3,8,Low Risk,Low Risk
86.7,90.1,91.2,83.6,86.9,90.3,79.1,86.6,0,0,0,79.1,8,Low Risk,Low Risk
86.9,89.5,94.9,85.6,88.0,94.8,84.7,94.1,0,0,0,84.7,8,Low Risk,Low Risk
91.9,90.1,87.0,84.4,87.2,90.5,86.8,85.6,0,0,0,84.4,8,Low Risk,Low Risk
81.5,80.0,70.5,74.8,72.1,74.7,82.2,70.1,5,0,5,70.1,8,High Risk,High Risk
77.2,80.1,68.4,80.6,74.6,78.7,70.5,75.8,3,0,3,68.4,8,High Risk,High Risk
77.4,78.5,80.6,73.7,79.5,81.3,69.2,78.3,2,0,2,69.2,8,High Risk,High Risk
78.2,81.3,85.4,91.2,76.0,83.3,77.7,86.1,0,0,0,76.0,8,Moderate Risk,Moderate Risk
78.6,80.6,82.7,84.0,82.0,76.7,84.9,81.8,0,0,0,76.7,8,Moderate Risk,Moderate Risk
74.5,80.8,86.5,82.7,81.2,78.6,89.1,77.9,1,1,0,74.5,8,Moderate Risk,Moderate Risk
81.4,78.5,76.1,79.3,76.0,81.9,83.1,85.8,0,0,0,76.0,8,Moderate Risk,Moderate Risk
78.0,77.3,82.3,78.4,81.0,75.7,76.4,82.5,0,0,0,75.7,8,Moderate Risk,Moderate Risk
81.9,77.1,80.5,85.6,83.1,83.1,87.5,77.1,0,0,0,77.1,8,Moderate Risk,Moderate Risk
81.1,79.4,77.5,82.3,82.8,76.8,77.9,71.0,1,0,1,71.0,8,Moderate Risk,Moderate Risk
73.0,78.6,81.6,81.5,80.0,73.8,77.4,78.3,2,1,1,73.0,8,High Risk,High Risk
80.7,80.5,76.7,83.3,79.3,74.3,81.7,80.8,1,0,1,74.3,8,Moderate Risk,Moderate Risk
84.6,95.7,87.9,91.4,92.4,93.3,86.1,90.7,0,0,0,84.6,8,Low Risk,Low Risk
97.4,94.8,88.7,93.8,90.3,93.2,88.4,90.2,0,0,0,88.4,8,Low Risk,Low Risk
95.4,91.1,87.4,97.4,99.0,92.7,85.6,87.8,0,0,0,85.6,8,Low Risk,Low Risk
66.8,61.9,71.3,75.3,70.5,72.4,68.9,67.4,7,2,5,61.9,8,High Risk,High Risk
72.7,70.2,68.0,66.9,71.1,71.5,74.6,72.4,8,2,6,66.9,8,High Risk,High Risk
81.5,86.2,70.3,70.5,65.8,70.0,71.2,71.7,6,0,6,65.8,8,High Risk,High Risk
86.6,88.4,97.8,86.1,88.0,78.6,83.4,90.2,0,0,0,78.6,8,Low Risk,Low Risk
89.2,94.2,79.6,91.4,74.2,89.1,85.3,75.9,1,0,1,74.2,8,Moderate Risk,Moderate Risk
79.0,89.2,94.6,89.8,77.4,79.3,81.9,79.0,0,0,0,77.4,8,Low Risk,Low Risk
90.9,83.8,89.9,89.2,89.8,90.7,90.1,88.1,0,0,0,83.8,8,Low Risk,Low Risk
91.2,92.9,90.5,86.6,91.3,86.9,90.7,89.3,0,0,0,86.6,8,Low Risk,Low Risk
89.6,85.0,92.8,90.1,92.6,87.0,96.7,87.6,0,0,0,85.0,8,Low Risk,Low Risk
71.9,82.7,73.9,75.3,82.1,79.0,85.2,77.4,2,1,1,71.9,8,High Risk,High Risk
77.9,75.6,71.3,77.3,80.4,78.1,77.1,73.2,2,0,2,71.3,8,High Risk,High Risk
74.5,75.5,73.4,80.5,78.3,77.0,79.6,76.5,2,1,1,73.4,8,High Risk,High Risk
74.9,69.6,67.0,64.0,73.2,74.1,64.3,76.0,7,2,5,64.0,8,High Risk,High Risk
80.3,67.6,67.9,73.0,72.7,75.9,76.0,67.9,5,1,4,67.6,8,High Risk,High Risk
90.8,80.9,67.0,72.0,69.5,78.0,71.0,72.0,5,0,5,67.0,8,High Risk,High Risk
73.6,74.9,71.0,72.4,75.1,77.0,84.3,79.3,4,2,2,71.0,8,High Risk,High Risk
74.2,80.5,73.2,78.7,86.3,78.0,74.1,78.8,3,1,2,73.2,8,High Risk,High Risk
74.5,72.1,76.6,74.9,73.1,84.7,79.0,79.5,4,2,2,72.1,8,High Risk,High Risk
76.2,74.8,67.3,77.6,79.5,85.7,74.0,73.4,4,1,3,67.3,8,High Risk,High Risk
67.7,79.3,71.8,75.5,69.9,73.3,74.5,75.6,5,1,4,67.7,8,High Risk,High Risk
77.9,75.5,78.9,79.9,78.2,69.8,72.2,74.5,3,0,3,69.8,8,High Risk,High Risk
91.4,87.0,84.2,87.9,94.4,90.9,97.2,89.8,0,0,0,84.2,8,Low Risk,Low Risk
89.5,84.3,95.2,87.1,86.5,94.2,93.7,93.6,0,0,0,84.3,8,Low Risk,Low Risk
89.2,92.6,97.0,90.6,97.0,92.7,88.2,92.4,0,0,0,88.2,8,Low Risk,Low Risk
99.0,97.4,95.6,93.1,91.6,92.2,93.4,99.0,0,0,0,91.6,8,Low Risk,Low Risk
92.2,98.5,99.0,99.0,93.7,95.2,92.3,95.0,0,0,0,92.2,8,Low Risk,Low Risk
96.2,97.4,92.6,91.9,99.0,99.0,88.1,87.9,0,0,0,87.9,8,Low Risk,Low Risk
82.7,84.5,85.9,79.1,80.8,81.0,88.5,86.4,0,0,0,79.1,8,Low Risk,Low Risk
79.6,88.1,74.9,90.4,78.2,88.8,81.9,89.6,1,0,1,74.9,8,Moderate Risk,Moderate Risk
87.2,84.7,86.5,81.8,88.6,79.7,90.4,83.8,0,0,0,79.7,8,Low Risk,Low Risk
64.6,-1.0,70.2,69.1,68.0,66.5,67.1,72.5,7,1,6,64.6,7,High Risk,High Risk
75.8,70.5,60.0,69.6,66.7,65.4,68.0,65.3,7,1,6,60.0,8,High Risk,High Risk
68.1,83.8,60.0,68.2,67.1,70.8,69.7,60.0,7,1,6,60.0,8,High Risk,High Risk
60.2,60.0,68.7,62.0,72.3,67.4,67.7,61.2,8,2,6,60.0,8,High Risk,High Risk
69.6,74.6,66.0,74.5,73.8,69.6,66.9,65.5,8,2,6,65.5,8,High Risk,High Risk
75.8,72.2,64.3,71.6,65.9,71.4,67.4,65.1,7,1,6,64.3,8,High Risk,High Risk
64.9,63.5,68.2,72.1,76.7,71.5,72.7,73.0,7,2,5,63.5,8,High Risk,High Risk
73.9,62.3,64.0,78.3,64.3,66.8,61.3,71.5,7,2,5,61.3,8,High Risk,High Risk
86.2,77.1,66.3,68.0,72.0,74.2,74.1,66.7,6,0,6,66.3,8,High Risk,High Risk
80.7,76.2,68.1,71.1,71.4,72.8,69.4,74.0,6,0,6,68.1,8,High Risk,High Risk
83.7,78.8,69.8,66.4,75.3,74.2,77.4,71.4,4,0,4,66.4,8,High Risk,High Risk
85.6,76.8,76.8,78.9,73.6,80.1,72.0,76.0,2,0,2,72.0,8,High Risk,High Risk
72.9,76.8,86.5,87.5,72.5,77.8,75.0,83.1,2,1,1,72.5,8,High Risk,High Risk
79.8,80.3,68.8,78.9,87.5,84.5,71.8,77.9,2,0,2,68.8,8,High Risk,High Risk
74.6,77.8,69.0,74.8,79.3,82.6,71.4,77.6,4,1,3,69.0,8,High Risk,High Risk
67.7,66.8,68.2,73.1,72.0,66.7,70.3,75.7,7,2,5,66.7,8,High Risk,High Risk
79.7,78.6,66.3,74.6,73.7,70.6,72.8,68.6,6,0,6,66.3,8,High Risk,High Risk
80.6,85.8,67.6,69.6,73.3,67.1,69.2,69.8,6,0,6,67.1,8,High Risk,High Risk
71.9,67.2,64.1,73.9,75.2,74.0,65.6,67.0,7,2,5,64.1,8,High Risk,High Risk
69.6,75.8,66.1,64.6,65.1,66.8,70.9,67.7,7,1,6,64.6,8,High Risk,High Risk
77.9,77.6,68.2,81.4,68.5,68.5,72.0,75.6,4,0,4,68.2,8,High Risk,High Risk
60.0,63.6,60.1,63.2,71.3,65.8,63.1,60.8,8,2,6,60.0,8,High Risk,High Risk
76.1,68.3,67.5,73.8,60.0,64.0,70.4,60.0,7,1,6,60.0,8,High Risk,High Risk
-1.0,74.3,60.0,69.3,60.0,64.4,65.8,63.4,7,1,6,60.0,7,High Risk,High Risk
60.0,60.7,62.3,73.1,66.2,76.7,71.8,70.7,7,2,5,60.0,8,High Risk,High Risk
73.1,76.4,71.2,68.4,79.9,69.3,77.9,70.9,5,1,4,68.4,8,High Risk,High Risk
82.7,75.9,68.3,78.5,67.6,67.9,78.1,74.1,4,0,4,67.6,8,High Risk,High Risk
68.1,66.0,72.6,67.6,74.4,80.6,78.2,66.3,6,2,4,66.0,8,High Risk,High Risk
74.4,73.8,64.6,68.2,75.2,76.6,68.5,72.4,6,2,4,64.6,8,High Risk,High Risk
76.1,90.0,65.7,71.0,65.9,68.3,77.7,71.7,5,0,5,65.7,8,High Risk,High Risk
72.6,82.1,75.6,73.4,77.8,76.2,83.2,78.4,2,1,1,72.6,8,High Risk,High Risk
79.5,77.8,81.6,76.7,77.2,83.9,83.5,77.0,0,0,0,76.7,8,Moderate Risk,Moderate Risk
80.3,78.4,75.3,78.4,76.9,74.4,77.5,78.1,1,0,1,74.4,8,Moderate Risk,Moderate Risk
70.0,79.8,77.0,74.8,72.9,72.6,67.9,65.0,6,1,5,65.0,8,High Risk,High Risk
73.7,75.6,73.8,69.7,71.7,71.8,68.9,68.9,7,1,6,68.9,8,High Risk,High Risk
71.4,86.6,80.1,76.9,77.7,83.1,75.0,72.6,2,1,1,71.4,8,High Risk,High Risk
60.0,60.1,63.1,64.6,69.8,69.0,72.4,71.1,8,2,6,60.0,8,High Risk,High Risk
72.6,63.1,66.5,72.7,74.4,62.3,73.8,63.4,8,2,6,62.3,8,High Risk,High Risk
82.6,76.6,67.6,74.9,60.0,64.3,68.1,63.8,6,0,6,60.0,8,High Risk,High Risk
67.1,75.9,73.9,80.3,77.6,80.0,71.2,73.8,4,1,3,67.1,8,High Risk,High Risk
72.3,73.8,78.0,-1.0,68.9,77.2,67.5,73.5,5,2,3,67.5,7,High Risk,High Risk
71.5,74.3,77.2,82.1,78.4,80.1,72.8,73.2,4,2,2,71.5,8,High Risk,High Risk
72.2,77.0,77.2,80.3,75.3,67.8,73.5,77.5,3,1,2,67.8,8,High Risk,High Risk
82.0,75.2,76.9,73.4,83.5,79.4,75.0,77.3,1,0,1,73.4,8,Moderate Risk,Moderate Risk
76.1,75.7,72.1,78.1,77.1,76.5,78.6,80.8,1,0,1,72.1,8,Moderate Risk,Moderate Risk
60.8,60.0,70.5,66.6,65.2,64.1,70.2,74.0,8,2,6,60.0,8,High Risk,High Risk
80.6,71.7,66.2,66.8,71.8,68.1,64.9,67.8,7,1,6,64.9,8,High Risk,High Risk
75.1,81.6,69.6,62.4,63.0,66.9,67.4,61.6,6,0,6,61.6,8,High Risk,High Risk
82.4,85.6,85.5,84.5,89.6,82.6,92.7,80.5,0,0,0,80.5,8,Low Risk,Low Risk
86.7,84.8,86.0,89.0,91.8,90.5,84.1,86.5,0,0,0,84.1,8,Low Risk,Low Risk
82.2,85.0,88.4,78.1,85.6,91.8,90.3,83.4,0,0,0,78.1,8,Low Risk,Low Risk
61.0,71.6,70.5,71.0,66.9,74.7,75.0,79.5,6,2,4,61.0,8,High Risk,High Risk
71.4,76.3,69.7,75.0,72.3,70.9,75.1,71.8,5,1,4,69.7,8,High Risk,High Risk
72.7,86.1,69.4,71.1,77.9,70.9,69.8,79.8,5,1,4,69.4,8,High Risk,High Risk
78.3,81.0,76.5,87.4,85.8,81.1,76.6,87.3,0,0,0,76.5,8,Moderate Risk,Moderate Risk
74.3,78.8,75.7,78.7,84.2,79.7,82.6,78.3,1,1,0,74.3,8,Moderate Risk,Moderate Risk
89.0,80.0,83.0,74.9,87.3,79.3,85.4,80.7,1,0,1,74.9,8,Moderate Risk,Moderate Risk
90.0,85.5,89.4,87.6,85.3,87.2,88.0,85.0,0,0,0,85.0,8,Low Risk,Low Risk
99.0,94.0,89.5,92.2,79.6,77.2,85.9,82.0,0,0,0,77.2,8,Low Risk,Low Risk
93.5,85.2,90.0,87.5,88.9,85.4,93.0,87.1,0,0,0,85.2,8,Low Risk,Low Risk
87.3,77.9,76.3,93.5,93.4,96.0,88.4,83.3,0,0,0,76.3,8,Low Risk,Low Risk
84.5,95.1,97.5,90.3,88.4,83.3,94.6,88.7,0,0,0,83.3,8,Low Risk,Low Risk
86.2,89.1,82.7,92.8,88.0,93.1,87.6,87.9,0,0,0,82.7,8,Low Risk,Low Risk
60.0,62.9,68.9,66.4,67.0,68.5,67.4,63.7,8,2,6,60.0,8,High Risk,High Risk
73.9,65.5,64.2,63.0,63.7,62.0,63.6,73.3,8,2,6,62.0,8,High Risk,High Risk
77.3,83.0,63.3,70.6,76.4,61.3,64.5,66.9,5,0,5,61.3,8,High Risk,High Risk
60.0,62.5,62.5,67.9,61.4,70.3,67.5,67.8,8,2,6,60.0,8,High Risk,High Risk
69.5,61.6,67.0,67.6,71.9,74.9,70.1,72.6,8,2,6,61.6,8,High Risk,High Risk
71.5,72.3,62.7,66.3,60.0,73.9,66.2,68.9,8,2,6,60.0,8,High Risk,High Risk
67.8,74.7,62.0,73.1,73.0,78.8,64.5,77.3,6,2,4,62.0,8,High Risk,High Risk
71.7,72.8,67.4,72.2,69.8,71.0,73.7,75.2,7,2,5,67.4,8,High Risk,High Risk
75.6,79.1,72.3,64.5,64.6,69.5,70.2,65.1,6,0,6,64.5,8,High Risk,High Risk
82.7,87.1,77.8,84.4,81.5,87.3,86.5,82.2,0,0,0,77.8,8,Low Risk,Low Risk
81.5,89.0,80.5,79.7,79.5,76.5,83.6,78.1,0,0,0,76.5,8,Moderate Risk,Moderate Risk
82.7,86.8,-1.0,89.4,79.7,81.9,83.7,84.3,0,0,0,79.7,7,Low Risk,Low Risk
73.1,62.2,80.6,70.6,78.9,73.0,77.1,70.1,5,2,3,62.2,8,High Risk,High Risk
67.9,77.9,74.0,71.4,73.1,77.6,63.8,75.3,5,1,4,63.8,8,High Risk,High Risk
82.7,81.1,67.4,70.4,76.2,72.7,68.7,66.2,5,0,5,66.2,8,High Risk,High Risk
85.2,92.8,94.5,87.8,88.0,90.2,89.9,90.9,0,0,0,85.2,8,Low Risk,Low Risk
94.5,95.2,91.1,82.6,88.1,89.3,84.0,87.1,0,0,0,82.6,8,Low Risk,Low Risk
91.2,83.9,91.8,88.3,90.6,87.0,85.3,85.4,0,0,0,83.9,8,Low Risk,Low Risk
87.0,73.9,75.4,91.3,79.8,72.6,81.5,74.5,3,1,2,72.6,8,High Risk,High Risk
80.8,78.7,75.8,80.5,82.9,78.6,85.3,81.5,0,0,0,75.8,8,Moderate Risk,Moderate Risk
77.5,71.9,77.2,79.0,76.4,79.4,78.2,81.2,1,1,0,71.9,8,Moderate Risk,Moderate Risk
63.3,62.8,71.4,73.8,70.1,67.9,70.8,68.6,8,2,6,62.8,8,High Risk,High Risk
71.8,72.1,63.0,66.2,64.0,72.4,64.4,65.5,8,2,6,63.0,8,High Risk,High Risk
78.6,77.5,63.1,65.0,73.5,71.3,65.5,68.4,6,0,6,63.1,8,High Risk,High Risk
91.9,98.0,93.6,95.0,92.0,89.6,93.2,87.6,0,0,0,87.6,8,Low Risk,Low Risk
99.0,94.0,98.1,88.2,90.0,94.2,97.4,99.0,0,0,0,88.2,8,Low Risk,Low Risk
94.2,99.0,90.1,94.4,83.3,88.2,94.6,87.4,0,0,0,83.3,8,Low Risk,Low Risk
94.0,94.8,93.4,99.0,89.6,98.1,88.3,92.8,0,0,0,88.3,8,Low Risk,Low Risk
92.8,96.7,96.3,90.3,95.0,99.0,94.4,94.8,0,0,0,90.3,8,Low Risk,Low Risk
96.3,90.4,92.3,99.0,91.5,89.5,97.1,88.7,0,0,0,88.7,8,Low Risk,Low Risk
68.2,60.0,69.4,73.0,62.5,65.1,67.5,62.5,8,2,6,60.0,8,High Risk,High Risk
67.7,64.8,65.0,64.2,67.2,60.0,63.0,64.8,8,2,6,60.0,8,High Risk,High Risk
75.1,72.5,64.0,60.0,61.4,71.8,69.2,71.2,7,1,6,60.0,8,High Risk,High Risk
81.4,87.3,88.2,77.9,80.0,77.8,77.0,84.6,0,0,0,77.0,8,Moderate Risk,Moderate Risk
84.2,74.6,86.5,80.6,84.1,84.4,87.4,81.5,1,1,0,74.6,8,Moderate Risk,Moderate Risk
82.8,77.8,82.0,80.5,76.6,84.6,79.7,80.3,0,0,0,76.6,8,Moderate Risk,Moderate Risk
75.2,72.4,72.2,74.4,66.4,68.5,71.1,69.1,7,1,6,66.4,8,High Risk,High Risk
72.9,75.5,68.9,74.7,72.8,66.3,71.6,67.0,7,1,6,66.3,8,High Risk,High Risk
85.6,77.4,70.2,78.1,66.0,68.3,83.2,70.9,4,0,4,66.0,8,High Risk,High Risk
72.7,77.1,76.2,77.1,73.2,79.1,77.6,80.4,2,1,1,72.7,8,High Risk,High Risk
77.4,82.2,76.4,83.6,84.0,81.2,74.3,69.5,2,0,2,69.5,8,High Risk,High Risk
76.3,80.1,74.8,77.8,82.6,-1.0,83.2,82.8,1,0,1,74.8,7,Moderate Risk,Moderate Risk
89.8,91.5,89.4,92.1,84.7,88.4,89.7,86.3,0,0,0,84.7,8,Low Risk,Low Risk
93.2,90.8,91.5,85.4,85.4,92.8,90.5,83.9,0,0,0,83.9,8,Low Risk,Low Risk
87.8,93.9,89.5,88.4,75.9,86.4,89.3,89.8,0,0,0,75.9,8,Low Risk,Low Risk
64.0,67.0,78.6,71.6,73.6,70.6,65.5,76.4,6,2,4,64.0,8,High Risk,High Risk
73.3,73.3,69.5,76.6,67.8,73.9,73.3,76.5,6,2,4,67.8,8,High Risk,High Risk
73.5,86.5,70.5,78.6,70.8,74.4,75.1,79.5,4,1,3,70.5,8,High Risk,High Risk
80.2,77.1,79.1,80.2,79.5,76.3,88.2,83.0,0,0,0,76.3,8,Moderate Risk,Moderate Risk
82.9,82.1,83.4,82.4,84.5,84.9,82.5,81.0,0,0,0,81.0,8,Moderate Risk,Moderate Risk
82.6,82.7,78.2,78.6,80.4,79.9,76.0,79.2,0,0,0,76.0,8,Moderate Risk,Moderate Risk
66.4,64.6,64.1,66.7,67.0,72.5,67.1,71.5,8,2,6,64.1,8,High Risk,High Risk
73.0,66.9,61.0,71.7,67.6,65.5,67.0,61.9,8,2,6,61.0,8,High Risk,High Risk
71.7,73.8,67.8,66.5,62.5,74.5,67.1,66.8,8,2,6,62.5,8,High Risk,High Risk
71.4,67.3,67.2,71.5,66.8,70.2,71.4,63.4,8,2,6,63.4,8,High Risk,High Risk
71.6,75.7,70.5,68.5,71.1,68.8,73.6,64.8,7,1,6,64.8,8,High Risk,High Risk
80.9,66.7,67.8,69.9,72.7,68.0,65.7,68.5,7,1,6,65.7,8,High Risk,High Risk
88.9,95.4,99.0,91.1,95.2,94.4,87.8,90.3,0,0,0,87.8,8,Low Risk,Low Risk
86.6,90.9,88.5,88.6,87.2,89.1,92.4,89.8,0,0,0,86.6,8,Low Risk,Low Risk
85.6,92.7,93.0,91.3,87.1,91.2,88.4,85.7,0,0,0,85.6,8,Low Risk,Low Risk
65.6,60.9,64.8,60.0,65.5,67.0,65.0,73.7,8,2,6,60.0,8,High Risk,High Risk
75.2,64.7,70.9,71.2,66.3,61.1,61.5,67.4,7,1,6,61.1,8,High Risk,High Risk
83.4,71.2,65.1,62.9,62.8,72.7,62.8,71.0,7,1,6,62.8,8,High Risk,High Risk
66.6,65.7,60.0,60.9,62.8,66.3,60.0,65.5,8,2,6,60.0,8,High Risk,High Risk
62.6,66.3,65.0,71.2,65.4,67.8,60.0,66.5,8,2,6,60.0,8,High Risk,High Risk
76.8,81.7,62.8,66.9,66.6,64.8,64.8,64.6,6,0,6,62.8,8,High Risk,High Risk
94.6,99.0,90.9,91.0,89.7,99.0,89.9,95.6,0,0,0,89.7,8,Low Risk,Low Risk
90.8,90.8,99.0,88.3,94.9,93.8,94.9,95.2,0,0,0,88.3,8,Low Risk,Low Risk
99.0,93.7,84.6,95.9,89.2,95.2,98.9,93.4,0,0,0,84.6,8,Low Risk,Low Risk
76.8,82.1,74.9,85.9,86.1,78.8,79.9,82.4,1,0,1,74.9,8,Moderate Risk,Moderate Risk
77.6,68.0,75.9,74.6,81.3,81.6,80.0,79.2,2,1,1,68.0,8,High Risk,High Risk
70.8,76.0,73.7,78.3,77.7,76.7,81.8,73.2,3,1,2,70.8,8,High Risk,High Risk
80.7,75.7,77.2,74.6,76.8,79.7,75.2,78.9,1,0,1,74.6,8,Moderate Risk,Moderate Risk
82.6,71.9,71.3,74.4,71.3,71.3,79.4,76.8,5,1,4,71.3,8,High Risk,High Risk
71.2,79.7,76.4,85.0,74.8,80.2,81.2,74.8,3,1,2,71.2,8,High Risk,High Risk
71.9,74.3,77.8,77.9,81.1,82.9,89.7,80.5,2,2,0,71.9,8,High Risk,High Risk
72.0,77.3,73.4,80.7,77.5,72.8,87.5,78.4,3,1,2,72.0,8,High Risk,High Risk
76.5,80.1,82.1,83.7,80.2,82.7,83.6,81.4,0,0,0,76.5,8,Moderate Risk,Moderate Risk
60.0,69.4,63.9,67.6,64.8,60.0,65.8,67.7,8,2,6,60.0,8,High Risk,High Risk
63.3,64.5,66.5,63.1,72.7,66.6,68.2,65.3,8,2,6,63.1,8,High Risk,High Risk
77.7,72.8,64.0,62.9,67.8,66.9,66.0,66.1,7,1,6,62.9,8,High Risk,High Risk
76.1,83.1,83.0,82.7,86.4,86.3,79.6,82.2,0,0,0,76.1,8,Moderate Risk,Moderate Risk
78.2,80.7,75.3,83.0,74.6,82.0,76.5,78.0,1,0,1,74.6,8,Moderate Risk,Moderate Risk
87.4,75.6,85.0,79.4,77.7,83.9,85.2,85.1,0,0,0,75.6,8,Moderate Risk,Moderate Risk
80.5,70.6,75.9,70.8,77.4,82.9,74.4,76.8,3,1,2,70.6,8,High Risk,High Risk
73.2,81.6,80.5,77.8,79.8,77.2,78.5,75.0,1,1,0,73.2,8,Moderate Risk,Moderate Risk
82.2,83.2,82.0,74.7,72.5,81.4,78.5,77.6,2,0,2,72.5,8,High Risk,High Risk
98.2,86.1,88.4,93.8,90.6,98.1,85.2,84.2,0,0,0,84.2,8,Low Risk,Low Risk
88.8,89.3,92.8,90.6,90.0,86.5,93.0,99.0,0,0,0,86.5,8,Low Risk,Low Risk
84.4,87.1,87.8,86.0,88.1,95.3,93.1,87.5,0,0,0,84.4,8,Low Risk,Low Risk
78.4,84.9,87.6,89.0,84.0,82.7,89.0,84.2,0,0,0,78.4,8,Low Risk,Low Risk
82.7,91.2,89.1,89.8,83.9,82.9,91.5,80.0,0,0,0,80.0,8,Low Risk,Low Risk
91.6,85.4,84.8,85.2,80.9,82.2,88.7,88.7,0,0,0,80.9,8,Low Risk,Low Risk
81.3,83.3,75.6,80.4,80.7,79.9,82.6,83.4,0,0,0,75.6,8,Moderate Risk,Moderate Risk
76.4,83.7,82.2,76.8,80.1,73.9,81.0,80.1,1,0,1,73.9,8,Moderate Risk,Moderate Risk
83.7,79.2,76.2,75.4,79.2,78.1,78.0,79.6,0,0,0,75.4,8,Moderate Risk,Moderate Risk
88.3,81.8,74.8,83.4,83.9,81.2,76.8,88.7,1,0,1,74.8,8,Moderate Risk,Moderate Risk
83.2,78.7,85.7,79.2,82.3,76.5,77.6,81.9,0,0,0,76.5,8,Moderate Risk,Moderate Risk
82.9,77.6,86.4,80.3,77.2,82.0,78.0,86.8,0,0,0,77.2,8,Moderate Risk,Moderate Risk
60.0,60.0,67.9,66.9,60.0,62.3,61.2,71.9,8,2,6,60.0,8,High Risk,High Risk
67.7,69.1,64.9,64.1,63.6,63.1,65.7,66.4,8,2,6,63.1,8,High Risk,High Risk
74.8,72.9,60.8,60.3,70.0,65.5,62.1,64.1,8,2,6,60.3,8,High Risk,High Risk
93.9,92.7,94.0,91.0,91.9,96.2,86.2,89.5,0,0,0,86.2,8,Low Risk,Low Risk
94.7,99.0,95.9,95.4,89.7,86.9,89.6,93.7,0,0,0,86.9,8,Low Risk,Low Risk
92.0,91.4,92.7,93.8,94.3,86.9,93.9,88.3,0,0,0,86.9,8,Low Risk,Low Risk
74.2,77.4,78.9,77.2,77.5,83.7,76.8,81.5,1,1,0,74.2,8,Moderate Risk,Moderate Risk
79.8,72.0,82.5,77.2,79.2,74.0,79.7,82.9,2,1,1,72.0,8,High Risk,High Risk
85.8,79.8,82.8,78.6,71.8,81.9,77.0,81.4,1,0,1,71.8,8,Moderate Risk,Moderate Risk
63.5,68.5,61.5,60.0,71.0,69.5,64.9,60.1,8,2,6,60.0,8,High Risk,High Risk
66.9,69.3,65.2,60.0,62.0,60.0,60.0,72.2,8,2,6,60.0,8,High Risk,High Risk
75.3,78.4,60.0,66.2,61.1,66.8,63.1,65.5,6,0,6,60.0,8,High Risk,High Risk
74.2,65.3,67.8,73.0,72.4,77.9,73.4,76.9,6,2,4,65.3,8,High Risk,High Risk
71.0,77.9,71.7,69.7,76.3,70.1,74.2,72.4,6,1,5,69.7,8,High Risk,High Risk
84.4,78.4,71.2,70.4,75.4,70.9,75.7,73.3,4,0,4,70.4,8,High Risk,High Risk
79.8,75.3,74.7,72.2,74.3,76.3,78.4,78.0,3,0,3,72.2,8,High Risk,High Risk
80.8,76.0,76.6,78.1,80.6,78.0,69.7,83.1,1,0,1,69.7,8,High Risk,High Risk
76.3,77.9,71.5,70.6,76.6,72.9,75.6,69.7,4,0,4,69.7,8,High Risk,High Risk
70.0,74.8,70.2,64.0,71.4,78.7,65.4,70.7,7,2,5,64.0,8,High Risk,High Risk
77.9,74.2,62.1,71.7,78.8,72.4,73.3,68.9,6,1,5,62.1,8,High Risk,High Risk
77.2,76.2,64.9,70.8,69.4,64.7,70.4,69.3,6,0,6,64.7,8,High Risk,High Risk
82.7,78.9,76.9,80.8,79.1,87.0,79.5,80.6,0,0,0,76.9,8,Moderate Risk,Moderate Risk
83.3,83.7,83.5,82.0,81.6,81.2,78.5,82.1,0,0,0,78.5,8,Moderate Risk,Moderate Risk
82.3,84.5,77.1,79.8,84.6,86.8,77.7,78.9,0,0,0,77.1,8,Moderate Risk,Moderate Risk
66.3,67.9,60.2,65.0,70.1,65.9,64.5,70.5,8,2,6,60.2,8,High Risk,High Risk
69.6,63.3,60.0,68.3,60.0,62.4,60.0,68.1,8,2,6,60.0,8,High Risk,High Risk
74.0,71.9,69.2,68.8,63.6,69.3,60.0,63.4,8,2,6,60.0,8,High Risk,High Risk
65.8,67.5,62.1,65.7,70.6,61.5,73.1,60.6,8,2,6,60.6,8,High Risk,High Risk
68.0,69.1,60.0,66.1,66.0,70.1,71.1,65.2,8,2,6,60.0,8,High Risk,High Risk
72.0,78.0,61.3,70.1,63.3,66.8,66.8,68.6,7,1,6,61.3,8,High Risk,High Risk
91.2,87.1,87.8,88.1,94.4,88.6,83.6,83.7,0,0,0,83.6,8,Low Risk,Low Risk
82.7,91.5,91.7,87.0,89.7,89.3,90.9,90.9,0,0,0,82.7,8,Low Risk,Low Risk
88.0,91.0,87.3,88.7,91.5,88.8,94.6,93.0,0,0,0,87.3,8,Low Risk,Low Risk
75.3,75.0,79.0,81.8,76.1,85.3,77.2,71.0,1,0,1,71.0,8,Moderate Risk,Moderate Risk
73.7,72.6,79.5,78.8,80.9,74.9,81.0,70.8,4,2,2,70.8,8,High Risk,High Risk
72.5,73.5,78.5,-1.0,74.1,70.8,73.9,80.9,5,2,3,70.8,7,High Risk,High Risk
91.0,88.2,94.1,91.2,93.7,85.8,89.7,83.7,0,0,0,83.7,8,Low Risk,Low Risk
90.6,88.9,89.2,84.9,91.6,94.4,86.2,90.6,0,0,0,84.9,8,Low Risk,Low Risk
83.4,84.3,87.1,79.9,94.1,89.9,88.3,79.7,0,0,0,79.7,8,Low Risk,Low Risk
78.8,83.4,77.0,76.7,85.1,79.6,83.8,76.7,0,0,0,76.7,8,Moderate Risk,Moderate Risk
80.3,79.1,76.4,79.5,77.7,83.3,78.6,73.5,1,0,1,73.5,8,Moderate Risk,Moderate Risk
79.1,78.3,80.1,80.1,68.6,78.2,81.2,86.0,1,0,1,68.6,8,High Risk,High Risk
77.9,75.1,74.1,78.3,78.5,74.5,73.8,79.8,3,0,3,73.8,8,High Risk,High Risk
76.7,78.9,86.6,79.9,77.3,83.5,79.3,81.7,0,0,0,76.7,8,Moderate Risk,Moderate Risk
80.0,85.8,75.5,84.5,82.9,81.6,88.5,88.5,0,0,0,75.5,8,Moderate Risk,Moderate Risk
75.3,83.7,79.6,76.6,87.4,83.1,79.8,76.7,0,0,0,75.3,8,Moderate Risk,Moderate Risk
81.7,88.6,86.1,80.5,80.0,82.6,84.2,91.9,0,0,0,80.0,8,Low Risk,Low Risk
87.1,84.3,89.9,94.7,91.8,97.7,83.2,93.7,0,0,0,83.2,8,Low Risk,Low Risk
90.1,93.0,93.2,-1.0,83.8,90.4,90.6,91.7,0,0,0,83.8,7,Low Risk,Low Risk
90.7,88.8,89.8,85.4,91.7,82.5,84.2,86.8,0,0,0,82.5,8,Low Risk,Low Risk
84.2,96.1,96.4,83.4,78.1,87.8,92.6,94.5,0,0,0,78.1,8,Low Risk,Low Risk
68.2,66.8,60.0,69.5,68.1,60.0,60.0,70.2,8,2,6,60.0,8,High Risk,High Risk
60.0,70.5,67.7,64.7,64.9,67.5,61.6,67.4,8,2,6,60.0,8,High Risk,High Risk
63.2,63.8,60.0,63.7,67.9,66.8,60.0,66.9,8,2,6,60.0,8,High Risk,High Risk
95.8,90.1,92.7,82.5,82.6,94.8,89.4,89.4,0,0,0,82.5,8,Low Risk,Low Risk
85.5,94.8,99.0,91.0,86.5,78.9,82.3,95.2,0,0,0,78.9,8,Low Risk,Low Risk
92.7,96.0,88.3,87.4,89.3,86.5,86.7,90.7,0,0,0,86.5,8,Low Risk,Low Risk
62.2,66.7,69.3,67.4,76.9,73.0,72.0,70.3,7,2,5,62.2,8,High Risk,High Risk
67.4,70.1,61.9,65.2,67.6,66.5,70.7,81.0,7,2,5,61.9,8,High Risk,High Risk
67.0,66.9,64.7,75.2,64.3,66.8,69.8,70.8,7,2,5,64.3,8,High Risk,High Risk
99.0,85.9,96.9,97.8,91.2,91.8,89.3,91.5,0,0,0,85.9,8,Low Risk,Low Risk
93.6,95.4,93.8,99.0,92.0,94.9,91.2,91.2,0,0,0,91.2,8,Low Risk,Low Risk
91.7,97.3,99.0,86.4,91.4,88.1,92.5,97.9,0,0,0,86.4,8,Low Risk,Low Risk
73.9,78.9,79.2,70.9,77.1,75.9,78.6,79.7,2,1,1,70.9,8,High Risk,High Risk
68.1,78.4,73.0,82.5,80.7,81.3,84.6,76.8,2,1,1,68.1,8,High Risk,High Risk
82.5,86.1,78.8,86.1,82.4,84.8,83.3,81.9,0,0,0,78.8,8,Moderate Risk,Moderate Risk
89.6,97.5,95.0,86.7,88.7,94.7,93.9,85.9,0,0,0,85.9,8,Low Risk,Low Risk
88.8,99.0,94.1,89.9,94.9,88.7,94.2,83.5,0,0,0,83.5,8,Low Risk,Low Risk
97.1,87.7,89.6,92.4,87.7,89.1,93.7,88.0,0,0,0,87.7,8,Low Risk,Low Risk
74.6,76.7,63.8,71.3,66.5,69.1,77.5,68.5,6,1,5,63.8,8,High Risk,High Risk
67.9,65.4,71.5,75.1,64.7,78.7,64.6,75.5,5,2,3,64.6,8,High Risk,High Risk
64.4,67.1,64.9,65.5,67.0,65.7,68.6,72.0,8,2,6,64.4,8,High Risk,High Risk
89.6,95.1,83.9,94.1,90.9,89.1,90.1,90.4,0,0,0,83.9,8,Low Risk,Low Risk
97.5,90.3,93.9,93.7,87.3,86.0,90.8,94.2,0,0,0,86.0,8,Low Risk,Low Risk
94.9,92.8,97.1,85.4,99.0,84.9,82.9,90.8,0,0,0,82.9,8,Low Risk,Low Risk
84.4,79.2,76.0,72.3,78.4,74.0,73.7,81.2,3,0,3,72.3,8,High Risk,High Risk
87.4,80.3,75.8,78.4,84.0,80.7,82.2,83.5,0,0,0,75.8,8,Moderate Risk,Moderate Risk
82.8,86.6,87.1,90.6,87.3,79.6,80.8,87.9,0,0,0,79.6,8,Low Risk,Low Risk
83.6,72.4,79.8,77.1,78.9,81.8,76.1,81.2,1,1,0,72.4,8,Moderate Risk,Moderate Risk
84.7,81.0,83.8,84.0,82.6,78.3,81.5,81.2,0,0,0,78.3,8,Moderate Risk,Moderate Risk
87.6,91.3,84.2,89.7,86.7,96.4,82.9,91.0,0,0,0,82.9,8,Low Risk,Low Risk
85.0,95.0,89.1,90.1,99.0,85.7,86.7,89.5,0,0,0,85.0,8,Low Risk,Low Risk
89.0,93.8,87.2,82.3,88.6,83.3,95.6,83.4,0,0,0,82.3,8,Low Risk,Low Risk
88.8,85.1,99.0,85.6,88.8,88.7,92.4,91.4,0,0,0,85.1,8,Low Risk,Low Risk
85.5,88.5,82.8,80.7,82.4,82.0,84.3,82.0,0,0,0,80.7,8,Low Risk,Low Risk
84.9,86.9,91.4,86.8,85.5,80.2,81.3,80.8,0,0,0,80.2,8,Low Risk,Low Risk
85.1,86.2,84.1,82.4,87.7,84.8,94.2,90.9,0,0,0,82.4,8,Low Risk,Low Risk
78.7,78.2,87.4,73.9,86.9,78.8,74.0,76.6,2,0,2,73.9,8,High Risk,High Risk
77.9,75.2,96.2,81.9,84.2,82.8,80.7,86.1,0,0,0,75.2,8,Moderate Risk,Moderate Risk
85.5,96.0,83.5,86.4,93.4,94.0,86.1,90.1,0,0,0,83.5,8,Low Risk,Low Risk
75.9,76.8,80.9,81.6,78.2,82.9,78.8,77.1,0,0,0,75.9,8,Moderate Risk,Moderate Risk
72.9,89.8,86.3,84.6,79.8,81.1,86.6,77.2,1,1,0,72.9,8,Moderate Risk,Moderate Risk
86.5,83.6,83.7,88.4,91.4,84.5,76.4,86.9,0,0,0,76.4,8,Low Risk,Low Risk
71.0,70.9,78.6,69.4,77.7,75.8,79.7,75.2,3,2,1,69.4,8,High Risk,High Risk
78.8,79.8,77.9,72.2,83.2,-1.0,82.9,84.4,1,0,1,72.2,7,Moderate Risk,Moderate Risk
86.6,86.5,78.4,80.5,80.8,84.2,70.4,85.8,1,0,1,70.4,8,Moderate Risk,Moderate Risk
76.3,74.8,71.9,77.5,78.6,71.0,70.3,79.3,4,1,3,70.3,8,High Risk,High Risk
84.2,71.7,82.8,84.5,81.2,78.4,81.5,84.6,1,1,0,71.7,8,Moderate Risk,Moderate Risk
89.6,84.9,74.3,85.2,82.5,80.8,82.4,80.5,1,0,1,74.3,8,Moderate Risk,Moderate Risk
82.5,73.5,80.7,77.6,75.1,77.4,76.3,76.7,1,1,0,73.5,8,Moderate Risk,Moderate Risk
74.1,83.2,72.3,79.6,85.6,71.6,77.9,78.5,3,1,2,71.6,8,High Risk,High Risk
80.9,78.4,81.3,84.7,86.8,81.8,88.9,77.8,0,0,0,77.8,8,Moderate Risk,Moderate Risk
99.0,97.0,97.6,80.2,91.7,96.9,96.2,87.6,0,0,0,80.2,8,Low Risk,Low Risk
96.6,87.4,98.0,97.2,90.6,94.6,91.6,93.5,0,0,0,87.4,8,Low Risk,Low Risk
88.4,87.6,93.0,91.6,93.6,89.9,99.0,93.1,0,0,0,87.6,8,Low Risk,Low Risk
68.1,74.9,74.8,78.7,76.4,78.7,71.4,76.3,4,2,2,68.1,8,High Risk,High Risk
73.4,81.3,73.5,74.3,80.6,82.7,78.9,75.8,3,1,2,73.4,8,High Risk,High Risk
80.1,79.4,82.7,81.9,81.0,81.9,83.5,81.4,0,0,0,79.4,8,Moderate Risk,Moderate Risk
73.9,72.9,80.0,78.8,75.4,70.2,78.6,73.7,4,2,2,70.2,8,High Risk,High Risk
80.7,72.7,84.7,78.1,83.0,85.2,76.3,76.7,1,1,0,72.7,8,Moderate Risk,Moderate Risk
75.8,87.3,80.5,84.7,87.8,91.9,82.3,84.7,0,0,0,75.8,8,Low Risk,Low Risk
61.5,60.9,60.0,65.1,65.8,65.8,60.2,60.0,8,2,6,60.0,8,High Risk,High Risk
60.0,64.7,65.2,67.1,62.7,69.2,64.1,64.6,8,2,6,60.0,8,High Risk,High Risk
63.2,62.3,64.8,63.3,60.0,66.3,60.8,60.0,8,2,6,60.0,8,High Risk,High Risk
63.3,64.2,-1.0,71.4,67.0,74.3,61.3,60.0,7,2,5,60.0,7,High Risk,High Risk
62.2,60.0,60.0,68.6,69.5,68.8,63.8,60.0,8,2,6,60.0,8,High Risk,High Risk
60.0,60.0,66.1,60.6,64.4,68.3,68.1,67.6,8,2,6,60.0,8,High Risk,High Risk
85.6,86.2,91.2,84.9,86.4,89.3,79.8,84.5,0,0,0,79.8,8,Low Risk,Low Risk
91.7,79.6,80.0,88.7,89.1,84.9,87.3,88.6,0,0,0,79.6,8,Low Risk,Low Risk
86.6,89.5,82.1,84.9,84.7,87.3,85.6,83.5,0,0,0,82.1,8,Low Risk,Low Risk
64.0,65.1,66.4,74.5,63.2,60.0,62.0,63.4,8,2,6,60.0,8,High Risk,High Risk
71.3,61.3,60.0,70.4,60.0,63.2,68.3,65.8,8,2,6,60.0,8,High Risk,High Risk
60.0,60.0,60.9,67.8,67.6,63.0,60.0,67.9,8,2,6,60.0,8,High Risk,High Risk
60.0,61.8,60.0,77.2,76.4,71.9,70.9,64.1,6,2,4,60.0,8,High Risk,High Risk
71.8,66.0,60.0,66.6,65.2,69.8,71.2,68.3,8,2,6,60.0,8,High Risk,High Risk
64.0,62.7,62.8,69.5,63.5,71.5,62.7,71.0,8,2,6,62.7,8,High Risk,High Risk
69.2,63.9,76.5,70.1,64.4,67.0,65.2,71.6,7,2,5,63.9,8,High Risk,High Risk
71.4,68.0,67.2,71.6,63.9,61.1,70.2,64.4,8,2,6,61.1,8,High Risk,High Risk
66.7,64.1,68.0,66.0,67.6,78.9,69.2,70.2,7,2,5,64.1,8,High Risk,High Risk
78.2,71.0,73.3,75.2,68.5,78.7,71.6,73.5,5,1,4,68.5,8,High Risk,High Risk
78.2,81.7,80.0,80.2,76.7,83.7,-1.0,83.3,0,0,0,76.7,7,Moderate Risk,Moderate Risk
82.1,84.9,86.9,79.1,83.3,87.8,82.3,84.6,0,0,0,79.1,8,Low Risk,Low Risk
81.6,88.8,80.2,76.2,79.8,78.7,81.7,80.1,0,0,0,76.2,8,Moderate Risk,Moderate Risk
88.1,85.1,86.4,87.0,81.4,82.4,90.2,83.4,0,0,0,81.4,8,Low Risk,Low Risk
94.1,92.1,93.5,85.7,91.8,79.8,88.6,91.5,0,0,0,79.8,8,Low Risk,Low Risk
79.7,84.8,79.2,76.3,77.4,78.1,84.9,80.4,0,0,0,76.3,8,Moderate Risk,Moderate Risk
88.5,83.6,88.1,78.2,82.0,89.1,81.5,88.2,0,0,0,78.2,8,Low Risk,Low Risk
85.0,86.7,93.6,88.6,87.2,93.1,94.7,93.1,0,0,0,85.0,8,Low Risk,Low Risk
77.0,75.0,72.0,80.5,75.2,83.5,71.5,76.4,2,0,2,71.5,8,High Risk,High Risk
76.1,72.4,80.2,72.8,84.1,74.8,78.5,75.3,3,1,2,72.4,8,High Risk,High Risk
83.1,80.8,90.5,81.2,78.1,85.0,90.7,85.3,0,0,0,78.1,8,Low Risk,Low Risk
79.1,77.8,81.2,71.2,73.2,76.4,71.7,75.8,3,0,3,71.2,8,High Risk,High Risk
80.2,84.4,82.1,75.4,72.5,82.5,75.8,77.9,1,0,1,72.5,8,Moderate Risk,Moderate Risk
83.2,82.9,85.3,84.1,85.6,92.2,82.6,83.7,0,0,0,82.6,8,Low Risk,Low Risk
94.0,92.9,97.5,93.6,96.8,98.0,94.5,90.6,0,0,0,90.6,8,Low Risk,Low Risk
99.0,96.2,96.6,93.8,92.2,91.6,93.8,94.7,0,0,0,91.6,8,Low Risk,Low Risk
93.1,93.6,88.6,99.0,90.5,96.5,93.7,93.8,0,0,0,88.6,8,Low Risk,Low Risk
87.2,80.0,84.2,83.1,78.2,82.1,85.2,80.9,0,0,0,78.2,8,Moderate Risk,Moderate Risk
84.1,85.1,89.9,92.3,91.4,87.9,82.8,79.2,0,0,0,79.2,8,Low Risk,Low Risk
89.9,92.0,87.4,91.1,95.3,98.5,89.9,97.7,0,0,0,87.4,8,Low Risk,Low Risk
88.6,96.7,93.1,85.5,84.5,85.9,91.9,90.8,0,0,0,84.5,8,Low Risk,Low Risk
88.9,96.3,87.9,90.5,83.5,87.4,93.7,86.8,0,0,0,83.5,8,Low Risk,Low Risk
90.4,91.9,97.1,85.0,92.4,93.9,86.8,88.2,0,0,0,85.0,8,Low Risk,Low Risk
81.5,82.3,78.1,86.0,85.2,82.6,76.5,75.8,0,0,0,75.8,8,Moderate Risk,Moderate Risk
86.1,80.9,83.5,86.6,80.5,82.8,87.9,89.2,0,0,0,80.5,8,Low Risk,Low Risk
86.5,85.0,92.4,84.1,92.6,82.0,93.4,85.3,0,0,0,82.0,8,Low Risk,Low Risk
95.7,92.0,94.9,89.4,93.4,85.0,89.0,89.5,0,0,0,85.0,8,Low Risk,Low Risk
86.1,88.8,82.6,79.1,91.7,86.9,87.4,91.7,0,0,0,79.1,8,Low Risk,Low Risk
-1.0,90.6,90.5,89.4,83.3,92.2,78.6,86.1,0,0,0,78.6,7,Low Risk,Low Risk
74.7,82.7,79.0,72.9,81.1,82.5,84.6,80.4,2,1,1,72.9,8,High Risk,High Risk
87.2,86.5,83.4,83.7,82.2,90.5,88.3,86.5,0,0,0,82.2,8,Low Risk,Low Risk
90.5,80.4,88.0,92.1,92.2,93.4,90.2,83.7,0,0,0,80.4,8,Low Risk,Low Risk
60.0,60.0,60.0,64.8,74.6,72.5,61.4,66.0,8,2,6,60.0,8,High Risk,High Risk
62.4,64.0,63.0,65.5,61.0,60.0,60.0,68.0,8,2,6,60.0,8,High Risk,High Risk
60.0,64.1,68.7,61.5,65.7,67.6,65.8,66.8,8,2,6,60.0,8,High Risk,High Risk
81.6,75.5,75.6,78.9,73.2,69.8,77.1,74.3,3,0,3,69.8,8,High Risk,High Risk
68.9,87.9,79.1,71.6,79.0,74.0,76.2,82.9,3,1,2,68.9,8,High Risk,High Risk
80.9,83.0,83.4,85.4,93.9,82.2,84.9,82.5,0,0,0,80.9,8,Low Risk,Low Risk
66.7,67.4,69.8,63.3,72.1,71.0,76.1,74.7,7,2,5,63.3,8,High Risk,High Risk
68.2,66.5,65.6,74.2,73.8,78.1,77.2,82.6,5,2,3,65.6,8,High Risk,High Risk
73.7,66.5,73.0,73.8,73.5,70.3,77.7,81.2,6,2,4,66.5,8,High Risk,High Risk
80.6,86.6,85.7,93.5,88.9,82.5,85.3,93.4,0,0,0,80.6,8,Low Risk,Low Risk
86.9,87.1,85.6,80.3,84.5,92.7,85.6,86.8,0,0,0,80.3,8,Low Risk,Low Risk
88.0,92.4,85.3,86.1,87.2,84.1,86.3,90.7,0,0,0,84.1,8,Low Risk,Low Risk
93.6,86.2,91.0,93.9,99.0,94.7,97.0,87.6,0,0,0,86.2,8,Low Risk,Low Risk
90.7,98.1,95.4,93.5,91.1,88.5,99.0,95.0,0,0,0,88.5,8,Low Risk,Low Risk
94.4,94.9,-1.0,95.4,89.3,86.6,92.8,85.5,0,0,0,85.5,7,Low Risk,Low Risk
67.9,60.9,73.4,70.8,70.4,62.9,70.9,74.0,8,2,6,60.9,8,High Risk,High Risk
66.7,66.7,69.9,70.9,60.1,69.9,65.2,77.1,7,2,5,60.1,8,High Risk,High Risk
74.3,63.8,60.0,74.7,76.6,77.3,74.8,75.4,5,2,3,60.0,8,High Risk,High Risk
88.5,81.0,81.8,77.7,84.1,88.6,75.5,83.4,0,0,0,75.5,8,Moderate Risk,Moderate Risk
88.8,81.8,86.3,82.6,82.8,86.3,88.6,82.8,0,0,0,81.8,8,Low Risk,Low Risk
93.4,87.6,94.9,94.9,97.2,83.9,92.6,88.0,0,0,0,83.9,8,Low Risk,Low Risk
94.4,94.9,95.2,97.1,93.7,87.0,90.4,93.3,0,0,0,87.0,8,Low Risk,Low Risk
99.0,95.5,97.4,86.8,94.4,88.3,92.4,99.0,0,0,0,86.8,8,Low Risk,Low Risk
96.6,92.9,90.5,99.0,96.9,94.0,91.1,91.4,0,0,0,90.5,8,Low Risk,Low Risk
69.9,67.4,68.6,66.6,63.4,69.4,74.0,65.7,8,2,6,63.4,8,High Risk,High Risk
65.3,60.0,63.4,69.2,69.2,72.9,75.7,74.4,7,2,5,60.0,8,High Risk,High Risk
68.9,68.1,65.1,71.5,73.3,71.8,68.2,65.0,8,2,6,65.0,8,High Risk,High Risk
64.8,63.1,68.2,71.4,66.4,68.9,71.7,66.8,8,2,6,63.1,8,High Risk,High Risk
72.7,60.5,66.8,78.4,71.5,68.4,69.2,71.6,7,2,5,60.5,8,High Risk,High Risk
60.4,64.2,64.3,74.1,67.8,71.4,63.4,70.4,8,2,6,60.4,8,High Risk,High Risk
61.6,60.0,65.1,64.9,63.5,69.1,62.4,66.0,8,2,6,60.0,8,High Risk,High Risk
68.3,61.8,62.9,61.2,66.0,63.5,63.6,64.3,8,2,6,61.2,8,High Risk,High Risk
60.2,60.0,68.9,62.9,62.5,64.5,62.3,63.1,8,2,6,60.0,8,High Risk,High Risk
63.8,72.5,72.3,75.2,72.5,73.9,80.1,70.1,6,2,4,63.8,8,High Risk,High Risk
66.6,68.2,74.1,66.2,63.5,80.0,72.6,-1.0,6,2,4,63.5,7,High Risk,High Risk
68.3,68.0,68.0,69.1,67.4,64.1,71.9,70.1,8,2,6,64.1,8,High Risk,High Risk
87.4,-1.0,95.7,92.4,94.8,91.6,91.8,83.1,0,0,0,83.1,7,Low Risk,Low Risk
95.5,88.6,92.1,91.2,94.9,89.7,93.6,83.4,0,0,0,83.4,8,Low Risk,Low Risk
93.8,93.3,94.6,87.6,88.0,89.8,96.0,97.0,0,0,0,87.6,8,Low Risk,Low Risk
60.4,63.6,60.0,70.6,68.7,72.2,60.0,74.1,8,2,6,60.0,8,High Risk,High Risk
63.3,61.1,60.0,71.0,69.7,71.9,68.1,60.0,8,2,6,60.0,8,High Risk,High Risk
68.1,66.1,65.5,64.0,67.2,61.1,66.0,60.0,8,2,6,60.0,8,High Risk,High Risk
75.6,77.9,74.4,79.8,70.5,80.5,77.1,76.0,2,0,2,70.5,8,High Risk,High Risk
76.6,76.2,83.4,76.2,82.0,79.0,76.6,76.8,0,0,0,76.2,8,Moderate Risk,Moderate Risk
88.8,84.4,84.1,86.2,82.6,82.5,88.7,76.6,0,0,0,76.6,8,Low Risk,Low Risk
83.6,75.7,83.0,77.5,79.8,73.7,76.8,75.7,1,0,1,73.7,8,Moderate Risk,Moderate Risk
83.5,87.0,83.7,83.6,76.0,87.5,76.2,82.1,0,0,0,76.0,8,Moderate Risk,Moderate Risk
94.2,85.0,80.3,91.2,90.2,91.9,90.2,91.8,0,0,0,80.3,8,Low Risk,Low Risk
81.6,80.9,75.7,71.9,77.6,88.2,76.5,76.7,1,0,1,71.9,8,Moderate Risk,Moderate Risk
85.0,78.3,84.1,77.8,86.2,78.5,79.8,83.5,0,0,0,77.8,8,Moderate Risk,Moderate Risk
88.8,94.8,82.7,85.8,81.5,89.8,89.8,87.3,0,0,0,81.5,8,Low Risk,Low Risk
64.3,61.4,66.6,67.2,74.8,70.5,65.0,70.3,8,2,6,61.4,8,High Risk,High Risk
64.9,61.1,67.4,69.1,72.5,67.4,65.7,70.6,8,2,6,61.1,8,High Risk,High Risk
62.7,65.1,66.6,65.2,72.7,69.7,63.8,74.9,8,2,6,62.7,8,High Risk,High Risk
96.8,97.6,99.0,91.0,96.9,99.0,93.2,92.7,0,0,0,91.0,8,Low Risk,Low Risk
90.2,99.0,94.4,94.1,91.5,99.0,97.4,93.0,0,0,0,90.2,8,Low Risk,Low Risk
97.7,96.2,96.6,94.8,97.0,93.8,95.8,90.0,0,0,0,90.0,8,Low Risk,Low Risk
74.6,70.9,77.0,69.8,83.4,79.6,79.0,69.5,4,2,2,69.5,8,High Risk,High Risk
83.6,81.5,82.4,75.9,82.8,80.4,74.5,78.3,1,0,1,74.5,8,Moderate Risk,Moderate Risk
84.3,80.4,83.6,86.2,83.2,83.2,86.8,88.9,0,0,0,80.4,8,Low Risk,Low Risk
95.1,93.8,90.8,81.3,91.5,89.2,90.3,96.4,0,0,0,81.3,8,Low Risk,Low Risk
86.3,92.4,91.4,83.8,83.0,87.2,83.7,90.7,0,0,0,83.0,8,Low Risk,Low Risk
87.4,91.5,91.5,89.5,89.4,88.4,84.5,85.7,0,0,0,84.5,8,Low Risk,Low Risk
67.7,62.1,61.7,68.9,72.9,71.3,65.1,65.5,8,2,6,61.7,8,High Risk,High Risk
63.2,60.0,62.9,60.0,63.3,63.4,66.8,73.2,8,2,6,60.0,8,High Risk,High Risk
60.4,60.2,65.3,65.7,66.5,64.7,63.3,72.1,8,2,6,60.2,8,High Risk,High Risk
87.9,99.0,92.1,93.0,88.8,88.4,98.7,83.3,0,0,0,83.3,8,Low Risk,Low Risk
92.1,91.2,87.8,91.1,80.7,89.7,90.6,85.6,0,0,0,80.7,8,Low Risk,Low Risk
92.8,91.4,91.4,96.2,99.0,94.0,95.4,97.9,0,0,0,91.4,8,Low Risk,Low Risk
63.2,60.0,60.0,65.0,60.0,64.2,64.7,64.9,8,2,6,60.0,8,High Risk,High Risk
61.3,66.4,66.7,61.0,62.0,60.2,61.6,60.0,8,2,6,60.0,8,High Risk,High Risk
66.2,60.0,60.5,60.8,60.0,66.3,63.7,64.4,8,2,6,60.0,8,High Risk,High Risk
73.8,74.9,68.2,75.1,74.4,71.0,79.5,81.5,5,2,3,68.2,8,High Risk,High Risk
79.8,82.6,78.6,83.0,89.9,81.6,80.8,77.5,0,0,0,77.5,8,Moderate Risk,Moderate Risk
91.5,78.0,78.1,87.3,73.6,82.8,85.2,84.2,1,0,1,73.6,8,Moderate Risk,Moderate Risk
83.9,90.8,85.0,92.5,85.0,84.1,88.6,85.0,0,0,0,83.9,8,Low Risk,Low Risk
90.2,90.2,88.8,80.9,89.3,88.3,91.3,90.1,0,0,0,80.9,8,Low Risk,Low Risk
88.5,90.7,86.7,89.5,86.2,94.3,95.8,91.2,0,0,0,86.2,8,Low Risk,Low Risk
80.5,91.7,94.3,90.3,89.5,86.1,81.8,85.5,0,0,0,80.5,8,Low Risk,Low Risk
85.3,91.5,90.4,81.8,84.2,83.2,85.5,89.6,0,0,0,81.8,8,Low Risk,Low Risk
87.5,96.4,87.0,84.8,87.5,83.9,78.0,84.2,0,0,0,78.0,8,Low Risk,Low Risk
75.8,73.8,75.5,73.9,77.0,77.2,73.4,78.1,3,1,2,73.4,8,High Risk,High Risk
77.0,76.6,75.8,78.4,74.6,-1.0,87.9,82.3,1,0,1,74.6,7,Moderate Risk,Moderate Risk
83.2,88.0,81.6,80.6,81.5,87.6,79.8,84.8,0,0,0,79.8,8,Moderate Risk,Moderate Risk
63.4,60.0,62.9,67.5,60.0,60.0,68.1,70.6,8,2,6,60.0,8,High Risk,High Risk
60.0,60.0,62.2,63.9,60.0,67.6,62.8,62.8,8,2,6,60.0,8,High Risk,High Risk
61.9,63.4,60.0,60.0,65.2,61.4,60.0,68.3,8,2,6,60.0,8,High Risk,High Risk
87.4,78.8,85.6,80.9,86.3,85.3,88.3,89.6,0,0,0,78.8,8,Low Risk,Low Risk
84.6,97.3,80.9,83.3,89.0,88.4,87.3,88.1,0,0,0,80.9,8,Low Risk,Low Risk
85.2,91.0,77.7,86.4,83.1,87.7,86.6,86.8,0,0,0,77.7,8,Low Risk,Low Risk
72.1,74.3,79.7,91.0,87.1,68.6,80.8,84.3,3,2,1,68.6,8,High Risk,High Risk
88.2,80.0,76.8,81.5,83.3,82.3,88.0,91.3,0,0,0,76.8,8,Low Risk,Low Risk
80.3,84.6,83.2,83.8,90.5,88.3,94.5,87.0,0,0,0,80.3,8,Low Risk,Low Risk
91.2,94.0,91.7,80.8,87.3,83.6,86.6,82.4,0,0,0,80.8,8,Low Risk,Low Risk
88.6,86.9,88.2,86.4,87.1,87.6,84.4,85.8,0,0,0,84.4,8,Low Risk,Low Risk
85.9,86.1,85.7,83.7,86.3,83.5,84.9,-1.0,0,0,0,83.5,7,Low Risk,Low Risk
92.9,84.2,95.8,88.8,80.0,89.8,87.4,86.8,0,0,0,80.0,8,Low Risk,Low Risk
87.9,82.4,96.7,88.1,86.1,84.5,92.1,83.8,0,0,0,82.4,8,Low Risk,Low Risk
87.7,85.4,89.1,89.1,90.0,85.9,88.7,92.6,0,0,0,85.4,8,Low Risk,Low Risk
64.9,75.1,72.8,63.9,65.7,74.0,70.4,77.6,6,1,5,63.9,8,High Risk,High Risk
75.0,71.5,65.8,74.8,80.6,70.7,73.8,69.9,6,1,5,65.8,8,High Risk,High Risk
62.6,68.7,74.2,70.6,70.9,68.3,67.9,64.3,8,2,6,62.6,8,High Risk,High Risk
80.0,83.9,79.8,76.6,78.6,70.9,78.5,77.5,1,0,1,70.9,8,Moderate Risk,Moderate Risk
80.4,82.3,84.3,84.2,88.1,79.1,87.4,87.9,0,0,0,79.1,8,Low Risk,Low Risk
85.7,83.6,94.2,88.4,87.2,83.1,84.7,89.6,0,0,0,83.1,8,Low Risk,Low Risk
71.9,63.6,69.1,68.0,74.7,60.0,69.3,64.9,8,2,6,60.0,8,High Risk,High Risk
69.3,64.5,68.2,60.9,64.9,71.4,68.0,69.3,8,2,6,60.9,8,High Risk,High Risk
71.3,60.0,68.5,66.2,68.3,72.7,69.3,72.7,8,2,6,60.0,8,High Risk,High Risk
69.6,72.1,71.0,68.3,73.1,79.3,72.6,75.2,6,2,4,68.3,8,High Risk,High Risk
64.1,70.5,68.1,70.1,76.8,68.7,66.1,74.8,7,2,5,64.1,8,High Risk,High Risk
67.8,64.0,64.1,70.5,66.5,72.9,69.8,72.4,8,2,6,64.0,8,High Risk,High Risk
90.2,82.8,85.5,81.6,88.9,80.3,82.2,88.1,0,0,0,80.3,8,Low Risk,Low Risk
91.6,91.7,89.6,89.3,85.0,85.1,83.3,86.6,0,0,0,83.3,8,Low Risk,Low Risk
90.3,92.7,88.3,93.1,83.1,78.6,88.8,82.8,0,0,0,78.6,8,Low Risk,Low Risk
84.8,82.6,73.3,83.4,81.4,80.6,80.9,81.8,1,0,1,73.3,8,Moderate Risk,Moderate Risk
84.6,75.9,88.9,84.9,86.7,81.6,86.3,85.5,0,0,0,75.9,8,Low Risk,Low Risk
89.8,91.4,84.0,85.0,94.8,82.7,88.2,88.1,0,0,0,82.7,8,Low Risk,Low Risk
74.9,77.0,73.4,78.9,88.5,79.9,77.3,75.1,2,1,1,73.4,8,High Risk,High Risk
81.4,83.9,80.1,81.7,79.6,76.9,82.9,79.6,0,0,0,76.9,8,Moderate Risk,Moderate Risk
90.1,82.7,80.6,76.1,90.1,90.4,88.1,81.4,0,0,0,76.1,8,Low Risk,Low Risk
92.0,89.1,92.5,81.2,94.1,83.2,90.8,86.5,0,0,0,81.2,8,Low Risk,Low Risk
88.8,90.8,91.5,91.9,93.3,89.0,94.5,88.0,0,0,0,88.0,8,Low Risk,Low Risk
87.6,90.5,91.6,87.5,89.3,91.1,87.5,75.9,0,0,0,75.9,8,Low Risk,Low Risk
84.6,84.8,90.7,95.1,90.3,91.5,85.5,87.4,0,0,0,84.6,8,Low Risk,Low Risk
85.8,91.0,93.0,87.3,82.2,85.8,81.2,87.3,0,0,0,81.2,8,Low Risk,Low Risk
88.5,89.2,89.6,82.2,86.0,88.6,93.3,85.9,0,0,0,82.2,8,Low Risk,Low Risk
85.3,73.4,86.2,80.6,82.9,76.2,80.9,83.2,1,1,0,73.4,8,Moderate Risk,Moderate Risk
79.4,78.5,89.3,85.1,81.3,83.2,75.9,81.3,0,0,0,75.9,8,Moderate Risk,Moderate Risk
89.0,84.9,86.2,95.9,93.2,85.2,89.2,87.8,0,0,0,84.9,8,Low Risk,Low Risk
85.9,93.2,88.6,85.6,86.8,89.6,88.4,85.3,0,0,0,85.3,8,Low Risk,Low Risk
85.6,89.0,91.8,90.4,87.2,90.8,84.2,84.3,0,0,0,84.2,8,Low Risk,Low Risk
90.8,89.1,95.6,87.0,97.1,86.1,84.1,87.5,0,0,0,84.1,8,Low Risk,Low Risk
83.2,89.6,80.6,80.7,84.3,90.7,83.8,87.0,0,0,0,80.6,8,Low Risk,Low Risk
79.2,88.5,86.5,89.0,82.0,85.4,84.9,81.3,0,0,0,79.2,8,Low Risk,Low Risk
86.0,82.5,86.0,77.8,83.8,89.4,88.1,85.0,0,0,0,77.8,8,Low Risk,Low Risk
79.0,76.7,79.1,82.0,92.1,81.8,79.5,79.3,0,0,0,76.7,8,Moderate Risk,Moderate Risk
92.1,85.5,92.7,87.4,86.1,82.4,91.1,95.4,0,0,0,82.4,8,Low Risk,Low Risk
-1.0,83.9,89.1,80.8,93.1,88.4,89.0,85.4,0,0,0,80.8,7,Low Risk,Low Risk
60.0,70.0,64.7,77.0,74.9,67.0,71.9,66.6,7,2,5,60.0,8,High Risk,High Risk
75.3,63.9,60.0,63.3,74.9,68.7,69.6,66.8,7,1,6,60.0,8,High Risk,High Risk
66.7,63.6,60.0,62.8,81.1,74.9,74.3,66.3,7,2,5,60.0,8,High Risk,High Risk
66.6,69.2,72.9,73.1,72.5,68.9,69.3,67.0,8,2,6,66.6,8,High Risk,High Risk
72.1,61.6,70.3,78.1,73.7,64.0,74.2,68.5,7,2,5,61.6,8,High Risk,High Risk
66.7,68.0,66.6,73.5,72.2,65.1,75.5,70.8,7,2,5,65.1,8,High Risk,High Risk
85.2,83.1,78.9,79.5,81.9,79.1,77.9,73.6,1,0,1,73.6,8,Moderate Risk,Moderate Risk
82.9,83.8,92.3,82.8,81.7,91.9,83.7,82.9,0,0,0,81.7,8,Low Risk,Low Risk
92.9,89.1,88.9,89.2,87.8,89.6,89.7,83.0,0,0,0,83.0,8,Low Risk,Low Risk
69.3,77.3,84.0,78.5,75.8,76.5,67.0,75.1,2,1,1,67.0,8,High Risk,High Risk
88.1,76.5,82.6,74.1,86.7,85.8,82.3,81.3,1,0,1,74.1,8,Moderate Risk,Moderate Risk
86.0,84.3,87.8,80.9,87.2,89.5,84.1,83.3,0,0,0,80.9,8,Low Risk,Low Risk
60.0,60.0,70.3,70.6,67.7,65.4,64.7,69.9,8,2,6,60.0,8,High Risk,High Risk
64.2,66.4,64.1,67.1,70.4,75.1,69.7,73.7,7,2,5,64.1,8,High Risk,High Risk
67.9,68.8,66.1,72.6,66.8,72.6,73.1,71.8,8,2,6,66.1,8,High Risk,High Risk
92.9,89.8,94.0,91.2,87.7,93.2,87.9,99.0,0,0,0,87.7,8,Low Risk,Low Risk
88.8,97.3,92.0,85.5,94.4,89.3,93.5,94.7,0,0,0,85.5,8,Low Risk,Low Risk
85.8,89.4,92.6,99.0,98.1,96.1,87.8,88.2,0,0,0,85.8,8,Low Risk,Low Risk
60.0,61.3,60.0,64.3,63.2,63.0,66.4,66.4,8,2,6,60.0,8,High Risk,High Risk
60.0,60.0,62.1,73.0,65.3,60.9,69.2,63.6,8,2,6,60.0,8,High Risk,High Risk
60.0,60.0,68.7,66.2,74.6,64.4,66.6,73.1,8,2,6,60.0,8,High Risk,High Risk
72.6,68.7,68.5,73.8,70.6,66.6,63.8,66.1,8,2,6,63.8,8,High Risk,High Risk
66.7,71.0,67.8,64.8,61.1,71.1,64.9,71.9,8,2,6,61.1,8,High Risk,High Risk
60.0,61.1,61.9,70.5,70.1,60.0,67.2,71.6,8,2,6,60.0,8,High Risk,High Risk
68.0,72.1,68.4,66.2,73.9,72.5,74.0,66.9,8,2,6,66.2,8,High Risk,High Risk
63.9,72.0,65.5,81.0,69.5,78.8,71.2,78.3,5,2,3,63.9,8,High Risk,High Risk
65.7,68.0,74.9,69.1,74.3,71.1,72.8,72.3,8,2,6,65.7,8,High Risk,High Risk
77.3,65.3,69.4,72.4,69.8,67.0,67.9,68.8,7,1,6,65.3,8,High Risk,High Risk
72.1,68.0,72.5,65.9,75.7,71.0,70.8,68.2,7,2,5,65.9,8,High Risk,High Risk
63.2,65.7,67.4,69.6,70.5,75.1,76.0,79.0,5,2,3,63.2,8,High Risk,High Risk
89.9,91.1,91.2,84.1,96.0,93.1,88.8,95.4,0,0,0,84.1,8,Low Risk,Low Risk
95.6,86.4,91.6,91.0,91.7,93.5,92.5,92.3,0,0,0,86.4,8,Low Risk,Low Risk
85.5,97.8,86.8,88.8,84.9,87.2,90.2,88.0,0,0,0,84.9,8,Low Risk,Low Risk
61.5,63.3,67.0,68.9,63.3,70.5,63.9,72.7,8,2,6,61.5,8,High Risk,High Risk
65.2,61.4,60.0,69.7,68.6,67.9,68.6,65.0,8,2,6,60.0,8,High Risk,High Risk
64.9,63.9,60.0,71.8,70.6,65.3,61.8,62.9,8,2,6,60.0,8,High Risk,High Risk
89.8,95.5,99.0,88.7,86.9,81.6,92.8,87.2,0,0,0,81.6,8,Low Risk,Low Risk
99.0,94.2,87.4,90.3,92.5,88.5,92.7,92.6,0,0,0,87.4,8,Low Risk,Low Risk
86.5,90.9,92.2,81.9,90.1,89.0,84.2,88.0,0,0,0,81.9,8,Low Risk,Low Risk
95.6,90.3,89.6,86.4,90.9,94.9,94.3,97.0,0,0,0,86.4,8,Low Risk,Low Risk
88.1,85.7,93.4,87.8,88.7,89.7,92.1,84.7,0,0,0,84.7,8,Low Risk,Low Risk
97.7,92.8,87.7,82.0,94.4,87.7,86.0,83.7,0,0,0,82.0,8,Low Risk,Low Risk
70.5,60.0,62.8,66.3,61.5,66.0,68.7,66.0,8,2,6,60.0,8,High Risk,High Risk
63.8,66.5,60.0,68.8,69.9,63.0,76.1,66.4,7,2,5,60.0,8,High Risk,High Risk
60.0,67.6,66.0,62.3,65.0,67.7,64.1,64.3,8,2,6,60.0,8,High Risk,High Risk
74.9,83.2,81.1,79.9,75.7,78.4,82.5,80.8,1,1,0,74.9,8,Moderate Risk,Moderate Risk
85.3,81.7,95.8,86.0,89.0,88.6,84.4,91.2,0,0,0,81.7,8,Low Risk,Low Risk
82.7,89.2,93.0,89.9,92.7,92.0,90.8,88.3,0,0,0,82.7,8,Low Risk,Low Risk
97.4,95.9,99.0,92.4,91.3,94.3,89.2,92.0,0,0,0,89.2,8,Low Risk,Low Risk
92.0,89.8,93.0,92.9,96.6,88.1,90.1,88.4,0,0,0,88.1,8,Low Risk,Low Risk
90.7,93.9,95.3,87.3,96.7,95.3,87.9,96.4,0,0,0,87.3,8,Low Risk,Low Risk
90.7,83.9,92.4,88.0,92.6,91.4,88.1,93.6,0,0,0,83.9,8,Low Risk,Low Risk
91.5,98.8,87.5,88.2,84.6,92.4,87.2,87.6,0,0,0,84.6,8,Low Risk,Low Risk
92.3,87.0,81.3,91.3,81.1,92.9,95.8,88.9,0,0,0,81.1,8,Low Risk,Low Risk
72.5,67.8,63.8,69.7,72.3,68.1,78.9,66.4,7,2,5,63.8,8,High Risk,High Risk
66.2,67.0,60.0,71.1,69.6,68.2,69.9,66.8,8,2,6,60.0,8,High Risk,High Risk
61.8,73.8,64.1,68.5,72.0,60.5,67.5,66.1,8,2,6,60.5,8,High Risk,High Risk
68.3,65.6,60.9,65.1,68.9,70.4,68.6,72.2,8,2,6,60.9,8,High Risk,High Risk
68.6,60.0,62.6,68.4,75.3,67.7,67.5,70.9,7,2,5,60.0,8,High Risk,High Risk
66.0,69.4,73.4,77.4,67.7,75.2,73.0,74.7,6,2,4,66.0,8,High Risk,High Risk
91.4,88.5,97.3,86.7,89.9,90.1,96.7,89.5,0,0,0,86.7,8,Low Risk,Low Risk
96.6,96.4,93.9,85.1,91.0,91.8,93.1,89.0,0,0,0,85.1,8,Low Risk,Low Risk
89.3,91.1,99.0,94.6,96.1,87.8,89.2,89.2,0,0,0,87.8,8,Low Risk,Low Risk
81.3,70.8,76.9,81.9,75.6,74.2,80.1,72.4,3,1,2,70.8,8,High Risk,High Risk
71.8,76.8,80.0,83.8,76.7,80.4,78.0,74.8,2,1,1,71.8,8,High Risk,High Risk
72.9,78.1,84.0,82.5,74.3,73.5,76.8,75.7,3,1,2,72.9,8,High Risk,High Risk
60.4,63.2,64.2,60.0,66.2,74.0,60.0,66.5,8,2,6,60.0,8,High Risk,High Risk
68.7,60.0,64.0,75.0,63.7,68.0,70.9,70.7,7,2,5,60.0,8,High Risk,High Risk
61.4,65.1,68.5,69.3,63.2,64.5,67.5,71.7,8,2,6,61.4,8,High Risk,High Risk
60.0,72.6,69.1,71.6,65.8,67.2,75.0,77.7,6,2,4,60.0,8,High Risk,High Risk
65.8,72.6,70.3,70.7,76.3,71.9,70.4,76.3,6,2,4,65.8,8,High Risk,High Risk
69.4,68.5,68.7,73.2,71.8,73.5,69.7,76.8,7,2,5,68.5,8,High Risk,High Risk
92.5,85.7,98.4,78.6,89.5,84.2,94.5,88.0,0,0,0,78.6,8,Low Risk,Low Risk
85.3,86.9,87.8,84.0,88.1,88.6,83.0,80.4,0,0,0,80.4,8,Low Risk,Low Risk
91.1,90.4,95.4,91.0,97.7,99.0,80.0,78.2,0,0,0,78.2,8,Low Risk,Low Risk
74.2,75.5,80.3,74.5,75.3,78.7,75.6,80.9,2,1,1,74.2,8,High Risk,High Risk
81.7,84.0,74.4,82.4,66.9,80.7,73.0,80.3,3,0,3,66.9,8,High Risk,High Risk
75.9,84.8,75.4,82.4,69.9,75.3,74.3,82.6,2,0,2,69.9,8,High Risk,High Risk
82.9,89.2,89.2,85.3,88.0,86.8,88.4,81.1,0,0,0,81.1,8,Low Risk,Low Risk
88.7,89.8,87.3,90.0,86.7,81.8,89.7,79.9,0,0,0,79.9,8,Low Risk,Low Risk
85.6,88.1,84.9,88.4,86.6,83.9,91.8,87.2,0,0,0,83.9,8,Low Risk,Low Risk
95.7,99.0,97.9,79.8,97.1,97.3,92.4,97.5,0,0,0,79.8,8,Low Risk,Low Risk
99.0,89.8,96.3,93.0,90.3,94.8,98.8,98.6,0,0,0,89.8,8,Low Risk,Low Risk
89.5,95.5,96.4,91.6,99.0,94.0,-1.0,97.5,0,0,0,89.5,7,Low Risk,Low Risk
89.5,88.2,96.0,91.3,95.5,89.6,91.9,91.1,0,0,0,88.2,8,Low Risk,Low Risk
87.0,93.7,93.5,93.8,92.5,89.4,96.1,93.4,0,0,0,87.0,8,Low Risk,Low Risk
91.2,93.3,93.6,85.3,85.4,84.7,89.4,88.5,0,0,0,84.7,8,Low Risk,Low Risk
60.3,65.7,65.8,66.3,63.8,65.4,66.6,70.5,8,2,6,60.3,8,High Risk,High Risk
60.0,60.8,62.9,60.0,63.2,73.7,68.8,65.8,8,2,6,60.0,8,High Risk,High Risk
60.0,61.5,70.9,68.3,61.6,76.8,62.3,66.3,7,2,5,60.0,8,High Risk,High Risk
79.7,79.8,78.9,80.2,79.1,84.1,88.7,80.5,0,0,0,78.9,8,Moderate Risk,Moderate Risk
76.1,81.8,81.1,78.1,83.4,79.9,75.9,81.2,0,0,0,75.9,8,Moderate Risk,Moderate Risk
82.0,78.3,77.5,79.8,81.3,81.7,81.0,79.4,0,0,0,77.5,8,Moderate Risk,Moderate Risk
65.6,61.1,60.0,61.4,67.7,60.0,60.0,67.7,8,2,6,60.0,8,High Risk,High Risk
60.0,60.4,64.4,64.5,62.7,60.0,67.0,65.8,8,2,6,60.0,8,High Risk,High Risk
69.1,65.4,62.6,-1.0,65.7,65.7,70.7,61.9,7,2,5,61.9,7,High Risk,High Risk
94.3,89.1,91.0,87.9,86.0,83.2,85.3,95.8,0,0,0,83.2,8,Low Risk,Low Risk
96.7,93.0,91.1,92.2,90.0,96.5,99.0,97.5,0,0,0,90.0,8,Low Risk,Low Risk
92.9,94.8,85.4,84.7,96.9,89.4,85.7,87.3,0,0,0,84.7,8,Low Risk,Low Risk
68.9,65.9,64.3,75.0,71.5,73.7,66.8,69.3,7,2,5,64.3,8,High Risk,High Risk
62.0,69.6,67.6,68.3,70.9,67.7,66.5,71.3,8,2,6,62.0,8,High Risk,High Risk
73.4,68.5,66.5,65.4,72.1,66.7,66.5,72.2,8,2,6,65.4,8,High Risk,High Risk
82.9,68.8,79.3,75.3,82.0,90.8,82.1,82.6,1,1,0,68.8,8,High Risk,High Risk
80.9,85.4,84.6,84.1,82.4,81.6,86.7,81.6,0,0,0,80.9,8,Moderate Risk,Moderate Risk
87.5,83.6,78.8,85.0,80.4,83.1,81.0,82.5,0,0,0,78.8,8,Moderate Risk,Moderate Risk
60.0,68.8,65.6,62.4,62.0,64.0,63.5,69.9,8,2,6,60.0,8,High Risk,High Risk
64.0,64.8,64.3,61.8,62.2,63.7,62.0,60.0,8,2,6,60.0,8,High Risk,High Risk
63.1,60.0,60.0,66.9,60.0,63.9,63.6,64.4,8,2,6,60.0,8,High Risk,High Risk
69.8,69.0,65.4,66.9,65.0,71.5,66.7,65.1,8,2,6,65.0,8,High Risk,High Risk
62.7,70.8,66.3,66.9,67.7,70.2,64.2,70.1,8,2,6,62.7,8,High Risk,High Risk
60.2,65.6,61.4,73.8,66.5,74.9,65.1,67.9,8,2,6,60.2,8,High Risk,High Risk
71.6,66.2,61.7,61.0,81.9,72.5,71.0,71.5,7,2,5,61.0,8,High Risk,High Risk
62.4,65.3,66.1,78.6,69.7,65.6,70.2,71.5,7,2,5,62.4,8,High Risk,High Risk
65.2,60.7,66.9,71.6,66.8,78.2,73.6,63.2,7,2,5,60.7,8,High Risk,High Risk
66.2,66.0,75.6,69.3,75.1,63.5,80.6,68.3,5,2,3,63.5,8,High Risk,High Risk
64.1,64.2,69.3,69.4,75.4,72.6,69.5,72.2,7,2,5,64.1,8,High Risk,High Risk
72.8,70.4,67.1,69.3,71.4,68.0,75.9,65.4,7,2,5,65.4,8,High Risk,High Risk
62.5,64.9,65.0,73.0,68.7,61.3,66.1,62.0,8,2,6,61.3,8,High Risk,High Risk
60.0,60.0,70.4,65.5,60.9,66.1,73.0,66.7,8,2,6,60.0,8,High Risk,High Risk
60.0,62.0,60.0,63.9,68.8,60.9,60.0,63.7,8,2,6,60.0,8,High Risk,High Risk
84.1,89.2,81.4,77.8,84.2,81.9,82.1,84.6,0,0,0,77.8,8,Moderate Risk,Moderate Risk
83.1,91.6,86.4,86.0,83.2,78.6,87.2,83.2,0,0,0,78.6,8,Low Risk,Low Risk
79.5,87.6,84.4,83.4,82.5,79.9,74.1,77.0,1,0,1,74.1,8,Moderate Risk,Moderate Risk
79.0,84.1,80.3,80.0,72.8,75.9,83.8,71.2,2,0,2,71.2,8,High Risk,High Risk
85.4,-1.0,80.5,76.9,80.0,76.8,79.1,86.7,0,0,0,76.8,7,Moderate Risk,Moderate Risk
80.3,76.7,80.9,73.0,82.2,75.2,79.6,78.1,1,0,1,73.0,8,Moderate Risk,Moderate Risk
92.6,89.2,90.8,93.4,94.2,86.4,85.8,85.2,0,0,0,85.2,8,Low Risk,Low Risk
93.8,92.7,89.3,95.1,83.0,95.5,90.1,80.5,0,0,0,80.5,8,Low Risk,Low Risk
88.8,86.7,85.2,98.5,85.1,83.8,89.9,82.3,0,0,0,82.3,8,Low Risk,Low Risk
61.1,60.0,61.1,62.9,62.5,69.5,68.4,61.6,8,2,6,60.0,8,High Risk,High Risk
61.7,60.9,61.6,70.0,67.2,68.7,67.7,68.9,8,2,6,60.9,8,High Risk,High Risk
64.7,64.2,71.1,61.5,67.6,62.6,67.4,64.5,8,2,6,61.5,8,High Risk,High Risk
66.3,74.4,65.4,65.5,75.3,66.6,61.4,64.8,7,2,5,61.4,8,High Risk,High Risk
68.0,67.9,61.6,71.3,73.3,69.4,69.5,62.7,8,2,6,61.6,8,High Risk,High Risk
63.8,64.1,67.8,68.9,71.8,69.3,64.3,65.8,8,2,6,63.8,8,High Risk,High Risk
99.0,86.3,93.9,87.9,91.3,94.0,95.4,91.1,0,0,0,86.3,8,Low Risk,Low Risk
93.7,96.7,93.6,89.2,90.2,95.4,87.0,87.6,0,0,0,87.0,8,Low Risk,Low Risk
86.9,98.1,87.9,90.6,88.9,90.2,87.8,94.2,0,0,0,86.9,8,Low Risk,Low Risk
99.0,95.7,95.5,94.5,95.0,94.0,88.9,96.0,0,0,0,88.9,8,Low Risk,Low Risk
99.0,95.1,89.3,99.0,88.7,94.1,91.7,91.0,0,0,0,88.7,8,Low Risk,Low Risk
95.8,90.5,93.5,89.7,92.0,92.3,99.0,91.7,0,0,0,89.7,8,Low Risk,Low Risk
99.0,94.0,87.3,93.1,96.6,92.4,88.2,87.8,0,0,0,87.3,8,Low Risk,Low Risk
93.5,87.1,95.8,92.4,90.0,87.7,87.6,96.2,0,0,0,87.1,8,Low Risk,Low Risk
94.8,95.1,92.4,91.0,96.5,97.5,86.9,91.0,0,0,0,86.9,8,Low Risk,Low Risk
98.9,97.8,89.8,94.4,96.2,92.1,91.2,85.9,0,0,0,85.9,8,Low Risk,Low Risk
91.0,93.4,95.5,90.0,92.2,85.2,97.6,92.3,0,0,0,85.2,8,Low Risk,Low Risk
98.8,96.9,95.7,95.7,95.7,93.0,91.2,90.6,0,0,0,90.6,8,Low Risk,Low Risk
-1.0,83.7,83.4,73.5,85.5,76.4,75.8,68.1,2,0,2,68.1,7,High Risk,High Risk
79.3,86.2,72.5,82.9,69.5,77.5,74.2,74.9,4,0,4,69.5,8,High Risk,High Risk
81.7,78.3,81.3,70.8,75.0,79.5,78.1,73.3,2,0,2,70.8,8,High Risk,High Risk
77.9,76.1,83.0,80.5,83.3,81.6,77.1,72.9,1,0,1,72.9,8,Moderate Risk,Moderate Risk
86.5,74.6,85.0,85.9,78.6,81.4,84.5,79.3,1,1,0,74.6,8,Moderate Risk,Moderate Risk
68.2,78.0,75.8,75.2,81.2,73.7,82.7,81.4,2,1,1,68.2,8,High Risk,High Risk
65.7,64.6,60.0,66.0,69.4,68.9,62.1,60.0,8,2,6,60.0,8,High Risk,High Risk
60.0,60.0,61.6,60.0,68.7,63.8,74.3,60.0,8,2,6,60.0,8,High Risk,High Risk
60.3,60.0,60.0,64.4,64.5,60.0,73.6,63.3,8,2,6,60.0,8,High Risk,High Risk
76.4,77.3,75.7,80.5,77.8,75.8,75.7,76.0,0,0,0,75.7,8,Moderate Risk,Moderate Risk
74.2,79.5,80.0,83.6,74.1,79.1,68.8,79.8,3,1,2,68.8,8,High Risk,High Risk
74.5,79.3,72.9,76.3,75.0,79.8,79.9,69.1,3,1,2,69.1,8,High Risk,High Risk
69.7,81.4,76.9,72.9,73.0,77.1,80.8,72.5,4,1,3,69.7,8,High Risk,High Risk
70.0,72.7,79.4,78.0,73.9,80.9,81.1,78.4,3,2,1,70.0,8,High Risk,High Risk
82.4,74.7,77.1,81.8,84.9,83.3,70.1,75.8,2,1,1,70.1,8,High Risk,High Risk
77.8,82.5,74.7,67.7,71.8,74.1,75.6,78.9,4,0,4,67.7,8,High Risk,High Risk
76.3,81.5,74.3,76.8,76.0,81.4,77.6,82.4,1,0,1,74.3,8,Moderate Risk,Moderate Risk
85.6,75.3,77.8,72.9,72.4,75.0,76.4,76.6,2,0,2,72.4,8,High Risk,High Risk
60.0,66.5,66.5,65.7,70.0,64.1,63.0,70.9,8,2,6,60.0,8,High Risk,High Risk
65.4,66.1,62.8,67.1,65.4,60.6,61.5,62.8,8,2,6,60.6,8,High Risk,High Risk
64.1,64.6,67.0,60.0,62.3,61.3,69.9,72.1,8,2,6,60.0,8,High Risk,High Risk
72.8,69.9,72.4,72.1,70.0,68.0,70.8,73.2,8,2,6,68.0,8,High Risk,High Risk
66.0,73.5,81.2,78.2,72.9,75.8,66.9,-1.0,4,2,2,66.0,7,High Risk,High Risk
70.2,70.4,66.3,73.5,73.1,70.6,75.0,76.4,6,2,4,66.3,8,High Risk,High Risk
95.7,90.4,91.7,97.5,89.9,85.1,94.6,91.1,0,0,0,85.1,8,Low Risk,Low Risk
91.4,97.6,87.2,88.2,87.0,81.8,94.0,88.3,0,0,0,81.8,8,Low Risk,Low Risk
93.9,89.7,90.3,90.9,94.2,90.3,87.7,85.7,0,0,0,85.7,8,Low Risk,Low Risk
93.5,99.0,93.7,96.1,86.4,83.3,89.7,93.2,0,0,0,83.3,8,Low Risk,Low Risk
81.2,96.3,92.0,83.5,92.6,90.4,91.2,93.7,0,0,0,81.2,8,Low Risk,Low Risk
90.7,84.8,93.3,95.3,84.8,87.0,86.2,87.9,0,0,0,84.8,8,Low Risk,Low Risk
80.4,80.7,80.8,75.2,72.9,71.9,71.5,75.9,3,0,3,71.5,8,High Risk,High Risk
72.3,77.8,76.0,76.4,77.3,78.3,78.3,72.5,2,1,1,72.3,8,High Risk,High Risk
79.2,70.7,79.9,76.0,73.8,73.7,71.9,68.9,5,1,4,68.9,8,High Risk,High Risk
66.3,60.0,63.7,73.2,74.2,75.0,71.2,60.4,7,2,5,60.0,8,High Risk,High Risk
61.9,67.0,68.3,75.7,70.3,69.5,69.7,71.0,7,2,5,61.9,8,High Risk,High Risk
73.7,60.0,65.9,73.3,69.4,64.1,71.1,69.7,8,2,6,60.0,8,High Risk,High Risk
66.8,74.8,73.7,69.6,72.0,76.5,71.8,76.3,6,2,4,66.8,8,High Risk,High Risk
72.0,74.0,75.9,82.2,75.3,70.7,79.9,80.3,3,2,1,70.7,8,High Risk,High Risk
75.6,77.0,80.4,72.4,76.2,76.3,75.6,75.7,1,0,1,72.4,8,Moderate Risk,Moderate Risk
74.6,76.4,74.0,75.3,77.0,80.9,73.6,70.6,4,1,3,70.6,8,High Risk,High Risk
65.1,76.2,77.1,74.2,72.7,72.9,74.0,74.1,6,1,5,65.1,8,High Risk,High Risk
79.3,73.8,73.1,74.8,76.1,-1.0,77.3,71.4,4,1,3,71.4,7,High Risk,High Risk
63.3,62.5,68.3,68.5,76.9,72.7,68.4,70.1,7,2,5,62.5,8,High Risk,High Risk
60.0,65.7,70.9,69.8,76.2,71.0,76.6,75.8,5,2,3,60.0,8,High Risk,High Risk
69.4,61.6,76.4,68.1,63.2,69.8,61.4,66.9,7,2,5,61.4,8,High Risk,High Risk
75.1,66.7,66.1,65.7,64.7,63.9,63.7,73.6,7,1,6,63.7,8,High Risk,High Risk
64.2,69.4,63.5,69.4,64.2,69.2,65.3,65.9,8,2,6,63.5,8,High Risk,High Risk
62.8,71.1,69.0,65.3,64.3,71.0,67.4,66.2,8,2,6,62.8,8,High Risk,High Risk
84.7,84.8,86.5,85.2,90.5,80.5,82.0,81.8,0,0,0,80.5,8,Low Risk,Low Risk
86.2,76.6,83.5,77.0,85.2,79.5,78.1,83.4,0,0,0,76.6,8,Moderate Risk,Moderate Risk
81.4,83.9,79.6,78.7,82.8,84.8,88.5,78.4,0,0,0,78.4,8,Moderate Risk,Moderate Risk
92.4,91.7,93.3,98.5,87.0,98.3,90.0,93.6,0,0,0,87.0,8,Low Risk,Low Risk
93.6,97.6,91.6,94.4,91.4,95.7,86.7,88.2,0,0,0,86.7,8,Low Risk,Low Risk
88.6,92.0,87.9,98.2,88.3,87.1,93.3,99.0,0,0,0,87.1,8,Low Risk,Low Risk
94.7,87.4,90.6,97.0,96.5,93.0,83.5,86.4,0,0,0,83.5,8,Low Risk,Low Risk
87.9,91.9,99.0,92.9,92.1,87.2,84.7,86.3,0,0,0,84.7,8,Low Risk,Low Risk
94.4,89.0,93.7,97.1,99.0,94.3,90.6,94.2,0,0,0,89.0,8,Low Risk,Low Risk
70.1,64.4,67.6,72.1,70.9,71.5,68.7,72.8,8,2,6,64.4,8,High Risk,High Risk
79.6,73.7,68.4,66.3,68.9,68.7,72.0,67.2,7,1,6,66.3,8,High Risk,High Risk
63.8,66.3,65.7,70.0,67.5,67.8,70.0,74.0,8,2,6,63.8,8,High Risk,High Risk
69.0,67.5,64.6,66.1,74.6,68.3,64.3,74.8,8,2,6,64.3,8,High Risk,High Risk
61.1,61.3,65.9,71.2,69.4,73.9,75.7,72.5,7,2,5,61.1,8,High Risk,High Risk
62.2,67.0,69.3,65.5,71.6,67.8,67.1,68.8,8,2,6,62.2,8,High Risk,High Risk
60.0,68.4,70.2,68.2,63.8,70.8,63.8,62.3,8,2,6,60.0,8,High Risk,High Risk
63.1,60.0,63.7,60.5,60.4,64.7,69.3,66.9,8,2,6,60.0,8,High Risk,High Risk
66.6,68.2,60.2,62.3,62.9,60.0,63.2,70.3,8,2,6,60.0,8,High Risk,High Risk
60.0,60.0,68.3,67.9,70.2,60.8,68.7,62.2,8,2,6,60.0,8,High Risk,High Risk
65.3,67.7,60.0,72.1,73.6,64.6,60.0,60.5,8,2,6,60.0,8,High Risk,High Risk
60.0,60.0,66.4,65.7,74.4,68.6,69.4,65.1,8,2,6,60.0,8,High Risk,High Risk
93.3,91.2,95.3,87.8,93.2,97.3,91.8,93.8,0,0,0,87.8,8,Low Risk,Low Risk
93.6,94.9,91.6,87.6,85.9,95.8,86.7,93.7,0,0,0,85.9,8,Low Risk,Low Risk
90.0,88.9,93.2,89.5,85.8,98.5,87.5,86.7,0,0,0,85.8,8,Low Risk,Low Risk
60.0,68.8,64.0,61.7,63.4,64.9,65.3,66.3,8,2,6,60.0,8,High Risk,High Risk
63.5,60.9,62.6,69.3,60.0,61.9,69.5,71.9,8,2,6,60.0,8,High Risk,High Risk
62.0,64.5,65.4,66.7,60.9,63.2,62.5,60.0,8,2,6,60.0,8,High Risk,High Risk
62.9,61.6,64.2,62.8,63.6,63.4,64.5,68.3,8,2,6,61.6,8,High Risk,High Risk
65.5,61.4,68.3,63.1,60.0,71.8,60.7,67.4,8,2,6,60.0,8,High Risk,High Risk
63.4,72.3,68.0,62.1,66.0,65.1,64.7,60.0,8,2,6,60.0,8,High Risk,High Risk
65.2,69.3,72.4,71.5,73.6,73.9,65.4,71.2,8,2,6,65.2,8,High Risk,High Risk
63.4,65.1,68.7,70.3,73.6,65.8,65.6,71.6,8,2,6,63.4,8,High Risk,High Risk
63.7,71.9,66.6,62.4,65.9,65.6,68.2,71.1,8,2,6,62.4,8,High Risk,High Risk
70.4,75.3,79.8,76.9,75.7,72.9,75.3,77.3,2,1,1,70.4,8,High Risk,High Risk
78.0,78.6,75.1,80.9,77.0,74.1,70.1,80.8,2,0,2,70.1,8,High Risk,High Risk
63.8,78.9,77.4,75.4,70.1,74.6,75.7,78.1,3,1,2,63.8,8,High Risk,High Risk
78.0,83.5,71.1,83.6,76.8,83.1,79.2,73.7,2,0,2,71.1,8,High Risk,High Risk
79.5,83.9,69.1,89.9,79.5,81.0,76.9,78.7,1,0,1,69.1,8,High Risk,High Risk
78.7,75.4,73.8,86.6,74.9,74.2,77.9,75.6,3,0,3,73.8,8,High Risk,High Risk
82.8,76.4,83.7,83.3,83.6,81.2,78.4,78.2,0,0,0,76.4,8,Moderate Risk,Moderate Risk
79.8,77.9,82.6,77.9,81.1,72.9,73.7,68.5,3,0,3,68.5,8,High Risk,High Risk
75.2,71.2,89.5,78.3,74.1,75.7,77.7,77.7,2,1,1,71.2,8,High Risk,High Risk
88.3,78.4,89.9,92.3,91.6,87.6,94.8,86.4,0,0,0,78.4,8,Low Risk,Low Risk
83.8,90.8,91.8,90.4,86.3,87.7,79.3,89.5,0,0,0,79.3,8,Low Risk,Low Risk
87.9,87.3,97.7,83.7,89.3,83.6,85.7,89.1,0,0,0,83.6,8,Low Risk,Low Risk
75.9,77.8,78.2,79.8,78.5,79.1,75.9,72.9,1,0,1,72.9,8,Moderate Risk,Moderate Risk
73.0,81.1,68.5,76.3,83.0,80.1,75.9,69.4,3,1,2,68.5,8,High Risk,High Risk
77.5,71.1,79.0,75.5,78.4,74.9,70.9,75.5,3,1,2,70.9,8,High Risk,High Risk
91.6,87.9,97.0,88.0,91.3,99.0,94.2,97.4,0,0,0,87.9,8,Low Risk,Low Risk
93.9,95.3,99.0,89.9,91.0,87.4,94.5,88.7,0,0,0,87.4,8,Low Risk,Low Risk
96.0,91.2,95.5,90.9,88.8,89.4,87.6,94.3,0,0,0,87.6,8,Low Risk,Low Risk
75.3,65.9,70.2,74.3,73.0,69.4,79.3,76.9,5,1,4,65.9,8,High Risk,High Risk
76.0,71.0,75.4,80.4,80.8,81.1,77.0,76.0,1,1,0,71.0,8,Moderate Risk,Moderate Risk
68.8,73.5,74.6,81.5,81.1,73.1,79.1,73.9,5,2,3,68.8,8,High Risk,High Risk
74.2,80.8,87.7,81.2,85.7,83.0,87.1,83.6,1,1,0,74.2,8,Moderate Risk,Moderate Risk
88.8,84.4,81.8,91.9,87.5,86.1,84.1,85.8,0,0,0,81.8,8,Low Risk,Low Risk
84.0,81.7,80.3,82.1,76.6,75.7,87.9,84.7,0,0,0,75.7,8,Moderate Risk,Moderate Risk
83.5,88.3,84.9,80.9,80.6,83.2,83.9,87.6,0,0,0,80.6,8,Low Risk,Low Risk
91.9,87.8,89.1,85.9,84.7,94.0,77.1,79.0,0,0,0,77.1,8,Low Risk,Low Risk
83.2,84.7,82.9,90.0,91.3,93.0,80.1,81.0,0,0,0,80.1,8,Low Risk,Low Risk
70.6,77.2,76.7,72.3,79.4,75.4,78.0,76.6,2,1,1,70.6,8,High Risk,High Risk
-1.0,79.2,75.0,79.7,70.2,76.6,76.0,82.9,1,0,1,70.2,7,Moderate Risk,Moderate Risk
72.4,75.4,78.0,70.7,75.0,78.7,77.4,67.9,3,1,2,67.9,8,High Risk,High Risk
60.0,64.4,62.1,63.6,60.0,71.6,63.1,71.5,8,2,6,60.0,8,High Risk,High Risk
60.0,60.0,65.6,60.0,63.0,63.5,65.4,71.1,8,2,6,60.0,8,High Risk,High Risk
60.0,60.0,64.2,68.8,66.8,69.5,69.3,66.0,8,2,6,60.0,8,High Risk,High Risk
87.1,75.7,78.5,78.7,81.9,86.7,83.9,76.9,0,0,0,75.7,8,Moderate Risk,Moderate Risk
77.9,73.6,73.9,82.4,82.9,77.0,78.9,82.6,2,1,1,73.6,8,High Risk,High Risk
78.4,82.1,66.9,78.6,76.4,71.3,78.2,77.3,2,0,2,66.9,8,High Risk,High Risk
87.5,91.9,91.6,85.5,77.0,84.7,85.5,83.8,0,0,0,77.0,8,Low Risk,Low Risk
88.8,92.9,83.6,86.2,79.7,85.7,83.3,92.6,0,0,0,79.7,8,Low Risk,Low Risk
87.2,84.9,85.4,88.5,94.7,89.1,85.9,86.7,0,0,0,84.9,8,Low Risk,Low Risk
68.8,65.1,63.6,74.0,70.0,73.7,76.5,72.0,7,2,5,63.6,8,High Risk,High Risk
73.0,61.6,63.9,74.3,68.8,69.5,74.2,67.0,8,2,6,61.6,8,High Risk,High Risk
62.2,65.7,71.4,66.6,67.3,65.1,68.4,71.3,8,2,6,62.2,8,High Risk,High Risk
96.5,95.7,99.0,91.6,97.1,94.6,97.9,93.1,0,0,0,91.6,8,Low Risk,Low Risk
95.7,91.0,99.0,96.9,93.6,92.1,95.4,96.6,0,0,0,91.0,8,Low Risk,Low Risk
96.9,84.9,96.8,96.7,96.3,97.1,92.6,89.8,0,0,0,84.9,8,Low Risk,Low Risk
72.3,74.8,79.0,81.6,85.6,78.0,75.5,75.3,2,2,0,72.3,8,High Risk,High Risk
81.3,82.7,77.6,78.9,81.7,76.9,77.8,76.2,0,0,0,76.2,8,Moderate Risk,Moderate Risk
76.5,78.5,75.2,80.1,80.1,78.2,75.6,79.3,0,0,0,75.2,8,Moderate Risk,Moderate Risk
95.9,91.2,98.9,92.3,91.2,90.5,91.7,94.5,0,0,0,90.5,8,Low Risk,Low Risk
91.4,91.2,92.5,94.6,95.4,96.0,92.8,94.3,0,0,0,91.2,8,Low Risk,Low Risk
93.4,92.8,90.2,90.5,93.3,88.3,90.0,99.0,0,0,0,88.3,8,Low Risk,Low Risk
77.7,80.8,79.7,79.6,69.9,74.5,77.3,79.0,2,0,2,69.9,8,High Risk,High Risk
74.2,76.1,72.7,75.7,68.6,73.4,75.0,79.3,4,1,3,68.6,8,High Risk,High Risk
68.9,72.9,80.5,76.1,75.9,76.4,69.7,75.1,3,2,1,68.9,8,High Risk,High Risk
77.1,74.1,79.5,78.8,78.1,73.3,79.0,75.9,2,1,1,73.3,8,High Risk,High Risk
76.2,77.0,80.0,76.3,83.3,69.8,76.8,81.2,1,0,1,69.8,8,High Risk,High Risk
71.8,73.5,72.3,72.1,74.1,82.9,76.7,78.1,5,2,3,71.8,8,High Risk,High Risk
98.5,93.2,93.4,89.0,94.0,86.9,91.1,99.0,0,0,0,86.9,8,Low Risk,Low Risk
92.2,90.2,90.4,91.1,89.7,91.6,88.7,98.8,0,0,0,88.7,8,Low Risk,Low Risk
88.4,94.9,94.1,92.4,86.6,87.7,97.4,87.6,0,0,0,86.6,8,Low Risk,Low Risk
75.1,78.9,78.8,73.9,78.2,73.7,80.9,81.6,2,0,2,73.7,8,High Risk,High Risk
79.6,72.7,77.6,75.9,75.5,77.3,81.9,82.7,1,1,0,72.7,8,Moderate Risk,Moderate Risk
76.2,67.8,79.9,69.2,70.6,77.7,79.4,76.5,3,1,2,67.8,8,High Risk,High Risk
89.7,86.1,93.2,87.5,90.4,92.8,83.8,86.7,0,0,0,83.8,8,Low Risk,Low Risk
89.9,90.8,90.6,85.9,89.6,90.9,90.5,92.2,0,0,0,85.9,8,Low Risk,Low Risk
89.3,85.5,98.5,93.3,87.9,92.8,96.0,98.6,0,0,0,85.5,8,Low Risk,Low Risk
87.4,81.9,77.5,77.0,88.6,84.1,83.8,80.7,0,0,0,77.0,8,Moderate Risk,Moderate Risk
82.5,76.2,79.8,79.5,69.0,80.7,78.5,81.2,1,0,1,69.0,8,High Risk,High Risk
84.4,82.7,82.4,84.9,72.3,90.4,88.4,82.9,1,0,1,72.3,8,Moderate Risk,Moderate Risk
87.0,85.4,92.8,83.9,90.2,81.5,84.5,84.6,0,0,0,81.5,8,Low Risk,Low Risk
90.0,88.2,90.9,82.0,87.2,92.1,78.9,87.6,0,0,0,78.9,8,Low Risk,Low Risk
90.1,87.5,90.0,82.7,84.1,80.3,91.6,87.4,0,0,0,80.3,8,Low Risk,Low Risk
69.5,67.0,65.3,71.8,73.1,73.8,76.3,74.3,7,2,5,65.3,8,High Risk,High Risk
75.4,65.7,73.8,67.1,73.2,60.0,67.7,68.9,7,1,6,60.0,8,High Risk,High Risk
74.8,68.3,67.1,64.2,76.6,72.3,69.2,62.8,7,2,5,62.8,8,High Risk,High Risk
78.9,76.2,80.2,78.9,82.8,77.8,78.1,76.4,0,0,0,76.2,8,Moderate Risk,Moderate Risk
76.0,80.6,72.7,69.2,78.3,79.0,77.1,71.5,3,0,3,69.2,8,High Risk,High Risk
80.6,79.7,72.7,78.1,81.1,72.8,77.8,82.9,2,0,2,72.7,8,High Risk,High Risk
66.2,67.3,60.3,65.3,70.3,66.1,60.2,71.3,8,2,6,60.2,8,High Risk,High Risk
64.0,60.0,60.0,72.5,67.4,71.0,70.1,68.8,8,2,6,60.0,8,High Risk,High Risk
60.0,60.0,67.8,63.1,74.5,71.7,72.7,69.9,8,2,6,60.0,8,High Risk,High Risk
73.1,79.6,81.0,75.7,72.6,80.3,66.9,76.8,3,1,2,66.9,8,High Risk,High Risk
77.7,69.5,79.0,67.1,76.2,75.2,-1.0,76.6,2,1,1,67.1,7,High Risk,High Risk
72.0,72.7,76.5,74.3,79.5,75.4,76.5,69.4,4,2,2,69.4,8,High Risk,High Risk
72.6,74.0,71.5,80.5,71.4,66.6,65.3,65.4,7,2,5,65.3,8,High Risk,High Risk
69.6,69.5,69.5,77.9,66.1,73.4,71.5,75.3,6,2,4,66.1,8,High Risk,High Risk
77.3,70.5,71.9,71.6,74.4,69.8,72.8,72.2,7,1,6,69.8,8,High Risk,High Risk
77.7,86.2,78.0,81.8,78.9,81.8,79.0,76.8,0,0,0,76.8,8,Moderate Risk,Moderate Risk
82.5,75.5,85.2,76.4,83.0,82.2,82.4,87.4,0,0,0,75.5,8,Moderate Risk,Moderate Risk
85.7,78.0,77.9,78.8,81.3,74.3,82.2,74.3,2,0,2,74.3,8,High Risk,High Risk
76.5,88.3,87.9,81.4,89.4,79.1,83.0,77.1,0,0,0,76.5,8,Moderate Risk,Moderate Risk
74.5,77.7,88.1,86.0,82.7,86.3,81.8,83.9,1,1,0,74.5,8,Moderate Risk,Moderate Risk
77.2,82.1,85.8,82.7,86.2,81.4,82.7,83.7,0,0,0,77.2,8,Moderate Risk,Moderate Risk
80.1,79.2,79.3,71.5,67.6,82.6,79.3,77.4,2,0,2,67.6,8,High Risk,High Risk
73.0,66.5,79.0,82.0,82.3,80.2,76.9,75.3,2,2,0,66.5,8,High Risk,High Risk
72.2,83.1,71.2,76.7,69.8,78.7,77.5,76.1,3,1,2,69.8,8,High Risk,High Risk
89.7,99.0,86.7,88.4,83.6,75.9,83.8,96.4,0,0,0,75.9,8,Low Risk,Low Risk
88.4,80.4,83.4,88.5,87.9,86.9,84.8,90.7,0,0,0,80.4,8,Low Risk,Low Risk
90.6,88.3,84.3,85.2,94.4,91.4,91.0,83.8,0,0,0,83.8,8,Low Risk,Low Risk
71.1,72.3,64.4,66.8,74.8,67.2,76.9,69.4,7,2,5,64.4,8,High Risk,High Risk
72.1,71.1,71.5,70.6,68.0,69.8,68.1,75.7,7,2,5,68.0,8,High Risk,High Risk
67.1,73.8,65.1,68.5,68.9,64.6,71.1,66.8,8,2,6,64.6,8,High Risk,High Risk
84.9,74.8,77.5,79.2,76.0,77.4,76.4,77.1,1,1,0,74.8,8,Moderate Risk,Moderate Risk
75.5,67.6,81.1,84.9,77.0,78.9,80.6,71.0,2,1,1,67.6,8,High Risk,High Risk
74.7,84.2,73.1,80.9,78.8,77.9,77.2,73.6,3,1,2,73.1,8,High Risk,High Risk
75.8,81.9,81.1,81.3,77.8,75.2,77.1,71.7,1,0,1,71.7,8,Moderate Risk,Moderate Risk
77.1,75.2,75.0,77.6,75.6,78.6,72.8,81.7,1,0,1,72.8,8,Moderate Risk,Moderate Risk
68.9,75.2,83.2,80.9,86.3,85.7,80.1,77.9,1,1,0,68.9,8,High Risk,High Risk
86.9,83.9,81.1,85.7,83.0,81.4,81.2,80.8,0,0,0,80.8,8,Moderate Risk,Moderate Risk
77.2,77.0,83.6,83.3,80.4,77.1,86.6,85.8,0,0,0,77.0,8,Moderate Risk,Moderate Risk
79.3,80.9,86.9,88.2,85.6,82.6,76.1,73.5,1,0,1,73.5,8,Moderate Risk,Moderate Risk
88.7,72.3,80.2,74.7,78.2,79.4,82.2,77.8,2,1,1,72.3,8,High Risk,High Risk
79.8,77.8,77.2,83.6,82.9,84.5,80.3,84.3,0,0,0,77.2,8,Moderate Risk,Moderate Risk
82.8,81.4,76.9,74.7,78.0,76.1,85.8,81.9,1,0,1,74.7,8,Moderate Risk,Moderate Risk
74.2,86.6,85.6,79.7,81.9,82.0,80.9,75.2,1,1,0,74.2,8,Moderate Risk,Moderate Risk
87.1,87.3,79.3,76.6,81.5,82.1,82.8,70.3,1,0,1,70.3,8,Moderate Risk,Moderate Risk
83.8,81.8,80.7,82.2,79.9,82.0,83.3,81.8,0,0,0,79.9,8,Moderate Risk,Moderate Risk
67.3,74.1,69.9,65.2,70.8,72.7,72.7,74.7,8,2,6,65.2,8,High Risk,High Risk
67.8,71.7,72.1,75.8,71.0,78.5,75.2,73.0,5,2,3,67.8,8,High Risk,High Risk
69.2,68.4,67.1,64.7,78.2,71.7,70.8,69.8,7,2,5,64.7,8,High Risk,High Risk
83.0,79.0,81.0,80.2,81.3,70.9,75.6,81.4,1,0,1,70.9,8,Moderate Risk,Moderate Risk
83.0,72.5,81.9,86.4,90.3,81.0,73.6,80.8,2,1,1,72.5,8,High Risk,High Risk
70.0,76.1,78.5,77.6,73.9,77.1,80.4,78.8,2,1,1,70.0,8,High Risk,High Risk
75.6,77.2,80.4,70.2,77.3,67.1,74.9,81.4,3,0,3,67.1,8,High Risk,High Risk
67.2,68.1,76.5,70.9,76.1,76.4,73.6,82.9,4,2,2,67.2,8,High Risk,High Risk
73.6,77.5,73.5,82.5,72.6,76.5,74.7,73.8,5,1,4,72.6,8,High Risk,High Risk
83.4,79.3,79.3,77.4,76.8,75.2,72.6,76.0,1,0,1,72.6,8,Moderate Risk,Moderate Risk
75.5,80.4,78.8,79.1,79.8,79.1,82.0,78.7,0,0,0,75.5,8,Moderate Risk,Moderate Risk
72.4,81.8,80.7,79.0,77.8,70.4,71.0,85.4,3,1,2,70.4,8,High Risk,High Risk
81.4,79.5,78.0,87.9,88.6,78.2,77.9,80.9,0,0,0,77.9,8,Moderate Risk,Moderate Risk
84.2,82.0,82.3,92.0,80.2,88.9,88.1,84.4,0,0,0,80.2,8,Low Risk,Low Risk
80.2,82.3,78.5,85.4,86.3,87.0,80.8,78.1,0,0,0,78.1,8,Moderate Risk,Moderate Risk
84.2,81.2,84.8,84.5,83.8,84.7,79.0,78.8,0,0,0,78.8,8,Moderate Risk,Moderate Risk
79.5,82.6,86.8,87.2,88.1,77.2,77.8,81.3,0,0,0,77.2,8,Moderate Risk,Moderate Risk
79.4,80.4,85.1,77.1,91.8,82.5,86.6,80.1,0,0,0,77.1,8,Moderate Risk,Moderate Risk
71.1,67.8,65.2,77.5,77.1,61.4,70.4,72.6,6,2,4,61.4,8,High Risk,High Risk
71.1,65.9,67.0,74.7,66.6,68.1,68.8,71.2,8,2,6,65.9,8,High Risk,High Risk
68.5,72.4,71.8,75.0,72.0,70.7,74.1,79.7,6,2,4,68.5,8,High Risk,High Risk
93.8,90.9,91.9,93.5,92.6,91.5,93.9,90.7,0,0,0,90.7,8,Low Risk,Low Risk
82.9,92.8,96.2,93.6,91.8,93.7,83.6,89.4,0,0,0,82.9,8,Low Risk,Low Risk
96.6,94.5,95.3,89.1,85.9,90.6,94.3,91.5,0,0,0,85.9,8,Low Risk,Low Risk
84.1,83.0,82.1,90.2,84.0,78.9,83.5,80.3,0,0,0,78.9,8,Moderate Risk,Moderate Risk
82.3,75.0,81.4,81.2,77.4,80.6,83.2,81.5,0,0,0,75.0,8,Moderate Risk,Moderate Risk
78.9,81.6,81.5,79.8,79.7,81.7,85.3,82.6,0,0,0,78.9,8,Moderate Risk,Moderate Risk
84.4,86.7,88.1,78.6,84.3,82.0,89.1,76.1,0,0,0,76.1,8,Low Risk,Low Risk
82.4,90.9,82.3,82.1,83.9,81.2,83.1,83.2,0,0,0,81.2,8,Low Risk,Low Risk
84.8,85.6,87.7,83.0,83.1,84.7,79.3,79.1,0,0,0,79.1,8,Moderate Risk,Moderate Risk
85.6,84.1,94.8,81.7,80.6,86.6,86.8,88.4,0,0,0,80.6,8,Low Risk,Low Risk
85.8,94.6,90.3,88.9,83.4,90.3,89.0,86.5,0,0,0,83.4,8,Low Risk,Low Risk
94.7,83.7,83.4,83.2,84.1,85.7,89.6,87.6,0,0,0,83.2,8,Low Risk,Low Risk
64.7,67.8,67.2,70.0,68.6,66.9,74.1,70.9,8,2,6,64.7,8,High Risk,High Risk
66.9,65.3,66.2,66.2,64.9,72.8,63.2,72.0,8,2,6,63.2,8,High Risk,High Risk
62.1,69.1,69.9,69.0,66.5,67.3,66.7,61.0,8,2,6,61.0,8,High Risk,High Risk
69.3,60.7,69.5,71.0,61.6,69.6,66.8,68.2,8,2,6,60.7,8,High Risk,High Risk
69.4,67.5,62.6,71.5,73.6,67.4,63.5,62.0,8,2,6,62.0,8,High Risk,High Risk
70.1,69.1,70.3,67.4,65.7,68.0,67.7,61.8,8,2,6,61.8,8,High Risk,High Risk
78.1,75.3,81.2,76.9,75.3,75.2,80.0,79.5,0,0,0,75.2,8,Moderate Risk,Moderate Risk
76.8,83.8,82.9,79.3,72.4,75.4,74.5,78.8,2,0,2,72.4,8,High Risk,High Risk
80.1,67.7,72.0,77.6,84.1,86.2,77.0,78.0,2,1,1,67.7,8,High Risk,High Risk
60.0,65.2,66.5,61.2,69.4,70.5,75.9,63.2,7,2,5,60.0,8,High Risk,High Risk
67.0,67.0,65.4,73.7,66.9,60.9,67.6,70.4,8,2,6,60.9,8,High Risk,High Risk
72.8,60.0,67.4,73.4,73.4,71.1,71.2,64.3,8,2,6,60.0,8,High Risk,High Risk
70.0,69.7,64.3,72.6,66.6,73.6,70.2,71.5,8,2,6,64.3,8,High Risk,High Risk
70.9,65.4,65.9,69.7,76.5,72.2,71.4,75.1,6,2,4,65.4,8,High Risk,High Risk
66.2,64.5,63.6,66.2,71.4,69.0,71.6,71.9,8,2,6,63.6,8,High Risk,High Risk
95.6,96.7,96.7,95.0,99.0,88.2,91.9,89.1,0,0,0,88.2,8,Low Risk,Low Risk
99.0,92.1,99.0,99.0,99.0,99.0,99.0,93.8,0,0,0,92.1,8,Low Risk,Low Risk
93.7,94.0,-1.0,93.1,95.5,90.6,87.0,93.9,0,0,0,87.0,7,Low Risk,Low Risk
77.4,76.2,77.3,70.6,77.1,79.2,79.7,70.4,2,0,2,70.4,8,High Risk,High Risk
70.8,73.9,73.6,79.5,79.8,71.6,78.8,78.4,4,2,2,70.8,8,High Risk,High Risk
77.1,79.1,82.9,73.1,73.6,74.9,76.9,76.2,3,0,3,73.1,8,High Risk,High Risk
69.3,72.9,70.4,71.2,77.0,73.0,75.0,74.6,6,2,4,69.3,8,High Risk,High Risk
67.2,76.2,64.1,67.4,74.8,-1.0,72.9,71.3,6,1,5,64.1,7,High Risk,High Risk
67.9,67.1,67.7,77.6,74.5,64.1,63.9,68.4,7,2,5,63.9,8,High Risk,High Risk
79.7,80.6,80.6,72.2,78.0,80.7,81.0,83.8,1,0,1,72.2,8,Moderate Risk,Moderate Risk
83.2,79.8,79.6,82.9,81.9,84.0,88.4,81.9,0,0,0,79.6,8,Moderate Risk,Moderate Risk
81.9,82.5,84.1,72.3,85.1,86.5,81.3,81.4,1,0,1,72.3,8,Moderate Risk,Moderate Risk
79.5,83.6,77.8,83.7,74.0,77.6,75.1,83.2,1,0,1,74.0,8,Moderate Risk,Moderate Risk
76.7,79.1,74.6,78.1,86.3,75.7,81.1,79.8,1,0,1,74.6,8,Moderate Risk,Moderate Risk
82.6,75.0,73.7,84.8,78.2,81.3,74.6,79.2,2,0,2,73.7,8,High Risk,High Risk
60.0,62.5,60.0,67.5,64.1,63.3,64.2,74.8,8,2,6,60.0,8,High Risk,High Risk
60.0,63.4,60.3,63.6,68.2,61.3,64.2,60.0,8,2,6,60.0,8,High Risk,High Risk
60.0,60.0,67.6,63.3,60.0,61.8,60.0,60.0,8,2,6,60.0,8,High Risk,High Risk
92.5,92.0,98.0,94.5,81.8,93.3,85.3,90.9,0,0,0,81.8,8,Low Risk,Low Risk
96.0,96.9,92.2,89.0,92.1,86.1,90.4,97.7,0,0,0,86.1,8,Low Risk,Low Risk
91.7,99.0,93.1,90.4,88.2,92.3,93.4,88.7,0,0,0,88.2,8,Low Risk,Low Risk
-1.0,92.3,92.9,89.2,88.9,91.9,94.3,88.2,0,0,0,88.2,7,Low Risk,Low Risk
85.0,88.1,87.4,91.1,87.4,89.0,86.2,89.4,0,0,0,85.0,8,Low Risk,Low Risk
93.7,92.4,91.7,82.8,89.2,87.9,92.0,93.5,0,0,0,82.8,8,Low Risk,Low Risk
77.1,85.4,82.4,78.6,76.6,84.7,80.2,79.5,0,0,0,76.6,8,Moderate Risk,Moderate Risk
80.3,81.6,81.9,81.6,76.4,86.6,74.4,80.6,1,0,1,74.4,8,Moderate Risk,Moderate Risk
78.6,79.4,76.3,79.3,84.9,74.1,76.0,82.8,1,0,1,74.1,8,Moderate Risk,Moderate Risk
84.9,84.3,94.6,86.2,87.4,82.2,87.6,92.1,0,0,0,82.2,8,Low Risk,Low Risk
83.5,88.4,89.6,84.7,91.3,92.2,86.6,91.6,0,0,0,83.5,8,Low Risk,Low Risk
97.9,85.3,92.1,93.9,84.8,86.4,86.3,88.1,0,0,0,84.8,8,Low Risk,Low Risk
70.3,63.8,68.6,74.5,69.0,65.2,72.7,76.1,7,2,5,63.8,8,High Risk,High Risk
69.8,64.2,61.3,62.3,74.0,65.9,70.6,71.5,8,2,6,61.3,8,High Risk,High Risk
64.7,67.7,65.8,70.9,73.6,70.6,66.0,60.5,8,2,6,60.5,8,High Risk,High Risk
94.6,88.9,87.1,87.9,89.7,87.2,85.7,91.4,0,0,0,85.7,8,Low Risk,Low Risk
85.8,89.4,87.4,88.8,92.1,92.0,87.1,84.5,0,0,0,84.5,8,Low Risk,Low Risk
93.9,91.7,96.2,96.6,87.8,95.7,88.7,93.8,0,0,0,87.8,8,Low Risk,Low Risk
89.7,80.4,86.6,88.6,83.5,82.6,81.7,84.8,0,0,0,80.4,8,Low Risk,Low Risk
83.1,81.2,76.8,86.3,77.5,85.2,85.7,78.1,0,0,0,76.8,8,Moderate Risk,Moderate Risk
81.1,76.5,86.4,79.6,75.0,84.8,79.0,84.0,0,0,0,75.0,8,Moderate Risk,Moderate Risk
94.4,90.3,90.3,83.2,82.9,85.9,84.6,91.4,0,0,0,82.9,8,Low Risk,Low Risk
85.4,92.6,86.6,85.1,90.3,82.4,77.1,82.6,0,0,0,77.1,8,Low Risk,Low Risk
82.5,92.8,87.9,87.6,87.7,80.8,87.2,89.7,0,0,0,80.8,8,Low Risk,Low Risk
97.8,97.2,87.7,90.2,91.4,94.0,83.7,81.6,0,0,0,81.6,8,Low Risk,Low Risk
93.3,95.1,96.5,87.9,91.1,93.0,85.7,94.1,0,0,0,85.7,8,Low Risk,Low Risk
93.3,92.1,94.7,89.0,91.3,87.9,86.7,91.1,0,0,0,86.7,8,Low Risk,Low Risk
60.0,61.2,62.4,67.5,66.0,69.0,61.5,63.9,8,2,6,60.0,8,High Risk,High Risk
61.9,66.0,63.6,60.2,63.1,65.4,68.4,75.1,7,2,5,60.2,8,High Risk,High Risk
65.5,60.0,64.8,63.5,65.0,71.3,60.4,66.5,8,2,6,60.0,8,High Risk,High Risk
82.6,79.5,83.8,83.2,87.7,80.3,78.0,75.3,0,0,0,75.3,8,Moderate Risk,Moderate Risk
79.2,88.7,86.6,75.8,78.1,80.6,76.9,80.8,0,0,0,75.8,8,Moderate Risk,Moderate Risk
83.1,86.6,82.7,80.9,78.5,84.5,76.5,82.1,0,0,0,76.5,8,Moderate Risk,Moderate Risk
75.9,82.6,78.7,77.7,78.1,83.3,76.8,77.1,0,0,0,75.9,8,Moderate Risk,Moderate Risk
84.7,79.4,80.4,81.8,86.7,86.4,85.8,78.7,0,0,0,78.7,8,Moderate Risk,Moderate Risk
86.4,85.5,80.5,84.1,84.1,81.8,81.9,81.6,0,0,0,80.5,8,Moderate Risk,Moderate Risk
97.5,99.0,99.0,99.0,90.9,88.2,97.7,99.0,0,0,0,88.2,8,Low Risk,Low Risk
86.5,95.9,96.2,99.0,99.0,97.6,91.6,89.9,0,0,0,86.5,8,Low Risk,Low Risk
99.0,87.6,96.3,95.3,93.1,90.3,85.7,91.8,0,0,0,85.7,8,Low Risk,Low Risk
70.8,88.1,77.7,68.1,76.4,75.7,76.6,77.8,2,1,1,68.1,8,High Risk,High Risk
78.7,79.7,73.8,79.5,80.2,78.4,80.8,80.5,1,0,1,73.8,8,Moderate Risk,Moderate Risk
87.6,84.5,79.2,76.4,76.4,81.4,79.8,76.9,0,0,0,76.4,8,Moderate Risk,Moderate Risk
85.7,84.8,80.4,81.2,89.0,80.7,84.8,80.3,0,0,0,80.3,8,Moderate Risk,Moderate Risk
82.5,83.7,82.4,86.4,83.4,78.7,84.2,82.5,0,0,0,78.7,8,Moderate Risk,Moderate Risk
81.2,78.5,80.0,87.5,87.3,82.6,82.0,76.1,0,0,0,76.1,8,Moderate Risk,Moderate Risk
69.7,65.2,66.4,70.9,65.3,66.1,69.2,73.8,8,2,6,65.2,8,High Risk,High Risk
75.1,75.6,69.1,71.8,68.3,67.6,66.0,68.2,6,0,6,66.0,8,High Risk,High Risk
73.6,62.1,65.1,69.5,-1.0,62.6,65.4,62.5,7,2,5,62.1,7,High Risk,High Risk
71.5,64.8,60.0,67.8,62.0,69.2,63.3,63.9,8,2,6,60.0,8,High Risk,High Risk
67.4,70.0,60.0,67.5,65.2,60.0,61.8,64.9,8,2,6,60.0,8,High Risk,High Risk
62.5,64.6,66.8,71.3,66.6,63.5,68.5,69.1,8,2,6,62.5,8,High Risk,High Risk
60.0,63.7,63.1,65.5,63.4,67.9,63.0,62.1,8,2,6,60.0,8,High Risk,High Risk
60.0,68.4,65.1,65.0,65.1,73.3,60.0,65.3,8,2,6,60.0,8,High Risk,High Risk
60.1,60.0,65.0,67.3,62.3,71.9,69.8,67.8,8,2,6,60.0,8,High Risk,High Risk
91.7,89.7,97.5,86.4,86.9,85.3,86.9,95.6,0,0,0,85.3,8,Low Risk,Low Risk
93.9,91.9,86.3,99.0,96.2,92.1,87.2,89.8,0,0,0,86.3,8,Low Risk,Low Risk
93.2,90.6,85.3,99.0,91.6,92.5,89.0,84.4,0,0,0,84.4,8,Low Risk,Low Risk
95.1,89.5,92.3,87.5,77.9,84.9,82.0,86.4,0,0,0,77.9,8,Low Risk,Low Risk
91.9,92.7,94.4,78.8,80.7,97.2,89.5,86.4,0,0,0,78.8,8,Low Risk,Low Risk
80.2,84.8,87.5,82.6,83.1,95.7,84.5,86.6,0,0,0,80.2,8,Low Risk,Low Risk
68.2,67.9,69.9,73.7,74.2,73.7,73.0,72.0,8,2,6,67.9,8,High Risk,High Risk
71.2,73.3,72.8,73.0,75.5,70.4,73.3,69.2,7,2,5,69.2,8,High Risk,High Risk
65.5,69.0,71.0,73.4,67.5,74.2,64.3,69.0,8,2,6,64.3,8,High Risk,High Risk
74.1,77.2,67.3,74.5,72.5,72.5,72.2,69.9,7,1,6,67.3,8,High Risk,High Risk
65.8,69.9,68.9,68.3,71.8,71.1,74.9,65.8,8,2,6,65.8,8,High Risk,High Risk
68.5,68.5,68.2,67.1,74.3,76.5,63.6,65.0,7,2,5,63.6,8,High Risk,High Risk
73.7,80.6,81.2,84.3,83.2,77.4,89.8,82.8,1,1,0,73.7,8,Moderate Risk,Moderate Risk
70.4,70.8,74.1,82.9,79.4,75.0,76.9,76.4,3,2,1,70.4,8,High Risk,High Risk
82.9,75.4,73.9,80.8,77.6,79.0,72.7,80.7,2,0,2,72.7,8,High Risk,High Risk
69.5,61.1,62.2,69.9,70.4,71.4,68.1,73.6,8,2,6,61.1,8,High Risk,High Risk
64.7,63.9,60.8,61.8,69.2,69.4,65.5,66.4,8,2,6,60.8,8,High Risk,High Risk
64.0,63.3,66.2,74.2,74.6,66.9,71.7,69.9,8,2,6,63.3,8,High Risk,High Risk
60.8,64.7,66.2,66.1,70.7,66.4,67.0,68.8,8,2,6,60.8,8,High Risk,High Risk
62.3,73.8,74.3,67.2,78.6,73.0,66.6,60.0,7,2,5,60.0,8,High Risk,High Risk
63.6,68.1,65.0,67.8,63.1,69.6,64.8,72.9,8,2,6,63.1,8,High Risk,High Risk
83.3,67.7,79.9,76.7,86.3,86.0,83.4,77.0,1,1,0,67.7,8,High Risk,High Risk
88.4,82.3,83.0,80.0,87.5,84.3,87.6,82.5,0,0,0,80.0,8,Low Risk,Low Risk
87.0,85.3,81.5,74.4,85.1,76.1,82.0,81.4,1,0,1,74.4,8,Moderate Risk,Moderate Risk
91.7,95.5,96.4,78.2,85.8,89.0,85.2,74.4,1,0,1,74.4,8,Moderate Risk,Moderate Risk
91.1,87.9,97.0,89.5,85.8,84.7,88.4,93.7,0,0,0,84.7,8,Low Risk,Low Risk
90.1,97.7,93.1,86.4,92.2,92.3,87.6,84.6,0,0,0,84.6,8,Low Risk,Low Risk
67.0,73.5,76.0,75.9,73.2,74.5,72.5,67.7,6,2,4,67.0,8,High Risk,High Risk
68.6,66.8,70.5,70.0,77.7,72.0,73.0,73.0,7,2,5,66.8,8,High Risk,High Risk
62.3,-1.0,75.6,73.6,74.8,66.7,69.8,63.3,6,1,5,62.3,7,High Risk,High Risk
92.6,91.1,94.7,85.9,99.0,94.2,97.1,91.8,0,0,0,85.9,8,Low Risk,Low Risk
90.1,96.0,96.8,94.0,90.5,93.1,89.9,96.9,0,0,0,89.9,8,Low Risk,Low Risk
92.3,99.0,89.8,87.5,93.3,92.6,98.0,96.2,0,0,0,87.5,8,Low Risk,Low Risk
90.4,79.1,88.0,91.3,89.3,88.1,89.5,91.3,0,0,0,79.1,8,Low Risk,Low Risk
88.3,80.3,92.0,89.0,87.5,84.1,90.8,85.9,0,0,0,80.3,8,Low Risk,Low Risk
91.4,85.0,90.4,84.0,84.1,90.4,82.9,90.4,0,0,0,82.9,8,Low Risk,Low Risk
72.2,67.1,69.2,69.1,66.2,61.2,68.4,73.1,8,2,6,61.2,8,High Risk,High Risk
70.3,62.5,73.8,72.2,66.7,69.4,77.3,71.6,7,2,5,62.5,8,High Risk,High Risk
60.0,65.1,66.8,68.9,61.9,70.2,64.3,70.0,8,2,6,60.0,8,High Risk,High Risk
69.9,67.1,67.6,71.4,74.9,77.4,71.9,76.7,6,2,4,67.1,8,High Risk,High Risk
77.6,71.3,71.2,78.7,66.6,71.3,79.8,71.2,5,1,4,66.6,8,High Risk,High Risk
67.6,69.1,67.6,71.5,71.8,78.6,74.2,81.3,6,2,4,67.6,8,High Risk,High Risk
88.0,78.6,80.7,80.9,80.3,77.9,80.0,82.6,0,0,0,77.9,8,Moderate Risk,Moderate Risk
75.1,83.9,81.9,78.8,82.0,83.6,81.5,83.2,0,0,0,75.1,8,Moderate Risk,Moderate Risk
72.3,82.3,81.5,83.8,78.4,85.9,80.8,76.5,1,1,0,72.3,8,Moderate Risk,Moderate Risk
98.1,89.8,90.0,79.9,88.9,97.6,87.3,89.7,0,0,0,79.9,8,Low Risk,Low Risk
96.3,85.0,88.1,96.5,93.5,89.5,97.4,85.1,0,0,0,85.0,8,Low Risk,Low Risk
93.6,81.6,92.4,93.5,90.3,95.6,95.5,86.7,0,0,0,81.6,8,Low Risk,Low Risk
81.0,80.7,84.6,79.6,79.4,87.1,83.4,77.2,0,0,0,77.2,8,Moderate Risk,Moderate Risk
77.4,73.0,85.4,79.5,78.0,85.5,86.2,79.8,1,1,0,73.0,8,Moderate Risk,Moderate Risk
88.4,87.8,83.0,81.2,82.7,84.7,77.9,79.9,0,0,0,77.9,8,Moderate Risk,Moderate Risk
84.8,90.7,92.3,83.3,87.4,83.4,85.7,87.1,0,0,0,83.3,8,Low Risk,Low Risk
88.7,83.3,90.2,88.7,89.2,83.6,90.1,81.2,0,0,0,81.2,8,Low Risk,Low Risk
82.5,86.4,89.5,79.2,84.9,79.5,94.7,87.3,0,0,0,79.2,8,Low Risk,Low Risk
91.9,86.7,87.7,73.2,80.7,87.7,90.4,88.6,1,0,1,73.2,8,Moderate Risk,Moderate Risk
82.6,81.1,86.5,82.6,84.2,88.8,85.5,85.6,0,0,0,81.1,8,Low Risk,Low Risk
80.9,85.4,84.8,84.7,91.3,85.3,80.3,82.5,0,0,0,80.3,8,Low Risk,Low Risk
80.2,77.9,79.1,79.1,77.1,87.2,85.2,80.6,0,0,0,77.1,8,Moderate Risk,Moderate Risk
89.5,83.6,83.9,81.9,80.0,87.2,84.3,78.4,0,0,0,78.4,8,Low Risk,Low Risk
71.8,76.4,82.0,74.0,74.6,80.6,83.7,83.9,3,1,2,71.8,8,High Risk,High Risk
86.4,81.5,87.7,79.8,82.5,80.8,85.9,78.7,0,0,0,78.7,8,Moderate Risk,Moderate Risk
83.6,86.2,85.9,86.0,86.1,85.6,85.2,85.5,0,0,0,83.6,8,Low Risk,Low Risk
81.5,79.9,76.0,77.8,83.7,86.4,82.8,93.8,0,0,0,76.0,8,Moderate Risk,Moderate Risk
91.1,97.5,95.2,84.6,89.3,81.8,94.1,88.9,0,0,0,81.8,8,Low Risk,Low Risk
83.5,99.0,90.6,84.0,92.6,96.2,87.2,87.6,0,0,0,83.5,8,Low Risk,Low Risk
88.1,98.0,89.5,84.7,86.2,92.3,80.1,89.0,0,0,0,80.1,8,Low Risk,Low Risk
83.7,87.2,77.0,83.9,83.1,82.0,81.7,82.6,0,0,0,77.0,8,Moderate Risk,Moderate Risk
81.9,79.3,78.7,79.7,82.7,78.8,85.4,83.4,0,0,0,78.7,8,Moderate Risk,Moderate Risk
76.7,84.6,82.6,80.8,84.4,84.3,76.6,87.2,0,0,0,76.6,8,Moderate Risk,Moderate Risk
70.6,60.3,67.5,74.6,68.0,66.5,73.4,69.2,8,2,6,60.3,8,High Risk,High Risk
63.0,75.1,67.8,73.7,73.6,69.5,68.2,70.0,7,1,6,63.0,8,High Risk,High Risk
69.4,67.2,68.1,75.9,69.8,68.7,69.1,68.1,7,2,5,67.2,8,High Risk,High Risk
85.8,80.9,78.4,82.1,74.5,75.4,76.7,82.4,1,0,1,74.5,8,Moderate Risk,Moderate Risk
79.5,82.3,81.4,78.4,76.6,83.9,77.0,80.7,0,0,0,76.6,8,Moderate Risk,Moderate Risk
72.8,71.9,75.4,79.8,78.7,85.8,78.7,75.7,2,2,0,71.9,8,High Risk,High Risk
89.7,91.4,88.4,89.4,88.4,88.5,87.4,89.5,0,0,0,87.4,8,Low Risk,Low Risk
92.2,96.2,99.0,94.1,93.2,94.4,93.3,91.6,0,0,0,91.6,8,Low Risk,Low Risk
94.8,91.3,97.8,95.1,88.9,96.4,81.2,99.0,0,0,0,81.2,8,Low Risk,Low Risk
63.6,64.0,60.0,66.4,61.9,68.8,65.2,74.0,8,2,6,60.0,8,High Risk,High Risk
67.9,67.3,62.3,60.4,68.8,67.9,69.6,65.1,8,2,6,60.4,8,High Risk,High Risk
64.7,66.6,61.1,63.6,65.8,62.5,65.3,74.0,8,2,6,61.1,8,High Risk,High Risk
74.7,67.7,67.0,73.7,67.6,73.6,67.8,72.3,8,2,6,67.0,8,High Risk,High Risk
65.5,67.1,72.5,73.2,73.7,71.5,68.4,77.5,7,2,5,65.5,8,High Risk,High Risk
73.0,74.3,73.3,72.2,69.9,82.9,67.6,75.1,6,2,4,67.6,8,High Risk,High Risk
69.3,70.7,76.9,65.7,68.9,62.0,71.8,73.0,7,2,5,62.0,8,High Risk,High Risk
74.8,65.0,70.8,72.7,71.9,72.0,72.6,67.4,8,2,6,65.0,8,High Risk,High Risk
69.7,65.5,79.7,78.8,69.2,71.7,69.6,68.2,6,2,4,65.5,8,High Risk,High Risk
72.3,75.8,72.0,71.1,74.4,64.0,80.3,73.0,6,1,5,64.0,8,High Risk,High Risk
71.5,70.9,67.5,66.0,73.1,66.8,66.4,70.4,8,2,6,66.0,8,High Risk,High Risk
71.6,80.2,64.7,70.3,70.6,75.5,68.0,75.0,5,1,4,64.7,8,High Risk,High Risk
61.9,72.8,64.0,70.0,69.5,72.1,60.8,71.0,8,2,6,60.8,8,High Risk,High Risk
65.2,61.2,62.9,70.4,62.3,66.9,78.1,69.2,7,2,5,61.2,8,High Risk,High Risk
70.4,66.3,81.4,65.5,69.0,64.2,71.9,69.6,7,2,5,64.2,8,High Risk,High Risk
97.1,87.7,90.4,91.7,97.8,97.1,95.9,92.4,0,0,0,87.7,8,Low Risk,Low Risk
95.3,96.7,99.0,92.8,91.6,98.2,98.5,90.8,0,0,0,90.8,8,Low Risk,Low Risk
86.4,86.2,93.1,93.0,88.4,93.5,93.7,90.7,0,0,0,86.2,8,Low Risk,Low Risk
78.7,67.3,71.9,68.0,70.0,73.7,70.9,67.7,7,1,6,67.3,8,High Risk,High Risk
67.7,75.3,74.1,72.9,72.3,70.3,73.7,79.4,6,1,5,67.7,8,High Risk,High Risk
68.0,74.1,83.2,70.6,84.6,74.9,69.9,69.7,6,2,4,68.0,8,High Risk,High Risk
71.9,69.1,68.7,76.4,66.3,62.6,73.0,71.6,7,2,5,62.6,8,High Risk,High Risk
78.1,73.4,77.8,67.4,67.2,74.6,73.8,77.1,5,1,4,67.2,8,High Risk,High Risk
71.4,66.2,69.6,67.9,69.1,71.1,70.1,69.1,8,2,6,66.2,8,High Risk,High Risk
96.9,81.6,88.6,91.3,91.3,99.0,90.5,95.8,0,0,0,81.6,8,Low Risk,Low Risk
90.7,88.3,94.9,98.4,94.0,96.8,99.0,95.2,0,0,0,88.3,8,Low Risk,Low Risk
98.9,92.4,97.9,91.6,93.2,90.4,92.5,92.7,0,0,0,90.4,8,Low Risk,Low Risk
77.4,84.6,85.5,83.2,75.9,80.6,75.6,80.4,0,0,0,75.6,8,Moderate Risk,Moderate Risk
82.4,85.6,82.5,80.1,84.5,84.6,78.9,82.5,0,0,0,78.9,8,Moderate Risk,Moderate Risk
82.3,75.4,82.8,74.9,78.1,79.3,85.8,78.9,1,0,1,74.9,8,Moderate Risk,Moderate Risk
87.3,90.6,96.6,92.6,96.4,95.6,88.7,98.0,0,0,0,87.3,8,Low Risk,Low Risk
94.9,99.0,90.7,94.5,94.6,96.6,98.7,92.3,0,0,0,90.7,8,Low Risk,Low Risk
99.0,96.0,95.4,92.0,88.1,92.8,94.4,93.5,0,0,0,88.1,8,Low Risk,Low Risk
68.8,65.7,60.2,71.4,60.0,68.3,69.6,67.8,8,2,6,60.0,8,High Risk,High Risk
69.7,63.4,67.3,73.4,67.2,70.1,70.9,65.2,8,2,6,63.4,8,High Risk,High Risk
61.6,62.7,62.5,68.4,70.3,71.0,62.5,68.9,8,2,6,61.6,8,High Risk,High Risk
65.5,63.4,61.4,67.6,66.6,77.1,79.5,70.2,6,2,4,61.4,8,High Risk,High Risk
64.5,65.1,63.4,67.6,74.5,70.3,70.9,61.5,8,2,6,61.5,8,High Risk,High Risk
60.0,75.2,71.9,73.9,77.7,71.3,75.8,68.5,5,1,4,60.0,8,High Risk,High Risk
73.0,77.8,77.0,81.5,77.8,73.5,75.5,74.3,3,1,2,73.0,8,High Risk,High Risk
70.4,75.7,69.5,80.1,77.8,82.2,71.2,80.2,3,1,2,69.5,8,High Risk,High Risk
71.4,69.4,82.2,69.7,76.3,77.5,77.1,77.5,3,2,1,69.4,8,High Risk,High Risk
68.9,79.3,81.2,85.4,80.5,83.2,84.2,83.4,1,1,0,68.9,8,High Risk,High Risk
77.0,78.2,76.5,77.4,83.9,74.6,80.8,78.9,1,0,1,74.6,8,Moderate Risk,Moderate Risk
73.7,69.5,78.6,76.9,74.7,73.7,76.6,79.5,4,2,2,69.5,8,High Risk,High Risk
74.9,86.3,84.0,82.6,83.4,83.6,79.3,81.0,1,1,0,74.9,8,Moderate Risk,Moderate Risk
85.7,82.2,87.6,87.2,76.7,81.4,82.2,84.7,0,0,0,76.7,8,Moderate Risk,Moderate Risk
79.7,85.8,76.4,80.5,74.9,78.1,83.5,83.6,1,0,1,74.9,8,Moderate Risk,Moderate Risk
69.2,60.0,64.6,70.4,67.4,70.9,67.3,74.8,8,2,6,60.0,8,High Risk,High Risk
69.0,66.1,70.4,64.0,61.5,68.6,74.2,70.3,8,2,6,61.5,8,High Risk,High Risk
64.3,63.8,68.3,60.0,69.8,71.6,69.3,70.1,8,2,6,60.0,8,High Risk,High Risk
83.3,87.6,95.1,84.4,83.1,87.4,87.5,89.7,0,0,0,83.1,8,Low Risk,Low Risk
91.6,83.6,87.5,78.4,91.2,88.5,88.3,88.3,0,0,0,78.4,8,Low Risk,Low Risk
86.1,85.0,88.8,88.1,91.1,81.2,87.0,89.9,0,0,0,81.2,8,Low Risk,Low Risk
79.3,75.8,83.4,82.4,78.0,84.3,87.1,79.4,0,0,0,75.8,8,Moderate Risk,Moderate Risk
73.8,88.5,80.6,78.6,77.5,80.5,79.2,87.8,1,1,0,73.8,8,Moderate Risk,Moderate Risk
82.7,80.1,81.5,84.2,82.6,81.8,76.4,75.3,0,0,0,75.3,8,Moderate Risk,Moderate Risk
62.9,64.6,65.0,64.5,72.1,65.9,72.8,65.8,8,2,6,62.9,8,High Risk,High Risk
63.4,69.2,70.5,71.4,61.8,62.4,68.0,70.2,8,2,6,61.8,8,High Risk,High Risk
61.3,61.0,70.1,66.1,64.7,63.5,65.1,70.7,8,2,6,61.0,8,High Risk,High Risk
71.2,66.0,68.1,66.2,67.1,66.2,71.8,65.8,8,2,6,65.8,8,High Risk,High Risk
60.0,72.3,72.8,66.3,67.0,70.8,70.9,66.2,8,2,6,60.0,8,High Risk,High Risk
68.4,68.9,60.2,67.4,67.0,68.1,71.9,61.6,8,2,6,60.2,8,High Risk,High Risk
64.1,62.5,63.0,63.3,69.2,67.6,66.2,70.5,8,2,6,62.5,8,High Risk,High Risk
65.0,63.9,64.2,66.7,61.5,68.3,62.4,72.1,8,2,6,61.5,8,High Risk,High Risk
60.0,69.4,74.8,61.1,64.6,68.1,65.8,67.7,8,2,6,60.0,8,High Risk,High Risk
82.6,78.6,81.3,80.5,72.1,72.6,79.3,81.7,2,0,2,72.1,8,High Risk,High Risk
81.7,76.6,80.6,81.7,82.3,87.2,80.5,85.3,0,0,0,76.6,8,Moderate Risk,Moderate Risk
70.3,79.4,83.4,70.4,81.4,83.0,82.8,75.8,2,1,1,70.3,8,High Risk,High Risk
76.9,72.9,78.8,82.8,82.2,79.9,67.7,74.5,3,1,2,67.7,8,High Risk,High Risk
86.4,75.9,73.0,80.4,80.8,79.7,74.0,79.1,2,0,2,73.0,8,High Risk,High Risk
75.1,76.5,72.6,81.2,74.4,81.6,81.3,75.3,2,0,2,72.6,8,High Risk,High Risk
89.8,93.1,87.9,87.4,84.8,87.6,97.1,90.4,0,0,0,84.8,8,Low Risk,Low Risk
82.9,85.9,92.5,87.5,85.4,85.9,91.8,88.9,0,0,0,82.9,8,Low Risk,Low Risk
98.1,94.1,95.3,82.2,88.6,86.7,91.4,93.5,0,0,0,82.2,8,Low Risk,Low Risk
81.7,81.4,82.9,84.2,83.9,81.4,81.1,81.0,0,0,0,81.0,8,Moderate Risk,Moderate Risk
83.3,78.3,85.0,81.1,84.6,83.9,84.7,79.4,0,0,0,78.3,8,Moderate Risk,Moderate Risk
74.9,88.0,90.9,85.1,84.6,83.7,80.0,80.9,1,1,0,74.9,8,Moderate Risk,Moderate Risk
62.9,63.4,60.4,60.0,61.4,66.5,67.4,67.4,8,2,6,60.0,8,High Risk,High Risk
67.4,65.3,69.6,63.6,69.7,73.6,65.7,67.5,8,2,6,63.6,8,High Risk,High Risk
66.1,64.9,66.1,68.7,67.5,64.9,68.8,69.9,8,2,6,64.9,8,High Risk,High Risk
78.0,74.0,76.7,75.4,81.4,80.0,77.3,79.2,1,1,0,74.0,8,Moderate Risk,Moderate Risk
75.3,79.6,74.8,82.3,83.2,83.4,84.9,80.2,1,0,1,74.8,8,Moderate Risk,Moderate Risk
81.3,71.1,70.5,74.7,72.1,80.1,74.7,72.3,6,1,5,70.5,8,High Risk,High Risk
67.8,63.8,69.6,71.8,70.8,73.5,79.9,64.2,7,2,5,63.8,8,High Risk,High Risk
74.0,76.7,71.9,64.0,68.2,79.8,65.4,73.0,6,1,5,64.0,8,High Risk,High Risk
65.8,61.1,73.3,69.9,64.9,71.1,73.4,70.2,8,2,6,61.1,8,High Risk,High Risk
79.0,74.3,73.5,79.1,81.9,69.1,83.0,81.1,3,1,2,69.1,8,High Risk,High Risk
71.3,70.2,84.6,76.6,77.2,76.3,73.1,75.2,3,2,1,70.2,8,High Risk,High Risk
78.7,80.0,74.6,75.7,82.3,72.6,68.9,78.6,3,0,3,68.9,8,High Risk,High Risk
90.3,86.6,91.5,87.2,-1.0,85.5,80.8,88.2,0,0,0,80.8,7,Low Risk,Low Risk
84.9,86.2,94.4,90.1,85.9,89.1,79.1,85.0,0,0,0,79.1,8,Low Risk,Low Risk
87.0,89.0,89.6,87.2,90.7,88.5,89.3,94.1,0,0,0,87.0,8,Low Risk,Low Risk
85.7,75.3,79.6,81.4,80.2,79.1,81.2,84.1,0,0,0,75.3,8,Moderate Risk,Moderate Risk
76.6,86.0,75.6,87.0,85.2,85.8,82.5,71.4,1,0,1,71.4,8,Moderate Risk,Moderate Risk
82.3,79.2,75.0,83.3,81.9,78.8,82.6,80.2,0,0,0,75.0,8,Moderate Risk,Moderate Risk
86.1,94.2,94.2,80.2,91.1,90.6,85.3,84.9,0,0,0,80.2,8,Low Risk,Low Risk
88.8,92.7,91.7,84.0,89.2,87.2,84.5,81.9,0,0,0,81.9,8,Low Risk,Low Risk
91.8,86.6,91.3,82.7,84.3,88.4,89.3,81.7,0,0,0,81.7,8,Low Risk,Low Risk
68.3,70.3,63.7,68.0,76.4,76.7,74.0,75.1,5,2,3,63.7,8,High Risk,High Risk
72.3,70.8,70.5,70.6,65.9,60.0,75.8,68.2,7,2,5,60.0,8,High Risk,High Risk
65.6,65.8,67.8,74.0,62.3,71.2,74.4,74.2,8,2,6,62.3,8,High Risk,High Risk
88.2,90.7,91.8,92.5,93.7,90.3,85.2,92.2,0,0,0,85.2,8,Low Risk,Low Risk
97.6,82.0,93.8,86.8,92.2,91.4,89.2,91.2,0,0,0,82.0,8,Low Risk,Low Risk
99.0,86.6,76.9,87.7,87.4,87.9,85.7,92.9,0,0,0,76.9,8,Low Risk,Low Risk
76.2,74.6,78.4,79.2,80.3,69.9,76.0,72.5,3,1,2,69.9,8,High Risk,High Risk
75.4,81.7,83.5,80.8,77.7,84.1,77.7,74.9,1,0,1,74.9,8,Moderate Risk,Moderate Risk
74.2,76.8,79.0,76.7,77.8,71.8,73.1,76.5,3,1,2,71.8,8,High Risk,High Risk
80.5,81.6,84.6,83.0,80.0,79.4,89.7,79.3,0,0,0,79.3,8,Moderate Risk,Moderate Risk
79.1,84.2,80.0,87.4,81.5,85.9,78.5,78.5,0,0,0,78.5,8,Moderate Risk,Moderate Risk
79.8,81.7,84.7,75.8,80.1,79.4,79.6,83.1,0,0,0,75.8,8,Moderate Risk,Moderate Risk
86.5,92.1,95.8,88.3,97.1,98.1,93.3,90.8,0,0,0,86.5,8,Low Risk,Low Risk
99.0,99.0,93.6,89.6,97.3,93.4,95.8,95.1,0,0,0,89.6,8,Low Risk,Low Risk
99.0,93.1,90.7,83.9,92.5,89.6,95.6,92.6,0,0,0,83.9,8,Low Risk,Low Risk
60.4,60.6,65.3,64.9,60.0,67.7,69.1,68.8,8,2,6,60.0,8,High Risk,High Risk
61.3,60.0,62.2,66.1,64.2,60.0,62.9,66.7,8,2,6,60.0,8,High Risk,High Risk
60.6,62.8,63.0,66.7,66.2,69.8,60.0,65.7,8,2,6,60.0,8,High Risk,High Risk
84.6,85.0,79.9,83.8,80.0,85.7,85.4,74.8,1,0,1,74.8,8,Moderate Risk,Moderate Risk
83.0,77.6,79.5,81.2,81.0,85.9,88.7,79.5,0,0,0,77.6,8,Moderate Risk,Moderate Risk
88.7,80.6,84.2,78.0,81.5,76.7,81.4,80.9,0,0,0,76.7,8,Moderate Risk,Moderate Risk
66.9,65.4,70.8,68.8,67.9,65.2,61.3,69.6,8,2,6,61.3,8,High Risk,High Risk
62.9,67.7,64.0,65.9,64.9,67.8,72.0,69.1,8,2,6,62.9,8,High Risk,High Risk
68.6,65.4,65.6,66.3,62.1,69.7,69.7,67.2,8,2,6,62.1,8,High Risk,High Risk
84.0,84.5,91.7,90.7,78.7,87.9,77.9,84.5,0,0,0,77.9,8,Low Risk,Low Risk
86.7,82.7,87.5,87.0,84.1,83.0,85.0,88.3,0,0,0,82.7,8,Low Risk,Low Risk
85.0,86.0,85.6,83.9,89.3,85.8,79.7,90.8,0,0,0,79.7,8,Low Risk,Low Risk
85.9,85.4,79.9,91.3,88.4,82.7,86.5,89.6,0,0,0,79.9,8,Low Risk,Low Risk
97.9,85.7,83.5,81.7,76.8,90.7,84.3,89.2,0,0,0,76.8,8,Low Risk,Low Risk
82.5,93.2,85.5,83.1,81.5,85.1,91.7,88.4,0,0,0,81.5,8,Low Risk,Low Risk
72.7,66.7,71.3,70.1,73.0,80.7,74.9,73.0,7,2,5,66.7,8,High Risk,High Risk
67.5,74.9,73.8,71.7,73.4,68.8,70.1,66.8,8,2,6,66.8,8,High Risk,High Risk
68.2,60.0,66.7,65.6,68.7,76.9,61.4,67.9,7,2,5,60.0,8,High Risk,High Risk
71.1,60.0,63.7,66.5,64.9,70.6,67.7,74.4,8,2,6,60.0,8,High Risk,High Risk
68.8,60.0,60.0,62.2,77.7,66.1,68.8,62.1,7,2,5,60.0,8,High Risk,High Risk
60.3,69.6,65.8,63.9,70.7,65.1,64.3,70.2,8,2,6,60.3,8,High Risk,High Risk
67.7,67.4,74.2,75.1,69.4,67.2,69.0,75.3,6,2,4,67.2,8,High Risk,High Risk
69.4,76.6,62.8,74.1,67.3,75.6,73.8,78.6,5,1,4,62.8,8,High Risk,High Risk
74.0,73.8,62.1,71.5,71.6,68.2,73.1,77.2,7,2,5,62.1,8,High Risk,High Risk
69.6,63.4,62.8,70.9,74.8,68.7,62.7,77.2,7,2,5,62.7,8,High Risk,High Risk
68.9,64.1,68.0,66.4,75.5,72.4,66.7,64.1,7,2,5,64.1,8,High Risk,High Risk
67.5,65.8,78.2,71.2,64.2,62.7,70.4,67.2,7,2,5,62.7,8,High Risk,High Risk
74.7,76.2,81.2,77.7,73.4,82.7,76.0,79.8,2,1,1,73.4,8,High Risk,High Risk
72.7,72.5,76.8,73.4,70.6,78.1,76.3,76.2,4,2,2,70.6,8,High Risk,High Risk
77.1,75.3,-1.0,73.6,79.2,75.8,79.7,80.2,1,0,1,73.6,7,Moderate Risk,Moderate Risk
78.6,74.8,79.1,84.7,76.1,74.8,74.8,77.8,3,1,2,74.8,8,High Risk,High Risk
83.9,78.4,72.4,75.8,71.5,71.4,78.5,79.7,3,0,3,71.4,8,High Risk,High Risk
75.5,78.9,71.5,78.0,80.1,83.2,78.7,81.7,1,0,1,71.5,8,Moderate Risk,Moderate Risk
95.1,98.9,97.2,91.9,96.3,93.3,95.3,87.8,0,0,0,87.8,8,Low Risk,Low Risk
83.6,99.0,93.5,90.3,89.5,93.6,88.3,89.6,0,0,0,83.6,8,Low Risk,Low Risk
92.5,98.0,94.5,93.5,94.3,91.5,87.8,99.0,0,0,0,87.8,8,Low Risk,Low Risk
79.7,76.8,76.2,67.3,77.3,73.0,74.4,80.7,3,0,3,67.3,8,High Risk,High Risk
83.1,72.1,72.0,71.2,70.7,78.7,73.4,71.7,6,1,5,70.7,8,High Risk,High Risk
73.5,78.3,79.8,75.4,78.0,72.3,74.8,78.8,3,1,2,72.3,8,High Risk,High Risk
72.9,72.0,73.4,71.5,67.2,71.0,68.3,73.8,8,2,6,67.2,8,High Risk,High Risk
63.7,70.3,68.3,74.5,65.7,65.1,74.2,69.6,8,2,6,63.7,8,High Risk,High Risk
64.4,71.1,64.7,68.5,65.7,70.6,75.4,72.1,7,2,5,64.4,8,High Risk,High Risk
72.2,81.3,67.0,83.9,70.6,72.4,78.4,79.7,4,1,3,67.0,8,High Risk,High Risk
74.4,68.8,76.7,76.7,81.5,72.0,74.6,82.0,4,2,2,68.8,8,High Risk,High Risk
77.0,72.5,79.3,74.9,76.7,78.7,73.9,75.1,3,1,2,72.5,8,High Risk,High Risk
62.6,68.1,68.0,67.1,66.7,60.0,65.9,68.1,8,2,6,60.0,8,High Risk,High Risk
64.9,62.3,65.0,65.8,69.0,66.5,69.7,63.1,8,2,6,62.3,8,High Risk,High Risk
62.5,63.2,64.1,60.0,70.7,75.9,69.1,69.3,7,2,5,60.0,8,High Risk,High Risk
86.9,87.3,96.2,88.9,95.5,85.4,91.5,91.7,0,0,0,85.4,8,Low Risk,Low Risk
85.3,93.9,96.0,95.9,90.4,95.0,93.8,97.2,0,0,0,85.3,8,Low Risk,Low Risk
92.9,93.5,96.0,85.8,90.6,95.4,91.5,90.7,0,0,0,85.8,8,Low Risk,Low Risk
63.9,64.7,62.6,64.1,64.4,64.5,64.6,60.0,8,2,6,60.0,8,High Risk,High Risk
69.1,61.9,67.6,71.4,63.3,65.6,72.7,66.7,8,2,6,61.9,8,High Risk,High Risk
62.6,60.0,65.4,62.2,67.7,66.0,60.8,63.9,8,2,6,60.0,8,High Risk,High Risk
68.8,63.0,68.7,65.4,61.1,62.5,60.8,66.1,8,2,6,60.8,8,High Risk,High Risk
60.0,60.0,68.1,64.1,64.0,64.6,68.1,65.9,8,2,6,60.0,8,High Risk,High Risk
61.5,62.2,64.3,62.1,69.7,63.3,65.8,60.0,8,2,6,60.0,8,High Risk,High Risk
84.5,81.5,77.5,79.8,78.2,79.0,78.6,80.3,0,0,0,77.5,8,Moderate Risk,Moderate Risk
82.7,76.6,82.4,77.4,80.4,78.1,71.8,85.7,1,0,1,71.8,8,Moderate Risk,Moderate Risk
75.7,73.4,77.2,72.8,79.3,78.3,68.8,76.7,3,1,2,68.8,8,High Risk,High Risk
91.2,83.2,89.0,81.3,84.9,87.4,76.0,83.4,0,0,0,76.0,8,Low Risk,Low Risk
84.5,82.2,89.6,84.3,87.8,87.1,83.8,89.9,0,0,0,82.2,8,Low Risk,Low Risk
91.9,90.8,86.4,95.8,86.2,86.5,85.5,81.1,0,0,0,81.1,8,Low Risk,Low Risk
92.1,82.7,92.9,94.6,90.4,89.0,90.2,96.2,0,0,0,82.7,8,Low Risk,Low Risk
91.1,94.3,91.6,99.0,92.1,99.0,89.7,97.5,0,0,0,89.7,8,Low Risk,Low Risk
88.5,94.8,89.1,92.4,85.3,91.0,95.8,93.6,0,0,0,85.3,8,Low Risk,Low Risk
77.7,69.9,69.8,80.0,77.4,82.8,72.1,-1.0,3,1,2,69.8,7,High Risk,High Risk
78.9,78.7,80.8,72.1,69.7,81.0,73.1,75.4,3,0,3,69.7,8,High Risk,High Risk
77.7,79.7,74.0,80.5,74.9,68.5,78.2,80.0,3,0,3,68.5,8,High Risk,High Risk
63.0,70.0,63.1,61.5,61.8,64.4,60.0,62.2,8,2,6,60.0,8,High Risk,High Risk
60.0,62.5,62.3,70.6,68.0,67.9,63.3,68.5,8,2,6,60.0,8,High Risk,High Risk
67.0,60.0,68.2,60.0,60.0,63.5,62.6,61.5,8,2,6,60.0,8,High Risk,High Risk
82.7,80.1,78.1,73.9,75.3,80.7,67.3,75.0,2,0,2,67.3,8,High Risk,High Risk
76.2,73.4,78.4,79.1,78.0,76.7,77.6,71.7,2,1,1,71.7,8,High Risk,High Risk
82.7,74.6,74.6,75.0,70.0,70.4,78.9,70.9,5,1,4,70.0,8,High Risk,High Risk
72.3,68.5,69.0,80.0,73.0,71.6,72.8,76.0,6,2,4,68.5,8,High Risk,High Risk
64.9,70.3,65.6,68.3,77.7,76.7,77.1,66.7,5,2,3,64.9,8,High Risk,High Risk
66.8,78.0,70.1,72.6,72.8,76.9,68.7,77.2,5,1,4,66.8,8,High Risk,High Risk
73.7,70.2,73.2,71.5,70.1,74.3,72.3,70.5,8,2,6,70.1,8,High Risk,High Risk
69.3,69.3,73.2,73.9,72.4,70.5,79.2,68.3,7,2,5,68.3,8,High Risk,High Risk
70.7,69.4,67.1,-1.0,74.1,69.5,75.6,67.9,6,2,4,67.1,7,High Risk,High Risk
82.8,70.8,86.2,80.0,73.9,75.8,73.1,81.1,3,1,2,70.8,8,High Risk,High Risk
81.9,84.0,77.7,79.5,77.1,80.3,76.5,77.9,0,0,0,76.5,8,Moderate Risk,Moderate Risk
79.4,81.4,79.8,77.3,80.4,75.9,81.9,78.5,0,0,0,75.9,8,Moderate Risk,Moderate Risk
-1.0,81.9,74.8,81.5,83.0,79.0,81.8,82.0,1,0,1,74.8,7,Moderate Risk,Moderate Risk
85.3,83.5,74.0,78.0,80.2,86.2,76.7,78.8,1,0,1,74.0,8,Moderate Risk,Moderate Risk
85.1,88.7,79.5,77.7,80.5,83.8,81.3,87.9,0,0,0,77.7,8,Moderate Risk,Moderate Risk
76.7,76.8,71.0,80.6,77.4,78.8,80.3,74.3,2,0,2,71.0,8,High Risk,High Risk
72.3,86.1,73.9,81.6,75.9,80.2,77.2,73.0,3,1,2,72.3,8,High Risk,High Risk
77.2,78.7,74.8,74.5,77.3,82.2,77.7,83.2,2,0,2,74.5,8,High Risk,High Risk
65.5,64.2,62.5,66.4,73.3,60.0,66.3,71.7,8,2,6,60.0,8,High Risk,High Risk
61.0,61.8,62.3,69.6,63.9,62.5,62.6,63.0,8,2,6,61.0,8,High Risk,High Risk
63.0,60.2,60.0,65.5,63.9,64.0,65.4,66.4,8,2,6,60.0,8,High Risk,High Risk
65.3,67.1,64.9,60.0,68.8,72.5,70.4,60.0,8,2,6,60.0,8,High Risk,High Risk
65.5,62.9,70.2,67.1,61.0,72.1,68.1,71.7,8,2,6,61.0,8,High Risk,High Risk
63.9,68.4,60.0,66.9,66.8,66.7,63.7,70.8,8,2,6,60.0,8,High Risk,High Risk
64.1,63.6,68.0,68.7,65.1,67.4,-1.0,67.6,7,2,5,63.6,7,High Risk,High Risk
63.8,64.0,64.3,75.8,66.6,69.7,60.0,71.6,7,2,5,60.0,8,High Risk,High Risk
66.6,63.6,73.2,65.6,79.1,73.3,71.6,64.1,7,2,5,63.6,8,High Risk,High Risk
65.4,64.7,69.4,61.9,66.8,61.9,67.5,71.7,8,2,6,61.9,8,High Risk,High Risk
66.7,60.0,70.9,66.9,67.7,70.1,63.1,69.1,8,2,6,60.0,8,High Risk,High Risk
64.7,66.7,68.5,67.5,73.7,70.0,69.1,69.8,8,2,6,64.7,8,High Risk,High Risk
90.8,96.7,98.3,93.2,87.8,88.9,97.5,86.8,0,0,0,86.8,8,Low Risk,Low Risk
99.0,96.1,91.7,93.4,95.6,89.4,87.6,90.9,0,0,0,87.6,8,Low Risk,Low Risk
92.1,95.0,97.0,97.1,92.8,93.5,87.9,96.1,0,0,0,87.9,8,Low Risk,Low Risk
65.7,65.1,63.8,71.1,67.8,63.8,64.8,63.8,8,2,6,63.8,8,High Risk,High Risk
64.8,66.0,73.3,63.5,75.6,72.8,68.9,73.7,7,2,5,63.5,8,High Risk,High Risk
65.7,68.7,71.9,65.7,72.0,65.1,60.4,66.0,8,2,6,60.4,8,High Risk,High Risk
60.7,60.7,65.7,69.3,69.3,67.0,66.9,67.7,8,2,6,60.7,8,High Risk,High Risk
68.3,70.9,64.1,73.0,64.3,69.8,68.3,69.5,8,2,6,64.1,8,High Risk,High Risk
69.6,65.0,72.6,67.5,68.8,65.3,69.8,69.3,8,2,6,65.0,8,High Risk,High Risk
97.8,99.0,99.0,89.3,96.9,94.7,92.9,86.6,0,0,0,86.6,8,Low Risk,Low Risk
89.2,93.7,99.0,91.4,94.0,89.4,94.9,95.7,0,0,0,89.2,8,Low Risk,Low Risk
90.0,97.1,97.1,93.5,93.2,95.0,95.0,91.7,0,0,0,90.0,8,Low Risk,Low Risk
80.3,84.1,73.1,83.1,77.2,87.8,79.2,72.9,2,0,2,72.9,8,High Risk,High Risk
77.1,77.6,72.6,84.7,72.9,78.5,79.7,77.7,2,0,2,72.6,8,High Risk,High Risk
70.2,80.0,72.8,80.3,77.0,76.8,78.0,73.2,3,1,2,70.2,8,High Risk,High Risk
89.5,90.2,98.1,92.1,80.9,86.0,86.4,89.8,0,0,0,80.9,8,Low Risk,Low Risk
82.9,85.5,86.3,86.2,82.7,91.4,89.3,81.7,0,0,0,81.7,8,Low Risk,Low Risk
93.2,94.3,88.3,84.0,84.8,85.6,87.0,92.9,0,0,0,84.0,8,Low Risk,Low Risk
62.6,68.6,74.3,73.7,73.6,64.1,76.9,65.3,7,2,5,62.6,8,High Risk,High Risk
68.5,69.4,66.7,73.1,65.5,74.0,68.0,71.9,8,2,6,65.5,8,High Risk,High Risk
75.9,70.3,70.9,68.2,69.1,74.3,68.0,71.5,7,1,6,68.0,8,High Risk,High Risk
74.7,70.9,88.1,71.2,78.0,78.0,78.9,76.5,3,2,1,70.9,8,High Risk,High Risk
71.1,84.4,79.9,77.6,74.3,72.8,80.2,76.2,3,1,2,71.1,8,High Risk,High Risk
78.2,79.3,72.4,83.5,78.7,74.0,72.4,80.8,3,0,3,72.4,8,High Risk,High Risk
64.9,72.1,62.3,64.5,61.3,62.2,60.0,67.2,8,2,6,60.0,8,High Risk,High Risk
66.7,66.0,60.7,60.4,67.7,60.1,60.0,66.0,8,2,6,60.0,8,High Risk,High Risk
65.6,60.1,60.0,60.0,67.7,60.0,65.5,67.1,8,2,6,60.0,8,High Risk,High Risk
81.5,79.0,84.4,74.4,82.1,80.9,86.3,86.7,1,0,1,74.4,8,Moderate Risk,Moderate Risk
80.6,82.7,84.0,87.2,82.3,81.6,76.7,87.5,0,0,0,76.7,8,Moderate Risk,Moderate Risk
82.2,83.3,83.3,84.7,87.6,-1.0,88.1,85.3,0,0,0,82.2,7,Low Risk,Low Risk
69.6,72.7,68.7,69.3,75.1,69.8,65.5,80.2,6,2,4,65.5,8,High Risk,High Risk
68.2,71.0,68.0,68.5,71.5,78.0,67.9,67.9,7,2,5,67.9,8,High Risk,High Risk
66.4,74.0,73.2,72.9,72.7,74.3,71.6,66.3,8,2,6,66.3,8,High Risk,High Risk
80.7,72.7,77.4,85.3,73.6,76.1,78.2,73.7,3,1,2,72.7,8,High Risk,High Risk
73.0,77.4,78.3,71.3,73.9,77.5,78.9,74.0,4,1,3,71.3,8,High Risk,High Risk
78.1,74.6,77.9,78.0,85.6,74.8,75.5,73.5,3,1,2,73.5,8,High Risk,High Risk
76.3,86.9,88.6,74.8,83.7,83.7,83.4,80.2,1,0,1,74.8,8,Moderate Risk,Moderate Risk
83.2,77.6,85.5,74.1,80.7,80.1,81.2,83.6,1,0,1,74.1,8,Moderate Risk,Moderate Risk
87.0,80.2,80.7,81.2,84.0,78.7,79.4,73.9,1,0,1,73.9,8,Moderate Risk,Moderate Risk
69.3,70.4,66.7,64.5,66.0,75.1,68.7,68.1,7,2,5,64.5,8,High Risk,High Risk
64.2,70.1,66.7,69.5,69.2,62.7,68.5,71.7,8,2,6,62.7,8,High Risk,High Risk
68.9,60.0,64.1,70.3,68.6,71.8,66.8,65.2,8,2,6,60.0,8,High Risk,High Risk
77.5,76.2,81.2,85.1,79.3,75.4,79.5,85.5,0,0,0,75.4,8,Moderate Risk,Moderate Risk
69.4,77.4,77.4,75.0,77.6,78.1,75.2,78.4,1,1,0,69.4,8,High Risk,High Risk
76.7,77.3,82.4,-1.0,77.7,69.3,79.7,74.0,2,0,2,69.3,7,High Risk,High Risk
68.5,61.1,62.3,65.0,66.7,70.3,66.3,67.8,8,2,6,61.1,8,High Risk,High Risk
67.7,73.3,67.5,60.0,68.0,65.3,73.1,71.4,8,2,6,60.0,8,High Risk,High Risk
71.6,60.0,68.0,71.9,67.2,70.2,68.0,64.4,8,2,6,60.0,8,High Risk,High Risk
89.4,85.1,91.5,91.2,95.9,92.8,83.1,90.5,0,0,0,83.1,8,Low Risk,Low Risk
90.5,97.0,94.4,83.0,87.1,89.0,80.2,80.3,0,0,0,80.2,8,Low Risk,Low Risk
82.0,90.9,93.9,86.2,87.3,89.4,88.8,80.4,0,0,0,80.4,8,Low Risk,Low Risk
89.1,94.5,88.1,91.6,93.7,93.1,88.9,93.2,0,0,0,88.1,8,Low Risk,Low Risk
90.9,94.5,89.3,90.2,90.4,84.5,84.4,87.4,0,0,0,84.4,8,Low Risk,Low Risk
88.5,95.2,85.8,93.2,83.7,84.5,87.6,95.7,0,0,0,83.7,8,Low Risk,Low Risk
80.3,79.9,79.5,76.3,80.0,74.7,84.9,75.4,1,0,1,74.7,8,Moderate Risk,Moderate Risk
80.0,76.8,76.5,73.5,78.8,86.9,80.8,83.1,1,0,1,73.5,8,Moderate Risk,Moderate Risk
82.5,82.2,77.7,83.9,78.5,78.1,85.3,75.1,0,0,0,75.1,8,Moderate Risk,Moderate Risk
83.5,82.9,78.6,90.7,82.3,77.6,92.8,84.5,0,0,0,77.6,8,Low Risk,Low Risk
85.8,87.3,82.2,85.9,82.8,82.8,83.4,81.3,0,0,0,81.3,8,Low Risk,Low Risk
86.6,85.9,90.0,87.1,82.1,84.7,88.6,79.1,0,0,0,79.1,8,Low Risk,Low Risk
66.3,60.0,60.5,-1.0,73.4,63.6,70.3,69.4,7,2,5,60.0,7,High Risk,High Risk
60.0,67.3,68.4,65.7,73.9,73.8,68.0,60.4,8,2,6,60.0,8,High Risk,High Risk
60.0,63.3,60.0,65.0,69.0,63.4,61.9,66.0,8,2,6,60.0,8,High Risk,High Risk
90.2,93.6,90.9,91.2,93.7,89.1,89.5,89.2,0,0,0,89.1,8,Low Risk,Low Risk
91.2,98.7,99.0,88.9,92.3,95.3,90.1,87.2,0,0,0,87.2,8,Low Risk,Low Risk
94.0,98.5,95.1,90.9,87.2,89.2,95.9,93.9,0,0,0,87.2,8,Low Risk,Low Risk
64.9,62.1,62.4,65.8,63.0,60.4,67.1,63.7,8,2,6,60.4,8,High Risk,High Risk
64.6,70.3,61.4,69.0,64.3,63.6,74.4,62.8,8,2,6,61.4,8,High Risk,High Risk
62.0,60.0,67.9,60.0,65.3,64.6,69.2,67.3,8,2,6,60.0,8,High Risk,High Risk
67.3,73.8,65.6,67.3,67.0,70.3,60.3,68.2,8,2,6,60.3,8,High Risk,High Risk
60.0,60.0,65.6,65.6,69.2,67.6,73.4,64.4,8,2,6,60.0,8,High Risk,High Risk
66.0,65.0,70.1,71.7,69.7,70.0,74.2,73.4,8,2,6,65.0,8,High Risk,High Risk
64.2,61.3,63.8,67.5,69.8,64.4,70.5,62.6,8,2,6,61.3,8,High Risk,High Risk
61.1,64.9,66.4,66.9,65.7,62.0,64.1,60.8,8,2,6,60.8,8,High Risk,High Risk
64.8,70.0,60.0,65.6,65.1,69.5,61.2,72.8,8,2,6,60.0,8,High Risk,High Risk
79.1,84.2,71.3,76.4,76.1,85.2,86.5,79.2,1,0,1,71.3,8,Moderate Risk,Moderate Risk
77.4,82.6,76.8,81.9,82.7,70.5,68.8,82.1,2,0,2,68.8,8,High Risk,High Risk
76.8,81.9,75.1,78.5,78.3,74.0,74.5,86.4,2,0,2,74.0,8,High Risk,High Risk
75.5,70.2,64.7,72.1,67.0,71.7,69.8,67.4,7,1,6,64.7,8,High Risk,High Risk
66.1,70.4,64.9,66.3,70.6,70.5,69.0,67.1,8,2,6,64.9,8,High Risk,High Risk
73.9,76.3,65.2,77.4,71.6,74.6,72.5,69.3,6,1,5,65.2,8,High Risk,High Risk
70.8,70.4,66.6,75.9,73.7,73.3,80.5,74.2,6,2,4,66.6,8,High Risk,High Risk
60.5,72.3,70.6,71.4,71.9,67.3,77.8,70.9,7,2,5,60.5,8,High Risk,High Risk
71.2,76.6,71.2,72.1,75.7,72.4,73.9,72.9,6,1,5,71.2,8,High Risk,High Risk
66.5,78.9,65.6,76.1,76.5,72.1,70.1,70.3,5,1,4,65.6,8,High Risk,High Risk
60.0,69.0,71.1,67.4,74.1,63.6,70.0,69.4,8,2,6,60.0,8,High Risk,High Risk
71.0,63.2,75.9,67.4,70.9,72.2,68.8,75.5,6,2,4,63.2,8,High Risk,High Risk
88.9,94.4,91.6,86.0,85.7,95.5,86.6,90.6,0,0,0,85.7,8,Low Risk,Low Risk
86.9,85.8,98.1,85.3,87.3,91.0,88.6,91.8,0,0,0,85.3,8,Low Risk,Low Risk
92.6,92.6,88.4,85.4,90.3,84.2,94.6,90.1,0,0,0,84.2,8,Low Risk,Low Risk
63.8,64.4,65.4,65.8,69.3,70.4,65.9,66.1,8,2,6,63.8,8,High Risk,High Risk
60.0,68.7,60.6,61.6,62.5,71.1,60.4,61.8,8,2,6,60.0,8,High Risk,High Risk
62.6,65.1,67.6,60.0,60.0,64.4,76.0,68.4,7,2,5,60.0,8,High Risk,High Risk
94.4,85.3,86.7,86.2,89.2,82.9,90.3,84.0,0,0,0,82.9,8,Low Risk,Low Risk
85.0,91.7,91.8,87.6,85.9,94.8,86.3,87.2,0,0,0,85.0,8,Low Risk,Low Risk
92.7,87.7,79.4,88.4,82.0,89.3,86.3,90.1,0,0,0,79.4,8,Low Risk,Low Risk
69.9,67.2,65.8,69.8,69.7,66.8,69.6,71.4,8,2,6,65.8,8,High Risk,High Risk
63.8,62.1,66.4,66.8,64.5,61.9,60.6,71.4,8,2,6,60.6,8,High Risk,High Risk
65.7,65.8,64.8,63.5,71.5,74.8,75.1,66.2,7,2,5,63.5,8,High Risk,High Risk
79.7,76.3,81.4,83.3,83.4,77.7,74.6,75.9,1,0,1,74.6,8,Moderate Risk,Moderate Risk
73.0,76.4,70.7,83.2,78.5,81.4,79.4,81.0,2,1,1,70.7,8,High Risk,High Risk
91.3,86.8,71.2,78.5,77.5,84.2,77.9,81.0,1,0,1,71.2,8,Moderate Risk,Moderate Risk
74.8,76.3,84.6,81.8,82.4,79.8,83.2,76.4,1,1,0,74.8,8,Moderate Risk,Moderate Risk
76.9,77.9,79.5,84.9,85.1,77.4,72.9,77.0,1,0,1,72.9,8,Moderate Risk,Moderate Risk
72.1,78.5,80.0,83.1,81.9,82.3,73.7,77.4,2,1,1,72.1,8,High Risk,High Risk
72.2,83.2,76.8,79.7,79.7,77.3,76.0,77.5,1,1,0,72.2,8,Moderate Risk,Moderate Risk
75.5,82.1,83.5,80.5,78.5,79.8,81.3,79.4,0,0,0,75.5,8,Moderate Risk,Moderate Risk
83.5,66.9,80.2,78.1,79.7,74.5,80.4,79.8,2,1,1,66.9,8,High Risk,High Risk
87.2,83.0,84.2,88.6,87.2,79.2,87.4,81.0,0,0,0,79.2,8,Low Risk,Low Risk
85.0,84.0,92.8,87.0,90.4,96.9,85.6,91.4,0,0,0,84.0,8,Low Risk,Low Risk
82.9,86.1,88.9,88.1,80.3,81.9,87.8,83.9,0,0,0,80.3,8,Low Risk,Low Risk
73.9,75.3,79.8,75.2,75.8,71.3,77.2,78.7,2,1,1,71.3,8,High Risk,High Risk
69.3,76.6,79.0,78.1,75.6,78.7,81.5,76.9,1,1,0,69.3,8,High Risk,High Risk
78.5,76.8,68.2,76.1,73.8,72.5,76.8,75.2,3,0,3,68.2,8,High Risk,High Risk
82.9,79.4,65.4,77.6,81.4,78.8,75.6,77.0,1,0,1,65.4,8,High Risk,High Risk
77.2,83.2,88.3,75.3,72.5,76.2,81.7,82.2,1,0,1,72.5,8,Moderate Risk,Moderate Risk
76.9,72.4,79.0,69.8,74.3,78.4,78.8,77.1,3,1,2,69.8,8,High Risk,High Risk
64.5,72.0,72.3,68.6,67.1,67.7,70.1,74.4,8,2,6,64.5,8,High Risk,High Risk
70.1,61.1,66.2,69.9,72.2,76.2,71.0,77.6,6,2,4,61.1,8,High Risk,High Risk
60.0,64.7,75.1,69.5,75.1,79.6,71.1,75.4,4,2,2,60.0,8,High Risk,High Risk
84.0,80.3,86.5,76.9,76.9,83.7,75.8,80.7,0,0,0,75.8,8,Moderate Risk,Moderate Risk
80.9,84.1,79.1,76.6,79.2,76.9,80.6,79.2,0,0,0,76.6,8,Moderate Risk,Moderate Risk
85.6,80.6,84.5,86.6,77.9,81.4,78.6,-1.0,0,0,0,77.9,7,Moderate Risk,Moderate Risk
86.2,85.8,92.2,86.3,88.0,86.8,89.6,91.7,0,0,0,85.8,8,Low Risk,Low Risk
92.6,84.1,84.8,87.0,91.7,82.9,91.1,87.3,0,0,0,82.9,8,Low Risk,Low Risk
84.6,96.9,87.0,88.2,93.7,88.3,92.3,79.7,0,0,0,79.7,8,Low Risk,Low Risk
96.8,86.3,99.0,89.9,94.5,94.0,93.4,88.8,0,0,0,86.3,8,Low Risk,Low Risk
98.2,89.1,91.9,94.9,89.1,91.1,93.6,94.4,0,0,0,89.1,8,Low Risk,Low Risk
96.5,89.8,96.2,90.4,93.8,96.1,92.6,96.9,0,0,0,89.8,8,Low Risk,Low Risk
90.1,92.4,93.5,93.8,89.2,99.0,92.0,92.4,0,0,0,89.2,8,Low Risk,Low Risk
92.7,93.3,93.5,99.0,91.9,92.1,95.7,91.7,0,0,0,91.7,8,Low Risk,Low Risk
88.1,93.7,92.9,89.2,92.9,93.3,89.6,90.3,0,0,0,88.1,8,Low Risk,Low Risk
93.7,91.9,90.5,88.4,92.0,99.0,94.8,87.2,0,0,0,87.2,8,Low Risk,Low Risk
93.8,91.5,99.0,88.0,93.8,89.8,95.5,93.7,0,0,0,88.0,8,Low Risk,Low Risk
91.1,99.0,96.4,90.3,93.3,95.0,94.9,94.5,0,0,0,90.3,8,Low Risk,Low Risk
79.6,79.7,76.6,78.1,70.1,85.0,83.6,72.2,2,0,2,70.1,8,High Risk,High Risk
79.4,79.8,78.2,73.4,80.7,83.1,80.5,77.9,1,0,1,73.4,8,Moderate Risk,Moderate Risk
81.0,81.8,79.9,74.6,75.4,77.8,82.7,79.8,1,0,1,74.6,8,Moderate Risk,Moderate Risk
95.9,91.6,92.7,91.6,91.9,97.0,84.4,90.3,0,0,0,84.4,8,Low Risk,Low Risk
90.5,90.0,97.0,90.3,99.0,92.6,89.5,92.7,0,0,0,89.5,8,Low Risk,Low Risk
87.6,85.2,92.5,93.8,91.7,93.1,92.6,85.0,0,0,0,85.0,8,Low Risk,Low Risk
87.4,73.2,82.5,77.9,83.3,83.6,80.5,83.8,1,1,0,73.2,8,Moderate Risk,Moderate Risk
75.5,86.0,84.3,83.6,78.8,85.2,89.2,81.0,0,0,0,75.5,8,Moderate Risk,Moderate Risk
77.9,76.5,81.6,80.1,82.8,78.0,80.8,77.8,0,0,0,76.5,8,Moderate Risk,Moderate Risk
79.6,75.9,79.2,71.1,73.5,76.7,83.4,80.2,2,0,2,71.1,8,High Risk,High Risk
77.9,83.6,75.8,78.9,71.7,79.0,83.8,74.2,2,0,2,71.7,8,High Risk,High Risk
77.9,80.1,71.6,80.4,80.1,73.1,74.5,80.5,3,0,3,71.6,8,High Risk,High Risk
76.2,74.0,73.1,72.9,74.4,65.6,73.4,78.7,6,1,5,65.6,8,High Risk,High Risk
83.4,74.4,78.6,71.8,70.4,64.6,69.0,74.5,6,1,5,64.6,8,High Risk,High Risk
85.3,91.2,70.5,69.2,79.5,68.8,68.6,68.7,5,0,5,68.6,8,High Risk,High Risk
91.9,96.5,94.9,90.4,85.2,93.6,86.8,93.1,0,0,0,85.2,8,Low Risk,Low Risk
93.7,93.5,93.9,92.2,89.2,93.9,89.0,87.5,0,0,0,87.5,8,Low Risk,Low Risk
95.0,91.9,85.8,97.3,84.2,93.9,99.0,92.2,0,0,0,84.2,8,Low Risk,Low Risk
69.7,77.5,69.8,73.6,76.0,74.9,75.8,77.3,4,1,3,69.7,8,High Risk,High Risk
73.6,71.4,70.9,74.5,74.6,77.3,77.0,71.7,6,2,4,70.9,8,High Risk,High Risk
80.8,79.1,67.9,71.1,76.7,70.8,72.3,74.4,5,0,5,67.9,8,High Risk,High Risk
94.7,91.3,95.0,91.8,90.6,93.7,93.8,87.7,0,0,0,87.7,8,Low Risk,Low Risk
92.0,97.2,97.5,90.8,99.0,90.5,84.6,93.9,0,0,0,84.6,8,Low Risk,Low Risk
95.2,91.1,97.4,87.8,95.5,85.8,97.2,90.4,0,0,0,85.8,8,Low Risk,Low Risk
95.5,93.8,95.7,91.9,85.7,91.8,89.2,86.2,0,0,0,85.7,8,Low Risk,Low Risk
96.1,88.8,89.1,86.2,96.1,86.4,93.8,84.9,0,0,0,84.9,8,Low Risk,Low Risk
95.5,94.9,91.6,86.8,95.0,86.4,80.2,81.8,0,0,0,80.2,8,Low Risk,Low Risk
99.0,92.2,95.8,91.7,99.0,93.2,94.0,93.0,0,0,0,91.7,8,Low Risk,Low Risk
90.8,87.6,93.0,95.8,90.5,93.4,88.0,96.7,0,0,0,87.6,8,Low Risk,Low Risk
95.8,89.9,88.5,92.2,94.6,94.8,91.3,95.5,0,0,0,88.5,8,Low Risk,Low Risk
82.9,79.9,80.9,75.5,73.8,78.7,81.9,83.7,1,0,1,73.8,8,Moderate Risk,Moderate Risk
75.5,79.6,73.3,66.2,78.5,77.0,82.7,76.6,2,0,2,66.2,8,High Risk,High Risk
74.5,76.5,80.3,80.4,78.4,73.1,70.1,76.5,3,1,2,70.1,8,High Risk,High Risk
94.8,86.6,95.6,91.5,96.8,91.3,95.3,90.5,0,0,0,86.6,8,Low Risk,Low Risk
93.9,93.7,95.5,90.1,90.8,87.8,84.4,91.6,0,0,0,84.4,8,Low Risk,Low Risk
84.9,94.3,99.0,91.3,92.0,93.7,94.0,90.5,0,0,0,84.9,8,Low Risk,Low Risk
93.3,99.0,97.7,92.4,92.3,93.0,99.0,88.6,0,0,0,88.6,8,Low Risk,Low Risk
99.0,97.7,96.7,97.5,94.5,96.5,99.0,93.9,0,0,0,93.9,8,Low Risk,Low Risk
97.0,92.0,95.4,89.9,95.5,90.7,88.7,89.4,0,0,0,88.7,8,Low Risk,Low Risk
82.0,71.9,74.6,81.2,79.9,82.8,73.2,77.3,3,1,2,71.9,8,High Risk,High Risk
84.4,85.6,74.6,79.2,82.1,81.3,77.5,80.0,1,0,1,74.6,8,Moderate Risk,Moderate Risk
79.8,80.4,79.2,76.7,78.3,83.6,77.5,79.2,0,0,0,76.7,8,Moderate Risk,Moderate Risk
83.5,78.1,72.9,79.4,84.3,82.0,73.3,-1.0,2,0,2,72.9,7,High Risk,High Risk
81.8,74.0,75.1,73.2,79.8,77.9,80.8,74.5,3,1,2,73.2,8,High Risk,High Risk
80.0,74.8,75.7,81.9,69.2,78.7,78.7,74.4,3,1,2,69.2,8,High Risk,High Risk
81.6,85.1,87.6,89.5,89.0,85.2,88.8,83.8,0,0,0,81.6,8,Low Risk,Low Risk
88.1,85.6,93.3,88.0,87.3,94.9,89.6,86.7,0,0,0,85.6,8,Low Risk,Low Risk
88.4,89.8,83.4,83.0,86.2,84.0,88.3,88.8,0,0,0,83.0,8,Low Risk,Low Risk
78.9,74.1,78.4,77.9,79.1,79.3,75.3,81.0,1,1,0,74.1,8,Moderate Risk,Moderate Risk
74.3,76.1,73.4,78.9,82.6,83.5,73.9,81.1,3,1,2,73.4,8,High Risk,High Risk
75.3,80.8,78.6,72.6,76.0,83.9,77.4,81.5,1,0,1,72.6,8,Moderate Risk,Moderate Risk
75.5,79.2,82.9,92.6,86.1,81.2,83.1,86.5,0,0,0,75.5,8,Moderate Risk,Moderate Risk
81.5,79.1,85.1,86.9,75.6,81.5,78.4,83.6,0,0,0,75.6,8,Moderate Risk,Moderate Risk
86.6,81.7,82.3,84.6,86.7,81.4,81.5,81.5,0,0,0,81.4,8,Moderate Risk,Moderate Risk
82.2,90.6,87.2,86.7,80.3,79.9,-1.0,85.9,0,0,0,79.9,7,Low Risk,Low Risk
82.0,82.5,76.4,84.1,84.1,82.0,80.6,92.2,0,0,0,76.4,8,Moderate Risk,Moderate Risk
86.0,79.4,78.0,86.5,84.5,84.1,82.9,79.6,0,0,0,78.0,8,Moderate Risk,Moderate Risk
84.6,89.8,85.1,84.8,95.4,82.4,84.9,90.0,0,0,0,82.4,8,Low Risk,Low Risk
96.4,93.5,87.7,87.5,90.0,90.4,88.1,89.4,0,0,0,87.5,8,Low Risk,Low Risk
88.7,93.8,90.6,80.1,84.9,86.2,87.3,92.6,0,0,0,80.1,8,Low Risk,Low Risk
83.6,86.4,85.6,82.4,83.9,85.9,85.6,84.5,0,0,0,82.4,8,Low Risk,Low Risk
85.7,87.2,83.1,84.5,84.5,76.5,81.1,81.0,0,0,0,76.5,8,Moderate Risk,Moderate Risk
84.5,89.6,85.5,79.3,79.9,82.4,78.4,85.0,0,0,0,78.4,8,Moderate Risk,Moderate Risk
79.3,78.8,75.5,81.6,85.4,84.0,87.0,78.8,0,0,0,75.5,8,Moderate Risk,Moderate Risk
-1.0,88.1,83.5,87.6,79.1,80.8,77.9,81.5,0,0,0,77.9,7,Moderate Risk,Moderate Risk
80.1,80.0,83.0,80.7,77.0,74.1,79.1,76.1,1,0,1,74.1,8,Moderate Risk,Moderate Risk
90.6,86.7,87.3,93.9,78.8,86.2,87.8,92.5,0,0,0,78.8,8,Low Risk,Low Risk
91.3,79.4,84.8,88.0,82.8,89.2,85.4,82.6,0,0,0,79.4,8,Low Risk,Low Risk
80.7,92.4,94.5,85.9,81.8,89.2,85.3,81.4,0,0,0,80.7,8,Low Risk,Low Risk
78.1,78.1,81.4,81.4,81.5,81.7,81.3,79.1,0,0,0,78.1,8,Moderate Risk,Moderate Risk
82.6,84.8,77.6,89.8,77.9,78.0,82.7,82.3,0,0,0,77.6,8,Moderate Risk,Moderate Risk
80.5,87.4,79.9,77.4,78.6,82.4,82.5,81.4,0,0,0,77.4,8,Moderate Risk,Moderate Risk
89.9,83.2,81.3,84.2,79.4,82.6,86.1,84.2,0,0,0,79.4,8,Low Risk,Low Risk
84.3,84.2,83.7,82.3,77.9,78.5,82.8,84.2,0,0,0,77.9,8,Moderate Risk,Moderate Risk
80.8,77.0,75.5,81.4,86.2,81.4,88.3,80.4,0,0,0,75.5,8,Moderate Risk,Moderate Risk
77.4,74.3,76.3,78.4,71.0,77.2,80.1,80.4,2,1,1,71.0,8,High Risk,High Risk
78.1,76.7,80.4,77.0,77.7,75.9,75.3,80.6,0,0,0,75.3,8,Moderate Risk,Moderate Risk
75.3,69.8,74.5,76.7,77.2,79.7,79.9,71.0,3,1,2,69.8,8,High Risk,High Risk
87.9,98.7,89.5,93.5,89.1,90.7,92.5,87.9,0,0,0,87.9,8,Low Risk,Low Risk
93.4,82.7,90.6,95.1,92.9,93.6,90.5,-1.0,0,0,0,82.7,7,Low Risk,Low Risk
96.2,95.1,90.3,91.3,95.6,92.1,84.7,87.9,0,0,0,84.7,8,Low Risk,Low Risk
71.9,82.5,79.6,78.5,78.7,82.1,78.0,72.3,2,1,1,71.9,8,High Risk,High Risk
73.0,81.6,77.6,90.9,85.1,86.3,82.9,81.3,1,1,0,73.0,8,Moderate Risk,Moderate Risk
76.2,81.6,85.9,78.5,77.1,74.2,80.8,84.5,1,0,1,74.2,8,Moderate Risk,Moderate Risk
78.7,81.3,-1.0,84.5,86.0,82.0,85.5,76.7,0,0,0,76.7,7,Moderate Risk,Moderate Risk
86.3,74.0,81.3,80.7,81.8,85.0,87.2,80.3,1,1,0,74.0,8,Moderate Risk,Moderate Risk
78.8,72.4,85.2,82.5,81.7,76.5,87.6,80.8,1,1,0,72.4,8,Moderate Risk,Moderate Risk
83.4,81.4,79.5,85.5,85.0,84.0,78.6,76.8,0,0,0,76.8,8,Moderate Risk,Moderate Risk
84.8,83.1,80.4,78.8,81.7,81.8,86.0,80.0,0,0,0,78.8,8,Moderate Risk,Moderate Risk
86.8,77.5,87.7,77.5,80.2,80.6,81.5,84.2,0,0,0,77.5,8,Moderate Risk,Moderate Risk
66.7,65.3,63.5,65.6,65.7,66.3,73.9,75.2,7,2,5,63.5,8,High Risk,High Risk
77.6,71.1,61.5,66.8,65.6,71.3,71.8,67.9,7,1,6,61.5,8,High Risk,High Risk
81.9,77.0,67.0,68.4,63.0,66.7,71.4,63.8,6,0,6,63.0,8,High Risk,High Risk
79.3,76.6,79.3,77.7,80.6,76.1,75.1,82.2,0,0,0,75.1,8,Moderate Risk,Moderate Risk
77.4,77.1,77.0,82.8,76.3,82.8,81.8,84.1,0,0,0,76.3,8,Moderate Risk,Moderate Risk
74.3,82.2,80.1,78.0,84.6,78.8,77.4,83.7,1,1,0,74.3,8,Moderate Risk,Moderate Risk
77.2,74.1,81.7,77.4,79.8,84.7,80.1,85.6,1,1,0,74.1,8,Moderate Risk,Moderate Risk
79.0,81.5,77.0,76.7,79.0,74.8,80.4,78.7,1,0,1,74.8,8,Moderate Risk,Moderate Risk
88.3,81.3,79.2,81.7,78.9,73.2,82.9,78.9,1,0,1,73.2,8,Moderate Risk,Moderate Risk
74.2,67.3,71.5,76.8,77.9,78.4,66.6,74.7,5,2,3,66.6,8,High Risk,High Risk
77.7,81.6,66.6,71.8,73.0,77.8,70.9,74.7,5,0,5,66.6,8,High Risk,High Risk
82.6,79.2,80.3,76.3,65.8,77.9,70.4,77.9,2,0,2,65.8,8,High Risk,High Risk
70.8,73.3,67.5,65.7,66.3,65.9,71.0,69.5,8,2,6,65.7,8,High Risk,High Risk
74.7,74.4,71.1,65.3,68.1,74.1,65.5,73.8,8,2,6,65.3,8,High Risk,High Risk
86.1,82.0,65.5,-1.0,75.2,65.9,74.7,62.5,4,0,4,62.5,7,High Risk,High Risk
87.6,86.4,97.7,94.8,92.2,89.1,91.9,93.8,0,0,0,86.4,8,Low Risk,Low Risk
86.5,90.2,97.1,92.9,89.3,78.6,86.3,89.2,0,0,0,78.6,8,Low Risk,Low Risk
91.6,88.6,91.3,88.3,86.2,95.8,87.0,80.3,0,0,0,80.3,8,Low Risk,Low Risk
94.0,89.4,89.5,89.8,87.3,81.5,86.5,99.0,0,0,0,81.5,8,Low Risk,Low Risk
89.3,97.2,87.7,89.2,91.4,88.1,85.9,88.7,0,0,0,85.9,8,Low Risk,Low Risk
93.7,91.7,94.1,90.1,92.4,93.8,87.7,91.9,0,0,0,87.7,8,Low Risk,Low Risk
79.4,81.6,86.4,81.8,82.4,80.9,88.1,87.0,0,0,0,79.4,8,Moderate Risk,Moderate Risk
83.3,83.0,83.7,86.2,80.3,85.6,93.2,84.4,0,0,0,80.3,8,Low Risk,Low Risk
86.1,78.1,90.4,87.4,81.3,83.8,81.6,84.9,0,0,0,78.1,8,Low Risk,Low Risk
71.4,80.8,89.1,83.5,78.1,80.1,82.9,73.6,2,1,1,71.4,8,High Risk,High Risk
78.5,68.5,82.8,82.3,83.1,82.9,81.0,79.3,1,1,0,68.5,8,High Risk,High Risk
79.9,74.5,75.4,79.7,71.8,72.6,79.0,79.8,3,1,2,71.8,8,High Risk,High Risk
93.3,96.1,90.7,94.0,90.5,94.5,94.4,90.3,0,0,0,90.3,8,Low Risk,Low Risk
89.9,95.7,94.5,90.3,87.6,97.1,90.8,99.0,0,0,0,87.6,8,Low Risk,Low Risk
95.5,96.7,99.0,96.8,85.9,95.8,94.5,92.7,0,0,0,85.9,8,Low Risk,Low Risk
73.6,60.7,74.4,69.4,63.5,72.2,73.9,69.1,8,2,6,60.7,8,High Risk,High Risk
73.6,76.4,67.2,72.4,65.2,65.2,68.2,72.0,7,1,6,65.2,8,High Risk,High Risk
79.3,81.9,69.5,69.1,69.9,68.9,66.1,73.7,6,0,6,66.1,8,High Risk,High Risk
94.6,89.9,92.7,95.0,97.8,89.3,96.0,95.8,0,0,0,89.3,8,Low Risk,Low Risk
92.7,96.0,99.0,99.0,90.7,94.3,86.6,95.4,0,0,0,86.6,8,Low Risk,Low Risk
88.7,91.4,96.1,88.8,95.6,97.3,90.1,95.5,0,0,0,88.7,8,Low Risk,Low Risk
89.0,80.9,81.4,79.5,88.3,75.1,87.3,81.0,0,0,0,75.1,8,Moderate Risk,Moderate Risk
84.7,81.0,87.0,86.6,78.7,84.9,81.0,82.6,0,0,0,78.7,8,Moderate Risk,Moderate Risk
87.3,85.5,82.3,83.8,83.3,78.0,80.1,78.4,0,0,0,78.0,8,Moderate Risk,Moderate Risk
83.6,78.3,77.3,80.5,82.9,81.6,77.4,87.4,0,0,0,77.3,8,Moderate Risk,Moderate Risk
78.3,85.0,84.1,81.9,76.3,84.9,83.6,84.6,0,0,0,76.3,8,Moderate Risk,Moderate Risk
80.1,89.5,79.9,76.2,79.3,78.7,85.5,75.6,0,0,0,75.6,8,Moderate Risk,Moderate Risk
82.2,86.2,76.4,75.0,85.2,82.3,85.1,78.2,0,0,0,75.0,8,Moderate Risk,Moderate Risk
82.8,83.7,82.9,78.2,80.0,82.7,79.8,75.9,0,0,0,75.9,8,Moderate Risk,Moderate Risk
86.1,87.0,83.6,84.6,85.2,81.8,73.4,85.9,1,0,1,73.4,8,Moderate Risk,Moderate Risk
82.1,77.5,84.1,80.2,86.5,82.7,79.6,85.1,0,0,0,77.5,8,Moderate Risk,Moderate Risk
83.8,83.4,87.4,85.2,81.7,76.1,83.2,83.8,0,0,0,76.1,8,Moderate Risk,Moderate Risk
83.6,77.5,85.5,89.0,81.5,84.2,82.6,84.5,0,0,0,77.5,8,Low Risk,Low Risk
79.4,81.6,73.9,78.2,79.8,82.8,88.0,79.4,1,0,1,73.9,8,Moderate Risk,Moderate Risk
75.3,80.6,77.6,76.9,71.7,81.8,79.8,77.8,1,0,1,71.7,8,Moderate Risk,Moderate Risk
80.5,-1.0,79.8,74.6,73.2,79.7,80.4,79.8,2,0,2,73.2,7,High Risk,High Risk
67.3,61.3,67.2,71.6,68.0,71.5,66.2,60.0,8,2,6,60.0,8,High Risk,High Risk
66.5,76.9,71.4,68.4,68.8,66.3,66.1,71.1,7,1,6,66.1,8,High Risk,High Risk
79.9,72.2,63.7,61.9,63.9,71.1,70.7,64.9,7,1,6,61.9,8,High Risk,High Risk
77.7,79.6,80.1,84.7,80.6,82.7,82.0,81.5,0,0,0,77.7,8,Moderate Risk,Moderate Risk
78.4,81.6,77.4,82.4,80.8,85.6,81.5,79.8,0,0,0,77.4,8,Moderate Risk,Moderate Risk
76.2,79.7,82.2,79.1,83.4,81.3,82.5,82.0,0,0,0,76.2,8,Moderate Risk,Moderate Risk
83.1,87.5,77.8,76.7,81.9,87.1,85.8,76.0,0,0,0,76.0,8,Moderate Risk,Moderate Risk
82.1,80.9,77.7,82.2,83.5,76.4,85.0,83.7,0,0,0,76.4,8,Moderate Risk,Moderate Risk
81.7,81.8,85.4,79.9,81.2,69.9,84.2,83.8,1,0,1,69.9,8,High Risk,High Risk
90.9,87.5,93.5,90.9,96.5,91.8,94.1,93.1,0,0,0,87.5,8,Low Risk,Low Risk
94.6,93.3,94.6,92.1,88.8,89.9,97.4,84.7,0,0,0,84.7,8,Low Risk,Low Risk
96.0,99.0,95.7,92.6,89.4,92.7,93.7,91.2,0,0,0,89.4,8,Low Risk,Low Risk
99.0,99.0,96.4,99.0,99.0,96.8,94.5,93.6,0,0,0,93.6,8,Low Risk,Low Risk
99.0,99.0,95.3,99.0,94.1,95.0,91.2,93.9,0,0,0,91.2,8,Low Risk,Low Risk
99.0,95.7,87.7,97.1,92.8,96.2,98.7,95.8,0,0,0,87.7,8,Low Risk,Low Risk
70.4,71.7,75.9,71.1,70.1,72.3,64.7,61.8,7,2,5,61.8,8,High Risk,High Risk
73.4,74.1,74.1,72.4,66.6,74.8,69.4,61.8,8,2,6,61.8,8,High Risk,High Risk
70.3,79.5,63.0,65.8,74.7,68.0,71.1,72.3,7,1,6,63.0,8,High Risk,High Risk
73.5,73.2,74.1,76.8,77.5,80.5,76.8,81.1,3,2,1,73.2,8,High Risk,High Risk
78.7,81.0,77.1,79.7,82.1,73.9,76.1,87.4,1,0,1,73.9,8,Moderate Risk,Moderate Risk
71.6,77.1,74.6,77.3,75.7,70.7,80.3,70.2,4,1,3,70.2,8,High Risk,High Risk
83.3,85.9,74.8,85.6,79.8,78.8,83.7,85.8,1,0,1,74.8,8,Moderate Risk,Moderate Risk
87.1,86.8,82.8,87.7,79.6,90.2,79.6,75.7,0,0,0,75.7,8,Low Risk,Low Risk
83.4,79.1,91.8,90.4,89.3,83.8,87.2,83.3,0,0,0,79.1,8,Low Risk,Low Risk
88.2,85.9,89.1,84.6,89.5,92.2,86.8,94.9,0,0,0,84.6,8,Low Risk,Low Risk
87.2,81.1,84.5,84.2,82.9,78.1,90.4,79.4,0,0,0,78.1,8,Moderate Risk,Moderate Risk
84.5,88.9,85.7,89.6,81.9,86.0,90.7,86.3,0,0,0,81.9,8,Low Risk,Low Risk
79.7,72.9,69.9,75.4,73.9,73.2,74.0,71.4,6,1,5,69.9,8,High Risk,High Risk
75.7,73.3,74.2,77.6,73.2,71.0,66.6,76.1,5,1,4,66.6,8,High Risk,High Risk
78.1,75.7,71.2,77.0,69.9,73.9,75.5,70.7,4,0,4,69.9,8,High Risk,High Risk
85.8,87.1,94.8,94.5,89.6,95.8,87.6,89.7,0,0,0,85.8,8,Low Risk,Low Risk
92.2,84.9,97.3,98.2,90.2,87.8,94.5,98.6,0,0,0,84.9,8,Low Risk,Low Risk
94.6,93.3,90.0,96.1,92.8,96.2,87.1,92.7,0,0,0,87.1,8,Low Risk,Low Risk
90.8,95.3,86.9,88.4,90.8,89.0,81.4,98.9,0,0,0,81.4,8,Low Risk,Low Risk
92.1,92.5,93.7,91.7,87.4,81.6,89.9,81.9,0,0,0,81.6,8,Low Risk,Low Risk
93.3,88.4,88.1,85.1,90.9,85.8,91.1,85.9,0,0,0,85.1,8,Low Risk,Low Risk
83.2,81.1,84.7,80.9,79.5,84.1,80.6,88.0,0,0,0,79.5,8,Moderate Risk,Moderate Risk
78.9,77.3,86.6,85.4,82.3,83.6,82.2,85.8,0,0,0,77.3,8,Moderate Risk,Moderate Risk
80.4,78.7,85.0,88.4,86.7,88.5,83.1,78.8,0,0,0,78.7,8,Low Risk,Low Risk
83.0,86.0,92.4,80.6,80.5,79.2,78.0,80.6,0,0,0,78.0,8,Moderate Risk,Moderate Risk
82.4,85.0,79.9,81.2,87.2,76.4,89.2,79.3,0,0,0,76.4,8,Moderate Risk,Moderate Risk
89.3,85.0,80.7,78.9,79.7,89.0,80.4,83.1,0,0,0,78.9,8,Moderate Risk,Moderate Risk
82.9,89.1,78.7,85.8,69.2,79.3,75.1,87.1,1,0,1,69.2,8,High Risk,High Risk
81.7,74.8,78.5,85.3,90.4,82.2,80.1,91.5,1,1,0,74.8,8,Moderate Risk,Moderate Risk
82.8,87.0,81.6,85.4,76.3,76.9,79.6,81.3,0,0,0,76.3,8,Moderate Risk,Moderate Risk
93.6,93.8,90.1,96.6,86.0,92.6,94.3,83.6,0,0,0,83.6,8,Low Risk,Low Risk
92.6,85.3,94.0,91.6,93.0,92.1,88.9,87.3,0,0,0,85.3,8,Low Risk,Low Risk
88.7,88.4,88.8,82.1,83.9,76.8,87.6,90.1,0,0,0,76.8,8,Low Risk,Low Risk
90.4,94.4,95.9,89.2,96.2,93.9,91.4,99.0,0,0,0,89.2,8,Low Risk,Low Risk
92.6,99.0,90.9,92.6,97.0,94.8,95.4,95.2,0,0,0,90.9,8,Low Risk,Low Risk
95.7,92.5,92.8,98.0,90.9,98.8,93.3,91.8,0,0,0,90.9,8,Low Risk,Low Risk
67.7,74.8,61.2,69.1,70.7,75.1,80.3,70.9,6,2,4,61.2,8,High Risk,High Risk
85.4,75.8,71.2,70.2,72.7,78.5,80.5,71.1,4,0,4,70.2,8,High Risk,High Risk
83.5,87.7,66.6,78.9,75.2,73.5,77.6,73.8,3,0,3,66.6,8,High Risk,High Risk
73.4,73.3,74.3,74.1,71.1,72.2,66.9,72.8,8,2,6,66.9,8,High Risk,High Risk
77.4,76.6,69.1,74.0,69.1,83.2,72.4,76.4,4,0,4,69.1,8,High Risk,High Risk
83.7,86.4,66.5,69.1,69.4,69.9,70.1,73.2,6,0,6,66.5,8,High Risk,High Risk
79.9,81.9,80.9,77.9,78.7,77.8,75.1,70.2,1,0,1,70.2,8,Moderate Risk,Moderate Risk
76.3,78.2,74.5,70.3,72.5,83.6,85.4,81.2,3,0,3,70.3,8,High Risk,High Risk
81.5,83.5,85.6,76.8,89.0,70.7,75.4,79.1,1,0,1,70.7,8,Moderate Risk,Moderate Risk
93.7,87.7,94.4,85.6,92.3,93.9,95.5,91.0,0,0,0,85.6,8,Low Risk,Low Risk
96.6,95.5,91.0,93.4,95.5,91.7,88.3,92.1,0,0,0,88.3,8,Low Risk,Low Risk
89.1,94.9,97.2,99.0,93.9,86.8,99.0,95.4,0,0,0,86.8,8,Low Risk,Low Risk
91.7,77.9,92.8,91.1,84.6,83.5,84.6,77.7,0,0,0,77.7,8,Low Risk,Low Risk
84.1,92.4,90.3,88.8,86.3,90.7,92.8,86.3,0,0,0,84.1,8,Low Risk,Low Risk
90.3,95.1,87.2,86.2,84.9,90.6,86.8,85.2,0,0,0,84.9,8,Low Risk,Low Risk
84.4,83.2,80.6,81.3,85.4,81.2,84.5,82.9,0,0,0,80.6,8,Moderate Risk,Moderate Risk
85.1,84.1,85.8,76.1,81.0,77.1,83.3,84.1,0,0,0,76.1,8,Moderate Risk,Moderate Risk
77.1,79.8,85.2,83.9,77.9,87.4,88.7,84.5,0,0,0,77.1,8,Moderate Risk,Moderate Risk
88.8,83.8,81.5,83.7,86.0,83.6,79.9,77.7,0,0,0,77.7,8,Moderate Risk,Moderate Risk
81.5,79.3,79.2,84.1,79.7,87.4,78.0,76.5,0,0,0,76.5,8,Moderate Risk,Moderate Risk
85.2,78.5,76.4,86.0,74.6,84.0,78.0,81.7,1,0,1,74.6,8,Moderate Risk,Moderate Risk
71.2,81.5,77.8,79.8,72.6,77.0,78.5,74.7,3,1,2,71.2,8,High Risk,High Risk
72.8,82.2,72.9,80.0,77.0,75.2,82.4,80.3,2,1,1,72.8,8,High Risk,High Risk
77.7,84.9,76.9,71.4,82.4,79.5,79.7,82.4,1,0,1,71.4,8,Moderate Risk,Moderate Risk
83.6,81.5,76.2,86.6,83.0,86.2,74.0,82.2,1,0,1,74.0,8,Moderate Risk,Moderate Risk
82.1,76.1,78.0,86.3,80.1,86.3,85.1,85.3,0,0,0,76.1,8,Moderate Risk,Moderate Risk
81.5,84.5,73.4,86.7,80.1,81.7,81.7,81.8,1,0,1,73.4,8,Moderate Risk,Moderate Risk
90.7,83.4,87.5,81.7,86.1,82.8,89.5,88.3,0,0,0,81.7,8,Low Risk,Low Risk
84.4,87.9,85.7,89.5,89.1,91.6,87.0,75.4,0,0,0,75.4,8,Low Risk,Low Risk
86.8,80.7,89.8,88.7,83.9,85.7,83.4,88.7,0,0,0,80.7,8,Low Risk,Low Risk
91.6,92.3,96.1,90.2,93.8,96.5,89.0,97.1,0,0,0,89.0,8,Low Risk,Low Risk
90.4,92.9,91.3,87.9,92.9,87.0,89.6,89.6,0,0,0,87.0,8,Low Risk,Low Risk
91.2,97.0,91.3,89.3,87.4,91.0,91.0,93.7,0,0,0,87.4,8,Low Risk,Low Risk
74.1,80.2,80.4,81.1,74.3,81.1,78.8,75.3,2,1,1,74.1,8,High Risk,High Risk
81.6,78.2,77.9,75.6,75.7,71.8,78.6,80.2,1,0,1,71.8,8,Moderate Risk,Moderate Risk
77.8,85.7,87.3,75.8,76.7,80.2,74.1,80.8,1,0,1,74.1,8,Moderate Risk,Moderate Risk
73.3,79.2,81.1,78.5,76.2,78.9,82.8,82.8,1,1,0,73.3,8,Moderate Risk,Moderate Risk
84.7,81.4,88.9,76.6,74.7,79.2,85.7,83.2,1,0,1,74.7,8,Moderate Risk,Moderate Risk
81.5,88.8,78.6,84.5,83.5,85.9,83.6,86.3,0,0,0,78.6,8,Low Risk,Low Risk
97.4,92.0,90.2,85.3,83.7,89.7,93.6,88.4,0,0,0,83.7,8,Low Risk,Low Risk
93.1,92.8,95.3,86.9,90.1,88.5,88.4,90.7,0,0,0,86.9,8,Low Risk,Low Risk
93.8,96.0,92.2,95.9,89.4,89.4,93.4,89.4,0,0,0,89.4,8,Low Risk,Low Risk
95.0,94.7,91.6,88.2,86.4,89.2,88.4,89.9,0,0,0,86.4,8,Low Risk,Low Risk
97.2,96.0,92.3,98.9,86.9,88.8,83.6,87.6,0,0,0,83.6,8,Low Risk,Low Risk
86.6,95.7,93.7,92.3,88.0,85.3,88.4,91.3,0,0,0,85.3,8,Low Risk,Low Risk
88.5,86.5,92.0,89.7,88.3,80.1,82.7,83.9,0,0,0,80.1,8,Low Risk,Low Risk
91.5,90.6,88.0,88.6,87.6,86.2,90.7,83.8,0,0,0,83.8,8,Low Risk,Low Risk
84.2,82.8,85.9,86.7,85.2,85.3,85.2,93.1,0,0,0,82.8,8,Low Risk,Low Risk
73.6,69.6,68.7,77.3,60.5,71.3,72.7,78.2,6,2,4,60.5,8,High Risk,High Risk
79.5,73.3,69.5,73.2,75.4,70.3,75.2,66.5,5,1,4,66.5,8,High Risk,High Risk
81.9,78.2,65.3,70.1,64.6,73.4,73.2,83.8,5,0,5,64.6,8,High Risk,High Risk
98.7,91.5,91.0,92.1,91.4,90.6,86.2,90.5,0,0,0,86.2,8,Low Risk,Low Risk
94.8,89.5,93.0,93.2,90.1,99.0,92.1,86.4,0,0,0,86.4,8,Low Risk,Low Risk
88.9,94.1,89.7,89.8,95.4,89.1,93.7,84.7,0,0,0,84.7,8,Low Risk,Low Risk
96.2,95.3,94.1,91.3,98.1,99.0,90.3,-1.0,0,0,0,90.3,7,Low Risk,Low Risk
92.9,85.8,94.7,92.1,88.8,88.5,92.7,97.2,0,0,0,85.8,8,Low Risk,Low Risk
88.8,90.3,95.2,85.9,91.9,92.9,90.9,92.3,0,0,0,85.9,8,Low Risk,Low Risk
91.3,91.2,89.7,88.9,91.7,94.6,99.0,87.4,0,0,0,87.4,8,Low Risk,Low Risk
91.3,88.7,92.5,98.6,91.6,87.6,90.0,86.2,0,0,0,86.2,8,Low Risk,Low Risk
89.9,80.2,92.5,88.7,87.7,87.7,92.1,89.0,0,0,0,80.2,8,Low Risk,Low Risk
88.2,99.0,99.0,91.8,86.3,92.9,91.3,93.3,0,0,0,86.3,8,Low Risk,Low Risk
93.3,94.1,95.5,93.7,99.0,91.6,90.1,87.0,0,0,0,87.0,8,Low Risk,Low Risk
98.5,94.5,99.0,99.0,90.3,92.2,98.6,94.3,0,0,0,90.3,8,Low Risk,Low Risk
69.1,66.4,71.1,65.2,61.4,70.3,64.0,63.6,8,2,6,61.4,8,High Risk,High Risk
75.4,75.2,65.7,63.6,65.2,69.1,69.1,70.8,6,0,6,63.6,8,High Risk,High Risk
75.2,75.4,69.3,63.8,75.8,68.9,68.5,67.6,5,0,5,63.8,8,High Risk,High Risk
86.6,84.3,91.1,84.4,86.0,87.6,86.7,86.7,0,0,0,84.3,8,Low Risk,Low Risk
87.7,88.5,93.2,88.6,84.5,86.1,92.8,85.5,0,0,0,84.5,8,Low Risk,Low Risk
89.7,87.4,86.0,86.7,89.2,91.7,81.1,93.4,0,0,0,81.1,8,Low Risk,Low Risk
80.9,79.0,78.1,83.2,79.0,80.1,90.8,79.0,0,0,0,78.1,8,Moderate Risk,Moderate Risk
81.7,80.0,79.7,84.6,84.1,78.5,76.5,80.6,0,0,0,76.5,8,Moderate Risk,Moderate Risk
80.5,89.0,84.7,74.9,77.0,71.7,70.9,79.4,3,0,3,70.9,8,High Risk,High Risk
75.6,78.4,75.6,78.5,84.2,71.5,75.1,71.6,2,0,2,71.5,8,High Risk,High Risk
77.9,75.6,76.7,75.5,75.9,78.4,69.5,77.9,1,0,1,69.5,8,High Risk,High Risk
78.5,72.2,79.1,81.2,75.0,76.8,69.0,73.4,3,1,2,69.0,8,High Risk,High Risk
85.6,83.9,93.7,86.9,94.4,84.0,82.0,86.1,0,0,0,82.0,8,Low Risk,Low Risk
91.2,91.3,88.2,98.3,89.6,89.3,91.6,83.0,0,0,0,83.0,8,Low Risk,Low Risk
92.9,84.2,89.8,87.1,81.9,86.0,89.9,82.2,0,0,0,81.9,8,Low Risk,Low Risk
69.9,66.0,70.3,67.6,72.7,73.0,64.8,71.3,8,2,6,64.8,8,High Risk,High Risk
79.4,75.8,67.1,72.8,75.5,73.7,75.7,71.7,4,0,4,67.1,8,High Risk,High Risk
75.1,79.2,64.7,75.9,71.4,71.3,66.6,68.1,5,0,5,64.7,8,High Risk,High Risk
68.5,62.3,71.7,71.7,74.5,65.3,67.3,71.6,8,2,6,62.3,8,High Risk,High Risk
75.4,74.5,74.1,66.4,73.0,65.6,67.1,74.6,7,1,6,65.6,8,High Risk,High Risk
78.5,88.0,64.9,72.8,63.7,66.6,69.8,70.0,6,0,6,63.7,8,High Risk,High Risk
96.2,93.6,98.4,91.7,91.9,92.9,91.6,97.6,0,0,0,91.6,8,Low Risk,Low Risk
95.8,95.0,99.0,87.8,95.7,88.8,91.6,88.4,0,0,0,87.8,8,Low Risk,Low Risk
99.0,96.4,97.7,89.3,96.3,99.0,96.8,88.5,0,0,0,88.5,8,Low Risk,Low Risk
91.9,95.1,99.0,93.1,91.8,88.6,97.3,92.1,0,0,0,88.6,8,Low Risk,Low Risk
93.7,92.7,88.1,96.4,90.6,99.0,98.0,89.9,0,0,0,88.1,8,Low Risk,Low Risk
92.1,90.3,86.8,94.1,89.0,94.2,90.5,89.7,0,0,0,86.8,8,Low Risk,Low Risk
78.5,86.8,83.3,89.1,84.3,83.6,81.5,85.7,0,0,0,78.5,8,Low Risk,Low Risk
88.7,79.9,86.3,85.6,85.1,81.7,81.8,81.1,0,0,0,79.9,8,Low Risk,Low Risk
82.2,79.7,85.6,83.6,84.0,82.3,83.6,82.4,0,0,0,79.7,8,Moderate Risk,Moderate Risk
91.5,90.6,89.1,90.9,98.4,90.2,84.3,94.1,0,0,0,84.3,8,Low Risk,Low Risk
93.3,93.9,98.3,95.0,88.0,88.5,85.9,99.0,0,0,0,85.9,8,Low Risk,Low Risk
92.9,90.8,93.8,91.5,95.7,95.8,90.5,87.2,0,0,0,87.2,8,Low Risk,Low Risk
92.3,90.0,89.4,88.0,90.3,87.2,87.5,82.2,0,0,0,82.2,8,Low Risk,Low Risk
91.7,99.0,90.8,88.8,91.3,97.4,90.3,80.9,0,0,0,80.9,8,Low Risk,Low Risk
85.1,98.8,95.8,85.9,86.0,90.0,86.0,88.9,0,0,0,85.1,8,Low Risk,Low Risk
76.1,78.6,77.6,83.2,71.6,79.9,76.2,72.4,2,0,2,71.6,8,High Risk,High Risk
75.1,71.9,72.7,83.6,76.5,76.8,73.6,77.4,3,1,2,71.9,8,High Risk,High Risk
71.8,68.5,74.2,74.9,80.3,75.8,75.1,77.8,4,2,2,68.5,8,High Risk,High Risk
78.4,77.5,73.8,85.2,80.4,72.1,76.6,72.2,3,0,3,72.1,8,High Risk,High Risk
81.0,82.1,81.4,72.3,77.5,79.1,75.4,71.9,2,0,2,71.9,8,High Risk,High Risk
77.5,76.8,81.2,78.3,75.8,78.4,73.3,80.0,1,0,1,73.3,8,Moderate Risk,Moderate Risk
93.5,95.2,97.8,98.2,87.5,86.7,93.1,93.5,0,0,0,86.7,8,Low Risk,Low Risk
99.0,92.0,96.9,95.9,99.0,90.9,94.7,87.0,0,0,0,87.0,8,Low Risk,Low Risk
84.4,85.5,95.0,91.7,86.0,95.9,85.7,90.9,0,0,0,84.4,8,Low Risk,Low Risk
86.3,95.4,87.4,89.3,88.4,91.0,87.9,89.1,0,0,0,86.3,8,Low Risk,Low Risk
91.1,86.9,94.0,87.0,89.9,84.7,94.6,90.0,0,0,0,84.7,8,Low Risk,Low Risk
86.4,88.8,92.1,83.0,83.4,86.6,85.4,88.4,0,0,0,83.0,8,Low Risk,Low Risk
69.9,70.2,73.9,74.5,73.0,76.8,71.1,68.7,7,2,5,68.7,8,High Risk,High Risk
77.3,69.0,77.4,73.4,72.8,68.5,72.1,71.0,6,1,5,68.5,8,High Risk,High Risk
77.4,79.2,73.5,78.9,74.9,75.3,73.4,72.0,4,0,4,72.0,8,High Risk,High Risk
70.3,67.8,69.9,72.4,64.7,68.8,66.9,71.8,8,2,6,64.7,8,High Risk,High Risk
81.3,77.0,66.7,71.5,69.8,72.2,72.2,74.0,6,0,6,66.7,8,High Risk,High Risk
80.3,80.4,71.9,73.8,72.0,74.5,63.5,69.5,6,0,6,63.5,8,High Risk,High Risk
75.4,82.5,78.1,89.1,82.5,83.0,81.8,85.1,0,0,0,75.4,8,Moderate Risk,Moderate Risk
84.8,86.6,76.9,74.0,81.5,82.7,81.4,80.6,1,0,1,74.0,8,Moderate Risk,Moderate Risk
83.1,84.2,78.6,80.2,79.0,79.0,82.7,82.8,0,0,0,78.6,8,Moderate Risk,Moderate Risk
92.6,84.5,93.2,97.7,99.0,90.9,92.6,93.6,0,0,0,84.5,8,Low Risk,Low Risk
99.0,90.9,88.7,90.1,88.2,92.9,85.0,91.9,0,0,0,85.0,8,Low Risk,Low Risk
94.7,97.5,90.8,92.8,82.8,90.9,92.8,93.1,0,0,0,82.8,8,Low Risk,Low Risk
88.4,86.1,92.3,91.7,86.2,98.2,84.5,91.2,0,0,0,84.5,8,Low Risk,Low Risk
90.7,84.2,87.8,94.5,84.3,88.9,88.7,87.2,0,0,0,84.2,8,Low Risk,Low Risk
88.1,92.2,89.2,87.6,88.8,83.6,93.3,86.0,0,0,0,83.6,8,Low Risk,Low Risk
87.9,91.8,83.4,88.3,90.4,89.7,78.8,86.8,0,0,0,78.8,8,Low Risk,Low Risk
86.9,92.8,83.7,88.8,87.3,97.8,91.8,91.5,0,0,0,83.7,8,Low Risk,Low Risk
88.0,87.5,89.5,76.8,87.3,88.2,86.7,81.5,0,0,0,76.8,8,Low Risk,Low Risk
87.6,84.9,79.1,80.5,82.0,81.4,78.3,82.9,0,0,0,78.3,8,Moderate Risk,Moderate Risk
88.3,80.4,79.8,81.5,83.0,84.1,84.9,84.8,0,0,0,79.8,8,Moderate Risk,Moderate Risk
79.3,78.1,88.8,85.0,83.9,84.8,83.7,84.8,0,0,0,78.1,8,Low Risk,Low Risk
88.1,81.6,77.7,83.7,80.2,88.6,86.8,77.8,0,0,0,77.7,8,Moderate Risk,Moderate Risk
78.9,83.1,86.1,82.4,80.7,74.3,80.1,84.8,1,0,1,74.3,8,Moderate Risk,Moderate Risk
78.8,85.0,80.7,79.5,73.6,87.6,82.7,86.9,1,0,1,73.6,8,Moderate Risk,Moderate Risk
94.1,87.8,93.4,88.8,92.9,92.5,91.4,88.4,0,0,0,87.8,8,Low Risk,Low Risk
94.0,92.4,92.4,86.8,94.5,82.4,88.9,87.2,0,0,0,82.4,8,Low Risk,Low Risk
87.4,99.0,84.6,85.2,84.8,89.5,92.6,90.8,0,0,0,84.6,8,Low Risk,Low Risk
64.0,78.0,71.2,66.6,70.1,73.1,70.1,65.0,7,1,6,64.0,8,High Risk,High Risk
71.7,77.4,74.1,65.8,70.9,79.5,71.5,72.5,6,1,5,65.8,8,High Risk,High Risk
80.4,82.8,67.7,70.7,76.5,65.5,77.5,76.9,3,0,3,65.5,8,High Risk,High Risk
96.6,88.0,87.6,90.8,96.7,93.3,93.2,94.5,0,0,0,87.6,8,Low Risk,Low Risk
91.7,92.7,93.4,89.2,91.0,-1.0,88.5,90.7,0,0,0,88.5,7,Low Risk,Low Risk
95.5,92.0,94.8,88.7,95.2,94.9,87.2,93.2,0,0,0,87.2,8,Low Risk,Low Risk
85.3,92.0,88.7,86.8,85.1,92.3,84.7,82.6,0,0,0,82.6,8,Low Risk,Low Risk
92.1,93.9,86.5,87.0,97.1,86.8,85.8,87.8,0,0,0,85.8,8,Low Risk,Low Risk
86.8,86.9,90.2,85.1,83.2,94.8,86.4,86.6,0,0,0,83.2,8,Low Risk,Low Risk
82.7,80.9,88.1,82.6,78.5,87.1,80.4,86.5,0,0,0,78.5,8,Moderate Risk,Moderate Risk
87.8,83.4,86.3,79.8,84.5,83.2,84.1,90.9,0,0,0,79.8,8,Low Risk,Low Risk
86.4,79.9,82.2,77.4,78.4,79.8,83.1,78.5,0,0,0,77.4,8,Moderate Risk,Moderate Risk
61.6,69.6,66.5,68.2,77.5,69.3,66.5,72.5,7,2,5,61.6,8,High Risk,High Risk
79.5,72.9,71.4,72.8,68.8,70.4,72.3,66.8,7,1,6,66.8,8,High Risk,High Risk
82.7,78.2,67.8,70.6,75.7,70.1,68.6,67.4,5,0,5,67.4,8,High Risk,High Risk
75.8,78.6,79.2,79.5,74.5,79.3,75.9,80.9,1,0,1,74.5,8,Moderate Risk,Moderate Risk
78.2,79.0,83.5,76.7,72.9,72.1,80.7,79.0,2,0,2,72.1,8,High Risk,High Risk
73.3,70.8,75.3,73.0,72.9,84.1,69.6,80.0,5,2,3,69.6,8,High Risk,High Risk
95.8,94.4,98.0,86.4,99.0,95.7,95.9,84.7,0,0,0,84.7,8,Low Risk,Low Risk
96.1,90.2,97.1,96.2,95.7,93.1,98.0,91.0,0,0,0,90.2,8,Low Risk,Low Risk
96.3,95.3,95.0,93.8,92.5,96.4,91.6,99.0,0,0,0,91.6,8,Low Risk,Low Risk
73.1,75.9,77.3,80.6,74.4,74.6,69.8,78.6,4,1,3,69.8,8,High Risk,High Risk
77.3,77.9,70.5,71.9,71.3,81.0,73.2,73.8,5,0,5,70.5,8,High Risk,High Risk
75.8,70.3,82.4,76.3,80.4,77.5,76.1,72.3,2,1,1,70.3,8,High Risk,High Risk
91.4,87.4,86.0,85.4,87.5,95.5,95.5,93.4,0,0,0,85.4,8,Low Risk,Low Risk
86.3,88.2,85.3,85.5,87.8,90.4,90.3,87.1,0,0,0,85.3,8,Low Risk,Low Risk
92.1,87.8,97.2,89.8,92.3,85.1,90.4,91.9,0,0,0,85.1,8,Low Risk,Low Risk
85.4,90.4,96.4,85.6,87.3,87.2,90.9,82.9,0,0,0,82.9,8,Low Risk,Low Risk
91.0,90.2,94.0,88.6,94.2,92.5,85.7,93.9,0,0,0,85.7,8,Low Risk,Low Risk
94.3,87.1,86.5,88.8,86.4,96.6,85.8,88.9,0,0,0,85.8,8,Low Risk,Low Risk
85.0,85.2,86.6,81.3,80.3,75.1,78.9,83.0,0,0,0,75.1,8,Moderate Risk,Moderate Risk
82.1,87.1,82.5,78.4,87.6,79.8,88.3,81.7,0,0,0,78.4,8,Moderate Risk,Moderate Risk
76.8,78.0,81.4,82.2,92.8,79.3,77.8,-1.0,0,0,0,76.8,7,Moderate Risk,Moderate Risk
89.7,79.9,80.1,80.0,79.8,74.9,82.3,82.6,1,0,1,74.9,8,Moderate Risk,Moderate Risk
84.7,76.5,88.6,77.1,77.5,82.6,83.8,84.8,0,0,0,76.5,8,Moderate Risk,Moderate Risk
83.0,81.4,83.7,82.1,79.9,80.5,74.8,85.0,1,0,1,74.8,8,Moderate Risk,Moderate Risk
88.0,83.0,90.4,82.2,83.6,78.0,80.7,81.1,0,0,0,78.0,8,Moderate Risk,Moderate Risk
82.9,82.8,81.6,79.8,78.8,85.5,80.2,82.6,0,0,0,78.8,8,Moderate Risk,Moderate Risk
74.0,82.7,77.9,82.9,80.8,75.8,82.7,82.2,1,1,0,74.0,8,Moderate Risk,Moderate Risk
79.9,85.0,79.3,77.1,75.5,79.5,76.6,85.0,0,0,0,75.5,8,Moderate Risk,Moderate Risk
82.3,84.6,82.9,83.7,79.3,79.4,87.3,86.1,0,0,0,79.3,8,Moderate Risk,Moderate Risk
83.4,75.5,80.0,85.3,82.4,79.4,85.4,81.0,0,0,0,75.5,8,Moderate Risk,Moderate Risk
78.5,81.6,86.0,80.5,76.0,77.5,77.8,79.2,0,0,0,76.0,8,Moderate Risk,Moderate Risk
79.2,85.0,76.9,79.6,81.4,84.0,85.3,78.9,0,0,0,76.9,8,Moderate Risk,Moderate Risk
83.5,75.1,82.9,85.3,84.3,74.7,79.3,83.7,1,0,1,74.7,8,Moderate Risk,Moderate Risk
94.1,92.4,96.7,91.7,91.7,85.0,93.7,96.2,0,0,0,85.0,8,Low Risk,Low Risk
92.9,93.7,99.0,95.0,97.4,89.2,89.2,90.5,0,0,0,89.2,8,Low Risk,Low Risk
94.9,94.6,96.2,93.1,86.2,89.9,90.6,91.9,0,0,0,86.2,8,Low Risk,Low Risk
81.1,81.6,83.6,81.2,79.5,76.2,79.6,85.1,0,0,0,76.2,8,Moderate Risk,Moderate Risk
75.0,85.1,81.9,76.8,70.1,78.2,80.1,77.5,1,0,1,70.1,8,Moderate Risk,Moderate Risk
81.1,81.2,84.2,84.0,78.1,80.3,79.3,80.8,0,0,0,78.1,8,Moderate Risk,Moderate Risk
66.5,60.0,72.6,67.2,60.0,61.7,72.0,61.7,8,2,6,60.0,8,High Risk,High Risk
73.9,71.7,67.6,60.9,71.3,68.5,69.5,60.0,8,2,6,60.0,8,High Risk,High Risk
77.9,77.0,61.8,71.6,69.7,69.7,72.6,69.6,6,0,6,61.8,8,High Risk,High Risk
80.6,87.2,86.6,78.4,82.9,88.7,82.2,81.1,0,0,0,78.4,8,Moderate Risk,Moderate Risk
87.7,80.7,79.9,85.7,83.1,83.1,75.4,81.3,0,0,0,75.4,8,Moderate Risk,Moderate Risk
85.6,83.9,80.9,87.8,81.4,81.7,81.9,83.0,0,0,0,80.9,8,Moderate Risk,Moderate Risk
65.8,63.1,68.8,70.5,72.4,67.1,66.0,63.3,8,2,6,63.1,8,High Risk,High Risk
81.3,75.8,69.0,67.0,73.1,73.0,68.7,74.6,6,0,6,67.0,8,High Risk,High Risk
77.7,73.7,60.9,65.9,65.3,66.6,70.3,71.2,7,1,6,60.9,8,High Risk,High Risk
93.3,90.0,88.0,87.3,88.6,91.3,91.1,81.2,0,0,0,81.2,8,Low Risk,Low Risk
95.1,78.8,86.9,81.1,-1.0,90.7,84.9,78.0,0,0,0,78.0,7,Low Risk,Low Risk
82.3,91.2,95.2,86.7,94.2,84.4,92.4,91.5,0,0,0,82.3,8,Low Risk,Low Risk
71.4,70.7,78.1,74.0,70.8,73.5,80.7,75.3,5,2,3,70.7,8,High Risk,High Risk
76.7,79.2,76.2,72.9,74.2,73.9,64.9,61.3,5,0,5,61.3,8,High Risk,High Risk
82.8,86.9,75.8,75.1,72.5,73.1,75.9,70.0,3,0,3,70.0,8,High Risk,High Risk
88.2,99.0,88.6,91.6,90.2,90.4,87.2,94.3,0,0,0,87.2,8,Low Risk,Low Risk
87.7,97.4,95.8,82.6,93.3,82.7,90.1,85.6,0,0,0,82.6,8,Low Risk,Low Risk
95.7,90.8,90.4,84.5,86.3,93.8,91.6,90.6,0,0,0,84.5,8,Low Risk,Low Risk
96.1,89.8,99.0,98.7,92.7,95.5,89.9,86.2,0,0,0,86.2,8,Low Risk,Low Risk
97.5,96.5,93.3,91.7,94.8,92.1,89.5,85.3,0,0,0,85.3,8,Low Risk,Low Risk
99.0,92.1,93.6,92.3,93.5,87.4,90.8,94.2,0,0,0,87.4,8,Low Risk,Low Risk
60.0,63.9,62.6,60.0,65.9,67.0,70.2,62.0,8,2,6,60.0,8,High Risk,High Risk
63.3,73.9,71.0,68.7,73.0,68.5,73.3,67.4,8,2,6,63.3,8,High Risk,High Risk
82.2,79.0,60.7,65.9,75.3,62.8,68.7,61.9,5,0,5,60.7,8,High Risk,High Risk
83.6,84.2,87.0,78.7,79.3,84.9,87.7,80.1,0,0,0,78.7,8,Moderate Risk,Moderate Risk
78.1,81.6,78.8,83.9,78.3,86.1,83.2,86.2,0,0,0,78.1,8,Moderate Risk,Moderate Risk
87.8,80.1,77.1,81.6,83.3,81.8,84.2,83.6,0,0,0,77.1,8,Moderate Risk,Moderate Risk
75.7,78.8,82.0,76.8,77.0,73.8,68.1,77.6,2,0,2,68.1,8,High Risk,High Risk
80.8,87.4,82.4,73.5,83.0,85.5,72.3,81.5,2,0,2,72.3,8,High Risk,High Risk
85.0,78.8,78.8,76.8,80.3,79.3,76.0,80.0,0,0,0,76.0,8,Moderate Risk,Moderate Risk
75.9,79.3,74.9,80.9,72.0,78.2,77.7,81.4,2,0,2,72.0,8,High Risk,High Risk
69.3,74.5,79.6,77.2,77.9,71.9,77.2,77.7,3,2,1,69.3,8,High Risk,High Risk
79.9,71.5,77.9,84.5,81.8,79.5,78.6,77.1,1,1,0,71.5,8,Moderate Risk,Moderate Risk
81.1,82.4,74.3,90.8,80.7,84.7,80.7,80.6,1,0,1,74.3,8,Moderate Risk,Moderate Risk
78.2,83.4,84.6,79.6,83.8,86.1,76.8,84.3,0,0,0,76.8,8,Moderate Risk,Moderate Risk
83.8,80.2,80.4,89.9,80.9,84.5,81.4,86.4,0,0,0,80.2,8,Moderate Risk,Moderate Risk
81.6,78.2,74.8,81.4,81.8,82.1,76.8,82.1,1,0,1,74.8,8,Moderate Risk,Moderate Risk
81.8,82.8,84.8,76.7,78.7,81.3,88.3,76.0,0,0,0,76.0,8,Moderate Risk,Moderate Risk
81.2,85.9,89.5,82.2,85.0,77.1,78.6,75.4,0,0,0,75.4,8,Moderate Risk,Moderate Risk
79.8,86.7,85.9,83.4,84.4,83.8,78.0,77.1,0,0,0,77.1,8,Moderate Risk,Moderate Risk
83.4,81.8,74.6,73.7,84.5,79.2,80.8,79.6,2,0,2,73.7,8,High Risk,High Risk
85.3,83.5,84.1,81.8,86.9,84.8,85.3,78.1,0,0,0,78.1,8,Low Risk,Low Risk
92.9,92.0,98.9,94.4,89.1,84.8,82.4,87.2,0,0,0,82.4,8,Low Risk,Low Risk
88.0,94.4,91.4,91.2,87.5,91.7,85.7,90.8,0,0,0,85.7,8,Low Risk,Low Risk
94.8,85.6,84.1,92.3,95.1,90.2,99.0,85.6,0,0,0,84.1,8,Low Risk,Low Risk
71.1,69.2,72.8,71.8,71.8,71.6,69.2,68.8,8,2,6,68.8,8,High Risk,High Risk
66.5,76.7,71.0,67.2,78.3,77.4,68.8,71.1,5,1,4,66.5,8,High Risk,High Risk
70.7,74.1,66.6,79.2,69.4,69.8,70.1,69.8,7,2,5,66.6,8,High Risk,High Risk
92.3,91.2,95.7,89.1,92.6,91.9,99.0,87.8,0,0,0,87.8,8,Low Risk,Low Risk
87.2,90.9,89.6,89.1,88.5,96.2,92.3,96.6,0,0,0,87.2,8,Low Risk,Low Risk
92.5,99.0,96.3,89.5,94.9,92.6,91.7,92.9,0,0,0,89.5,8,Low Risk,Low Risk
88.1,81.0,86.3,83.5,77.5,71.0,78.7,80.3,1,0,1,71.0,8,Moderate Risk,Moderate Risk
84.4,88.2,82.6,83.4,80.4,82.8,85.7,77.3,0,0,0,77.3,8,Moderate Risk,Moderate Risk
87.4,88.1,88.2,89.8,84.6,92.9,90.5,78.9,0,0,0,78.9,8,Low Risk,Low Risk
93.8,99.0,93.1,93.0,90.6,97.1,84.3,83.3,0,0,0,83.3,8,Low Risk,Low Risk
81.4,91.1,90.1,92.7,91.5,83.0,85.8,86.8,0,0,0,81.4,8,Low Risk,Low Risk
88.8,91.7,86.7,97.7,92.1,92.9,-1.0,93.7,0,0,0,86.7,7,Low Risk,Low Risk
91.0,87.9,96.9,88.9,93.3,98.6,86.4,91.5,0,0,0,86.4,8,Low Risk,Low Risk
93.8,99.0,92.8,93.2,97.9,95.4,96.7,88.2,0,0,0,88.2,8,Low Risk,Low Risk
91.7,95.4,93.9,98.8,93.1,88.7,87.8,91.5,0,0,0,87.8,8,Low Risk,Low Risk
77.2,83.6,81.0,78.7,90.8,86.5,83.2,84.3,0,0,0,77.2,8,Moderate Risk,Moderate Risk
89.1,85.7,94.1,86.7,86.8,88.6,94.3,77.4,0,0,0,77.4,8,Low Risk,Low Risk
94.5,86.5,97.7,95.3,92.7,87.5,88.3,85.8,0,0,0,85.8,8,Low Risk,Low Risk
90.2,90.5,95.1,90.1,84.1,92.0,86.7,87.3,0,0,0,84.1,8,Low Risk,Low Risk
94.8,88.3,95.4,87.8,92.5,87.9,85.3,94.5,0,0,0,85.3,8,Low Risk,Low Risk
83.4,93.0,94.5,88.6,83.4,87.2,86.0,83.3,0,0,0,83.3,8,Low Risk,Low Risk
85.9,90.7,88.8,87.7,81.9,83.3,83.4,86.3,0,0,0,81.9,8,Low Risk,Low Risk
84.0,87.7,87.8,84.9,86.1,89.1,83.5,84.9,0,0,0,83.5,8,Low Risk,Low Risk
92.3,92.9,82.9,87.3,84.3,81.6,83.2,85.0,0,0,0,81.6,8,Low Risk,Low Risk
93.6,92.0,85.6,93.2,84.8,93.4,96.9,85.4,0,0,0,84.8,8,Low Risk,Low Risk
85.7,89.1,93.9,91.8,84.3,90.4,93.4,94.1,0,0,0,84.3,8,Low Risk,Low Risk
97.7,96.9,96.6,90.7,89.9,91.3,87.4,94.5,0,0,0,87.4,8,Low Risk,Low Risk
94.8,91.8,92.9,90.6,93.8,87.8,91.2,98.0,0,0,0,87.8,8,Low Risk,Low Risk
93.3,86.1,93.2,98.1,87.4,86.3,89.4,95.4,0,0,0,86.1,8,Low Risk,Low Risk
89.7,94.5,99.0,90.7,92.4,92.8,86.0,95.7,0,0,0,86.0,8,Low Risk,Low Risk
67.7,65.5,67.2,69.6,68.8,67.7,69.0,68.5,8,2,6,65.5,8,High Risk,High Risk
63.6,69.3,73.7,66.4,65.2,66.1,67.6,68.9,8,2,6,63.6,8,High Risk,High Risk
69.4,69.4,72.3,75.0,69.0,66.6,60.5,64.2,7,2,5,60.5,8,High Risk,High Risk
91.0,92.7,85.5,80.8,82.8,88.5,79.2,88.1,0,0,0,79.2,8,Low Risk,Low Risk
91.3,92.0,82.5,89.7,88.7,88.5,80.6,92.0,0,0,0,80.6,8,Low Risk,Low Risk
93.6,88.6,94.5,98.3,92.4,90.4,90.0,92.7,0,0,0,88.6,8,Low Risk,Low Risk
93.0,93.6,89.5,92.6,84.2,81.1,85.7,91.3,0,0,0,81.1,8,Low Risk,Low Risk
82.3,91.6,83.6,88.8,85.5,83.8,83.0,87.5,0,0,0,82.3,8,Low Risk,Low Risk
90.3,91.1,92.7,87.4,82.8,88.5,89.2,86.1,0,0,0,82.8,8,Low Risk,Low Risk
89.1,88.2,90.0,90.9,86.7,99.0,85.8,92.7,0,0,0,85.8,8,Low Risk,Low Risk
95.3,83.6,91.6,84.8,85.8,85.7,83.8,81.2,0,0,0,81.2,8,Low Risk,Low Risk
88.6,92.6,91.7,86.5,99.0,91.4,96.8,85.9,0,0,0,85.9,8,Low Risk,Low Risk
75.7,83.2,77.3,84.7,74.4,80.8,74.2,79.4,2,0,2,74.2,8,High Risk,High Risk
85.7,85.7,88.7,80.3,90.1,84.6,80.9,84.9,0,0,0,80.3,8,Low Risk,Low Risk
90.9,86.1,90.0,86.2,80.7,87.7,87.5,85.9,0,0,0,80.7,8,Low Risk,Low Risk
94.8,99.0,99.0,86.4,98.9,94.3,95.1,99.0,0,0,0,86.4,8,Low Risk,Low Risk
99.0,93.3,91.0,99.0,87.5,95.8,98.1,95.7,0,0,0,87.5,8,Low Risk,Low Risk
97.7,93.2,94.1,94.3,88.3,96.4,84.8,95.6,0,0,0,84.8,8,Low Risk,Low Risk
63.0,67.6,68.6,70.3,65.7,70.0,72.9,71.5,8,2,6,63.0,8,High Risk,High Risk
67.9,61.8,66.5,71.2,73.9,63.6,69.8,69.2,8,2,6,61.8,8,High Risk,High Risk
75.4,67.2,66.1,65.8,67.5,72.2,72.7,72.0,7,1,6,65.8,8,High Risk,High Risk
82.9,77.8,85.6,79.1,82.6,82.3,86.1,78.2,0,0,0,77.8,8,Moderate Risk,Moderate Risk
93.4,84.2,78.8,80.9,84.8,85.3,91.4,83.8,0,0,0,78.8,8,Low Risk,Low Risk
87.1,86.7,93.1,93.1,89.8,93.1,82.9,82.4,0,0,0,82.4,8,Low Risk,Low Risk
69.1,67.1,72.7,65.2,60.0,70.7,62.3,74.1,8,2,6,60.0,8,High Risk,High Risk
69.4,69.6,72.9,64.1,71.2,68.0,65.7,69.3,8,2,6,64.1,8,High Risk,High Risk
65.9,70.8,64.4,67.7,68.3,65.1,69.8,66.4,8,2,6,64.4,8,High Risk,High Risk
84.7,83.8,83.1,71.0,81.5,84.9,82.9,82.3,1,0,1,71.0,8,Moderate Risk,Moderate Risk
87.6,80.5,88.7,89.4,86.1,83.5,79.0,97.5,0,0,0,79.0,8,Low Risk,Low Risk
91.6,93.4,81.7,94.0,88.8,82.7,91.4,92.0,0,0,0,81.7,8,Low Risk,Low Risk
96.9,93.2,98.1,96.0,99.0,95.6,92.6,89.8,0,0,0,89.8,8,Low Risk,Low Risk
99.0,93.2,98.3,94.2,97.6,98.2,86.3,98.8,0,0,0,86.3,8,Low Risk,Low Risk
94.6,96.7,95.4,91.3,92.2,91.0,99.0,95.1,0,0,0,91.0,8,Low Risk,Low Risk
81.7,79.0,79.3,82.4,82.5,75.7,81.9,82.9,0,0,0,75.7,8,Moderate Risk,Moderate Risk
91.0,88.4,79.1,87.9,81.1,88.7,84.5,86.4,0,0,0,79.1,8,Low Risk,Low Risk
97.2,82.4,96.1,87.6,96.0,87.8,92.9,92.1,0,0,0,82.4,8,Low Risk,Low Risk
89.2,88.0,81.4,84.1,89.3,86.2,80.3,81.1,0,0,0,80.3,8,Low Risk,Low Risk
89.1,88.5,89.9,89.0,86.4,90.2,86.1,91.1,0,0,0,86.1,8,Low Risk,Low Risk
99.0,88.0,92.3,86.8,94.1,90.7,97.6,94.1,0,0,0,86.8,8,Low Risk,Low Risk
87.6,92.6,96.8,95.6,88.0,97.9,88.9,86.5,0,0,0,86.5,8,Low Risk,Low Risk
92.9,90.7,89.2,87.1,86.2,86.9,94.2,97.2,0,0,0,86.2,8,Low Risk,Low Risk
89.8,89.1,94.5,89.4,91.9,97.7,91.1,99.0,0,0,0,89.1,8,Low Risk,Low Risk
99.0,96.9,88.5,96.4,97.4,93.7,95.4,92.8,0,0,0,88.5,8,Low Risk,Low Risk
99.0,90.5,93.8,88.6,99.0,97.9,87.0,94.4,0,0,0,87.0,8,Low Risk,Low Risk
99.0,99.0,96.7,92.2,92.2,94.8,92.9,94.6,0,0,0,92.2,8,Low Risk,Low Risk
89.4,91.0,86.6,90.1,87.7,90.9,80.9,83.0,0,0,0,80.9,8,Low Risk,Low Risk
98.5,82.6,86.9,85.8,87.0,92.6,89.4,80.0,0,0,0,80.0,8,Low Risk,Low Risk
90.4,83.3,86.4,87.8,89.8,79.3,83.1,90.2,0,0,0,79.3,8,Low Risk,Low Risk
83.2,76.7,84.6,77.1,84.6,80.2,83.2,78.2,0,0,0,76.7,8,Moderate Risk,Moderate Risk
78.9,82.5,-1.0,92.4,79.3,80.1,85.3,79.7,0,0,0,78.9,7,Moderate Risk,Moderate Risk
88.6,94.2,91.9,90.3,85.3,83.0,87.8,92.9,0,0,0,83.0,8,Low Risk,Low Risk
94.2,91.0,89.0,93.1,90.7,83.8,76.7,83.9,0,0,0,76.7,8,Low Risk,Low Risk
83.7,92.5,93.4,94.3,92.6,94.1,90.8,90.7,0,0,0,83.7,8,Low Risk,Low Risk
85.0,89.5,93.1,94.3,87.2,92.6,88.2,92.7,0,0,0,85.0,8,Low Risk,Low Risk
74.0,72.3,79.5,71.5,83.8,83.7,81.8,77.8,3,2,1,71.5,8,High Risk,High Risk
83.1,83.1,80.1,78.7,87.5,84.2,82.3,81.1,0,0,0,78.7,8,Moderate Risk,Moderate Risk
92.8,89.5,86.6,82.8,86.6,83.6,89.3,86.6,0,0,0,82.8,8,Low Risk,Low Risk
90.4,90.4,92.1,97.0,91.0,96.1,90.7,95.9,0,0,0,90.4,8,Low Risk,Low Risk
87.5,87.0,97.4,95.4,99.0,85.7,93.2,87.5,0,0,0,85.7,8,Low Risk,Low Risk
94.5,90.5,93.4,94.5,95.7,94.0,93.1,90.8,0,0,0,90.5,8,Low Risk,Low Risk
75.0,77.5,77.2,75.5,78.2,69.3,71.7,81.6,2,0,2,69.3,8,High Risk,High Risk
81.6,84.5,86.0,80.9,81.8,82.4,86.5,84.4,0,0,0,80.9,8,Low Risk,Low Risk
89.9,91.1,-1.0,83.6,87.8,88.8,94.4,80.1,0,0,0,80.1,7,Low Risk,Low Risk
87.4,94.2,89.7,87.0,82.9,87.5,85.8,87.7,0,0,0,82.9,8,Low Risk,Low Risk
89.3,90.8,86.5,91.1,83.4,86.0,91.5,85.0,0,0,0,83.4,8,Low Risk,Low Risk
94.1,80.2,88.8,84.4,86.2,85.5,90.5,87.0,0,0,0,80.2,8,Low Risk,Low Risk
77.3,75.4,76.3,-1.0,75.4,82.6,76.4,82.2,0,0,0,75.4,7,Moderate Risk,Moderate Risk
80.8,87.4,80.1,90.4,77.7,80.9,78.3,82.7,0,0,0,77.7,8,Moderate Risk,Moderate Risk
85.6,92.2,92.7,82.8,93.3,82.5,79.8,86.6,0,0,0,79.8,8,Low Risk,Low Risk
68.5,71.6,73.7,75.7,80.5,75.5,72.5,75.5,4,2,2,68.5,8,High Risk,High Risk
67.9,73.4,66.1,71.0,84.0,72.6,78.0,79.6,5,2,3,66.1,8,High Risk,High Risk
68.1,77.3,72.1,72.7,76.3,73.5,73.6,75.7,5,1,4,68.1,8,High Risk,High Risk
76.8,77.9,69.0,72.4,77.1,81.1,75.6,74.7,3,0,3,69.0,8,High Risk,High Risk
88.5,78.9,81.2,77.1,86.1,81.5,78.1,83.5,0,0,0,77.1,8,Moderate Risk,Moderate Risk
80.1,95.1,93.5,78.6,81.7,86.4,88.9,87.9,0,0,0,78.6,8,Low Risk,Low Risk
82.2,79.6,77.8,77.2,75.4,72.9,78.1,75.1,1,0,1,72.9,8,Moderate Risk,Moderate Risk
81.3,82.7,84.1,79.5,81.4,79.7,83.8,85.4,0,0,0,79.5,8,Moderate Risk,Moderate Risk
79.9,86.5,89.8,87.4,88.8,84.5,80.1,85.8,0,0,0,79.9,8,Low Risk,Low Risk
67.9,64.1,69.7,60.0,69.5,71.5,68.3,64.3,8,2,6,60.0,8,High Risk,High Risk
69.5,62.5,71.7,72.7,68.5,64.7,73.5,68.8,8,2,6,62.5,8,High Risk,High Risk
72.8,74.4,73.1,72.1,75.5,64.8,64.7,67.2,7,2,5,64.7,8,High Risk,High Risk
78.6,82.3,76.9,81.2,76.2,78.1,78.1,80.8,0,0,0,76.2,8,Moderate Risk,Moderate Risk
85.9,85.3,81.2,87.0,92.7,85.6,75.8,85.9,0,0,0,75.8,8,Low Risk,Low Risk
96.0,-1.0,86.0,85.9,92.4,94.0,88.4,80.8,0,0,0,80.8,7,Low Risk,Low Risk
64.3,70.7,61.1,70.4,72.2,65.4,68.3,69.5,8,2,6,61.1,8,High Risk,High Risk
65.3,65.9,68.2,74.7,64.5,67.5,61.7,73.0,8,2,6,61.7,8,High Risk,High Risk
62.4,69.7,67.4,70.3,64.8,64.5,66.9,70.4,8,2,6,62.4,8,High Risk,High Risk
89.3,82.3,83.5,79.2,78.5,83.1,85.0,82.8,0,0,0,78.5,8,Moderate Risk,Moderate Risk
79.3,87.2,85.9,80.8,81.9,83.3,80.6,91.4,0,0,0,79.3,8,Low Risk,Low Risk
93.6,91.6,84.2,79.7,90.5,85.4,83.8,91.3,0,0,0,79.7,8,Low Risk,Low Risk
81.1,76.5,83.0,79.4,81.2,84.0,80.7,81.4,0,0,0,76.5,8,Moderate Risk,Moderate Risk
85.1,81.6,89.2,87.9,79.4,85.7,88.5,85.3,0,0,0,79.4,8,Low Risk,Low Risk
90.9,88.5,89.4,94.2,84.8,96.7,86.4,91.9,0,0,0,84.8,8,Low Risk,Low Risk
69.1,68.7,63.3,67.3,68.1,75.3,71.9,71.1,7,2,5,63.3,8,High Risk,High Risk
62.0,72.3,69.8,72.1,78.3,71.7,75.0,69.3,6,2,4,62.0,8,High Risk,High Risk
67.2,68.3,69.2,72.2,69.5,65.0,69.2,73.0,8,2,6,65.0,8,High Risk,High Risk
95.4,-1.0,94.5,96.0,90.1,89.4,91.9,88.3,0,0,0,88.3,7,Low Risk,Low Risk
92.3,99.0,97.5,92.4,93.1,98.0,90.5,89.1,0,0,0,89.1,8,Low Risk,Low Risk
95.6,96.9,91.1,87.4,90.5,95.0,89.3,85.4,0,0,0,85.4,8,Low Risk,Low Risk
90.1,92.0,89.1,86.0,86.4,92.4,91.1,82.6,0,0,0,82.6,8,Low Risk,Low Risk
93.8,83.2,92.1,89.8,88.8,86.5,92.8,88.7,0,0,0,83.2,8,Low Risk,Low Risk
83.5,94.3,94.6,92.4,87.7,82.9,84.3,84.5,0,0,0,82.9,8,Low Risk,Low Risk
88.4,84.7,80.5,80.8,79.5,77.8,90.2,88.9,0,0,0,77.8,8,Low Risk,Low Risk
90.8,92.5,87.6,89.5,90.2,87.8,85.3,84.1,0,0,0,84.1,8,Low Risk,Low Risk
89.3,92.1,87.3,86.4,89.5,95.1,80.5,89.2,0,0,0,80.5,8,Low Risk,Low Risk
69.1,74.6,70.6,67.4,72.6,73.2,70.8,71.1,8,2,6,67.4,8,High Risk,High Risk
72.7,74.9,65.6,71.3,70.1,73.1,71.7,69.8,8,2,6,65.6,8,High Risk,High Risk
70.9,70.7,68.8,76.5,63.4,67.2,73.8,68.0,7,2,5,63.4,8,High Risk,High Risk
81.4,83.2,76.2,82.0,76.9,80.7,83.5,75.5,0,0,0,75.5,8,Moderate Risk,Moderate Risk
73.5,78.7,84.1,84.1,82.7,83.9,82.7,82.7,1,1,0,73.5,8,Moderate Risk,Moderate Risk
88.1,87.7,-1.0,84.1,92.4,88.5,90.5,96.1,0,0,0,84.1,7,Low Risk,Low Risk
79.7,71.1,80.8,75.7,79.2,81.1,81.1,77.7,1,1,0,71.1,8,Moderate Risk,Moderate Risk
75.0,80.7,82.7,84.7,80.1,81.9,76.4,76.6,0,0,0,75.0,8,Moderate Risk,Moderate Risk
90.0,88.2,89.7,88.9,88.6,89.5,85.4,93.6,0,0,0,85.4,8,Low Risk,Low Risk
76.9,69.0,73.5,64.3,68.5,72.7,65.6,69.5,7,1,6,64.3,8,High Risk,High Risk
67.2,71.9,67.3,72.1,62.2,66.9,78.5,72.0,7,2,5,62.2,8,High Risk,High Risk
75.3,71.9,69.9,69.9,72.6,64.7,62.4,72.5,7,1,6,62.4,8,High Risk,High Risk
93.5,96.0,92.9,89.4,93.0,93.2,86.3,90.5,0,0,0,86.3,8,Low Risk,Low Risk
99.0,95.2,99.0,91.5,90.0,90.6,91.2,91.9,0,0,0,90.0,8,Low Risk,Low Risk
91.0,97.7,86.6,91.2,84.9,92.3,89.1,83.7,0,0,0,83.7,8,Low Risk,Low Risk
76.6,82.7,83.1,84.3,89.2,77.5,80.9,78.1,0,0,0,76.6,8,Moderate Risk,Moderate Risk
84.2,77.7,81.4,81.5,84.9,77.4,92.2,81.2,0,0,0,77.4,8,Moderate Risk,Moderate Risk
82.9,86.1,82.2,90.9,90.2,88.8,93.2,90.5,0,0,0,82.2,8,Low Risk,Low Risk
96.0,94.3,90.5,90.2,91.9,90.7,94.1,86.9,0,0,0,86.9,8,Low Risk,Low Risk
91.0,95.2,92.8,83.8,88.5,82.1,87.8,88.0,0,0,0,82.1,8,Low Risk,Low Risk
91.7,98.8,99.0,86.9,94.2,91.9,83.8,87.4,0,0,0,83.8,8,Low Risk,Low Risk
64.7,63.8,74.7,66.6,74.2,80.9,73.0,75.0,6,2,4,63.8,8,High Risk,High Risk
63.5,70.3,74.1,68.6,67.7,69.8,67.1,71.1,8,2,6,63.5,8,High Risk,High Risk
61.4,72.1,68.1,78.3,70.0,71.0,68.8,71.4,7,2,5,61.4,8,High Risk,High Risk
99.0,97.2,90.1,84.3,99.0,92.6,91.1,91.4,0,0,0,84.3,8,Low Risk,Low Risk
99.0,95.4,89.7,96.9,97.7,90.9,93.3,93.8,0,0,0,89.7,8,Low Risk,Low Risk
95.5,95.4,93.8,89.9,86.9,94.0,95.5,93.5,0,0,0,86.9,8,Low Risk,Low Risk
85.1,82.2,80.1,72.6,83.2,78.1,79.5,74.4,2,0,2,72.6,8,High Risk,High Risk
90.9,76.2,86.3,83.3,82.2,86.7,84.4,81.3,0,0,0,76.2,8,Low Risk,Low Risk
87.4,90.7,91.9,88.4,94.1,84.8,91.2,81.5,0,0,0,81.5,8,Low Risk,Low Risk
74.4,76.6,77.0,70.7,76.0,-1.0,73.9,79.5,3,1,2,70.7,7,High Risk,High Risk
75.7,79.3,81.9,78.2,80.7,76.9,79.7,78.2,0,0,0,75.7,8,Moderate Risk,Moderate Risk
85.1,87.9,86.0,79.9,83.0,80.9,91.5,83.4,0,0,0,79.9,8,Low Risk,Low Risk
88.8,87.8,93.2,85.4,87.5,94.2,82.6,86.0,0,0,0,82.6,8,Low Risk,Low Risk
92.5,84.1,89.9,86.6,96.4,90.8,87.6,88.8,0,0,0,84.1,8,Low Risk,Low Risk
85.8,94.3,83.7,88.5,84.6,87.9,91.5,81.2,0,0,0,81.2,8,Low Risk,Low Risk
82.8,84.7,80.0,83.3,85.2,76.4,85.4,79.8,0,0,0,76.4,8,Moderate Risk,Moderate Risk
89.7,90.0,80.2,87.9,82.3,87.8,83.9,84.1,0,0,0,80.2,8,Low Risk,Low Risk
95.1,84.0,87.8,84.9,98.0,90.5,93.3,89.6,0,0,0,84.0,8,Low Risk,Low Risk
88.1,82.3,82.7,78.9,82.0,90.4,86.0,79.1,0,0,0,78.9,8,Low Risk,Low Risk
80.9,79.6,88.6,89.5,88.6,88.8,91.0,84.1,0,0,0,79.6,8,Low Risk,Low Risk
85.1,93.5,92.0,92.6,90.4,91.5,92.9,97.2,0,0,0,85.1,8,Low Risk,Low Risk
78.2,80.0,81.4,79.7,76.1,81.6,74.0,80.3,1,0,1,74.0,8,Moderate Risk,Moderate Risk
84.3,84.9,80.5,85.5,82.3,83.6,80.4,82.1,0,0,0,80.4,8,Moderate Risk,Moderate Risk
89.8,91.3,98.9,93.1,97.9,84.5,93.1,82.7,0,0,0,82.7,8,Low Risk,Low Risk
82.0,85.6,83.9,86.6,87.0,88.8,84.3,84.6,0,0,0,82.0,8,Low Risk,Low Risk
84.9,82.8,88.9,92.9,82.2,88.7,90.6,84.8,0,0,0,82.2,8,Low Risk,Low Risk
89.8,92.2,88.6,94.4,98.5,89.1,95.0,93.4,0,0,0,88.6,8,Low Risk,Low Risk
73.3,72.6,73.2,74.2,77.8,75.8,73.9,72.5,6,2,4,72.5,8,High Risk,High Risk
78.2,82.8,86.7,83.2,81.7,79.7,79.6,77.7,0,0,0,77.7,8,Moderate Risk,Moderate Risk
89.8,88.4,84.4,81.2,77.4,84.6,85.3,83.3,0,0,0,77.4,8,Low Risk,Low Risk
82.8,85.9,82.4,89.8,89.8,84.6,82.4,81.7,0,0,0,81.7,8,Low Risk,Low Risk
90.0,88.1,85.3,86.7,92.3,96.1,85.4,85.9,0,0,0,85.3,8,Low Risk,Low Risk
88.9,95.7,97.4,89.0,97.7,95.6,94.4,89.4,0,0,0,88.9,8,Low Risk,Low Risk
83.9,79.2,76.7,76.8,81.8,80.1,79.6,81.4,0,0,0,76.7,8,Moderate Risk,Moderate Risk
86.2,92.2,84.2,88.1,83.1,85.4,83.5,88.3,0,0,0,83.1,8,Low Risk,Low Risk
92.8,92.3,95.1,92.2,85.3,93.8,88.0,88.1,0,0,0,85.3,8,Low Risk,Low Risk
72.9,70.6,70.7,69.6,66.1,66.8,75.5,77.4,6,2,4,66.1,8,High Risk,High Risk
67.7,62.4,78.2,71.5,67.5,72.2,71.4,73.3,7,2,5,62.4,8,High Risk,High Risk
72.9,67.6,71.4,69.9,70.1,69.8,66.9,73.4,8,2,6,66.9,8,High Risk,High Risk
89.0,92.7,96.6,94.4,93.9,94.6,89.3,84.3,0,0,0,84.3,8,Low Risk,Low Risk
96.9,91.9,89.3,87.4,88.7,83.5,88.7,90.9,0,0,0,83.5,8,Low Risk,Low Risk
91.3,91.7,90.8,93.4,90.7,99.0,89.5,92.4,0,0,0,89.5,8,Low Risk,Low Risk
68.1,66.6,62.6,70.0,62.4,70.0,72.3,72.8,8,2,6,62.4,8,High Risk,High Risk
74.4,68.6,74.3,74.7,70.5,71.1,68.8,66.4,8,2,6,66.4,8,High Risk,High Risk
74.2,71.3,62.6,65.5,68.2,74.8,67.2,73.6,8,2,6,62.6,8,High Risk,High Risk
89.4,89.1,95.2,90.9,95.1,91.7,97.1,91.2,0,0,0,89.1,8,Low Risk,Low Risk
89.6,92.2,91.2,87.9,94.2,91.6,93.2,94.6,0,0,0,87.9,8,Low Risk,Low Risk
90.7,93.1,88.3,95.1,86.2,88.1,88.3,92.1,0,0,0,86.2,8,Low Risk,Low Risk
86.0,84.9,81.3,82.6,80.7,80.2,79.2,85.4,0,0,0,79.2,8,Moderate Risk,Moderate Risk
86.8,83.7,82.4,83.1,84.7,85.6,89.7,85.3,0,0,0,82.4,8,Low Risk,Low Risk
89.5,95.4,92.3,87.5,77.4,94.1,98.5,88.8,0,0,0,77.4,8,Low Risk,Low Risk
61.5,60.5,76.0,68.9,64.5,72.7,67.0,66.4,7,2,5,60.5,8,High Risk,High Risk
60.0,65.7,65.4,71.1,68.7,67.7,65.5,74.3,8,2,6,60.0,8,High Risk,High Risk
68.9,69.5,68.3,71.9,72.8,68.6,67.5,65.1,8,2,6,65.1,8,High Risk,High Risk
79.7,81.4,76.3,83.1,85.2,81.2,83.9,76.2,0,0,0,76.2,8,Moderate Risk,Moderate Risk
84.6,82.5,83.8,80.9,87.8,81.4,87.1,75.4,0,0,0,75.4,8,Moderate Risk,Moderate Risk
89.9,92.2,94.3,83.1,90.1,84.9,96.0,83.3,0,0,0,83.1,8,Low Risk,Low Risk
79.3,81.9,82.4,75.5,80.1,81.2,77.9,76.8,0,0,0,75.5,8,Moderate Risk,Moderate Risk
84.5,89.5,83.6,85.7,88.1,83.8,84.7,89.9,0,0,0,83.6,8,Low Risk,Low Risk
99.0,88.8,81.8,86.4,87.6,82.3,85.8,95.6,0,0,0,81.8,8,Low Risk,Low Risk
81.7,86.3,75.6,78.7,80.9,83.3,80.0,74.5,1,0,1,74.5,8,Moderate Risk,Moderate Risk
87.0,89.0,88.1,83.8,91.4,85.6,88.6,88.0,0,0,0,83.8,8,Low Risk,Low Risk
99.0,87.0,90.4,83.7,92.3,85.0,85.4,92.0,0,0,0,83.7,8,Low Risk,Low Risk
84.3,83.3,79.2,86.0,84.2,79.5,80.7,83.4,0,0,0,79.2,8,Moderate Risk,Moderate Risk
84.3,87.8,83.4,86.6,90.5,80.2,84.8,81.6,0,0,0,80.2,8,Low Risk,Low Risk
89.3,87.2,94.1,90.7,92.3,89.0,88.3,92.1,0,0,0,87.2,8,Low Risk,Low Risk
88.8,89.9,87.5,81.8,88.4,87.3,81.2,85.7,0,0,0,81.2,8,Low Risk,Low Risk
83.7,90.8,83.4,82.0,82.2,89.1,87.3,85.6,0,0,0,82.0,8,Low Risk,Low Risk
88.3,86.7,83.6,93.3,92.1,92.9,84.8,84.2,0,0,0,83.6,8,Low Risk,Low Risk
76.9,82.5,81.2,83.4,73.2,80.0,83.2,77.7,1,0,1,73.2,8,Moderate Risk,Moderate Risk
86.8,79.7,85.5,89.3,90.9,89.0,87.4,84.4,0,0,0,79.7,8,Low Risk,Low Risk
93.2,92.6,99.0,98.7,88.8,89.0,89.8,93.5,0,0,0,88.8,8,Low Risk,Low Risk
98.5,95.1,99.0,93.1,99.0,88.7,87.3,97.1,0,0,0,87.3,8,Low Risk,Low Risk
92.3,92.0,98.6,93.8,89.9,96.9,98.4,93.5,0,0,0,89.9,8,Low Risk,Low Risk
98.4,96.8,93.2,99.0,94.8,91.7,94.0,90.6,0,0,0,90.6,8,Low Risk,Low Risk
90.3,89.4,87.9,94.8,91.9,93.5,94.8,89.7,0,0,0,87.9,8,Low Risk,Low Risk
89.7,-1.0,93.3,91.5,94.8,91.3,92.1,96.1,0,0,0,89.7,7,Low Risk,Low Risk
99.0,87.8,90.7,88.8,98.9,88.6,92.6,88.8,0,0,0,87.8,8,Low Risk,Low Risk
83.6,87.8,88.5,86.2,95.9,85.5,76.6,85.4,0,0,0,76.6,8,Low Risk,Low Risk
85.6,83.3,97.1,87.4,85.5,94.3,82.9,88.5,0,0,0,82.9,8,Low Risk,Low Risk
84.0,90.1,96.3,86.5,77.9,86.3,88.0,89.6,0,0,0,77.9,8,Low Risk,Low Risk
98.9,92.0,94.2,97.0,92.4,96.3,91.8,95.9,0,0,0,91.8,8,Low Risk,Low Risk
99.0,94.5,96.8,92.2,96.9,96.1,96.9,92.8,0,0,0,92.2,8,Low Risk,Low Risk
99.0,98.3,93.9,95.9,94.2,87.3,87.8,94.6,0,0,0,87.3,8,Low Risk,Low Risk
86.8,88.9,87.8,79.4,77.8,88.0,83.2,79.9,0,0,0,77.8,8,Low Risk,Low Risk
88.8,90.2,91.9,78.7,90.9,92.2,94.5,85.9,0,0,0,78.7,8,Low Risk,Low Risk
91.0,92.5,88.4,88.5,83.5,87.5,86.2,96.4,0,0,0,83.5,8,Low Risk,Low Risk
98.9,92.7,98.7,89.2,91.1,96.8,95.0,93.3,0,0,0,89.2,8,Low Risk,Low Risk
93.4,90.6,98.7,98.9,95.4,94.1,88.5,96.5,0,0,0,88.5,8,Low Risk,Low Risk
99.0,99.0,92.3,88.2,93.7,89.6,89.0,97.8,0,0,0,88.2,8,Low Risk,Low Risk
97.6,93.3,99.0,93.3,90.0,93.1,95.0,86.6,0,0,0,86.6,8,Low Risk,Low Risk
89.0,88.9,93.3,95.4,95.4,92.9,92.3,99.0,0,0,0,88.9,8,Low Risk,Low Risk
91.4,88.7,99.0,90.5,94.3,90.7,96.4,87.9,0,0,0,87.9,8,Low Risk,Low Risk
91.6,87.4,84.8,88.4,84.7,84.8,85.4,89.6,0,0,0,84.7,8,Low Risk,Low Risk
88.9,85.5,91.0,92.6,90.1,87.1,84.4,87.6,0,0,0,84.4,8,Low Risk,Low Risk
88.5,86.3,98.3,82.9,82.5,86.9,85.5,90.2,0,0,0,82.5,8,Low Risk,Low Risk
92.1,94.3,91.0,89.3,87.1,92.6,92.6,88.3,0,0,0,87.1,8,Low Risk,Low Risk
89.6,92.3,97.2,92.1,-1.0,90.4,90.3,91.4,0,0,0,89.6,7,Low Risk,Low Risk
92.7,87.0,95.6,98.7,91.5,90.4,90.9,94.3,0,0,0,87.0,8,Low Risk,Low Risk
88.3,89.6,88.8,88.1,90.2,83.9,89.6,84.3,0,0,0,83.9,8,Low Risk,Low Risk
94.6,82.9,90.0,88.3,92.8,95.8,86.8,90.4,0,0,0,82.9,8,Low Risk,Low Risk
90.5,83.4,91.6,90.1,85.1,90.1,81.8,88.8,0,0,0,81.8,8,Low Risk,Low Risk
64.9,63.4,60.0,67.2,64.1,64.3,72.9,60.0,8,2,6,60.0,8,High Risk,High Risk
66.1,61.5,64.8,66.9,67.4,68.6,64.5,68.0,8,2,6,61.5,8,High Risk,High Risk
61.6,64.0,68.8,63.3,66.4,66.0,73.5,69.5,8,2,6,61.6,8,High Risk,High Risk
80.7,81.3,78.1,86.2,85.8,89.9,89.8,84.1,0,0,0,78.1,8,Low Risk,Low Risk
99.0,87.7,90.9,90.2,84.3,88.9,89.4,87.4,0,0,0,84.3,8,Low Risk,Low Risk
92.4,89.3,88.5,89.9,94.3,99.0,93.4,95.0,0,0,0,88.5,8,Low Risk,Low Risk
62.4,66.4,64.6,68.7,66.2,69.4,68.7,65.0,8,2,6,62.4,8,High Risk,High Risk
62.5,65.8,70.9,69.5,67.6,73.3,60.7,62.9,8,2,6,60.7,8,High Risk,High Risk
60.0,64.1,69.1,70.8,68.1,65.5,66.7,69.7,8,2,6,60.0,8,High Risk,High Risk
81.7,84.2,78.5,70.9,78.3,79.1,78.6,76.9,1,0,1,70.9,8,Moderate Risk,Moderate Risk
79.9,81.6,79.0,79.1,85.5,74.5,76.2,81.6,1,0,1,74.5,8,Moderate Risk,Moderate Risk
77.2,80.9,78.3,80.6,77.6,74.2,81.3,80.9,1,0,1,74.2,8,Moderate Risk,Moderate Risk
94.0,92.7,99.0,99.0,92.5,87.0,94.2,84.8,0,0,0,84.8,8,Low Risk,Low Risk
90.6,94.7,88.4,92.9,97.0,90.4,92.7,89.6,0,0,0,88.4,8,Low Risk,Low Risk
98.8,90.5,92.8,94.3,96.2,94.4,92.5,90.6,0,0,0,90.5,8,Low Risk,Low Risk
83.6,81.0,77.3,83.7,82.7,79.5,78.6,82.6,0,0,0,77.3,8,Moderate Risk,Moderate Risk
80.3,80.9,84.3,85.1,80.1,86.1,81.9,89.4,0,0,0,80.1,8,Low Risk,Low Risk
84.5,83.0,87.3,84.0,91.7,82.1,86.8,80.8,0,0,0,80.8,8,Low Risk,Low Risk
62.2,62.9,65.1,70.1,67.2,64.5,60.9,72.3,8,2,6,60.9,8,High Risk,High Risk
65.3,60.0,60.0,64.6,64.7,66.9,62.7,68.1,8,2,6,60.0,8,High Risk,High Risk
61.9,63.6,70.9,64.2,70.2,70.8,60.0,65.9,8,2,6,60.0,8,High Risk,High Risk
86.4,92.9,88.0,87.1,87.1,86.0,86.6,87.4,0,0,0,86.0,8,Low Risk,Low Risk
92.2,90.4,88.0,86.9,84.9,85.8,81.7,91.5,0,0,0,81.7,8,Low Risk,Low Risk
91.9,94.5,85.8,78.0,92.0,86.2,84.3,86.4,0,0,0,78.0,8,Low Risk,Low Risk
82.0,76.2,75.0,68.2,76.2,76.6,79.3,83.3,1,0,1,68.2,8,High Risk,High Risk
82.2,80.9,77.1,70.6,80.6,77.9,79.1,77.6,1,0,1,70.6,8,Moderate Risk,Moderate Risk
80.0,78.8,73.2,76.8,74.3,75.0,77.8,77.5,2,0,2,73.2,8,High Risk,High Risk
88.3,91.3,89.9,93.8,97.2,94.7,88.6,91.2,0,0,0,88.3,8,Low Risk,Low Risk
93.3,89.6,96.1,97.6,92.1,93.2,87.1,85.0,0,0,0,85.0,8,Low Risk,Low Risk
93.8,97.1,93.1,96.5,96.1,91.6,89.0,85.5,0,0,0,85.5,8,Low Risk,Low Risk
64.7,69.5,71.1,73.4,70.0,65.9,65.3,67.2,8,2,6,64.7,8,High Risk,High Risk
63.1,68.8,66.2,70.3,71.1,67.3,69.9,75.3,7,2,5,63.1,8,High Risk,High Risk
64.5,71.7,73.8,72.3,65.1,69.5,69.2,65.9,8,2,6,64.5,8,High Risk,High Risk
60.0,60.0,64.2,66.8,69.4,64.3,72.7,64.3,8,2,6,60.0,8,High Risk,High Risk
60.8,64.1,61.5,62.4,71.1,73.0,71.7,61.3,8,2,6,60.8,8,High Risk,High Risk
64.9,66.8,60.0,65.6,70.5,64.4,71.6,61.9,8,2,6,60.0,8,High Risk,High Risk
64.2,60.0,71.1,63.7,61.8,64.9,63.8,66.2,8,2,6,60.0,8,High Risk,High Risk
61.1,65.4,60.0,62.5,60.9,67.6,75.4,62.4,7,2,5,60.0,8,High Risk,High Risk
66.1,66.0,67.2,66.6,68.5,69.7,73.5,65.2,8,2,6,65.2,8,High Risk,High Risk
62.8,71.5,60.0,73.5,72.0,67.8,60.0,69.8,8,2,6,60.0,8,High Risk,High Risk
66.2,72.3,68.1,63.3,70.5,71.5,76.0,73.4,7,2,5,63.3,8,High Risk,High Risk
69.4,72.1,74.0,77.1,74.7,69.4,72.1,70.7,7,2,5,69.4,8,High Risk,High Risk
82.7,86.2,86.7,77.3,85.5,86.7,83.7,75.6,0,0,0,75.6,8,Moderate Risk,Moderate Risk
79.9,86.6,86.4,83.1,82.7,83.3,82.6,77.7,0,0,0,77.7,8,Moderate Risk,Moderate Risk
88.5,85.8,89.2,77.3,81.3,90.5,79.8,79.7,0,0,0,77.3,8,Low Risk,Low Risk
84.2,82.2,85.6,90.0,82.1,82.1,93.0,80.7,0,0,0,80.7,8,Low Risk,Low Risk
84.1,85.4,91.5,78.1,82.7,78.7,84.7,81.3,0,0,0,78.1,8,Moderate Risk,Moderate Risk
84.3,79.5,78.5,84.2,77.1,84.3,88.5,86.0,0,0,0,77.1,8,Moderate Risk,Moderate Risk
79.1,69.2,73.2,72.2,74.4,81.2,-1.0,76.7,4,1,3,69.2,7,High Risk,High Risk
74.8,78.6,79.6,79.1,82.3,71.1,80.1,76.0,2,1,1,71.1,8,High Risk,High Risk
80.4,76.6,76.1,74.0,77.4,73.9,76.9,79.7,2,0,2,73.9,8,High Risk,High Risk
93.7,92.2,93.5,88.5,87.9,85.8,90.3,93.5,0,0,0,85.8,8,Low Risk,Low Risk
90.0,88.9,92.2,91.3,94.8,85.4,89.9,94.5,0,0,0,85.4,8,Low Risk,Low Risk
91.0,95.4,92.2,91.7,96.1,89.5,93.8,91.0,0,0,0,89.5,8,Low Risk,Low Risk
67.6,69.9,70.2,65.6,66.4,71.0,69.3,67.8,8,2,6,65.6,8,High Risk,High Risk
67.1,62.5,68.4,73.8,64.0,61.5,66.8,65.2,8,2,6,61.5,8,High Risk,High Risk
67.0,63.8,69.0,62.0,71.9,67.9,63.3,66.3,8,2,6,62.0,8,High Risk,High Risk
63.9,61.6,67.3,63.5,68.6,72.6,72.8,63.6,8,2,6,61.6,8,High Risk,High Risk
66.1,60.0,69.5,72.4,66.8,62.9,73.7,69.1,8,2,6,60.0,8,High Risk,High Risk
61.5,65.4,61.5,65.6,67.3,70.2,60.3,73.3,8,2,6,60.3,8,High Risk,High Risk
83.2,84.7,78.9,74.6,79.4,75.9,77.0,81.7,1,0,1,74.6,8,Moderate Risk,Moderate Risk
80.5,79.4,76.2,71.2,73.2,80.0,75.7,72.9,3,0,3,71.2,8,High Risk,High Risk
78.4,82.9,79.7,78.9,83.1,82.2,78.5,77.9,0,0,0,77.9,8,Moderate Risk,Moderate Risk
73.6,70.3,72.5,68.2,65.5,71.0,63.1,68.6,8,2,6,63.1,8,High Risk,High Risk
69.5,66.2,78.3,71.6,68.2,73.7,75.1,67.5,6,2,4,66.2,8,High Risk,High Risk
62.1,66.7,68.3,71.6,72.7,71.9,77.2,74.6,7,2,5,62.1,8,High Risk,High Risk
96.5,88.5,-1.0,89.1,86.5,88.2,90.3,88.7,0,0,0,86.5,7,Low Risk,Low Risk
94.1,89.5,85.0,93.8,95.8,90.1,87.8,93.1,0,0,0,85.0,8,Low Risk,Low Risk
96.1,89.4,87.3,90.5,89.6,91.6,93.7,83.3,0,0,0,83.3,8,Low Risk,Low Risk
74.6,74.6,70.0,73.7,74.6,74.0,69.6,74.1,8,2,6,69.6,8,High Risk,High Risk
70.4,74.8,77.8,80.4,76.8,75.2,68.5,73.4,4,2,2,68.5,8,High Risk,High Risk
75.5,69.8,76.8,69.3,72.1,78.3,68.7,73.1,5,1,4,68.7,8,High Risk,High Risk
93.5,90.9,85.6,89.1,93.4,83.7,85.5,87.0,0,0,0,83.7,8,Low Risk,Low Risk
88.7,92.1,91.7,88.1,89.1,87.5,99.0,92.1,0,0,0,87.5,8,Low Risk,Low Risk
92.8,92.0,91.0,88.3,84.6,82.9,90.7,88.5,0,0,0,82.9,8,Low Risk,Low Risk
76.4,83.4,81.9,79.2,80.6,76.6,71.4,79.0,1,0,1,71.4,8,Moderate Risk,Moderate Risk
76.5,79.1,79.8,82.8,82.0,76.9,81.8,76.4,0,0,0,76.4,8,Moderate Risk,Moderate Risk
81.2,75.1,69.8,79.7,76.0,76.5,76.7,76.3,1,0,1,69.8,8,High Risk,High Risk
88.2,83.1,83.8,79.6,80.1,73.7,85.1,86.1,1,0,1,73.7,8,Moderate Risk,Moderate Risk
82.2,83.4,77.7,80.6,83.4,84.0,76.9,81.4,0,0,0,76.9,8,Moderate Risk,Moderate Risk
81.4,86.5,81.5,81.7,80.0,79.4,81.5,87.3,0,0,0,79.4,8,Moderate Risk,Moderate Risk
61.7,62.1,72.6,68.5,71.3,73.7,72.2,63.8,8,2,6,61.7,8,High Risk,High Risk
63.2,65.8,63.4,72.0,68.6,61.5,66.9,67.9,8,2,6,61.5,8,High Risk,High Risk
64.5,66.0,72.6,75.6,75.8,67.3,72.6,70.6,6,2,4,64.5,8,High Risk,High Risk
63.9,60.0,68.5,69.3,67.1,73.6,64.7,66.6,8,2,6,60.0,8,High Risk,High Risk
67.9,65.5,65.4,70.9,68.5,69.4,71.1,69.7,8,2,6,65.4,8,High Risk,High Risk
61.8,67.6,64.9,73.3,72.6,69.2,75.1,68.5,7,2,5,61.8,8,High Risk,High Risk
60.0,65.5,67.0,69.7,65.7,68.6,65.5,74.8,8,2,6,60.0,8,High Risk,High Risk
67.2,62.1,62.9,64.0,68.8,67.7,67.8,64.8,8,2,6,62.1,8,High Risk,High Risk
72.4,66.8,66.6,68.9,75.5,72.0,69.0,65.0,7,2,5,65.0,8,High Risk,High Risk
81.2,90.9,98.4,86.9,78.4,84.9,81.1,85.6,0,0,0,78.4,8,Low Risk,Low Risk
92.7,91.0,95.2,85.8,88.3,96.3,90.2,90.2,0,0,0,85.8,8,Low Risk,Low Risk
85.9,96.1,84.6,91.5,90.2,81.9,92.3,87.0,0,0,0,81.9,8,Low Risk,Low Risk
63.7,71.2,70.3,71.1,68.7,70.3,67.3,67.2,8,2,6,63.7,8,High Risk,High Risk
65.8,68.6,69.5,70.7,71.4,66.2,75.8,69.4,7,2,5,65.8,8,High Risk,High Risk
64.0,64.9,67.8,68.1,66.2,69.9,76.0,69.5,7,2,5,64.0,8,High Risk,High Risk
78.9,82.9,88.5,86.2,83.3,79.7,89.2,83.2,0,0,0,78.9,8,Low Risk,Low Risk
80.5,79.3,80.2,80.9,79.1,78.7,87.1,86.0,0,0,0,78.7,8,Moderate Risk,Moderate Risk
83.4,81.0,78.0,84.7,90.5,83.5,87.2,82.6,0,0,0,78.0,8,Low Risk,Low Risk
81.5,82.2,81.7,89.5,89.3,81.0,77.8,76.7,0,0,0,76.7,8,Moderate Risk,Moderate Risk
79.1,83.1,79.3,86.6,82.1,79.4,82.2,82.0,0,0,0,79.1,8,Moderate Risk,Moderate Risk
86.3,82.7,83.3,81.4,76.8,83.5,80.3,88.2,0,0,0,76.8,8,Moderate Risk,Moderate Risk
89.7,88.1,92.9,89.9,79.2,86.5,91.3,83.6,0,0,0,79.2,8,Low Risk,Low Risk
90.5,86.7,94.8,94.5,80.2,86.0,78.8,90.0,0,0,0,78.8,8,Low Risk,Low Risk
92.9,83.5,83.9,78.8,92.3,91.4,86.4,82.6,0,0,0,78.8,8,Low Risk,Low Risk
82.4,73.8,82.1,-1.0,87.3,78.8,85.5,82.1,1,1,0,73.8,7,Moderate Risk,Moderate Risk
83.6,81.4,80.2,84.5,75.3,88.9,83.0,81.2,0,0,0,75.3,8,Moderate Risk,Moderate Risk
83.1,79.5,84.7,82.2,83.2,88.2,79.5,82.0,0,0,0,79.5,8,Moderate Risk,Moderate Risk
93.9,99.0,95.2,94.1,88.6,96.3,92.5,94.6,0,0,0,88.6,8,Low Risk,Low Risk
93.5,87.2,93.6,90.4,88.6,98.5,96.7,-1.0,0,0,0,87.2,7,Low Risk,Low Risk
93.0,94.0,98.7,96.1,98.7,92.1,87.4,96.4,0,0,0,87.4,8,Low Risk,Low Risk
77.3,89.6,86.2,80.7,75.2,74.9,80.4,83.4,1,0,1,74.9,8,Moderate Risk,Moderate Risk
74.0,80.6,79.2,82.0,71.1,71.9,79.4,74.4,4,1,3,71.1,8,High Risk,High Risk
77.8,81.1,73.6,77.0,82.1,85.8,72.5,78.9,2,0,2,72.5,8,High Risk,High Risk
88.7,80.7,78.5,81.7,75.7,82.4,80.7,85.1,0,0,0,75.7,8,Moderate Risk,Moderate Risk
81.7,87.0,82.4,78.9,77.9,78.3,83.2,75.9,0,0,0,75.9,8,Moderate Risk,Moderate Risk
76.2,76.8,80.1,83.9,78.4,73.1,93.0,85.2,1,0,1,73.1,8,Moderate Risk,Moderate Risk
67.8,75.3,72.9,63.8,67.4,75.2,71.1,70.1,6,1,5,63.8,8,High Risk,High Risk
69.7,71.5,71.9,74.7,71.1,72.5,70.0,65.8,8,2,6,65.8,8,High Risk,High Risk
69.7,68.3,76.0,70.8,70.9,69.3,68.5,63.9,7,2,5,63.9,8,High Risk,High Risk
77.3,82.8,79.6,80.3,76.3,83.4,84.9,74.2,1,0,1,74.2,8,Moderate Risk,Moderate Risk
81.6,83.0,84.3,75.8,79.3,77.3,72.1,77.0,1,0,1,72.1,8,Moderate Risk,Moderate Risk
81.7,89.3,80.8,75.5,76.8,81.9,74.3,83.6,1,0,1,74.3,8,Moderate Risk,Moderate Risk
88.4,90.5,94.4,94.5,91.7,88.4,89.3,89.3,0,0,0,88.4,8,Low Risk,Low Risk
86.7,93.3,87.2,87.2,94.3,91.9,84.6,89.7,0,0,0,84.6,8,Low Risk,Low Risk
91.7,93.9,92.9,88.0,91.9,90.7,98.3,91.4,0,0,0,88.0,8,Low Risk,Low Risk
96.4,91.3,92.1,89.7,84.3,82.2,83.1,89.6,0,0,0,82.2,8,Low Risk,Low Risk
87.9,94.9,87.5,82.6,87.9,91.9,83.7,80.5,0,0,0,80.5,8,Low Risk,Low Risk
77.2,92.2,84.0,89.7,79.4,81.3,89.3,91.6,0,0,0,77.2,8,Low Risk,Low Risk
70.0,66.1,72.3,72.9,77.0,69.0,72.2,73.2,7,2,5,66.1,8,High Risk,High Risk
68.7,65.9,63.7,72.6,71.0,76.2,65.4,69.1,7,2,5,63.7,8,High Risk,High Risk
71.9,70.6,72.3,71.1,73.2,-1.0,71.7,71.0,7,2,5,70.6,7,High Risk,High Risk
79.5,79.4,81.8,71.7,79.6,85.4,83.0,82.6,1,0,1,71.7,8,Moderate Risk,Moderate Risk
82.2,84.2,79.2,80.9,79.0,80.0,69.8,79.0,1,0,1,69.8,8,High Risk,High Risk
75.8,73.1,73.1,74.0,72.4,79.9,74.4,70.8,6,1,5,70.8,8,High Risk,High Risk
78.8,86.5,79.7,82.0,79.2,79.5,80.4,74.8,1,0,1,74.8,8,Moderate Risk,Moderate Risk
80.0,79.5,85.5,83.6,-1.0,85.2,83.1,87.5,0,0,0,79.5,7,Moderate Risk,Moderate Risk
73.2,86.8,79.4,84.0,88.4,80.9,80.3,81.9,1,1,0,73.2,8,Moderate Risk,Moderate Risk
85.7,78.0,81.6,85.1,80.9,79.9,85.9,87.0,0,0,0,78.0,8,Moderate Risk,Moderate Risk
79.9,80.4,84.7,77.2,77.4,79.0,78.1,85.1,0,0,0,77.2,8,Moderate Risk,Moderate Risk
81.4,72.5,80.2,86.4,79.8,77.5,86.9,77.5,1,1,0,72.5,8,Moderate Risk,Moderate Risk
93.8,99.0,97.6,93.8,89.6,94.0,92.0,91.0,0,0,0,89.6,8,Low Risk,Low Risk
94.0,96.8,90.9,96.4,95.4,93.6,95.1,98.0,0,0,0,90.9,8,Low Risk,Low Risk
91.8,97.1,96.6,94.4,97.7,97.6,98.6,93.0,0,0,0,91.8,8,Low Risk,Low Risk
80.8,76.5,77.1,81.7,83.2,79.3,80.6,83.0,0,0,0,76.5,8,Moderate Risk,Moderate Risk
79.6,76.1,85.1,76.4,78.3,85.4,71.0,78.9,1,0,1,71.0,8,Moderate Risk,Moderate Risk
78.6,81.1,69.8,77.6,77.4,77.8,78.2,74.9,2,0,2,69.8,8,High Risk,High Risk
79.6,80.2,86.6,75.3,78.6,85.1,84.2,86.2,0,0,0,75.3,8,Moderate Risk,Moderate Risk
76.9,80.0,85.0,80.1,79.8,82.6,81.2,79.4,0,0,0,76.9,8,Moderate Risk,Moderate Risk
85.1,77.1,80.6,83.6,76.8,82.5,79.8,76.5,0,0,0,76.5,8,Moderate Risk,Moderate Risk
90.9,96.0,99.0,92.9,96.3,88.3,91.7,95.9,0,0,0,88.3,8,Low Risk,Low Risk
90.9,99.0,90.8,99.0,92.1,97.7,97.4,91.0,0,0,0,90.8,8,Low Risk,Low Risk
95.2,91.7,97.9,92.1,94.3,98.5,96.9,92.3,0,0,0,91.7,8,Low Risk,Low Risk
87.8,89.7,95.0,86.5,94.0,98.3,92.4,87.4,0,0,0,86.5,8,Low Risk,Low Risk
93.9,95.4,89.3,88.2,94.4,88.2,81.1,89.8,0,0,0,81.1,8,Low Risk,Low Risk
99.0,93.9,94.9,91.4,92.3,90.2,92.4,88.2,0,0,0,88.2,8,Low Risk,Low Risk
84.0,92.7,93.9,88.2,90.4,85.6,88.6,92.0,0,0,0,84.0,8,Low Risk,Low Risk
84.2,88.1,90.8,94.6,87.4,83.4,94.5,86.9,0,0,0,83.4,8,Low Risk,Low Risk
90.9,88.3,97.3,91.9,94.0,84.3,80.4,86.2,0,0,0,80.4,8,Low Risk,Low Risk
91.5,87.7,74.3,85.3,78.4,80.2,84.7,88.1,1,0,1,74.3,8,Moderate Risk,Moderate Risk
90.4,80.7,83.1,80.9,78.4,84.5,83.7,82.4,0,0,0,78.4,8,Moderate Risk,Moderate Risk
91.8,88.2,83.2,76.6,85.2,85.3,85.7,78.5,0,0,0,76.6,8,Low Risk,Low Risk
91.0,93.3,90.9,92.8,94.6,95.8,88.7,92.6,0,0,0,88.7,8,Low Risk,Low Risk
94.8,91.1,94.3,90.6,91.8,95.9,89.6,94.4,0,0,0,89.6,8,Low Risk,Low Risk
93.9,91.0,89.5,85.2,93.8,94.1,91.7,86.0,0,0,0,85.2,8,Low Risk,Low Risk
69.0,73.0,78.8,77.7,77.0,77.0,74.6,79.0,3,2,1,69.0,8,High Risk,High Risk
76.0,79.4,77.3,76.7,83.1,78.0,78.1,79.2,0,0,0,76.0,8,Moderate Risk,Moderate Risk
83.1,72.3,78.9,77.2,76.5,80.5,82.5,75.4,1,1,0,72.3,8,Moderate Risk,Moderate Risk
83.1,73.7,85.6,86.9,83.3,83.0,82.5,77.4,1,1,0,73.7,8,Moderate Risk,Moderate Risk
88.6,86.8,84.7,86.9,86.7,81.0,84.8,82.8,0,0,0,81.0,8,Low Risk,Low Risk
90.6,75.7,82.3,82.8,88.4,78.4,72.6,87.1,1,0,1,72.6,8,Moderate Risk,Moderate Risk
65.0,68.2,64.3,71.3,68.9,72.7,74.4,77.2,7,2,5,64.3,8,High Risk,High Risk
72.1,68.5,72.7,68.4,70.2,73.6,71.5,64.6,8,2,6,64.6,8,High Risk,High Risk
73.4,71.9,65.0,75.3,67.1,76.3,69.5,66.2,6,2,4,65.0,8,High Risk,High Risk
85.0,93.4,92.1,85.9,96.2,90.6,91.9,92.0,0,0,0,85.0,8,Low Risk,Low Risk
92.6,89.2,86.5,88.4,90.5,88.4,87.6,88.4,0,0,0,86.5,8,Low Risk,Low Risk
92.4,89.5,84.3,87.6,86.1,86.0,91.9,88.6,0,0,0,84.3,8,Low Risk,Low Risk
80.6,80.1,81.0,80.9,87.7,81.4,81.5,77.9,0,0,0,77.9,8,Moderate Risk,Moderate Risk
85.1,75.0,77.0,74.4,82.2,79.0,83.2,76.9,1,0,1,74.4,8,Moderate Risk,Moderate Risk
77.2,76.6,82.3,79.2,82.3,86.5,78.8,78.3,0,0,0,76.6,8,Moderate Risk,Moderate Risk
71.8,68.7,74.9,71.2,69.6,75.5,71.8,73.0,7,2,5,68.7,8,High Risk,High Risk
67.6,68.7,72.2,73.1,75.9,71.8,77.3,71.1,6,2,4,67.6,8,High Risk,High Risk
69.3,67.8,72.3,76.7,72.6,72.7,71.2,70.1,7,2,5,67.8,8,High Risk,High Risk
66.6,71.6,71.8,71.9,65.3,81.3,69.1,74.1,7,2,5,65.3,8,High Risk,High Risk
65.4,68.7,73.4,78.8,69.5,70.8,74.4,65.5,7,2,5,65.4,8,High Risk,High Risk
66.6,76.8,61.0,68.8,70.7,69.5,77.7,66.8,6,1,5,61.0,8,High Risk,High Risk
79.7,78.7,83.0,81.0,83.1,84.5,79.0,80.3,0,0,0,78.7,8,Moderate Risk,Moderate Risk
79.9,79.4,80.7,77.1,84.3,77.3,78.4,77.6,0,0,0,77.1,8,Moderate Risk,Moderate Risk
87.1,85.9,77.2,84.0,80.6,86.4,83.7,88.5,0,0,0,77.2,8,Low Risk,Low Risk
68.8,67.1,69.5,66.3,65.6,66.2,60.0,67.9,8,2,6,60.0,8,High Risk,High Risk
60.6,62.1,70.6,70.5,73.4,73.2,77.4,67.1,7,2,5,60.6,8,High Risk,High Risk
68.9,60.0,63.7,68.7,69.6,76.2,64.6,74.1,7,2,5,60.0,8,High Risk,High Risk
78.5,71.4,80.2,82.1,83.2,78.9,70.7,80.1,2,1,1,70.7,8,High Risk,High Risk
75.8,80.1,79.2,78.4,82.7,74.4,78.5,77.7,1,0,1,74.4,8,Moderate Risk,Moderate Risk
76.8,79.4,78.2,75.1,75.6,77.6,74.1,78.9,1,0,1,74.1,8,Moderate Risk,Moderate Risk
83.1,88.9,89.4,89.6,84.7,91.9,83.4,91.5,0,0,0,83.1,8,Low Risk,Low Risk
91.8,86.6,86.6,82.3,80.5,80.9,84.2,83.1,0,0,0,80.5,8,Low Risk,Low Risk
82.5,88.8,81.9,84.3,87.4,86.9,82.7,85.6,0,0,0,81.9,8,Low Risk,Low Risk
86.5,83.9,77.2,86.4,79.2,82.0,75.9,77.7,0,0,0,75.9,8,Moderate Risk,Moderate Risk
80.7,82.3,76.5,72.7,82.9,90.3,81.2,81.9,1,0,1,72.7,8,Moderate Risk,Moderate Risk
82.9,82.7,82.5,80.5,83.1,76.7,78.6,85.0,0,0,0,76.7,8,Moderate Risk,Moderate Risk
71.2,73.3,68.9,73.0,64.3,67.9,74.1,81.2,7,2,5,64.3,8,High Risk,High Risk
70.8,74.6,68.3,75.6,65.1,71.4,73.3,70.3,7,2,5,65.1,8,High Risk,High Risk
74.0,65.5,66.0,66.0,73.4,72.9,76.5,72.6,7,2,5,65.5,8,High Risk,High Risk
63.3,68.5,61.6,70.1,65.0,61.7,72.8,73.2,8,2,6,61.6,8,High Risk,High Risk
67.5,73.7,65.7,72.0,69.5,61.8,68.0,67.6,8,2,6,61.8,8,High Risk,High Risk
70.1,66.2,71.2,72.7,70.9,65.3,66.5,71.0,8,2,6,65.3,8,High Risk,High Risk
88.9,79.7,84.5,81.9,76.7,76.6,81.0,73.9,1,0,1,73.9,8,Moderate Risk,Moderate Risk
84.0,79.3,82.7,85.0,78.1,83.3,72.2,86.2,1,0,1,72.2,8,Moderate Risk,Moderate Risk
83.5,83.6,79.2,83.4,83.5,79.9,76.4,81.2,0,0,0,76.4,8,Moderate Risk,Moderate Risk
75.2,86.8,78.2,72.4,75.4,74.4,78.7,78.4,2,0,2,72.4,8,High Risk,High Risk
72.9,71.6,76.4,73.9,80.2,75.0,80.4,79.1,3,2,1,71.6,8,High Risk,High Risk
77.8,80.4,77.5,81.7,72.3,-1.0,75.1,76.9,1,0,1,72.3,7,Moderate Risk,Moderate Risk
84.3,80.6,80.7,78.4,79.1,76.2,77.4,84.3,0,0,0,76.2,8,Moderate Risk,Moderate Risk
80.1,80.8,78.5,69.9,81.9,77.9,75.8,81.5,1,0,1,69.9,8,High Risk,High Risk
74.2,81.8,68.6,79.0,72.2,75.3,76.1,80.5,3,1,2,68.6,8,High Risk,High Risk
81.2,79.5,86.7,79.3,74.9,76.7,80.0,87.9,1,0,1,74.9,8,Moderate Risk,Moderate Risk
78.0,80.1,88.3,80.1,79.3,82.9,76.9,82.1,0,0,0,76.9,8,Moderate Risk,Moderate Risk
79.0,89.9,77.4,83.2,84.1,82.8,82.5,85.5,0,0,0,77.4,8,Moderate Risk,Moderate Risk
77.1,71.5,73.2,79.6,67.9,81.0,74.3,82.8,4,1,3,67.9,8,High Risk,High Risk
80.5,81.2,73.0,77.2,73.5,72.2,77.1,74.9,4,0,4,72.2,8,High Risk,High Risk
71.4,77.5,82.9,80.1,74.5,74.6,72.8,73.6,5,1,4,71.4,8,High Risk,High Risk
92.8,88.8,87.3,84.0,88.5,92.3,83.4,87.1,0,0,0,83.4,8,Low Risk,Low Risk
90.4,91.5,96.3,84.9,84.7,89.2,93.7,82.7,0,0,0,82.7,8,Low Risk,Low Risk
92.7,91.8,89.3,90.1,85.7,91.3,93.5,88.6,0,0,0,85.7,8,Low Risk,Low Risk
60.5,65.9,60.0,66.4,65.8,60.0,67.3,61.8,8,2,6,60.0,8,High Risk,High Risk
68.0,67.4,73.2,64.1,64.0,66.5,64.7,63.8,8,2,6,63.8,8,High Risk,High Risk
63.7,65.9,69.1,64.4,66.4,60.0,62.7,66.8,8,2,6,60.0,8,High Risk,High Risk
81.0,84.6,81.4,84.4,81.5,85.0,79.7,83.8,0,0,0,79.7,8,Moderate Risk,Moderate Risk
84.0,82.8,78.5,80.7,79.7,79.6,82.8,83.6,0,0,0,78.5,8,Moderate Risk,Moderate Risk
83.7,77.2,84.9,84.9,87.5,82.1,82.1,86.8,0,0,0,77.2,8,Low Risk,Low Risk
99.0,90.1,91.4,89.0,99.0,99.0,91.0,96.0,0,0,0,89.0,8,Low Risk,Low Risk
90.7,99.0,88.6,94.6,91.3,97.6,97.0,90.0,0,0,0,88.6,8,Low Risk,Low Risk
91.0,97.6,98.2,92.1,92.8,99.0,97.3,98.9,0,0,0,91.0,8,Low Risk,Low Risk
60.0,61.4,65.2,68.8,64.0,65.0,70.6,60.0,8,2,6,60.0,8,High Risk,High Risk
70.2,61.2,62.7,66.7,63.9,70.7,65.7,71.2,8,2,6,61.2,8,High Risk,High Risk
66.5,65.3,64.4,60.8,66.6,63.9,66.8,65.1,8,2,6,60.8,8,High Risk,High Risk
80.3,82.0,84.6,75.6,84.4,79.3,76.0,78.7,0,0,0,75.6,8,Moderate Risk,Moderate Risk
73.6,73.6,74.8,76.7,79.8,75.2,77.9,84.8,3,2,1,73.6,8,High Risk,High Risk
78.5,82.1,82.2,72.4,77.2,78.1,74.4,83.3,2,0,2,72.4,8,High Risk,High Risk
78.1,78.9,87.8,76.8,81.2,88.0,77.0,80.1,0,0,0,76.8,8,Moderate Risk,Moderate Risk
80.5,77.5,82.5,81.4,84.2,85.3,76.2,85.7,0,0,0,76.2,8,Moderate Risk,Moderate Risk
82.7,87.9,80.8,80.3,79.9,77.9,84.9,77.6,0,0,0,77.6,8,Moderate Risk,Moderate Risk
84.9,75.2,84.4,81.1,82.7,88.8,84.2,82.3,0,0,0,75.2,8,Moderate Risk,Moderate Risk
85.5,80.6,80.8,79.2,82.0,89.8,83.0,78.6,0,0,0,78.6,8,Moderate Risk,Moderate Risk
86.1,83.1,88.2,80.2,79.2,87.2,76.1,83.0,0,0,0,76.1,8,Moderate Risk,Moderate Risk
93.9,92.0,98.1,92.7,90.5,87.4,93.2,99.0,0,0,0,87.4,8,Low Risk,Low Risk
90.6,99.0,97.4,90.7,90.1,88.8,91.3,96.3,0,0,0,88.8,8,Low Risk,Low Risk
91.9,85.9,99.0,93.2,95.3,89.4,87.2,93.0,0,0,0,85.9,8,Low Risk,Low Risk
84.2,75.5,82.1,89.2,80.7,88.9,85.7,80.3,0,0,0,75.5,8,Moderate Risk,Moderate Risk
87.6,76.8,83.2,74.1,80.6,75.6,84.0,79.2,1,0,1,74.1,8,Moderate Risk,Moderate Risk
84.7,86.4,85.2,83.4,84.1,84.5,85.3,76.0,0,0,0,76.0,8,Low Risk,Low Risk
81.1,80.5,79.4,73.8,83.8,74.3,77.4,82.4,2,0,2,73.8,8,High Risk,High Risk
79.9,79.4,75.1,72.9,82.6,82.7,80.1,80.0,1,0,1,72.9,8,Moderate Risk,Moderate Risk
84.1,76.8,76.4,75.0,78.9,78.7,74.9,82.2,1,0,1,74.9,8,Moderate Risk,Moderate Risk
84.4,87.2,82.4,81.9,85.4,85.5,84.4,83.7,0,0,0,81.9,8,Low Risk,Low Risk
78.7,77.1,86.0,83.2,84.5,79.6,83.1,83.0,0,0,0,77.1,8,Moderate Risk,Moderate Risk
80.2,84.9,80.9,72.8,89.3,81.3,86.7,80.2,1,0,1,72.8,8,Moderate Risk,Moderate Risk
86.0,87.8,88.6,98.5,92.3,86.2,92.6,91.4,0,0,0,86.0,8,Low Risk,Low Risk
91.2,91.6,84.3,94.9,87.7,84.7,87.5,87.7,0,0,0,84.3,8,Low Risk,Low Risk
94.7,83.5,88.2,87.7,88.8,95.9,-1.0,95.4,0,0,0,83.5,7,Low Risk,Low Risk
82.5,84.1,77.1,82.3,78.6,86.6,82.6,83.6,0,0,0,77.1,8,Moderate Risk,Moderate Risk
81.0,76.2,80.8,75.2,83.3,86.5,74.2,80.9,1,0,1,74.2,8,Moderate Risk,Moderate Risk
83.5,78.3,82.4,85.9,79.2,84.3,72.1,86.6,1,0,1,72.1,8,Moderate Risk,Moderate Risk
65.3,69.7,65.7,68.2,68.7,68.1,72.7,65.8,8,2,6,65.3,8,High Risk,High Risk
64.6,71.4,66.4,70.3,62.9,73.6,67.8,64.4,8,2,6,62.9,8,High Risk,High Risk
65.7,66.1,68.7,69.2,70.8,67.3,76.2,66.5,7,2,5,65.7,8,High Risk,High Risk
82.5,80.3,79.0,85.0,86.3,85.7,84.0,79.9,0,0,0,79.0,8,Moderate Risk,Moderate Risk
77.5,81.3,85.3,83.6,76.4,81.4,81.2,86.0,0,0,0,76.4,8,Moderate Risk,Moderate Risk
77.9,81.9,83.9,86.7,88.6,89.1,85.9,83.9,0,0,0,77.9,8,Low Risk,Low Risk
89.6,78.0,93.4,85.0,89.9,86.4,81.0,86.2,0,0,0,78.0,8,Low Risk,Low Risk
90.3,88.5,95.3,84.6,82.5,88.6,83.0,85.0,0,0,0,82.5,8,Low Risk,Low Risk
85.1,81.7,93.2,84.7,88.5,88.0,90.3,85.3,0,0,0,81.7,8,Low Risk,Low Risk
95.1,87.8,83.7,85.8,82.0,92.5,87.7,84.6,0,0,0,82.0,8,Low Risk,Low Risk
93.4,96.5,83.0,91.3,86.4,92.2,80.4,88.2,0,0,0,80.4,8,Low Risk,Low Risk
89.8,89.6,88.3,93.3,86.7,90.7,89.8,90.8,0,0,0,86.7,8,Low Risk,Low Risk
88.7,88.8,92.9,86.9,89.5,87.2,90.5,88.7,0,0,0,86.9,8,Low Risk,Low Risk
89.4,94.1,85.9,95.4,85.2,93.5,94.5,86.9,0,0,0,85.2,8,Low Risk,Low Risk
92.6,86.4,90.8,87.7,84.6,85.0,89.4,89.4,0,0,0,84.6,8,Low Risk,Low Risk
73.0,80.6,84.2,80.4,78.8,80.3,83.7,76.3,1,1,0,73.0,8,Moderate Risk,Moderate Risk
78.4,78.6,82.2,87.2,82.2,77.3,79.2,76.5,0,0,0,76.5,8,Moderate Risk,Moderate Risk
79.9,84.3,85.7,76.5,77.9,77.3,71.1,80.3,1,0,1,71.1,8,Moderate Risk,Moderate Risk
67.3,62.9,62.9,62.4,69.4,66.0,60.0,69.0,8,2,6,60.0,8,High Risk,High Risk
73.9,65.7,66.2,64.8,66.0,67.7,63.2,73.6,8,2,6,63.2,8,High Risk,High Risk
68.8,64.9,61.4,61.1,67.2,66.2,71.6,70.9,8,2,6,61.1,8,High Risk,High Risk
89.3,82.2,79.1,84.5,78.6,81.0,77.6,79.7,0,0,0,77.6,8,Moderate Risk,Moderate Risk
80.9,77.5,82.4,78.6,73.2,82.1,82.2,88.3,1,0,1,73.2,8,Moderate Risk,Moderate Risk
83.6,81.2,80.1,83.0,79.5,74.9,74.1,78.7,2,0,2,74.1,8,High Risk,High Risk
88.0,86.3,89.0,88.2,85.7,93.2,92.1,86.8,0,0,0,85.7,8,Low Risk,Low Risk
89.0,89.3,88.3,83.7,87.8,86.3,86.7,88.0,0,0,0,83.7,8,Low Risk,Low Risk
88.0,90.9,87.1,83.5,84.3,85.1,82.8,81.2,0,0,0,81.2,8,Low Risk,Low Risk
71.3,77.1,74.2,69.6,83.9,73.5,76.9,77.7,4,1,3,69.6,8,High Risk,High Risk
72.2,78.3,73.3,73.8,79.3,76.7,79.6,79.7,3,1,2,72.2,8,High Risk,High Risk
80.3,76.2,85.3,83.9,78.7,77.4,77.5,75.9,0,0,0,75.9,8,Moderate Risk,Moderate Risk
83.8,82.4,81.6,82.6,85.5,80.4,80.7,88.7,0,0,0,80.4,8,Moderate Risk,Moderate Risk
83.6,81.8,79.6,76.4,81.5,80.4,75.9,80.3,0,0,0,75.9,8,Moderate Risk,Moderate Risk
82.1,73.5,77.9,78.8,85.7,89.6,80.6,80.8,1,1,0,73.5,8,Moderate Risk,Moderate Risk
99.0,96.2,97.8,93.3,96.2,88.2,84.5,88.3,0,0,0,84.5,8,Low Risk,Low Risk
96.8,94.1,93.9,88.6,88.3,93.3,91.1,93.1,0,0,0,88.3,8,Low Risk,Low Risk
95.0,99.0,95.5,95.7,97.1,95.9,90.1,97.2,0,0,0,90.1,8,Low Risk,Low Risk
99.0,97.1,91.6,87.9,95.8,88.3,95.3,96.3,0,0,0,87.9,8,Low Risk,Low Risk
92.1,90.2,94.6,93.6,95.0,89.0,95.4,88.5,0,0,0,88.5,8,Low Risk,Low Risk
99.0,92.0,96.0,94.8,87.4,95.4,90.1,91.0,0,0,0,87.4,8,Low Risk,Low Risk
77.0,65.8,69.7,68.9,74.3,69.4,73.8,68.8,7,1,6,65.8,8,High Risk,High Risk
69.2,68.4,70.0,71.9,77.0,60.0,77.4,80.1,5,2,3,60.0,8,High Risk,High Risk
69.6,60.4,74.1,72.8,75.9,64.5,65.7,70.4,7,2,5,60.4,8,High Risk,High Risk
91.7,86.6,85.8,85.1,84.4,85.4,88.5,93.7,0,0,0,84.4,8,Low Risk,Low Risk
89.9,86.6,82.8,90.6,86.8,87.2,79.2,84.3,0,0,0,79.2,8,Low Risk,Low Risk
90.4,90.4,86.4,83.3,85.8,87.9,84.3,82.9,0,0,0,82.9,8,Low Risk,Low Risk
78.7,75.1,71.4,85.5,82.9,79.6,83.0,80.5,1,0,1,71.4,8,Moderate Risk,Moderate Risk
79.9,80.0,82.2,80.3,76.4,78.6,80.6,76.0,0,0,0,76.0,8,Moderate Risk,Moderate Risk
85.8,74.5,82.5,75.2,76.1,82.0,77.7,88.4,1,1,0,74.5,8,Moderate Risk,Moderate Risk
85.7,84.9,82.9,87.2,76.4,83.6,80.6,78.1,0,0,0,76.4,8,Moderate Risk,Moderate Risk
83.3,85.5,84.7,81.7,89.3,81.9,75.9,-1.0,0,0,0,75.9,7,Moderate Risk,Moderate Risk
88.8,83.8,78.3,79.6,86.2,86.6,80.8,78.1,0,0,0,78.1,8,Moderate Risk,Moderate Risk
94.0,95.4,97.9,94.8,96.7,93.7,87.6,95.6,0,0,0,87.6,8,Low Risk,Low Risk
86.7,93.7,97.3,91.6,82.0,86.2,91.2,92.2,0,0,0,82.0,8,Low Risk,Low Risk
84.8,97.1,90.4,92.8,95.2,85.4,90.3,90.9,0,0,0,84.8,8,Low Risk,Low Risk
72.9,72.5,79.1,82.9,72.6,76.4,72.3,68.4,5,2,3,68.4,8,High Risk,High Risk
70.5,76.4,80.9,81.1,75.1,79.4,73.5,74.7,3,1,2,70.5,8,High Risk,High Risk
73.0,79.0,78.3,76.7,70.5,71.6,77.6,78.4,3,1,2,70.5,8,High Risk,High Risk
92.3,91.4,86.7,81.8,88.9,81.7,92.5,84.8,0,0,0,81.7,8,Low Risk,Low Risk
91.8,87.3,90.3,89.6,92.2,92.8,91.7,92.8,0,0,0,87.3,8,Low Risk,Low Risk
88.8,93.8,91.4,91.3,90.0,91.8,85.8,82.9,0,0,0,82.9,8,Low Risk,Low Risk
85.3,78.4,77.8,84.1,81.2,82.2,81.9,78.6,0,0,0,77.8,8,Moderate Risk,Moderate Risk
82.7,83.0,82.8,86.6,83.1,76.2,78.9,87.0,0,0,0,76.2,8,Moderate Risk,Moderate Risk
92.3,87.3,75.4,89.0,84.1,84.9,84.6,87.0,0,0,0,75.4,8,Low Risk,Low Risk
77.3,74.9,79.0,78.2,73.9,78.2,76.7,76.1,2,1,1,73.9,8,High Risk,High Risk
81.8,78.6,76.4,66.4,71.9,84.7,80.9,77.3,2,0,2,66.4,8,High Risk,High Risk
75.6,80.8,85.1,74.0,72.7,80.4,71.7,72.0,4,0,4,71.7,8,High Risk,High Risk
90.7,88.7,95.2,85.2,83.0,93.4,78.7,86.5,0,0,0,78.7,8,Low Risk,Low Risk
83.4,84.8,93.1,92.3,85.5,83.5,80.3,90.7,0,0,0,80.3,8,Low Risk,Low Risk
80.0,89.8,90.5,85.3,87.0,86.1,87.2,83.7,0,0,0,80.0,8,Low Risk,Low Risk
95.0,94.9,99.0,98.5,99.0,99.0,94.8,90.2,0,0,0,90.2,8,Low Risk,Low Risk
99.0,92.3,98.0,91.6,94.0,94.0,96.0,99.0,0,0,0,91.6,8,Low Risk,Low Risk
94.0,95.5,93.7,95.1,85.4,93.8,94.1,90.2,0,0,0,85.4,8,Low Risk,Low Risk
73.1,77.6,81.2,85.8,84.5,80.8,76.5,85.1,1,1,0,73.1,8,Moderate Risk,Moderate Risk
78.3,-1.0,78.0,83.5,79.6,82.1,86.1,72.4,1,0,1,72.4,7,Moderate Risk,Moderate Risk
79.5,73.9,81.6,76.9,82.8,75.0,77.8,77.1,1,1,0,73.9,8,Moderate Risk,Moderate Risk
88.4,92.9,91.0,90.8,94.5,88.9,95.2,99.0,0,0,0,88.4,8,Low Risk,Low Risk
97.2,88.6,99.0,88.6,99.0,88.7,94.0,85.5,0,0,0,85.5,8,Low Risk,Low Risk
87.3,97.4,88.6,88.7,88.2,95.8,95.3,96.3,0,0,0,87.3,8,Low Risk,Low Risk
77.7,74.8,79.0,66.9,77.7,72.6,74.2,74.3,5,1,4,66.9,8,High Risk,High Risk
84.9,77.9,72.1,74.1,78.9,75.1,73.5,73.4,4,0,4,72.1,8,High Risk,High Risk
74.1,81.9,73.1,77.4,79.5,77.4,81.5,72.5,3,1,2,72.5,8,High Risk,High Risk
78.3,78.9,82.4,72.7,73.0,73.2,79.0,79.1,3,0,3,72.7,8,High Risk,High Risk
80.8,78.7,85.7,72.5,71.2,74.3,79.2,75.4,3,0,3,71.2,8,High Risk,High Risk
82.5,75.1,80.4,78.1,79.0,81.9,80.8,79.0,0,0,0,75.1,8,Moderate Risk,Moderate Risk
91.1,81.6,87.4,90.2,85.9,91.0,83.4,89.4,0,0,0,81.6,8,Low Risk,Low Risk
88.6,94.1,97.2,79.4,88.2,81.1,84.7,85.0,0,0,0,79.4,8,Low Risk,Low Risk
94.6,92.1,94.0,83.9,92.0,75.5,93.8,93.1,0,0,0,75.5,8,Low Risk,Low Risk
88.3,94.3,94.1,89.6,92.0,87.2,90.7,95.9,0,0,0,87.2,8,Low Risk,Low Risk
96.4,96.5,90.3,93.5,96.4,87.0,87.0,86.8,0,0,0,86.8,8,Low Risk,Low Risk
90.8,98.5,91.1,86.5,92.9,91.5,89.3,90.0,0,0,0,86.5,8,Low Risk,Low Risk
75.3,79.5,82.1,84.3,74.9,82.6,79.9,85.2,1,0,1,74.9,8,Moderate Risk,Moderate Risk
81.1,86.7,81.4,82.8,90.0,82.8,72.0,78.8,1,0,1,72.0,8,Moderate Risk,Moderate Risk
82.4,75.4,84.4,86.5,75.8,80.1,82.6,81.7,0,0,0,75.4,8,Moderate Risk,Moderate Risk
85.7,90.9,86.3,86.1,82.0,89.2,91.1,82.8,0,0,0,82.0,8,Low Risk,Low Risk
91.2,92.5,87.3,74.7,90.8,86.6,86.6,90.1,1,0,1,74.7,8,Moderate Risk,Moderate Risk
93.3,88.6,88.6,89.8,82.7,91.8,87.2,85.5,0,0,0,82.7,8,Low Risk,Low Risk
85.5,89.3,88.3,76.0,84.5,80.5,82.1,89.9,0,0,0,76.0,8,Low Risk,Low Risk
85.7,85.0,85.6,87.3,87.7,79.5,90.4,81.6,0,0,0,79.5,8,Low Risk,Low Risk
85.9,82.8,87.3,85.3,81.7,87.3,87.8,96.3,0,0,0,81.7,8,Low Risk,Low Risk
87.4,75.4,76.6,81.0,78.2,78.3,81.3,89.3,0,0,0,75.4,8,Moderate Risk,Moderate Risk
71.0,82.1,75.3,85.3,84.1,81.2,76.1,77.1,1,1,0,71.0,8,Moderate Risk,Moderate Risk
79.5,83.4,85.0,75.7,80.7,80.7,78.6,82.5,0,0,0,75.7,8,Moderate Risk,Moderate Risk
71.8,67.9,63.2,72.0,75.6,70.4,73.8,70.8,7,2,5,63.2,8,High Risk,High Risk
74.2,69.0,77.8,70.4,67.4,63.7,74.4,67.1,7,2,5,63.7,8,High Risk,High Risk
61.5,60.4,71.0,73.6,71.6,71.0,67.6,75.8,7,2,5,60.4,8,High Risk,High Risk
72.6,69.7,72.0,73.2,65.7,66.0,72.9,70.1,8,2,6,65.7,8,High Risk,High Risk
77.3,75.6,76.5,68.1,72.1,67.5,72.1,71.0,5,0,5,67.5,8,High Risk,High Risk
61.3,64.1,79.9,71.0,73.3,72.4,77.8,65.1,6,2,4,61.3,8,High Risk,High Risk
93.7,89.6,99.0,91.0,-1.0,89.9,94.9,91.3,0,0,0,89.6,7,Low Risk,Low Risk
85.3,90.8,91.5,92.4,92.2,90.9,88.2,-1.0,0,0,0,85.3,7,Low Risk,Low Risk
94.2,92.0,84.9,90.1,93.3,89.9,92.1,90.1,0,0,0,84.9,8,Low Risk,Low Risk
75.6,64.9,71.2,83.0,73.0,83.6,70.9,71.5,5,1,4,64.9,8,High Risk,High Risk
68.4,69.4,77.5,77.7,73.0,75.6,67.8,75.0,4,2,2,67.8,8,High Risk,High Risk
77.6,74.8,70.5,67.3,64.6,81.6,73.3,76.9,5,1,4,64.6,8,High Risk,High Risk
89.4,91.9,93.1,95.8,88.3,90.2,83.0,91.3,0,0,0,83.0,8,Low Risk,Low Risk
94.3,94.4,86.1,93.1,89.9,94.9,95.6,96.2,0,0,0,86.1,8,Low Risk,Low Risk
86.5,97.4,97.1,93.8,88.5,92.1,88.0,90.1,0,0,0,86.5,8,Low Risk,Low Risk
76.9,75.3,76.7,75.3,68.2,79.9,83.0,72.5,2,0,2,68.2,8,High Risk,High Risk
79.3,77.2,79.9,79.8,74.4,-1.0,79.1,79.7,1,0,1,74.4,7,Moderate Risk,Moderate Risk
69.0,76.2,69.6,67.9,79.4,81.3,69.5,75.9,4,1,3,67.9,8,High Risk,High Risk
94.9,99.0,99.0,86.2,96.9,99.0,94.5,94.1,0,0,0,86.2,8,Low Risk,Low Risk
97.2,99.0,98.1,93.9,95.3,99.0,98.0,94.7,0,0,0,93.9,8,Low Risk,Low Risk
99.0,91.8,99.0,94.9,89.7,95.7,91.9,93.4,0,0,0,89.7,8,Low Risk,Low Risk
65.6,68.7,74.8,72.9,76.4,69.6,72.7,72.9,7,2,5,65.6,8,High Risk,High Risk
67.2,70.3,67.3,67.9,69.0,71.7,67.9,72.5,8,2,6,67.2,8,High Risk,High Risk
63.9,67.7,71.5,68.0,77.3,70.3,69.1,72.2,7,2,5,63.9,8,High Risk,High Risk
70.4,74.1,74.9,75.6,84.7,81.6,83.3,81.5,3,2,1,70.4,8,High Risk,High Risk
74.3,82.9,81.2,84.1,74.3,77.3,72.8,81.0,3,1,2,72.8,8,High Risk,High Risk
78.5,79.9,71.2,79.3,75.7,75.4,77.1,80.1,1,0,1,71.2,8,Moderate Risk,Moderate Risk
83.6,82.8,86.6,89.8,83.7,81.4,78.3,86.2,0,0,0,78.3,8,Low Risk,Low Risk
93.6,82.2,77.2,86.2,91.7,78.8,91.0,76.7,0,0,0,76.7,8,Low Risk,Low Risk
86.9,82.8,85.2,87.9,88.4,81.4,80.5,87.8,0,0,0,80.5,8,Low Risk,Low Risk
76.4,76.4,80.3,73.4,79.9,77.4,74.3,72.3,3,0,3,72.3,8,High Risk,High Risk
80.1,79.8,80.4,77.0,80.1,74.2,78.1,77.1,1,0,1,74.2,8,Moderate Risk,Moderate Risk
78.2,70.3,77.6,68.9,76.2,75.4,81.7,83.6,2,1,1,68.9,8,High Risk,High Risk
98.0,98.1,85.5,93.6,95.7,91.8,90.0,86.7,0,0,0,85.5,8,Low Risk,Low Risk
94.5,94.4,99.0,87.1,90.6,98.3,90.7,92.1,0,0,0,87.1,8,Low Risk,Low Risk
87.5,94.6,94.3,88.1,93.2,94.9,93.6,98.6,0,0,0,87.5,8,Low Risk,Low Risk
83.7,80.5,75.1,83.2,78.4,79.1,79.4,83.1,0,0,0,75.1,8,Moderate Risk,Moderate Risk
78.6,71.6,76.9,76.7,81.5,79.9,76.9,80.9,1,1,0,71.6,8,Moderate Risk,Moderate Risk
83.6,83.2,78.7,81.6,79.1,74.2,88.5,83.2,1,0,1,74.2,8,Moderate Risk,Moderate Risk
71.6,68.1,70.6,78.8,72.1,73.5,74.1,67.1,7,2,5,67.1,8,High Risk,High Risk
73.4,68.0,76.8,70.4,78.7,70.8,71.2,77.4,5,2,3,68.0,8,High Risk,High Risk
70.5,74.1,69.7,75.1,72.9,73.9,75.7,70.2,6,2,4,69.7,8,High Risk,High Risk
95.1,90.6,91.5,85.6,80.3,81.8,85.5,89.3,0,0,0,80.3,8,Low Risk,Low Risk
96.4,86.1,95.4,80.1,93.3,86.1,85.4,86.2,0,0,0,80.1,8,Low Risk,Low Risk
86.9,87.3,82.1,83.5,83.6,83.4,85.6,82.0,0,0,0,82.0,8,Low Risk,Low Risk
66.5,63.3,69.4,72.8,69.3,69.0,69.6,61.7,8,2,6,61.7,8,High Risk,High Risk
65.5,69.1,68.2,61.1,68.1,64.9,69.3,71.4,8,2,6,61.1,8,High Risk,High Risk
68.3,65.3,66.5,68.4,67.5,71.1,67.9,60.6,8,2,6,60.6,8,High Risk,High Risk
83.5,76.8,79.8,69.6,71.7,79.6,80.2,76.2,2,0,2,69.6,8,High Risk,High Risk
78.3,79.1,77.7,72.5,73.5,83.5,75.3,80.8,2,0,2,72.5,8,High Risk,High Risk
83.6,85.5,79.0,76.1,72.7,72.4,83.2,72.1,3,0,3,72.1,8,High Risk,High Risk
92.2,93.5,91.2,92.5,92.6,80.6,93.4,91.4,0,0,0,80.6,8,Low Risk,Low Risk
87.2,89.2,94.0,82.1,90.1,94.2,92.4,91.2,0,0,0,82.1,8,Low Risk,Low Risk
93.1,92.3,92.4,91.8,85.0,96.5,88.1,93.1,0,0,0,85.0,8,Low Risk,Low Risk
97.4,88.8,86.8,90.1,88.2,89.3,88.2,92.8,0,0,0,86.8,8,Low Risk,Low Risk
97.3,99.0,88.5,90.8,93.7,94.9,90.8,91.3,0,0,0,88.5,8,Low Risk,Low Risk
99.0,97.9,95.0,88.4,88.5,92.4,97.5,92.5,0,0,0,88.4,8,Low Risk,Low Risk
77.3,73.0,79.2,72.7,78.4,77.4,83.5,74.3,3,1,2,72.7,8,High Risk,High Risk
75.9,72.3,77.0,74.8,73.0,70.2,80.4,75.5,4,1,3,70.2,8,High Risk,High Risk
82.3,78.6,75.1,72.0,74.2,78.0,83.0,74.7,3,0,3,72.0,8,High Risk,High Risk
88.8,90.8,92.9,89.4,80.7,88.4,84.9,85.4,0,0,0,80.7,8,Low Risk,Low Risk
88.4,96.7,85.7,92.1,89.1,88.2,92.7,85.0,0,0,0,85.0,8,Low Risk,Low Risk
86.8,84.2,95.9,91.8,85.6,89.5,87.9,86.1,0,0,0,84.2,8,Low Risk,Low Risk
78.5,75.9,81.0,78.9,85.8,84.1,80.3,84.2,0,0,0,75.9,8,Moderate Risk,Moderate Risk
81.6,88.6,84.8,81.0,85.6,85.4,83.2,80.9,0,0,0,80.9,8,Low Risk,Low Risk
82.5,79.5,80.7,84.5,88.6,83.6,81.8,82.1,0,0,0,79.5,8,Moderate Risk,Moderate Risk
80.3,85.1,80.2,84.9,82.1,78.3,81.5,91.0,0,0,0,78.3,8,Moderate Risk,Moderate Risk
79.8,88.9,86.1,83.4,86.1,83.6,82.7,80.4,0,0,0,79.8,8,Low Risk,Low Risk
83.7,76.5,86.9,90.0,81.0,87.1,82.1,80.4,0,0,0,76.5,8,Moderate Risk,Moderate Risk
95.6,93.1,93.4,93.3,88.4,99.0,96.6,-1.0,0,0,0,88.4,7,Low Risk,Low Risk
99.0,94.8,99.0,88.4,89.0,99.0,91.9,89.1,0,0,0,88.4,8,Low Risk,Low Risk
92.8,95.6,87.6,91.7,97.3,90.5,88.7,90.6,0,0,0,87.6,8,Low Risk,Low Risk
92.6,97.2,99.0,91.1,90.8,90.4,97.8,94.5,0,0,0,90.4,8,Low Risk,Low Risk
97.9,94.5,90.3,98.2,94.5,93.5,95.8,89.2,0,0,0,89.2,8,Low Risk,Low Risk
95.0,99.0,98.6,94.0,94.3,85.0,91.6,95.3,0,0,0,85.0,8,Low Risk,Low Risk
79.2,72.7,74.8,83.4,72.3,74.3,84.1,74.4,5,1,4,72.3,8,High Risk,High Risk
76.8,79.2,74.2,85.1,80.5,75.2,75.7,83.9,1,0,1,74.2,8,Moderate Risk,Moderate Risk
76.7,73.7,71.7,76.9,79.2,74.0,72.1,81.4,4,1,3,71.7,8,High Risk,High Risk
95.3,93.0,89.9,95.7,97.2,93.1,94.2,89.8,0,0,0,89.8,8,Low Risk,Low Risk
96.3,95.1,92.9,92.0,86.0,99.0,85.5,95.0,0,0,0,85.5,8,Low Risk,Low Risk
93.1,94.1,91.6,95.9,88.5,94.7,90.9,91.8,0,0,0,88.5,8,Low Risk,Low Risk
69.9,71.3,78.2,66.7,76.1,77.9,73.7,79.3,4,2,2,66.7,8,High Risk,High Risk
79.0,71.7,70.7,66.7,73.0,67.5,74.9,62.5,7,1,6,62.5,8,High Risk,High Risk
68.5,74.0,71.9,75.0,71.1,73.6,67.1,73.0,7,2,5,67.1,8,High Risk,High Risk
73.1,77.0,86.4,81.8,81.0,84.8,82.3,84.2,1,1,0,73.1,8,Moderate Risk,Moderate Risk
79.2,84.9,77.4,81.6,86.1,81.3,80.2,90.6,0,0,0,77.4,8,Moderate Risk,Moderate Risk
77.2,73.2,84.7,86.7,83.4,75.4,82.5,80.0,1,1,0,73.2,8,Moderate Risk,Moderate Risk
63.9,68.7,67.7,66.2,72.4,60.9,67.3,71.7,8,2,6,60.9,8,High Risk,High Risk
72.5,70.1,72.0,69.6,65.3,64.0,68.2,72.0,8,2,6,64.0,8,High Risk,High Risk
69.5,65.4,65.3,72.9,72.7,71.8,68.7,65.2,8,2,6,65.2,8,High Risk,High Risk
64.8,61.7,66.7,70.9,64.1,64.8,72.2,69.8,8,2,6,61.7,8,High Risk,High Risk
67.2,70.7,70.8,63.3,62.7,66.6,64.1,71.1,8,2,6,62.7,8,High Risk,High Risk
69.6,64.0,73.0,74.7,72.8,69.4,72.2,64.3,8,2,6,64.0,8,High Risk,High Risk
88.9,89.0,86.7,87.4,86.0,86.2,85.4,87.4,0,0,0,85.4,8,Low Risk,Low Risk
87.2,85.0,83.1,91.1,90.3,84.4,90.1,83.6,0,0,0,83.1,8,Low Risk,Low Risk
87.5,91.0,88.9,86.2,90.3,87.7,85.2,88.4,0,0,0,85.2,8,Low Risk,Low Risk
71.7,77.3,80.1,79.4,83.5,77.0,84.1,81.6,1,1,0,71.7,8,Moderate Risk,Moderate Risk
81.9,80.2,83.2,78.3,82.7,79.0,90.2,75.5,0,0,0,75.5,8,Moderate Risk,Moderate Risk
84.9,83.2,78.3,82.8,78.7,81.6,81.1,79.2,0,0,0,78.3,8,Moderate Risk,Moderate Risk
90.4,91.6,86.0,95.8,95.0,88.2,94.8,99.0,0,0,0,86.0,8,Low Risk,Low Risk
89.5,99.0,93.8,90.9,93.2,90.3,90.8,93.4,0,0,0,89.5,8,Low Risk,Low Risk
94.8,95.8,96.4,94.6,86.7,97.7,92.6,91.1,0,0,0,86.7,8,Low Risk,Low Risk
98.3,91.7,-1.0,91.1,97.5,95.7,89.7,96.0,0,0,0,89.7,7,Low Risk,Low Risk
91.5,93.2,89.4,88.2,84.7,87.1,91.1,94.2,0,0,0,84.7,8,Low Risk,Low Risk
86.8,89.4,91.6,93.9,88.1,85.6,95.7,87.4,0,0,0,85.6,8,Low Risk,Low Risk
88.0,89.6,92.0,82.7,94.1,85.3,86.9,94.3,0,0,0,82.7,8,Low Risk,Low Risk
85.0,89.2,91.3,89.9,94.8,98.1,92.8,88.4,0,0,0,85.0,8,Low Risk,Low Risk
-1.0,86.8,83.1,89.0,89.8,84.4,87.2,85.1,0,0,0,83.1,7,Low Risk,Low Risk
81.4,79.4,90.4,74.7,79.5,75.3,74.6,73.8,3,0,3,73.8,8,High Risk,High Risk
82.9,86.0,87.4,76.9,83.5,80.6,81.1,75.9,0,0,0,75.9,8,Moderate Risk,Moderate Risk
86.8,77.0,72.2,81.6,76.9,81.1,84.1,81.3,1,0,1,72.2,8,Moderate Risk,Moderate Risk
89.3,90.1,92.8,84.6,87.7,88.9,86.6,90.5,0,0,0,84.6,8,Low Risk,Low Risk
94.5,91.8,85.9,84.5,86.9,89.5,79.4,84.7,0,0,0,79.4,8,Low Risk,Low Risk
85.8,90.2,87.3,86.2,82.5,87.0,82.0,93.3,0,0,0,82.0,8,Low Risk,Low Risk
99.0,83.1,96.1,87.9,90.8,91.7,91.5,92.5,0,0,0,83.1,8,Low Risk,Low Risk
95.4,87.5,98.8,85.8,87.3,88.0,82.9,82.9,0,0,0,82.9,8,Low Risk,Low Risk
99.0,90.5,87.8,90.3,79.4,87.5,88.0,83.9,0,0,0,79.4,8,Low Risk,Low Risk
89.3,80.9,85.7,84.3,81.3,91.5,88.5,86.7,0,0,0,80.9,8,Low Risk,Low Risk
85.1,94.5,98.6,91.6,90.8,86.8,86.9,89.9,0,0,0,85.1,8,Low Risk,Low Risk
93.9,86.7,92.2,86.5,89.6,91.4,87.0,85.2,0,0,0,85.2,8,Low Risk,Low Risk
83.9,80.0,80.5,82.5,79.4,82.5,-1.0,88.1,0,0,0,79.4,7,Moderate Risk,Moderate Risk
80.0,89.1,77.0,78.1,84.1,81.7,78.6,78.7,0,0,0,77.0,8,Moderate Risk,Moderate Risk
87.8,84.2,85.7,79.2,82.8,74.9,81.5,81.3,1,0,1,74.9,8,Moderate Risk,Moderate Risk
82.1,75.3,75.5,79.7,74.8,71.9,73.6,81.8,3,0,3,71.9,8,High Risk,High Risk
80.7,77.2,80.1,75.7,77.4,76.7,77.8,78.8,0,0,0,75.7,8,Moderate Risk,Moderate Risk
79.7,81.0,77.9,74.4,78.1,80.3,72.7,72.7,3,0,3,72.7,8,High Risk,High Risk
85.1,82.1,86.2,78.9,84.3,80.3,82.0,84.1,0,0,0,78.9,8,Moderate Risk,Moderate Risk
82.0,79.7,86.8,86.8,83.1,87.8,81.9,82.3,0,0,0,79.7,8,Low Risk,Low Risk
80.3,78.7,79.8,83.2,87.3,85.9,84.2,87.5,0,0,0,78.7,8,Moderate Risk,Moderate Risk
84.7,74.6,81.0,70.1,80.8,80.7,87.9,86.7,2,1,1,70.1,8,High Risk,High Risk
77.7,79.7,78.1,76.3,82.4,81.7,72.6,-1.0,1,0,1,72.6,7,Moderate Risk,Moderate Risk
83.2,78.7,82.7,76.7,78.0,74.3,73.3,-1.0,2,0,2,73.3,7,High Risk,High Risk
65.7,69.4,70.6,68.5,69.3,67.6,68.3,71.8,8,2,6,65.7,8,High Risk,High Risk
61.9,69.8,68.0,66.4,72.6,68.0,63.3,72.9,8,2,6,61.9,8,High Risk,High Risk
66.3,67.5,69.7,64.1,61.0,76.7,63.3,75.5,6,2,4,61.0,8,High Risk,High Risk
90.1,93.7,95.9,98.5,99.0,84.6,95.4,87.7,0,0,0,84.6,8,Low Risk,Low Risk
91.7,89.9,84.5,96.9,94.8,91.3,87.7,96.1,0,0,0,84.5,8,Low Risk,Low Risk
87.7,96.0,92.1,92.4,92.0,93.8,92.2,90.3,0,0,0,87.7,8,Low Risk,Low Risk
93.4,87.3,95.1,94.5,89.7,88.9,88.7,87.3,0,0,0,87.3,8,Low Risk,Low Risk
81.5,93.1,95.2,89.2,86.1,84.6,86.1,89.8,0,0,0,81.5,8,Low Risk,Low Risk
90.0,94.6,94.7,86.3,82.6,85.9,94.3,90.2,0,0,0,82.6,8,Low Risk,Low Risk
83.1,99.0,92.3,89.6,82.1,91.5,92.5,88.4,0,0,0,82.1,8,Low Risk,Low Risk
92.6,82.4,87.4,95.6,89.5,89.5,86.0,86.7,0,0,0,82.4,8,Low Risk,Low Risk
93.6,92.7,94.2,88.9,84.6,83.8,94.2,89.0,0,0,0,83.8,8,Low Risk,Low Risk
70.3,63.0,65.6,61.8,65.7,63.8,66.4,69.1,8,2,6,61.8,8,High Risk,High Risk
67.2,68.4,60.0,68.7,61.7,68.3,70.5,67.4,8,2,6,60.0,8,High Risk,High Risk
69.5,70.1,63.8,68.0,67.1,60.7,69.1,71.6,8,2,6,60.7,8,High Risk,High Risk
71.7,69.7,74.5,63.8,72.9,72.6,74.2,76.6,7,2,5,63.8,8,High Risk,High Risk
64.3,68.5,69.6,72.1,68.4,73.1,69.2,75.4,7,2,5,64.3,8,High Risk,High Risk
62.6,71.0,66.3,71.5,67.0,73.8,69.2,74.2,8,2,6,62.6,8,High Risk,High Risk
70.3,63.1,65.9,69.3,75.3,73.2,75.5,69.6,6,2,4,63.1,8,High Risk,High Risk
73.5,65.6,69.4,72.0,64.2,69.2,70.2,69.0,8,2,6,64.2,8,High Risk,High Risk
69.3,69.7,69.6,72.9,70.4,67.5,65.8,64.6,8,2,6,64.6,8,High Risk,High Risk
69.1,65.5,63.4,69.7,61.6,73.3,67.7,65.7,8,2,6,61.6,8,High Risk,High Risk
66.6,66.8,75.5,65.0,72.6,65.1,64.0,66.4,7,2,5,64.0,8,High Risk,High Risk
62.6,60.4,65.1,64.7,65.0,60.4,67.0,63.6,8,2,6,60.4,8,High Risk,High Risk
82.5,82.9,77.9,83.7,80.3,75.6,76.4,78.1,0,0,0,75.6,8,Moderate Risk,Moderate Risk
77.5,76.2,85.3,78.3,78.1,77.9,78.3,73.6,1,0,1,73.6,8,Moderate Risk,Moderate Risk
81.4,78.9,87.4,79.7,83.9,82.7,84.6,78.9,0,0,0,78.9,8,Moderate Risk,Moderate Risk
85.2,76.7,76.4,84.8,85.5,78.0,81.1,80.1,0,0,0,76.4,8,Moderate Risk,Moderate Risk
80.4,86.9,76.4,78.5,80.9,86.2,75.9,77.7,0,0,0,75.9,8,Moderate Risk,Moderate Risk
82.6,81.4,80.7,74.7,80.8,86.0,75.4,77.4,1,0,1,74.7,8,Moderate Risk,Moderate Risk
96.0,98.5,92.0,96.3,95.4,93.6,89.9,95.4,0,0,0,89.9,8,Low Risk,Low Risk
94.8,99.0,99.0,98.2,95.5,93.7,94.5,89.6,0,0,0,89.6,8,Low Risk,Low Risk
96.9,94.4,95.2,94.5,89.9,91.2,99.0,90.7,0,0,0,89.9,8,Low Risk,Low Risk
91.9,86.8,86.5,93.4,80.7,88.3,90.3,83.5,0,0,0,80.7,8,Low Risk,Low Risk
86.4,89.2,91.0,84.7,89.6,91.4,87.7,88.1,0,0,0,84.7,8,Low Risk,Low Risk
91.2,92.0,88.5,89.5,84.0,88.0,91.7,88.6,0,0,0,84.0,8,Low Risk,Low Risk
83.1,90.9,82.4,76.6,77.8,85.1,80.4,75.5,0,0,0,75.5,8,Moderate Risk,Moderate Risk
87.2,82.5,86.9,86.8,80.3,82.8,81.0,85.4,0,0,0,80.3,8,Low Risk,Low Risk
84.4,88.5,86.4,87.1,86.8,83.5,81.0,80.0,0,0,0,80.0,8,Low Risk,Low Risk
83.7,79.0,77.4,81.6,81.9,78.8,84.9,83.5,0,0,0,77.4,8,Moderate Risk,Moderate Risk
75.3,84.6,72.1,79.5,80.4,78.0,79.7,81.5,1,0,1,72.1,8,Moderate Risk,Moderate Risk
79.7,88.0,77.6,85.7,73.2,76.6,77.8,83.5,1,0,1,73.2,8,Moderate Risk,Moderate Risk
86.6,80.1,90.4,83.9,85.1,85.3,83.5,84.0,0,0,0,80.1,8,Low Risk,Low Risk
81.3,80.7,86.6,83.6,76.0,81.8,89.4,83.0,0,0,0,76.0,8,Moderate Risk,Moderate Risk
82.3,80.0,85.1,83.8,82.2,80.7,89.4,80.9,0,0,0,80.0,8,Moderate Risk,Moderate Risk
99.0,83.3,91.2,85.0,94.6,87.7,79.3,88.6,0,0,0,79.3,8,Low Risk,Low Risk
87.0,91.0,89.3,84.4,88.3,87.6,91.0,87.1,0,0,0,84.4,8,Low Risk,Low Risk
95.0,86.8,93.8,88.0,87.5,89.9,78.9,84.8,0,0,0,78.9,8,Low Risk,Low Risk
-1.0,63.5,62.0,70.4,68.9,64.1,69.4,64.6,7,1,6,62.0,7,High Risk,High Risk
64.0,61.9,66.9,63.3,60.5,63.4,60.0,61.6,8,2,6,60.0,8,High Risk,High Risk
66.6,62.2,65.7,67.4,74.7,68.3,69.2,75.3,7,2,5,62.2,8,High Risk,High Risk
75.0,69.9,71.8,73.3,70.9,70.1,65.6,70.7,7,1,6,65.6,8,High Risk,High Risk
70.7,73.9,69.3,66.9,69.7,76.9,70.3,69.5,7,2,5,66.9,8,High Risk,High Risk
72.0,73.7,70.1,67.9,69.7,72.8,72.8,64.5,8,2,6,64.5,8,High Risk,High Risk
71.4,79.8,80.9,81.2,69.6,78.7,75.1,71.7,3,1,2,69.6,8,High Risk,High Risk
85.4,84.9,63.6,84.8,80.1,67.7,73.6,81.3,3,0,3,63.6,8,High Risk,High Risk
77.4,81.3,74.1,71.3,74.1,73.1,74.2,69.9,6,0,6,69.9,8,High Risk,High Risk
93.7,92.8,98.0,92.5,99.0,94.8,97.8,92.2,0,0,0,92.2,8,Low Risk,Low Risk
93.1,88.1,98.0,93.5,90.8,94.9,93.6,98.8,0,0,0,88.1,8,Low Risk,Low Risk
98.3,95.5,94.9,98.1,89.0,90.1,91.8,92.4,0,0,0,89.0,8,Low Risk,Low Risk
77.6,80.4,72.2,84.0,73.1,81.1,78.4,77.3,2,0,2,72.2,8,High Risk,High Risk
76.3,78.0,81.1,78.1,77.0,73.8,77.6,69.9,2,0,2,69.9,8,High Risk,High Risk
78.1,79.3,76.4,72.6,77.8,83.8,72.8,75.8,2,0,2,72.6,8,High Risk,High Risk
90.7,98.2,82.4,85.6,87.2,90.3,88.6,89.6,0,0,0,82.4,8,Low Risk,Low Risk
95.9,93.0,90.7,94.5,97.5,92.8,88.5,91.3,0,0,0,88.5,8,Low Risk,Low Risk
96.1,93.8,95.4,86.6,83.7,88.8,90.4,83.5,0,0,0,83.5,8,Low Risk,Low Risk
78.1,80.1,82.7,81.7,86.7,83.3,82.4,80.7,0,0,0,78.1,8,Moderate Risk,Moderate Risk
80.4,78.4,79.3,77.6,80.0,79.8,88.0,84.8,0,0,0,77.6,8,Moderate Risk,Moderate Risk
82.0,87.1,84.2,74.5,84.3,85.0,89.4,80.1,1,0,1,74.5,8,Moderate Risk,Moderate Risk
84.9,81.9,79.1,84.5,78.0,78.4,79.4,81.3,0,0,0,78.0,8,Moderate Risk,Moderate Risk
79.2,80.1,79.5,77.9,81.6,73.5,81.2,86.4,1,0,1,73.5,8,Moderate Risk,Moderate Risk
87.7,81.6,76.5,76.7,79.9,71.4,83.6,77.7,1,0,1,71.4,8,Moderate Risk,Moderate Risk
90.7,87.6,89.1,88.9,87.8,94.4,85.9,90.0,0,0,0,85.9,8,Low Risk,Low Risk
86.3,98.7,89.4,78.9,92.6,87.7,85.7,89.9,0,0,0,78.9,8,Low Risk,Low Risk
-1.0,91.7,92.3,85.4,90.3,85.4,83.1,86.6,0,0,0,83.1,7,Low Risk,Low Risk
73.2,76.6,80.0,76.3,72.2,73.9,72.3,77.8,4,1,3,72.2,8,High Risk,High Risk
80.2,76.7,74.5,81.0,82.6,72.4,72.8,77.9,3,0,3,72.4,8,High Risk,High Risk
80.5,80.5,75.8,74.5,75.1,83.3,73.1,75.6,2,0,2,73.1,8,High Risk,High Risk
77.9,83.0,80.2,71.6,74.0,74.8,77.8,76.5,3,0,3,71.6,8,High Risk,High Risk
69.8,78.8,82.0,79.5,78.1,77.2,75.3,80.5,1,1,0,69.8,8,High Risk,High Risk
79.6,76.9,82.6,78.9,74.2,72.8,75.0,86.0,2,0,2,72.8,8,High Risk,High Risk
76.2,71.8,74.7,68.4,66.8,67.5,68.5,72.7,7,1,6,66.8,8,High Risk,High Risk
66.5,75.6,75.3,68.1,76.4,67.6,76.7,73.1,4,1,3,66.5,8,High Risk,High Risk
69.4,70.3,64.5,75.0,76.9,74.8,70.2,68.5,6,2,4,64.5,8,High Risk,High Risk
85.0,91.4,84.4,85.5,85.5,92.5,77.9,96.0,0,0,0,77.9,8,Low Risk,Low Risk
90.7,90.4,91.5,89.5,94.9,90.0,86.7,85.1,0,0,0,85.1,8,Low Risk,Low Risk
95.8,92.9,76.3,78.6,87.2,86.6,87.3,91.9,0,0,0,76.3,8,Low Risk,Low Risk
76.5,83.6,74.2,69.8,76.6,85.2,85.7,73.9,3,0,3,69.8,8,High Risk,High Risk
84.6,78.0,82.6,87.6,80.5,79.8,78.3,73.9,1,0,1,73.9,8,Moderate Risk,Moderate Risk
78.1,83.6,79.7,78.8,82.9,86.4,88.6,80.5,0,0,0,78.1,8,Moderate Risk,Moderate Risk
78.5,73.2,80.9,88.7,88.6,86.8,81.3,80.2,1,1,0,73.2,8,Moderate Risk,Moderate Risk
82.3,88.5,83.9,82.1,87.6,83.5,83.9,89.0,0,0,0,82.1,8,Low Risk,Low Risk
79.2,81.3,83.9,80.6,84.1,84.7,84.0,83.6,0,0,0,79.2,8,Moderate Risk,Moderate Risk
69.0,72.1,69.0,76.6,75.3,72.3,75.5,72.8,5,2,3,69.0,8,High Risk,High Risk
72.2,72.0,74.7,71.8,70.5,74.9,69.2,71.0,8,2,6,69.2,8,High Risk,High Risk
67.6,77.5,68.4,72.6,66.3,81.7,68.6,67.5,6,1,5,66.3,8,High Risk,High Risk
92.8,88.0,91.1,95.8,92.4,92.3,93.9,91.2,0,0,0,88.0,8,Low Risk,Low Risk
94.3,95.7,97.0,97.4,91.9,86.7,96.0,90.9,0,0,0,86.7,8,Low Risk,Low Risk
94.0,87.7,97.6,99.0,93.1,90.9,85.5,99.0,0,0,0,85.5,8,Low Risk,Low Risk
94.0,94.4,98.2,95.8,94.6,97.1,88.4,95.2,0,0,0,88.4,8,Low Risk,Low Risk
93.4,94.9,92.3,99.0,98.8,97.7,91.6,90.0,0,0,0,90.0,8,Low Risk,Low Risk
88.9,96.2,98.6,85.1,90.2,98.3,95.0,90.3,0,0,0,85.1,8,Low Risk,Low Risk
79.0,83.2,78.9,83.7,77.9,85.6,82.2,80.6,0,0,0,77.9,8,Moderate Risk,Moderate Risk
78.8,81.8,74.5,77.4,76.1,81.8,81.9,84.5,1,0,1,74.5,8,Moderate Risk,Moderate Risk
80.5,80.9,79.1,80.6,83.4,86.9,81.5,81.8,0,0,0,79.1,8,Moderate Risk,Moderate Risk
82.9,81.6,83.4,78.2,84.9,80.3,77.5,83.7,0,0,0,77.5,8,Moderate Risk,Moderate Risk
85.1,85.1,90.4,81.0,81.7,79.6,83.8,81.9,0,0,0,79.6,8,Low Risk,Low Risk
84.5,81.8,75.9,84.3,75.3,81.3,81.3,81.9,0,0,0,75.3,8,Moderate Risk,Moderate Risk
88.4,87.7,97.8,85.8,87.3,86.7,93.6,96.9,0,0,0,85.8,8,Low Risk,Low Risk
83.1,90.3,97.6,90.7,95.7,83.4,89.1,93.6,0,0,0,83.1,8,Low Risk,Low Risk
93.9,88.7,92.3,99.0,87.1,86.5,94.5,87.9,0,0,0,86.5,8,Low Risk,Low Risk
60.0,60.0,64.4,68.2,60.5,64.1,60.0,65.0,8,2,6,60.0,8,High Risk,High Risk
62.5,65.7,63.9,64.3,68.3,64.6,64.9,70.2,8,2,6,62.5,8,High Risk,High Risk
61.9,60.1,64.0,69.0,68.3,67.8,66.7,65.6,8,2,6,60.1,8,High Risk,High Risk
76.2,79.0,82.8,86.9,79.8,77.9,81.2,74.8,1,0,1,74.8,8,Moderate Risk,Moderate Risk
82.1,81.1,81.7,84.1,87.8,76.8,74.0,75.1,1,0,1,74.0,8,Moderate Risk,Moderate Risk
83.5,78.7,78.1,88.6,83.2,81.6,81.4,79.8,0,0,0,78.1,8,Moderate Risk,Moderate Risk
86.7,81.9,85.0,81.5,79.6,79.5,83.2,84.2,0,0,0,79.5,8,Moderate Risk,Moderate Risk
84.4,83.7,80.8,84.1,90.7,83.3,78.3,89.4,0,0,0,78.3,8,Low Risk,Low Risk
84.7,81.9,81.4,88.2,89.9,80.3,74.3,83.8,1,0,1,74.3,8,Moderate Risk,Moderate Risk
73.1,70.1,72.9,76.9,76.3,78.5,77.8,71.6,4,2,2,70.1,8,High Risk,High Risk
71.1,73.5,72.1,78.7,72.6,83.9,74.2,79.1,5,2,3,71.1,8,High Risk,High Risk
79.7,76.0,72.1,76.4,73.3,76.7,73.1,77.5,3,0,3,72.1,8,High Risk,High Risk
73.0,80.1,77.7,78.2,78.8,73.0,77.4,78.4,2,1,1,73.0,8,High Risk,High Risk
77.6,69.8,73.1,79.2,77.7,74.8,70.1,76.5,4,1,3,69.8,8,High Risk,High Risk
73.6,75.6,71.8,73.8,79.6,80.9,77.7,75.6,3,1,2,71.8,8,High Risk,High Risk
92.6,92.5,87.3,98.6,91.7,86.4,97.4,87.7,0,0,0,86.4,8,Low Risk,Low Risk
91.1,91.5,98.0,92.9,89.1,81.8,90.7,84.9,0,0,0,81.8,8,Low Risk,Low Risk
90.5,90.4,96.4,82.9,92.4,90.9,89.3,87.9,0,0,0,82.9,8,Low Risk,Low Risk
98.5,96.0,94.9,88.1,87.2,95.2,89.1,97.8,0,0,0,87.2,8,Low Risk,Low Risk
94.4,94.2,92.2,95.6,96.6,92.7,96.1,93.9,0,0,0,92.2,8,Low Risk,Low Risk
95.4,86.6,94.2,87.5,89.2,93.0,93.6,90.7,0,0,0,86.6,8,Low Risk,Low Risk
82.6,75.3,74.8,76.6,74.8,74.2,81.3,78.7,3,0,3,74.2,8,High Risk,High Risk
80.0,71.6,78.8,75.6,80.2,74.6,82.1,77.2,2,1,1,71.6,8,High Risk,High Risk
78.5,72.4,77.8,78.3,72.7,78.2,80.2,82.4,2,1,1,72.4,8,High Risk,High Risk
80.4,87.4,86.2,82.4,83.4,85.0,85.3,89.6,0,0,0,80.4,8,Low Risk,Low Risk
86.2,76.8,83.0,82.8,86.5,90.7,84.8,82.6,0,0,0,76.8,8,Low Risk,Low Risk
82.7,81.5,88.1,88.4,80.3,78.3,83.6,79.6,0,0,0,78.3,8,Moderate Risk,Moderate Risk
86.4,83.2,79.9,80.8,79.2,82.3,85.1,80.0,0,0,0,79.2,8,Moderate Risk,Moderate Risk
87.0,76.9,81.8,84.1,77.2,76.4,81.3,79.8,0,0,0,76.4,8,Moderate Risk,Moderate Risk
89.6,79.6,84.2,83.3,74.9,86.9,83.7,82.0,1,0,1,74.9,8,Moderate Risk,Moderate Risk
80.2,76.9,81.3,86.2,74.8,-1.0,78.6,78.2,1,0,1,74.8,7,Moderate Risk,Moderate Risk
83.4,85.8,72.6,82.6,79.6,84.1,77.2,83.8,1,0,1,72.6,8,Moderate Risk,Moderate Risk
79.8,84.7,85.6,87.7,82.2,81.2,81.9,87.6,0,0,0,79.8,8,Low Risk,Low Risk
62.0,64.1,65.7,69.3,69.6,68.1,68.9,67.5,8,2,6,62.0,8,High Risk,High Risk
61.2,67.6,70.9,66.0,64.8,67.1,66.9,69.4,8,2,6,61.2,8,High Risk,High Risk
60.0,62.9,65.5,68.8,66.1,60.6,68.4,76.3,7,2,5,60.0,8,High Risk,High Risk
89.0,93.0,99.0,93.6,79.6,90.6,96.6,92.0,0,0,0,79.6,8,Low Risk,Low Risk
96.2,95.7,93.6,95.3,98.9,94.6,93.5,89.9,0,0,0,89.9,8,Low Risk,Low Risk
97.7,98.4,99.0,96.9,96.8,88.3,89.9,87.9,0,0,0,87.9,8,Low Risk,Low Risk
89.0,79.4,83.9,78.9,75.6,79.1,79.2,79.1,0,0,0,75.6,8,Moderate Risk,Moderate Risk
79.2,74.6,82.7,84.8,86.5,72.7,79.1,76.7,2,1,1,72.7,8,High Risk,High Risk
86.6,71.7,80.1,78.6,75.4,86.1,75.1,80.2,1,1,0,71.7,8,Moderate Risk,Moderate Risk
93.6,99.0,90.2,90.6,87.0,94.9,88.4,88.0,0,0,0,87.0,8,Low Risk,Low Risk
89.7,93.7,92.6,90.6,88.1,89.4,92.0,84.2,0,0,0,84.2,8,Low Risk,Low Risk
94.4,88.7,87.0,87.9,90.7,97.5,82.5,85.1,0,0,0,82.5,8,Low Risk,Low Risk
66.1,69.1,66.1,76.8,62.9,66.7,64.0,72.4,7,2,5,62.9,8,High Risk,High Risk
69.4,66.1,73.2,68.8,70.7,68.4,62.3,68.9,8,2,6,62.3,8,High Risk,High Risk
68.6,61.8,68.6,66.9,77.4,66.8,73.8,73.8,7,2,5,61.8,8,High Risk,High Risk
96.2,90.3,95.9,98.8,97.6,92.9,94.1,88.9,0,0,0,88.9,8,Low Risk,Low Risk
97.9,92.8,91.8,97.4,92.9,91.3,97.6,96.2,0,0,0,91.3,8,Low Risk,Low Risk
96.9,97.5,96.5,94.9,92.2,92.4,93.8,90.8,0,0,0,90.8,8,Low Risk,Low Risk
98.8,99.0,92.2,99.0,94.4,95.7,88.6,94.4,0,0,0,88.6,8,Low Risk,Low Risk
84.8,95.3,92.4,97.7,90.6,90.0,88.2,90.2,0,0,0,84.8,8,Low Risk,Low Risk
89.6,94.5,99.0,95.5,-1.0,91.2,87.4,90.9,0,0,0,87.4,7,Low Risk,Low Risk
83.9,79.7,85.8,84.0,87.7,89.4,79.0,83.6,0,0,0,79.0,8,Low Risk,Low Risk
82.2,90.2,82.7,80.5,83.4,87.0,82.4,84.0,0,0,0,80.5,8,Low Risk,Low Risk
85.1,87.6,78.0,82.4,87.2,81.4,83.8,82.0,0,0,0,78.0,8,Moderate Risk,Moderate Risk
81.2,85.3,83.6,83.5,83.4,85.6,85.1,78.9,0,0,0,78.9,8,Moderate Risk,Moderate Risk
87.2,77.8,85.9,81.8,83.8,79.0,83.0,84.3,0,0,0,77.8,8,Moderate Risk,Moderate Risk
75.8,83.7,74.6,82.1,84.9,85.8,82.7,82.2,1,0,1,74.6,8,Moderate Risk,Moderate Risk
81.0,81.7,84.1,81.2,76.1,80.9,83.2,85.5,0,0,0,76.1,8,Moderate Risk,Moderate Risk
86.3,87.0,83.6,79.4,79.0,79.3,79.6,84.1,0,0,0,79.0,8,Moderate Risk,Moderate Risk
82.5,86.4,79.8,87.7,87.4,83.9,91.7,87.9,0,0,0,79.8,8,Low Risk,Low Risk
81.3,77.6,80.8,76.0,83.6,82.4,81.6,85.4,0,0,0,76.0,8,Moderate Risk,Moderate Risk
76.5,86.0,85.3,87.1,88.1,80.4,79.4,75.2,0,0,0,75.2,8,Moderate Risk,Moderate Risk
74.3,78.0,82.7,85.5,79.3,82.5,89.1,75.2,1,1,0,74.3,8,Moderate Risk,Moderate Risk
60.0,63.4,67.2,70.0,71.8,74.8,67.1,73.2,8,2,6,60.0,8,High Risk,High Risk
61.5,61.3,65.0,65.5,73.5,60.0,69.2,70.8,8,2,6,60.0,8,High Risk,High Risk
67.6,63.1,61.3,69.4,66.3,66.8,69.7,67.1,8,2,6,61.3,8,High Risk,High Risk
94.4,89.2,88.6,93.7,87.7,94.6,97.0,91.1,0,0,0,87.7,8,Low Risk,Low Risk
94.2,94.4,91.0,88.3,85.7,89.2,99.0,86.3,0,0,0,85.7,8,Low Risk,Low Risk
91.3,95.2,91.9,91.2,88.7,90.1,91.7,91.4,0,0,0,88.7,8,Low Risk,Low Risk
80.7,79.1,83.1,76.5,79.0,81.5,75.4,81.2,0,0,0,75.4,8,Moderate Risk,Moderate Risk
84.6,80.5,73.7,82.7,76.4,81.9,80.0,68.9,2,0,2,68.9,8,High Risk,High Risk
75.1,82.8,74.2,80.0,81.8,81.8,79.6,78.1,1,0,1,74.2,8,Moderate Risk,Moderate Risk
61.0,60.9,62.4,70.4,69.1,66.0,77.2,66.8,7,2,5,60.9,8,High Risk,High Risk
67.0,69.8,63.9,69.1,68.0,68.5,63.6,62.9,8,2,6,62.9,8,High Risk,High Risk
63.5,60.0,61.6,64.3,65.2,66.7,66.8,65.8,8,2,6,60.0,8,High Risk,High Risk
85.8,85.6,84.8,81.7,97.1,78.7,82.4,88.4,0,0,0,78.7,8,Low Risk,Low Risk
90.0,92.4,86.4,89.7,79.7,83.9,88.0,93.7,0,0,0,79.7,8,Low Risk,Low Risk
89.7,88.7,84.7,81.5,84.2,88.1,84.9,90.6,0,0,0,81.5,8,Low Risk,Low Risk
67.7,68.2,73.4,74.7,69.2,68.7,72.6,66.4,8,2,6,66.4,8,High Risk,High Risk
65.3,71.0,73.0,69.4,71.9,68.0,71.3,77.9,7,2,5,65.3,8,High Risk,High Risk
63.3,65.4,63.1,74.0,79.7,76.3,72.5,71.9,6,2,4,63.1,8,High Risk,High Risk
76.6,81.7,80.0,79.5,77.3,78.8,77.3,84.7,0,0,0,76.6,8,Moderate Risk,Moderate Risk
75.5,90.2,80.1,88.2,84.4,80.6,89.3,83.7,0,0,0,75.5,8,Low Risk,Low Risk
86.7,80.8,80.2,79.3,78.7,78.9,88.3,85.4,0,0,0,78.7,8,Moderate Risk,Moderate Risk
80.4,78.3,73.8,77.6,73.1,81.7,74.3,75.0,3,0,3,73.1,8,High Risk,High Risk
79.8,75.1,79.3,77.1,81.3,74.4,76.3,71.6,2,0,2,71.6,8,High Risk,High Risk
75.0,77.6,84.8,63.9,77.0,81.6,75.2,79.2,1,0,1,63.9,8,High Risk,High Risk
84.2,80.4,84.0,83.7,79.9,86.2,77.8,81.2,0,0,0,77.8,8,Moderate Risk,Moderate Risk
83.9,81.3,87.9,84.0,81.1,82.6,82.7,89.4,0,0,0,81.1,8,Low Risk,Low Risk
79.8,81.3,78.5,80.2,77.8,78.3,84.7,81.8,0,0,0,77.8,8,Moderate Risk,Moderate Risk
78.7,80.7,81.1,-1.0,85.9,90.0,86.2,80.9,0,0,0,78.7,7,Moderate Risk,Moderate Risk
89.2,91.8,78.3,88.5,80.8,82.0,84.1,88.9,0,0,0,78.3,8,Low Risk,Low Risk
87.4,88.0,85.8,86.9,80.8,76.4,90.0,79.1,0,0,0,76.4,8,Low Risk,Low Risk
94.3,94.1,91.5,88.2,94.1,87.8,87.8,93.4,0,0,0,87.8,8,Low Risk,Low Risk
90.1,96.2,95.3,90.7,85.4,90.7,89.0,86.4,0,0,0,85.4,8,Low Risk,Low Risk
96.7,87.9,89.5,92.5,88.3,91.9,88.2,92.0,0,0,0,87.9,8,Low Risk,Low Risk
83.9,76.5,87.8,83.1,84.7,78.8,82.7,76.8,0,0,0,76.5,8,Moderate Risk,Moderate Risk
99.0,85.3,87.7,80.9,83.3,85.3,77.8,79.3,0,0,0,77.8,8,Low Risk,Low Risk
80.1,80.6,78.0,74.4,75.4,82.0,84.4,91.4,1,0,1,74.4,8,Moderate Risk,Moderate Risk
60.4,60.0,76.0,68.2,70.4,60.0,74.3,72.8,7,2,5,60.0,8,High Risk,High Risk
60.1,66.8,72.0,69.6,62.5,64.5,67.9,67.5,8,2,6,60.1,8,High Risk,High Risk
66.9,66.6,-1.0,66.1,64.5,74.3,68.3,62.1,7,2,5,62.1,7,High Risk,High Risk
99.0,92.4,90.5,98.7,97.6,92.0,88.8,90.1,0,0,0,88.8,8,Low Risk,Low Risk
99.0,96.6,98.0,92.8,90.3,87.9,94.8,97.0,0,0,0,87.9,8,Low Risk,Low Risk
94.5,96.3,94.7,98.3,95.4,93.3,93.9,89.1,0,0,0,89.1,8,Low Risk,Low Risk
65.3,78.5,78.5,79.5,76.5,80.8,74.3,76.2,2,1,1,65.3,8,High Risk,High Risk
75.7,79.9,71.3,74.0,82.4,73.8,76.1,81.7,3,0,3,71.3,8,High Risk,High Risk
68.9,76.0,80.3,74.8,71.5,74.6,74.1,75.4,5,1,4,68.9,8,High Risk,High Risk
88.2,77.1,85.5,81.7,79.6,79.0,86.7,83.3,0,0,0,77.1,8,Moderate Risk,Moderate Risk
82.5,77.1,76.5,87.3,82.3,81.8,88.3,77.4,0,0,0,76.5,8,Moderate Risk,Moderate Risk
79.1,81.6,87.8,84.7,71.8,92.1,79.9,86.2,1,0,1,71.8,8,Moderate Risk,Moderate Risk
78.1,68.5,68.6,74.1,70.9,75.6,77.3,76.0,4,1,3,68.5,8,High Risk,High Risk
67.8,68.3,70.5,76.1,72.3,71.8,71.3,70.5,7,2,5,67.8,8,High Risk,High Risk
73.1,68.9,67.1,75.6,68.7,72.4,76.7,69.1,6,2,4,67.1,8,High Risk,High Risk
89.6,92.4,92.7,96.7,89.6,95.3,90.4,90.2,0,0,0,89.6,8,Low Risk,Low Risk
96.0,89.8,96.8,95.5,87.8,94.6,94.0,93.3,0,0,0,87.8,8,Low Risk,Low Risk
92.1,99.0,93.2,89.3,85.6,86.3,87.4,91.4,0,0,0,85.6,8,Low Risk,Low Risk
80.9,89.4,89.3,84.1,82.0,86.0,86.7,87.2,0,0,0,80.9,8,Low Risk,Low Risk
82.4,88.5,81.8,74.3,82.1,81.8,84.8,87.1,1,0,1,74.3,8,Moderate Risk,Moderate Risk
83.0,80.9,82.4,80.9,81.3,89.7,84.3,82.9,0,0,0,80.9,8,Moderate Risk,Moderate Risk
64.5,66.3,69.0,76.1,76.7,74.3,71.8,69.6,6,2,4,64.5,8,High Risk,High Risk
69.7,72.8,67.6,73.3,74.0,73.1,67.7,71.2,8,2,6,67.6,8,High Risk,High Risk
64.6,65.7,75.1,71.1,70.3,76.1,71.2,67.3,6,2,4,64.6,8,High Risk,High Risk
71.2,75.7,73.8,78.4,77.4,76.3,71.1,72.3,4,1,3,71.1,8,High Risk,High Risk
75.0,70.5,76.2,73.9,76.2,75.5,68.5,69.1,4,1,3,68.5,8,High Risk,High Risk
63.9,72.1,68.1,75.8,68.4,76.1,74.6,69.3,6,2,4,63.9,8,High Risk,High Risk
68.5,66.1,64.7,74.2,63.8,75.8,74.9,71.9,7,2,5,63.8,8,High Risk,High Risk
63.3,70.9,72.9,76.6,72.3,74.0,76.0,72.5,6,2,4,63.3,8,High Risk,High Risk
69.1,74.3,67.4,70.8,73.9,70.5,71.1,63.1,8,2,6,63.1,8,High Risk,High Risk
89.2,88.9,87.8,81.3,89.9,82.8,77.7,82.0,0,0,0,77.7,8,Low Risk,Low Risk
84.3,85.8,84.3,86.1,82.9,80.8,78.0,83.2,0,0,0,78.0,8,Moderate Risk,Moderate Risk
75.9,78.0,84.7,77.4,82.9,80.4,80.2,83.9,0,0,0,75.9,8,Moderate Risk,Moderate Risk
69.3,66.0,68.0,60.0,73.0,66.9,63.9,64.6,8,2,6,60.0,8,High Risk,High Risk
65.9,65.7,65.4,71.1,68.5,66.5,67.4,73.2,8,2,6,65.4,8,High Risk,High Risk
68.6,67.1,67.7,60.0,72.5,63.8,65.9,63.3,8,2,6,60.0,8,High Risk,High Risk
74.8,77.1,78.0,69.4,81.3,78.2,80.3,71.3,3,1,2,69.4,8,High Risk,High Risk
78.9,75.7,86.4,76.3,73.8,70.1,77.6,79.9,2,0,2,70.1,8,High Risk,High Risk
77.5,74.2,81.7,80.8,72.9,78.4,78.0,77.0,2,1,1,72.9,8,High Risk,High Risk
77.9,79.3,81.5,80.7,85.2,74.5,82.2,82.1,1,0,1,74.5,8,Moderate Risk,Moderate Risk
83.3,80.5,83.2,68.0,78.9,75.4,85.8,76.7,1,0,1,68.0,8,High Risk,High Risk
76.7,83.1,78.1,75.8,79.7,77.5,88.0,83.8,0,0,0,75.8,8,Moderate Risk,Moderate Risk
62.1,66.1,69.6,66.9,72.5,70.7,69.6,70.6,8,2,6,62.1,8,High Risk,High Risk
67.9,67.0,70.7,64.2,70.4,64.6,65.0,68.2,8,2,6,64.2,8,High Risk,High Risk
74.7,69.1,65.6,68.2,74.7,67.8,67.8,67.2,8,2,6,65.6,8,High Risk,High Risk
65.6,67.7,71.6,68.5,65.6,67.2,77.3,72.9,7,2,5,65.6,8,High Risk,High Risk
70.7,71.7,75.4,69.2,76.2,68.5,69.5,70.9,6,2,4,68.5,8,High Risk,High Risk
73.6,68.7,66.1,74.6,62.9,73.6,67.7,75.6,7,2,5,62.9,8,High Risk,High Risk
66.7,63.8,70.1,73.9,71.3,67.2,77.6,62.8,7,2,5,62.8,8,High Risk,High Risk
70.2,68.7,62.3,77.3,73.2,70.9,71.1,77.2,6,2,4,62.3,8,High Risk,High Risk
73.2,70.2,65.7,72.6,72.1,70.4,72.2,73.1,8,2,6,65.7,8,High Risk,High Risk
95.3,93.0,97.5,89.9,93.2,99.0,94.4,98.1,0,0,0,89.9,8,Low Risk,Low Risk
96.9,85.5,93.9,95.9,94.1,84.0,86.8,91.5,0,0,0,84.0,8,Low Risk,Low Risk
92.4,95.2,94.9,91.5,94.0,89.5,94.4,88.7,0,0,0,88.7,8,Low Risk,Low Risk
93.6,94.1,90.8,91.8,87.8,93.5,78.3,94.2,0,0,0,78.3,8,Low Risk,Low Risk
86.9,95.6,90.8,86.7,93.0,91.5,87.5,85.0,0,0,0,85.0,8,Low Risk,Low Risk
91.5,90.6,93.5,81.3,87.5,87.6,92.5,83.1,0,0,0,81.3,8,Low Risk,Low Risk
80.4,89.9,88.1,86.1,95.0,86.3,88.9,86.7,0,0,0,80.4,8,Low Risk,Low Risk
92.0,85.7,89.5,87.9,80.9,83.5,90.5,85.4,0,0,0,80.9,8,Low Risk,Low Risk
90.3,94.3,91.9,87.9,81.8,89.7,92.5,84.9,0,0,0,81.8,8,Low Risk,Low Risk
69.4,79.4,69.1,72.1,74.8,71.9,76.0,74.7,6,1,5,69.1,8,High Risk,High Risk
72.4,68.2,65.0,68.7,74.5,75.7,71.1,71.5,7,2,5,65.0,8,High Risk,High Risk
75.5,-1.0,67.6,76.4,78.5,73.7,69.2,78.9,3,0,3,67.6,7,High Risk,High Risk
81.8,77.6,84.3,86.1,82.1,78.0,82.0,75.6,0,0,0,75.6,8,Moderate Risk,Moderate Risk
81.2,76.4,82.9,82.8,80.0,72.6,81.2,87.7,1,0,1,72.6,8,Moderate Risk,Moderate Risk
83.6,76.8,82.4,79.1,82.2,73.4,79.3,82.9,1,0,1,73.4,8,Moderate Risk,Moderate Risk
75.0,74.6,66.7,70.4,-1.0,71.9,73.6,71.7,6,1,5,66.7,7,High Risk,High Risk
70.6,72.9,71.5,78.6,76.9,70.3,73.0,76.8,5,2,3,70.3,8,High Risk,High Risk
72.0,69.8,67.4,72.8,76.9,77.0,76.3,75.2,4,2,2,67.4,8,High Risk,High Risk
94.6,94.9,95.9,97.1,93.2,97.0,97.6,92.0,0,0,0,92.0,8,Low Risk,Low Risk
93.3,97.3,98.6,95.9,94.4,80.5,90.0,96.2,0,0,0,80.5,8,Low Risk,Low Risk
98.3,94.6,87.9,90.8,96.2,98.4,85.7,93.9,0,0,0,85.7,8,Low Risk,Low Risk
71.3,66.7,70.5,69.7,66.9,66.6,68.2,65.4,8,2,6,65.4,8,High Risk,High Risk
64.5,69.1,73.1,67.9,66.0,68.0,69.0,74.1,8,2,6,64.5,8,High Risk,High Risk
72.1,71.8,71.3,70.2,69.8,73.0,66.7,68.7,8,2,6,66.7,8,High Risk,High Risk
97.4,92.2,94.7,98.3,96.3,89.6,86.4,91.4,0,0,0,86.4,8,Low Risk,Low Risk
93.2,99.0,96.1,83.3,94.6,91.0,87.3,90.9,0,0,0,83.3,8,Low Risk,Low Risk
92.8,92.0,94.7,89.4,84.1,88.8,87.0,85.6,0,0,0,84.1,8,Low Risk,Low Risk
75.8,76.9,78.2,79.1,74.8,78.0,82.6,69.8,2,0,2,69.8,8,High Risk,High Risk
73.4,77.7,78.4,68.8,78.3,80.1,72.4,80.1,3,1,2,68.8,8,High Risk,High Risk
66.0,75.3,77.4,68.8,80.3,78.1,78.1,80.5,2,1,1,66.0,8,High Risk,High Risk
75.8,75.8,84.0,79.1,83.3,83.9,75.2,74.9,1,0,1,74.9,8,Moderate Risk,Moderate Risk
75.2,75.4,80.2,85.9,76.9,79.3,75.7,78.9,0,0,0,75.2,8,Moderate Risk,Moderate Risk
88.8,79.9,72.6,80.5,82.3,80.6,77.4,74.6,2,0,2,72.6,8,High Risk,High Risk
76.3,80.1,80.6,79.8,80.9,85.6,78.7,82.6,0,0,0,76.3,8,Moderate Risk,Moderate Risk
82.7,76.8,75.3,81.2,73.3,81.5,75.3,85.3,1,0,1,73.3,8,Moderate Risk,Moderate Risk
80.9,79.5,77.4,78.1,88.5,73.2,75.0,84.0,1,0,1,73.2,8,Moderate Risk,Moderate Risk
95.6,92.2,91.0,97.8,91.8,95.2,92.8,86.2,0,0,0,86.2,8,Low Risk,Low Risk
99.0,88.3,82.0,95.3,90.6,87.4,93.3,91.2,0,0,0,82.0,8,Low Risk,Low Risk
97.7,96.2,94.7,94.6,86.4,92.7,93.8,91.4,0,0,0,86.4,8,Low Risk,Low Risk
89.5,91.8,99.0,99.0,90.6,95.0,90.0,95.3,0,0,0,89.5,8,Low Risk,Low Risk
90.8,89.2,99.0,94.5,99.0,99.0,88.0,95.6,0,0,0,88.0,8,Low Risk,Low Risk
88.3,89.4,93.5,92.2,94.4,90.3,94.8,98.6,0,0,0,88.3,8,Low Risk,Low Risk
78.4,75.4,75.5,76.1,73.8,70.8,70.2,80.4,3,0,3,70.2,8,High Risk,High Risk
69.1,75.3,76.9,75.0,74.0,70.8,75.6,71.4,4,1,3,69.1,8,High Risk,High Risk
65.9,71.0,69.2,71.0,82.2,73.4,75.1,76.8,5,2,3,65.9,8,High Risk,High Risk
88.5,82.1,80.2,80.1,81.0,78.6,83.5,81.0,0,0,0,78.6,8,Moderate Risk,Moderate Risk
80.3,79.1,87.8,75.5,81.4,82.2,76.7,91.1,0,0,0,75.5,8,Moderate Risk,Moderate Risk
87.2,79.4,81.2,79.7,80.8,85.1,79.4,70.9,1,0,1,70.9,8,Moderate Risk,Moderate Risk
86.9,89.7,85.4,93.0,82.2,89.5,89.4,89.1,0,0,0,82.2,8,Low Risk,Low Risk
91.3,87.3,86.7,86.5,84.1,83.4,88.1,80.8,0,0,0,80.8,8,Low Risk,Low Risk
90.8,99.0,85.4,89.6,88.9,90.2,87.3,93.6,0,0,0,85.4,8,Low Risk,Low Risk
90.0,92.2,94.1,95.4,95.2,92.8,91.9,90.4,0,0,0,90.0,8,Low Risk,Low Risk
90.7,93.7,98.2,91.1,88.6,95.4,84.1,95.6,0,0,0,84.1,8,Low Risk,Low Risk
86.9,94.9,90.5,92.9,99.0,88.5,87.9,92.0,0,0,0,86.9,8,Low Risk,Low Risk
68.6,75.1,74.0,66.1,70.1,73.1,67.4,67.0,7,1,6,66.1,8,High Risk,High Risk
67.5,72.9,66.7,77.3,76.3,73.8,64.5,73.8,6,2,4,64.5,8,High Risk,High Risk
67.2,72.4,70.7,70.4,73.9,78.4,72.2,64.3,7,2,5,64.3,8,High Risk,High Risk
92.7,85.1,93.2,87.7,89.4,-1.0,89.8,94.1,0,0,0,85.1,7,Low Risk,Low Risk
98.2,90.9,89.5,87.0,90.5,88.0,82.1,93.0,0,0,0,82.1,8,Low Risk,Low Risk
96.1,91.7,92.4,92.6,84.1,87.4,88.5,92.2,0,0,0,84.1,8,Low Risk,Low Risk
90.3,85.1,86.7,89.2,89.3,88.8,86.9,91.7,0,0,0,85.1,8,Low Risk,Low Risk
92.0,96.7,87.6,87.1,87.4,93.4,87.2,85.7,0,0,0,85.7,8,Low Risk,Low Risk
95.1,89.2,88.8,85.2,87.4,98.4,90.1,90.9,0,0,0,85.2,8,Low Risk,Low Risk
66.1,69.1,67.5,77.4,73.3,66.8,64.9,67.8,7,2,5,64.9,8,High Risk,High Risk
68.0,66.7,63.8,73.9,70.9,67.3,66.0,63.8,8,2,6,63.8,8,High Risk,High Risk
69.8,68.2,70.5,71.7,69.9,68.4,68.9,63.2,8,2,6,63.2,8,High Risk,High Risk
80.8,73.0,79.6,80.6,74.2,82.1,80.6,71.7,3,1,2,71.7,8,High Risk,High Risk
75.3,72.6,76.2,74.9,79.6,74.8,73.9,70.8,5,1,4,70.8,8,High Risk,High Risk
71.2,70.0,83.2,79.6,80.3,78.3,81.4,79.7,2,2,0,70.0,8,High Risk,High Risk
95.0,99.0,89.3,93.0,88.1,90.8,96.4,89.7,0,0,0,88.1,8,Low Risk,Low Risk
98.3,93.5,99.0,91.2,94.7,92.2,95.7,99.0,0,0,0,91.2,8,Low Risk,Low Risk
94.0,93.4,92.4,92.8,89.9,90.1,80.9,98.2,0,0,0,80.9,8,Low Risk,Low Risk
85.3,81.1,86.3,83.4,78.7,85.5,85.3,77.9,0,0,0,77.9,8,Moderate Risk,Moderate Risk
79.5,82.0,84.4,85.1,78.5,83.8,77.3,81.0,0,0,0,77.3,8,Moderate Risk,Moderate Risk
80.5,79.5,88.5,80.0,79.9,74.5,80.9,78.1,1,0,1,74.5,8,Moderate Risk,Moderate Risk
98.2,88.2,94.2,86.9,98.5,94.6,87.5,92.9,0,0,0,86.9,8,Low Risk,Low Risk
92.4,95.9,98.6,91.6,90.6,79.2,97.4,89.0,0,0,0,79.2,8,Low Risk,Low Risk
88.6,93.2,96.8,95.6,91.5,95.9,89.9,93.5,0,0,0,88.6,8,Low Risk,Low Risk
90.3,96.3,94.2,91.1,83.8,91.1,89.6,91.9,0,0,0,83.8,8,Low Risk,Low Risk
90.8,95.5,90.3,90.2,82.3,88.7,94.8,91.2,0,0,0,82.3,8,Low Risk,Low Risk
97.1,90.7,96.2,98.4,89.8,84.9,87.6,91.7,0,0,0,84.9,8,Low Risk,Low Risk
76.4,95.3,78.3,72.8,75.2,75.3,74.1,81.1,2,0,2,72.8,8,High Risk,High Risk
76.5,77.4,80.4,78.4,76.8,78.7,84.2,84.0,0,0,0,76.5,8,Moderate Risk,Moderate Risk
82.6,77.4,82.8,82.8,86.5,76.1,75.7,81.3,0,0,0,75.7,8,Moderate Risk,Moderate Risk
78.6,77.6,78.5,86.0,73.9,79.0,79.2,81.5,1,0,1,73.9,8,Moderate Risk,Moderate Risk
72.2,71.7,82.5,77.8,77.9,78.0,83.1,76.9,2,2,0,71.7,8,High Risk,High Risk
79.0,81.2,84.2,73.2,77.9,85.1,82.5,78.3,1,0,1,73.2,8,Moderate Risk,Moderate Risk
66.2,68.2,68.4,67.0,74.8,69.7,75.3,75.2,6,2,4,66.2,8,High Risk,High Risk
67.7,65.0,74.0,68.1,72.5,69.6,69.5,72.3,8,2,6,65.0,8,High Risk,High Risk
67.8,71.0,69.0,79.1,69.7,74.1,71.4,71.4,7,2,5,67.8,8,High Risk,High Risk
86.9,97.3,96.2,93.5,83.4,90.2,85.3,91.8,0,0,0,83.4,8,Low Risk,Low Risk
88.2,87.0,89.6,90.0,88.0,89.8,85.0,88.8,0,0,0,85.0,8,Low Risk,Low Risk
96.2,92.2,93.5,90.4,86.9,95.1,90.2,89.5,0,0,0,86.9,8,Low Risk,Low Risk
90.2,93.4,89.8,89.6,86.5,86.5,86.0,94.7,0,0,0,86.0,8,Low Risk,Low Risk
89.0,88.6,92.5,83.3,90.8,87.8,86.2,85.4,0,0,0,83.3,8,Low Risk,Low Risk
90.4,94.0,87.8,92.6,88.1,83.0,86.3,84.1,0,0,0,83.0,8,Low Risk,Low Risk
86.5,82.3,85.8,77.8,85.8,84.7,86.8,82.0,0,0,0,77.8,8,Low Risk,Low Risk
87.5,83.1,78.2,85.6,81.4,87.3,85.2,87.9,0,0,0,78.2,8,Low Risk,Low Risk
86.4,85.1,81.3,78.8,80.0,85.9,74.7,83.1,1,0,1,74.7,8,Moderate Risk,Moderate Risk
76.5,76.5,83.3,78.6,76.7,74.6,79.1,76.3,1,0,1,74.6,8,Moderate Risk,Moderate Risk
75.7,80.5,79.7,78.8,81.6,84.3,83.2,73.4,1,0,1,73.4,8,Moderate Risk,Moderate Risk
75.0,78.9,80.2,73.8,76.4,71.2,69.3,80.2,3,0,3,69.3,8,High Risk,High Risk
89.8,92.6,90.9,85.3,84.9,88.5,81.0,74.8,1,0,1,74.8,8,Moderate Risk,Moderate Risk
87.5,85.6,88.4,90.5,88.6,90.4,87.3,83.4,0,0,0,83.4,8,Low Risk,Low Risk
89.4,90.8,91.4,85.1,85.9,83.4,85.9,90.8,0,0,0,83.4,8,Low Risk,Low Risk
79.5,82.4,81.4,83.0,71.5,76.1,78.8,81.0,1,0,1,71.5,8,Moderate Risk,Moderate Risk
77.0,76.4,79.6,82.9,79.6,75.9,78.4,75.2,0,0,0,75.2,8,Moderate Risk,Moderate Risk
73.7,80.7,76.5,79.4,78.8,74.1,83.7,78.6,2,1,1,73.7,8,High Risk,High Risk
77.4,77.3,78.1,80.7,84.9,80.0,74.7,80.9,1,0,1,74.7,8,Moderate Risk,Moderate Risk
80.8,85.0,81.7,79.9,78.6,79.9,80.1,-1.0,0,0,0,78.6,7,Moderate Risk,Moderate Risk
77.8,79.8,77.4,73.9,81.7,84.1,78.3,79.7,1,0,1,73.9,8,Moderate Risk,Moderate Risk
63.1,71.9,66.2,67.5,68.4,63.8,69.6,72.8,8,2,6,63.1,8,High Risk,High Risk
73.1,66.7,75.4,68.1,69.9,70.7,66.9,64.2,7,2,5,64.2,8,High Risk,High Risk
69.8,62.2,62.9,60.0,71.5,66.3,72.8,70.1,8,2,6,60.0,8,High Risk,High Risk
93.3,89.3,90.9,89.3,96.0,88.8,93.4,93.0,0,0,0,88.8,8,Low Risk,Low Risk
89.5,87.8,86.5,93.4,99.0,87.2,91.1,91.5,0,0,0,86.5,8,Low Risk,Low Risk
99.0,90.1,97.6,88.2,86.6,89.8,93.6,89.9,0,0,0,86.6,8,Low Risk,Low Risk
91.6,92.3,89.3,85.8,91.1,92.1,90.0,93.6,0,0,0,85.8,8,Low Risk,Low Risk
87.8,92.9,94.4,94.7,85.1,91.0,95.1,85.8,0,0,0,85.1,8,Low Risk,Low Risk
94.7,89.6,94.4,88.8,96.5,92.6,86.6,88.5,0,0,0,86.6,8,Low Risk,Low Risk
67.2,66.6,77.0,70.2,83.1,71.9,68.1,65.3,6,2,4,65.3,8,High Risk,High Risk
70.5,73.8,73.5,66.6,76.4,71.2,77.2,73.3,6,2,4,66.6,8,High Risk,High Risk
71.3,72.9,68.3,70.6,62.9,70.8,66.6,73.3,8,2,6,62.9,8,High Risk,High Risk
84.0,87.0,79.6,77.4,78.6,89.4,80.2,78.0,0,0,0,77.4,8,Moderate Risk,Moderate Risk
78.7,87.7,79.9,81.5,83.6,83.6,80.5,84.6,0,0,0,78.7,8,Moderate Risk,Moderate Risk
80.5,82.0,86.2,82.7,82.0,76.6,78.2,83.3,0,0,0,76.6,8,Moderate Risk,Moderate Risk
95.5,95.2,93.6,86.2,89.9,87.9,97.1,91.0,0,0,0,86.2,8,Low Risk,Low Risk
88.9,92.3,93.3,90.7,89.0,92.6,87.0,93.7,0,0,0,87.0,8,Low Risk,Low Risk
94.2,92.3,90.2,93.6,91.6,77.2,86.3,90.1,0,0,0,77.2,8,Low Risk,Low Risk
99.0,98.0,96.9,92.5,98.0,93.1,96.7,96.0,0,0,0,92.5,8,Low Risk,Low Risk
98.3,99.0,98.7,98.4,91.5,91.3,94.6,97.3,0,0,0,91.3,8,Low Risk,Low Risk
99.0,95.1,98.7,95.5,93.6,92.4,94.9,94.7,0,0,0,92.4,8,Low Risk,Low Risk
92.1,91.1,92.2,92.3,88.4,81.8,91.8,90.3,0,0,0,81.8,8,Low Risk,Low Risk
88.5,88.9,89.5,86.9,-1.0,96.9,94.5,89.8,0,0,0,86.9,7,Low Risk,Low Risk
88.8,92.6,91.0,87.7,88.1,88.4,89.6,89.6,0,0,0,87.7,8,Low Risk,Low Risk
87.1,83.7,85.6,90.0,81.4,85.8,87.3,82.2,0,0,0,81.4,8,Low Risk,Low Risk
89.0,89.1,78.0,78.7,83.4,81.2,86.1,72.9,1,0,1,72.9,8,Moderate Risk,Moderate Risk
78.7,86.6,86.0,83.0,92.6,84.5,87.5,84.9,0,0,0,78.7,8,Low Risk,Low Risk
85.0,86.9,80.3,85.4,77.5,81.7,80.9,85.4,0,0,0,77.5,8,Moderate Risk,Moderate Risk
81.7,-1.0,83.1,80.7,86.7,89.5,87.0,74.8,1,0,1,74.8,7,Moderate Risk,Moderate Risk
84.6,84.2,80.2,87.6,78.9,80.2,82.3,77.7,0,0,0,77.7,8,Moderate Risk,Moderate Risk
64.8,70.4,62.7,70.7,73.6,76.0,72.1,70.4,7,2,5,62.7,8,High Risk,High Risk
71.5,70.1,73.1,72.7,67.6,68.5,75.0,67.5,7,2,5,67.5,8,High Risk,High Risk
63.3,72.5,72.2,69.8,67.5,77.1,74.4,70.3,7,2,5,63.3,8,High Risk,High Risk
79.6,77.8,77.9,77.3,79.8,74.0,76.3,69.2,2,0,2,69.2,8,High Risk,High Risk
79.4,78.9,74.9,78.2,78.9,86.3,76.6,80.7,1,0,1,74.9,8,Moderate Risk,Moderate Risk
85.1,78.9,75.9,79.7,79.0,86.4,80.8,74.4,1,0,1,74.4,8,Moderate Risk,Moderate Risk
82.9,81.9,79.4,79.6,80.3,73.5,84.2,81.6,1,0,1,73.5,8,Moderate Risk,Moderate Risk
87.1,82.7,77.6,79.0,83.5,81.9,84.0,81.8,0,0,0,77.6,8,Moderate Risk,Moderate Risk
76.5,90.8,84.1,90.3,76.6,81.8,80.9,83.7,0,0,0,76.5,8,Moderate Risk,Moderate Risk
79.2,80.7,75.9,82.4,78.7,82.1,78.1,82.1,0,0,0,75.9,8,Moderate Risk,Moderate Risk
77.7,84.2,84.9,83.8,80.4,79.8,81.0,82.0,0,0,0,77.7,8,Moderate Risk,Moderate Risk
86.0,82.0,86.1,86.1,81.0,81.1,85.9,85.1,0,0,0,81.0,8,Low Risk,Low Risk
65.2,64.8,65.8,71.2,62.8,69.5,64.7,65.0,8,2,6,62.8,8,High Risk,High Risk
61.8,66.1,62.9,68.0,63.4,76.0,71.5,69.1,7,2,5,61.8,8,High Risk,High Risk
66.3,66.8,66.9,69.5,65.8,64.2,75.2,69.8,7,2,5,64.2,8,High Risk,High Risk
-1.0,88.9,94.8,91.8,93.8,90.0,82.7,87.2,0,0,0,82.7,7,Low Risk,Low Risk
93.3,88.4,99.0,87.1,87.4,84.3,82.5,83.9,0,0,0,82.5,8,Low Risk,Low Risk
85.6,89.3,94.7,80.7,95.1,92.4,91.5,93.0,0,0,0,80.7,8,Low Risk,Low Risk
69.1,65.4,68.2,60.7,68.9,69.9,67.6,71.4,8,2,6,60.7,8,High Risk,High Risk
71.4,69.6,64.4,68.3,63.9,64.9,67.5,63.6,8,2,6,63.6,8,High Risk,High Risk
62.5,63.2,65.8,70.1,66.7,71.1,69.5,60.7,8,2,6,60.7,8,High Risk,High Risk
79.2,80.6,79.1,75.5,75.3,81.2,82.9,78.7,0,0,0,75.3,8,Moderate Risk,Moderate Risk
83.8,74.2,77.3,79.1,83.0,76.9,80.7,84.2,1,1,0,74.2,8,Moderate Risk,Moderate Risk
77.7,81.8,79.7,82.9,72.4,80.2,68.1,83.9,2,0,2,68.1,8,High Risk,High Risk
60.0,63.2,61.3,70.0,62.6,71.1,69.9,67.9,8,2,6,60.0,8,High Risk,High Risk
71.7,64.9,71.2,67.9,69.5,62.2,64.6,64.6,8,2,6,62.2,8,High Risk,High Risk
60.5,60.0,64.9,66.2,63.9,67.8,74.7,72.9,8,2,6,60.0,8,High Risk,High Risk
60.0,68.3,60.9,70.5,65.8,74.4,69.9,69.5,8,2,6,60.0,8,High Risk,High Risk
63.3,65.7,68.2,65.2,67.6,67.1,68.6,68.6,8,2,6,63.3,8,High Risk,High Risk
69.7,60.0,67.3,67.2,69.8,66.9,71.4,72.1,8,2,6,60.0,8,High Risk,High Risk
84.2,90.5,93.4,88.5,81.6,86.5,89.6,86.5,0,0,0,81.6,8,Low Risk,Low Risk
88.4,87.3,92.1,89.6,84.9,89.9,81.6,86.4,0,0,0,81.6,8,Low Risk,Low Risk
84.6,87.3,92.1,86.7,84.8,86.4,79.2,89.2,0,0,0,79.2,8,Low Risk,Low Risk
71.3,73.4,67.1,68.8,68.6,66.9,70.6,74.0,8,2,6,66.9,8,High Risk,High Risk
60.0,68.4,71.0,69.9,66.7,70.9,65.2,64.7,8,2,6,60.0,8,High Risk,High Risk
66.5,61.3,72.0,67.4,70.6,66.4,71.4,71.7,8,2,6,61.3,8,High Risk,High Risk
72.5,63.8,70.6,67.7,70.2,68.8,70.8,70.6,8,2,6,63.8,8,High Risk,High Risk
63.9,60.0,78.3,67.0,68.9,63.5,68.9,71.4,7,2,5,60.0,8,High Risk,High Risk
70.1,72.5,70.4,75.9,69.5,73.3,73.4,64.4,7,2,5,64.4,8,High Risk,High Risk
78.4,85.3,82.6,79.9,84.9,87.3,79.2,77.2,0,0,0,77.2,8,Moderate Risk,Moderate Risk
75.9,85.8,83.4,76.8,91.9,74.8,82.4,77.0,1,0,1,74.8,8,Moderate Risk,Moderate Risk
78.5,82.6,81.2,77.9,71.6,79.1,79.0,81.2,1,0,1,71.6,8,Moderate Risk,Moderate Risk
86.4,97.6,93.1,90.3,87.3,89.7,88.2,87.0,0,0,0,86.4,8,Low Risk,Low Risk
95.6,91.4,94.1,91.8,93.0,88.3,94.9,87.0,0,0,0,87.0,8,Low Risk,Low Risk
92.3,96.2,95.7,95.5,90.4,95.0,88.9,89.8,0,0,0,88.9,8,Low Risk,Low Risk
84.8,86.6,88.2,88.8,84.4,82.6,79.4,90.3,0,0,0,79.4,8,Low Risk,Low Risk
88.3,86.6,93.2,86.7,89.6,85.9,84.9,90.4,0,0,0,84.9,8,Low Risk,Low Risk
92.4,84.3,79.7,87.5,89.4,81.7,80.0,85.6,0,0,0,79.7,8,Low Risk,Low Risk
65.7,68.7,63.2,74.5,75.6,74.7,70.9,65.7,7,2,5,63.2,8,High Risk,High Risk
77.3,72.1,73.3,69.4,67.2,75.4,77.1,66.5,5,1,4,66.5,8,High Risk,High Risk
-1.0,61.6,65.5,77.1,73.3,74.9,70.0,70.3,6,1,5,61.6,7,High Risk,High Risk
97.8,95.7,99.0,94.1,95.4,92.9,93.5,91.9,0,0,0,91.9,8,Low Risk,Low Risk
96.4,91.6,97.3,99.0,95.0,96.8,95.8,83.5,0,0,0,83.5,8,Low Risk,Low Risk
86.9,93.8,95.0,87.7,88.7,97.4,78.7,93.4,0,0,0,78.7,8,Low Risk,Low Risk
68.0,67.3,68.4,67.5,67.3,66.2,72.0,66.7,8,2,6,66.2,8,High Risk,High Risk
70.3,71.5,68.9,72.2,72.1,67.7,66.4,75.6,7,2,5,66.4,8,High Risk,High Risk
71.9,67.2,67.0,77.9,73.0,73.0,65.9,63.4,7,2,5,63.4,8,High Risk,High Risk
86.1,75.4,82.9,84.8,84.5,81.9,80.5,85.6,0,0,0,75.4,8,Moderate Risk,Moderate Risk
81.2,82.2,78.0,81.8,84.6,79.6,83.6,79.0,0,0,0,78.0,8,Moderate Risk,Moderate Risk
86.5,77.5,85.7,82.7,74.4,77.3,85.1,76.6,1,0,1,74.4,8,Moderate Risk,Moderate Risk
75.2,69.6,74.0,69.6,72.8,75.0,76.8,75.3,4,1,3,69.6,8,High Risk,High Risk
79.5,74.5,73.0,67.9,69.9,71.9,76.5,69.5,6,1,5,67.9,8,High Risk,High Risk
67.5,73.5,71.2,69.0,73.9,86.1,72.3,79.4,6,2,4,67.5,8,High Risk,High Risk
63.7,64.7,65.2,64.4,67.1,66.6,63.1,70.8,8,2,6,63.1,8,High Risk,High Risk
68.2,67.4,64.1,68.8,67.4,63.9,67.0,69.3,8,2,6,63.9,8,High Risk,High Risk
62.6,67.5,71.3,61.4,71.4,60.5,73.0,66.7,8,2,6,60.5,8,High Risk,High Risk
66.9,70.2,69.1,73.5,66.1,72.2,72.3,63.3,8,2,6,63.3,8,High Risk,High Risk
68.6,67.3,70.1,-1.0,70.3,68.3,73.6,71.8,7,2,5,67.3,7,High Risk,High Risk
63.5,63.6,64.2,64.6,66.0,70.5,67.6,67.4,8,2,6,63.5,8,High Risk,High Risk
64.0,71.0,77.7,-1.0,70.6,72.2,68.2,66.6,6,2,4,64.0,7,High Risk,High Risk
70.0,68.6,75.5,75.2,73.4,74.8,68.8,71.2,6,2,4,68.6,8,High Risk,High Risk
69.2,69.6,73.3,68.0,65.4,72.8,73.5,71.6,8,2,6,65.4,8,High Risk,High Risk
78.7,77.0,77.8,82.4,72.3,84.6,88.0,80.3,1,0,1,72.3,8,Moderate Risk,Moderate Risk
77.9,80.2,82.8,80.7,81.4,78.4,82.9,78.8,0,0,0,77.9,8,Moderate Risk,Moderate Risk
81.0,87.8,83.3,82.5,80.8,79.8,79.0,77.5,0,0,0,77.5,8,Moderate Risk,Moderate Risk
82.8,72.0,75.9,76.4,79.1,76.2,84.1,73.4,2,1,1,72.0,8,High Risk,High Risk
81.6,77.1,79.3,77.1,79.9,75.8,81.3,79.3,0,0,0,75.8,8,Moderate Risk,Moderate Risk
78.9,74.8,76.8,80.5,82.7,78.0,82.1,83.0,1,1,0,74.8,8,Moderate Risk,Moderate Risk
68.2,70.8,67.8,69.1,68.7,66.4,69.2,67.5,8,2,6,66.4,8,High Risk,High Risk
68.9,75.8,67.5,66.2,66.4,68.1,68.9,80.2,6,1,5,66.2,8,High Risk,High Risk
67.1,72.8,69.9,77.1,73.1,74.9,64.5,65.0,7,2,5,64.5,8,High Risk,High Risk
87.9,90.0,90.7,86.1,80.8,91.2,85.8,86.2,0,0,0,80.8,8,Low Risk,Low Risk
86.2,85.9,91.0,84.2,89.3,91.5,87.0,91.1,0,0,0,84.2,8,Low Risk,Low Risk
81.8,89.2,89.6,91.1,90.7,95.2,85.1,88.7,0,0,0,81.8,8,Low Risk,Low Risk
83.8,73.3,77.0,81.5,81.1,79.5,78.8,77.4,1,1,0,73.3,8,Moderate Risk,Moderate Risk
80.6,77.1,80.5,85.2,84.2,76.8,77.3,83.6,0,0,0,76.8,8,Moderate Risk,Moderate Risk
79.8,77.1,82.1,85.8,72.5,84.5,85.1,79.4,1,0,1,72.5,8,Moderate Risk,Moderate Risk
81.8,78.6,78.3,76.4,74.7,85.0,81.8,80.8,1,0,1,74.7,8,Moderate Risk,Moderate Risk
79.5,78.7,78.3,83.6,81.2,74.4,83.2,82.5,1,0,1,74.4,8,Moderate Risk,Moderate Risk
84.9,80.7,77.7,84.2,84.0,85.3,82.1,74.2,1,0,1,74.2,8,Moderate Risk,Moderate Risk
92.3,97.3,95.2,87.4,87.7,87.4,90.4,93.9,0,0,0,87.4,8,Low Risk,Low Risk
91.5,98.0,86.6,93.3,92.9,89.8,90.8,92.5,0,0,0,86.6,8,Low Risk,Low Risk
88.9,98.7,90.5,91.6,93.9,90.1,91.0,92.8,0,0,0,88.9,8,Low Risk,Low Risk
70.7,80.8,76.8,75.0,76.2,86.3,78.4,76.2,1,1,0,70.7,8,Moderate Risk,Moderate Risk
73.1,72.5,75.1,82.3,76.6,71.0,76.0,73.6,4,2,2,71.0,8,High Risk,High Risk
75.4,75.5,73.2,69.3,77.8,75.7,75.9,79.6,2,0,2,69.3,8,High Risk,High Risk
82.0,79.6,86.7,79.7,87.3,80.7,78.1,78.2,0,0,0,78.1,8,Moderate Risk,Moderate Risk
82.6,80.5,81.4,81.5,85.5,79.6,82.4,83.4,0,0,0,79.6,8,Moderate Risk,Moderate Risk
85.1,85.7,78.8,77.7,81.5,81.3,81.8,80.3,0,0,0,77.7,8,Moderate Risk,Moderate Risk
99.0,94.1,95.1,99.0,99.0,89.4,91.8,96.8,0,0,0,89.4,8,Low Risk,Low Risk
84.1,86.6,99.0,96.3,94.7,88.7,91.8,95.6,0,0,0,84.1,8,Low Risk,Low Risk
95.4,96.3,92.0,97.1,97.0,86.6,99.0,97.8,0,0,0,86.6,8,Low Risk,Low Risk
81.9,87.3,92.5,88.7,91.6,83.6,88.0,93.3,0,0,0,81.9,8,Low Risk,Low Risk
87.9,91.3,92.3,89.3,87.8,89.2,88.3,88.8,0,0,0,87.8,8,Low Risk,Low Risk
91.2,86.3,98.2,89.3,84.1,88.0,83.4,86.5,0,0,0,83.4,8,Low Risk,Low Risk
99.0,90.9,99.0,86.5,95.1,88.3,88.0,89.5,0,0,0,86.5,8,Low Risk,Low Risk
97.9,85.2,93.2,86.5,94.1,96.0,90.0,87.9,0,0,0,85.2,8,Low Risk,Low Risk
98.3,85.7,96.3,86.4,88.7,85.9,83.0,90.4,0,0,0,83.0,8,Low Risk,Low Risk
99.0,99.0,93.1,97.5,99.0,91.8,81.4,89.9,0,0,0,81.4,8,Low Risk,Low Risk
95.9,98.1,95.1,94.2,94.4,92.3,97.8,99.0,0,0,0,92.3,8,Low Risk,Low Risk
92.7,91.4,99.0,99.0,93.4,99.0,92.2,93.8,0,0,0,91.4,8,Low Risk,Low Risk
84.7,97.8,94.8,90.2,88.1,91.9,94.1,89.7,0,0,0,84.7,8,Low Risk,Low Risk
92.6,96.4,92.0,86.0,90.5,90.9,89.9,95.3,0,0,0,86.0,8,Low Risk,Low Risk
93.0,93.3,95.9,90.9,90.1,85.7,88.0,91.8,0,0,0,85.7,8,Low Risk,Low Risk
84.4,82.5,78.7,79.7,83.3,80.4,83.3,81.9,0,0,0,78.7,8,Moderate Risk,Moderate Risk
80.8,81.6,84.5,88.3,84.9,70.8,78.5,81.8,1,0,1,70.8,8,Moderate Risk,Moderate Risk
81.4,81.1,77.9,83.3,83.1,84.8,81.9,76.4,0,0,0,76.4,8,Moderate Risk,Moderate Risk
65.9,67.7,76.6,67.9,74.2,71.6,69.3,71.8,7,2,5,65.9,8,High Risk,High Risk
67.7,72.3,68.5,72.0,71.0,73.3,69.6,71.3,8,2,6,67.7,8,High Risk,High Risk
64.9,69.7,68.4,75.9,72.1,69.1,66.6,69.7,7,2,5,64.9,8,High Risk,High Risk
99.0,93.2,90.8,94.4,94.7,93.7,91.9,87.0,0,0,0,87.0,8,Low Risk,Low Risk
93.0,92.2,90.2,92.2,88.7,89.9,89.3,91.1,0,0,0,88.7,8,Low Risk,Low Risk
95.6,94.9,93.8,91.7,92.6,89.6,92.9,95.5,0,0,0,89.6,8,Low Risk,Low Risk
77.3,83.5,77.8,76.4,79.5,81.2,80.7,81.6,0,0,0,76.4,8,Moderate Risk,Moderate Risk
72.6,75.9,79.7,76.9,78.3,75.8,78.7,81.3,1,1,0,72.6,8,Moderate Risk,Moderate Risk
77.1,83.1,83.7,77.7,81.4,79.4,84.4,80.2,0,0,0,77.1,8,Moderate Risk,Moderate Risk
86.5,83.9,80.1,78.6,76.4,87.4,77.4,84.4,0,0,0,76.4,8,Moderate Risk,Moderate Risk
76.2,81.5,87.6,79.1,83.9,80.7,83.2,85.8,0,0,0,76.2,8,Moderate Risk,Moderate Risk
82.7,88.7,79.8,79.3,80.9,77.1,85.3,81.5,0,0,0,77.1,8,Moderate Risk,Moderate Risk
80.2,80.7,88.1,80.5,84.7,80.2,87.8,76.8,0,0,0,76.8,8,Moderate Risk,Moderate Risk
90.0,84.2,74.9,77.9,84.0,83.9,83.6,82.0,1,0,1,74.9,8,Moderate Risk,Moderate Risk
78.9,79.8,78.6,83.5,75.8,83.0,79.0,81.5,0,0,0,75.8,8,Moderate Risk,Moderate Risk
77.0,73.2,75.7,84.1,81.1,79.8,77.1,85.8,1,1,0,73.2,8,Moderate Risk,Moderate Risk
79.9,73.0,76.2,77.5,82.5,77.6,73.8,73.4,3,1,2,73.0,8,High Risk,High Risk
81.1,78.0,78.0,82.1,81.9,75.5,76.0,81.9,0,0,0,75.5,8,Moderate Risk,Moderate Risk
72.7,76.0,79.1,85.9,76.2,79.2,87.2,75.3,1,1,0,72.7,8,Moderate Risk,Moderate Risk
80.0,87.4,82.8,80.0,75.8,78.8,77.3,73.9,1,0,1,73.9,8,Moderate Risk,Moderate Risk
79.2,72.0,76.8,70.1,87.9,80.2,80.1,81.5,2,1,1,70.1,8,High Risk,High Risk
93.9,82.6,80.3,85.1,80.6,84.7,78.3,83.6,0,0,0,78.3,8,Low Risk,Low Risk
80.5,87.4,81.6,82.4,84.7,87.4,79.5,83.9,0,0,0,79.5,8,Moderate Risk,Moderate Risk
88.1,75.1,79.4,82.2,84.5,87.7,76.6,88.4,0,0,0,75.1,8,Moderate Risk,Moderate Risk
77.2,74.2,81.5,77.0,76.6,77.2,75.1,74.4,2,1,1,74.2,8,High Risk,High Risk
76.4,77.7,75.7,73.1,78.4,84.7,81.0,82.4,1,0,1,73.1,8,Moderate Risk,Moderate Risk
77.2,69.2,74.3,79.9,76.3,77.1,79.9,81.8,2,1,1,69.2,8,High Risk,High Risk
60.0,60.7,62.8,61.6,66.8,69.7,64.8,60.0,8,2,6,60.0,8,High Risk,High Risk
67.4,65.4,62.9,60.7,67.2,63.0,67.9,67.0,8,2,6,60.7,8,High Risk,High Risk
60.0,60.7,67.1,66.9,60.0,70.3,72.0,60.0,8,2,6,60.0,8,High Risk,High Risk
76.9,80.2,85.0,78.1,76.6,77.3,80.9,73.3,1,0,1,73.3,8,Moderate Risk,Moderate Risk
82.7,71.1,81.1,75.9,74.3,79.7,83.4,84.1,2,1,1,71.1,8,High Risk,High Risk
82.9,76.4,75.9,85.1,78.4,79.2,80.5,75.0,0,0,0,75.0,8,Moderate Risk,Moderate Risk
83.5,84.0,88.8,80.2,81.5,84.6,77.9,82.6,0,0,0,77.9,8,Moderate Risk,Moderate Risk
87.0,88.1,85.6,81.9,89.7,79.9,87.2,81.6,0,0,0,79.9,8,Low Risk,Low Risk
91.4,89.1,85.0,83.7,86.5,88.7,76.8,83.0,0,0,0,76.8,8,Low Risk,Low Risk
98.0,92.7,92.9,96.2,95.8,99.0,98.3,90.8,0,0,0,90.8,8,Low Risk,Low Risk
92.4,94.6,89.6,89.7,99.0,95.3,92.3,92.9,0,0,0,89.6,8,Low Risk,Low Risk
97.6,99.0,99.0,91.5,89.4,90.5,97.5,99.0,0,0,0,89.4,8,Low Risk,Low Risk
77.1,76.6,84.5,78.2,74.1,82.4,76.5,76.7,1,0,1,74.1,8,Moderate Risk,Moderate Risk
77.6,70.4,79.2,86.3,82.6,78.7,82.0,82.6,1,1,0,70.4,8,Moderate Risk,Moderate Risk
79.9,78.1,85.9,72.3,75.7,82.6,82.7,86.4,1,0,1,72.3,8,Moderate Risk,Moderate Risk
93.1,94.1,99.0,95.0,92.6,94.3,96.0,93.3,0,0,0,92.6,8,Low Risk,Low Risk
93.3,92.1,91.1,94.0,93.8,88.2,87.6,99.0,0,0,0,87.6,8,Low Risk,Low Risk
95.7,91.6,93.5,91.9,95.5,86.5,88.0,87.2,0,0,0,86.5,8,Low Risk,Low Risk
89.3,84.0,88.2,77.6,85.0,77.6,92.4,76.5,0,0,0,76.5,8,Low Risk,Low Risk
83.8,86.8,79.7,86.1,86.4,83.2,84.1,90.4,0,0,0,79.7,8,Low Risk,Low Risk
87.4,82.5,80.5,85.1,79.3,83.3,85.7,90.4,0,0,0,79.3,8,Low Risk,Low Risk
71.5,78.3,77.9,79.1,76.5,72.5,69.9,73.5,4,1,3,69.9,8,High Risk,High Risk
79.0,71.5,71.2,76.7,79.6,82.3,70.5,82.1,3,1,2,70.5,8,High Risk,High Risk
73.7,73.2,79.8,82.2,77.0,75.6,78.4,75.8,2,2,0,73.2,8,High Risk,High Risk
85.9,89.7,84.5,85.1,77.6,77.1,85.1,73.6,1,0,1,73.6,8,Moderate Risk,Moderate Risk
78.6,88.3,87.4,84.6,81.5,79.2,85.5,80.2,0,0,0,78.6,8,Moderate Risk,Moderate Risk
80.9,86.0,77.7,81.6,89.5,84.8,80.6,84.4,0,0,0,77.7,8,Moderate Risk,Moderate Risk
93.8,-1.0,96.2,92.7,88.4,89.4,90.2,91.5,0,0,0,88.4,7,Low Risk,Low Risk
85.5,99.0,91.0,95.3,93.4,88.2,90.6,90.1,0,0,0,85.5,8,Low Risk,Low Risk
91.4,91.9,98.3,89.6,87.4,89.1,92.5,84.4,0,0,0,84.4,8,Low Risk,Low Risk
91.3,88.2,95.4,90.1,84.9,88.4,93.2,95.6,0,0,0,84.9,8,Low Risk,Low Risk
90.3,87.4,99.0,86.8,96.5,88.2,89.6,85.8,0,0,0,85.8,8,Low Risk,Low Risk
98.3,91.4,93.8,93.2,88.9,95.9,90.3,88.7,0,0,0,88.7,8,Low Risk,Low Risk
73.0,77.3,86.3,74.5,78.0,68.9,76.1,76.5,3,1,2,68.9,8,High Risk,High Risk
75.4,76.0,82.3,75.7,79.8,77.4,73.4,76.9,1,0,1,73.4,8,Moderate Risk,Moderate Risk
84.0,76.7,77.9,82.3,80.1,82.0,82.6,80.2,0,0,0,76.7,8,Moderate Risk,Moderate Risk
83.0,83.9,86.0,80.0,88.4,80.9,82.7,88.8,0,0,0,80.0,8,Low Risk,Low Risk
79.1,82.4,83.1,78.3,81.0,73.4,87.3,87.0,1,0,1,73.4,8,Moderate Risk,Moderate Risk
78.2,82.7,86.9,80.7,79.8,82.2,85.4,83.3,0,0,0,78.2,8,Moderate Risk,Moderate Risk
79.6,86.1,80.2,76.0,76.6,81.6,81.4,81.3,0,0,0,76.0,8,Moderate Risk,Moderate Risk
85.2,80.1,75.8,87.0,85.3,81.4,85.5,79.1,0,0,0,75.8,8,Moderate Risk,Moderate Risk
73.7,75.4,83.7,81.9,75.7,79.4,75.9,79.1,1,1,0,73.7,8,Moderate Risk,Moderate Risk
69.6,71.9,72.8,74.8,75.0,80.6,67.9,73.1,6,2,4,67.9,8,High Risk,High Risk
66.0,63.2,70.1,69.7,74.5,68.7,71.5,65.7,8,2,6,63.2,8,High Risk,High Risk
63.6,69.2,71.2,66.7,73.1,64.0,69.6,75.2,7,2,5,63.6,8,High Risk,High Risk
96.2,95.1,95.1,90.7,-1.0,86.8,97.5,98.9,0,0,0,86.8,7,Low Risk,Low Risk
90.1,89.9,92.4,89.1,94.5,93.4,98.5,91.0,0,0,0,89.1,8,Low Risk,Low Risk
96.9,88.3,96.1,93.0,93.6,92.7,99.0,89.1,0,0,0,88.3,8,Low Risk,Low Risk
73.5,79.1,77.0,76.3,71.6,83.6,76.5,82.9,2,1,1,71.6,8,High Risk,High Risk
78.5,72.5,84.3,84.4,75.3,77.3,80.2,69.2,2,1,1,69.2,8,High Risk,High Risk
71.0,69.2,78.4,81.7,75.9,81.2,79.2,71.5,3,2,1,69.2,8,High Risk,High Risk
72.5,76.6,79.6,84.7,74.8,80.1,81.5,81.2,2,1,1,72.5,8,High Risk,High Risk
72.5,82.5,87.1,76.3,85.4,82.2,75.9,77.6,1,1,0,72.5,8,Moderate Risk,Moderate Risk
80.0,84.9,84.6,74.4,74.9,82.6,78.3,79.6,2,0,2,74.4,8,High Risk,High Risk
99.0,95.3,92.1,93.2,94.8,90.4,99.0,87.0,0,0,0,87.0,8,Low Risk,Low Risk
95.2,97.0,93.1,94.6,94.5,91.4,94.4,92.1,0,0,0,91.4,8,Low Risk,Low Risk
96.1,99.0,89.7,91.0,93.4,99.0,94.4,89.7,0,0,0,89.7,8,Low Risk,Low Risk
87.5,86.9,85.6,88.6,92.2,94.6,92.6,86.0,0,0,0,85.6,8,Low Risk,Low Risk
90.1,94.9,96.3,93.9,92.6,93.9,85.4,96.8,0,0,0,85.4,8,Low Risk,Low Risk
91.8,89.6,90.2,93.1,94.0,90.6,89.9,95.9,0,0,0,89.6,8,Low Risk,Low Risk
66.6,69.4,70.7,73.2,72.7,73.3,71.1,78.6,7,2,5,66.6,8,High Risk,High Risk
73.0,79.4,70.5,87.5,76.6,75.0,77.1,67.2,3,1,2,67.2,8,High Risk,High Risk
79.8,72.7,66.0,77.4,69.1,78.9,73.7,68.9,5,1,4,66.0,8,High Risk,High Risk
92.9,91.9,94.6,88.4,86.8,86.4,90.3,87.4,0,0,0,86.4,8,Low Risk,Low Risk
92.0,93.3,93.1,95.6,97.0,88.9,93.4,98.6,0,0,0,88.9,8,Low Risk,Low Risk
86.2,92.9,93.5,84.2,94.8,91.2,87.1,91.9,0,0,0,84.2,8,Low Risk,Low Risk
80.7,83.3,80.6,76.1,82.1,77.0,76.8,77.8,0,0,0,76.1,8,Moderate Risk,Moderate Risk
80.6,83.2,75.3,81.1,80.2,82.8,83.0,82.6,0,0,0,75.3,8,Moderate Risk,Moderate Risk
82.2,80.2,86.3,82.4,82.3,77.1,79.8,83.0,0,0,0,77.1,8,Moderate Risk,Moderate Risk
73.1,76.3,74.6,82.5,85.8,82.7,83.5,77.4,2,1,1,73.1,8,High Risk,High Risk
83.4,79.7,82.8,88.5,83.2,78.4,79.5,84.6,0,0,0,78.4,8,Moderate Risk,Moderate Risk
74.5,76.7,82.5,83.5,85.1,73.6,84.6,86.7,2,1,1,73.6,8,High Risk,High Risk
