learner_id,school_year,grade_level,term,english_grade,filipino_grade,mathematics_grade,science_grade,mapeh_grade,araling_panlipunan_grade,tle_grade,values_education_grade,general_average,failing_subject_count,language_fail_count,non_language_fail_count,lowest_grade,available_grade_count,weak_subject,risk_level,intervention_pathway,aral_placement_tier,reading_level,assessment_type,beginning_assessment,middle_assessment,end_assessment,attendance_rate,movement_outcome,progress_result,intervention_status,principal_review_status
CNHS-SYN-2526-0001,SY 2025-2026,Grade 8,Term 1,83.7,86.3,91.6,87.7,88.9,85.5,92.5,92.1,88.54,0,0,0,83.7,8,English,Low Risk,No Recommendation,N/A,Independent,Classroom Summative,,,,96.5,In Progress,Progressing,Active,Reviewed
CNHS-SYN-2526-0001,SY 2025-2026,Grade 8,Term 2,93.4,88.1,92.5,85.1,92.5,88.8,88.2,86.2,89.35,0,0,0,85.1,8,Science,Low Risk,No Recommendation,N/A,Independent,Classroom Summative,,,,91.4,In Progress,Progressing,Active,Reviewed
CNHS-SYN-2526-0001,SY 2025-2026,Grade 8,Term 3,89.8,90.1,93.2,90.4,90.6,90.7,97.5,87.3,91.2,0,0,0,87.3,8,Values Education,Low Risk,No Recommendation,N/A,Independent,Classroom Summative,,,,88.7,N/A,N/A,Active,Reviewed
CNHS-SYN-2526-0002,SY 2025-2026,Grade 9,Term 1,71.6,77.5,79.2,78.7,73.9,77.4,77.0,77.4,76.59,2,1,1,71.6,8,English,High Risk,Classroom Remediation,N/A,N/A,English Diagnostic Assessment,15.4,,,79.4,In Progress,Progressing,In Progress,Approved
CNHS-SYN-2526-0002,SY 2025-2026,Grade 9,Term 2,77.4,69.1,74.9,74.6,74.0,75.4,82.5,73.1,75.12,5,1,4,69.1,8,Filipino,High Risk,Classroom Remediation,N/A,N/A,Filipino Diagnostic Assessment,19.7,26.0,,80.9,In Progress,Progressing,In Progress,Approved
CNHS-SYN-2526-0002,SY 2025-2026,Grade 9,Term 3,77.8,78.1,74.8,74.7,79.9,75.8,71.4,72.0,75.56,4,0,4,71.4,8,Tle,High Risk,Classroom Remediation,N/A,N/A,Tle Diagnostic Assessment,16.8,21.7,28.3,75.9,Improved,Improved,Completed,Approved
CNHS-SYN-2526-0003,SY 2025-2026,Grade 10,Term 1,89.6,90.7,91.9,86.2,92.9,89.1,91.0,92.9,90.54,0,0,0,86.2,8,Science,Low Risk,No Recommendation,N/A,Independent,Classroom Summative,,,,94.7,In Progress,Progressing,Active,Reviewed
CNHS-SYN-2526-0003,SY 2025-2026,Grade 10,Term 2,91.8,90.5,93.1,84.2,85.2,85.7,87.0,92.6,88.76,0,0,0,84.2,8,Science,Low Risk,No Recommendation,N/A,Independent,Classroom Summative,,,,90.5,In Progress,Progressing,Active,Reviewed
CNHS-SYN-2526-0003,SY 2025-2026,Grade 10,Term 3,97.4,90.8,96.4,87.2,90.2,87.2,89.6,94.3,91.64,0,0,0,87.2,8,Science,Low Risk,No Recommendation,N/A,Independent,Classroom Summative,,,,93.7,N/A,N/A,Active,Reviewed
CNHS-SYN-2526-0004,SY 2025-2026,Grade 7,Term 1,74.9,77.9,76.9,82.8,75.5,72.3,77.1,77.3,76.84,2,1,1,72.3,8,Araling Panlipunan,High Risk,Classroom Remediation,N/A,N/A,Araling Panlipunan Diagnostic Assessment,17.3,,,72.1,In Progress,Progressing,In Progress,Approved
CNHS-SYN-2526-0004,SY 2025-2026,Grade 7,Term 2,74.4,73.3,75.3,70.9,79.0,75.5,70.5,72.4,73.91,5,2,3,70.5,8,Tle,High Risk,Classroom Remediation,N/A,N/A,Tle Diagnostic Assessment,14.8,20.3,,80.1,In Progress,Progressing,In Progress,Approved
CNHS-SYN-2526-0004,SY 2025-2026,Grade 7,Term 3,73.0,68.5,77.9,73.2,74.8,74.0,75.9,80.7,74.75,5,2,3,68.5,8,Filipino,High Risk,Classroom Remediation,N/A,N/A,Filipino Diagnostic Assessment,15.4,21.1,25.5,75.6,Needs Further Intervention,Limited Improvement,Needs Further Support,Approved
CNHS-SYN-2526-0005,SY 2025-2026,Grade 8,Term 1,71.9,66.0,64.4,66.1,67.0,78.4,66.6,73.3,69.21,7,2,5,64.4,8,Mathematics,High Risk,ARAL Program (RA 12028),Basic,Frustration,Phil-IRI BOSY English,21.5,,,65.6,In Progress,Progressing,In Progress,Approved
CNHS-SYN-2526-0005,SY 2025-2026,Grade 8,Term 2,68.9,70.7,64.0,70.6,76.3,70.6,69.5,71.1,70.21,7,2,5,64.0,8,Mathematics,High Risk,ARAL Program (RA 12028),Basic,Frustration,Phil-IRI BOSY English,19.7,26.0,,62.3,In Progress,Progressing,In Progress,Approved
CNHS-SYN-2526-0005,SY 2025-2026,Grade 8,Term 3,82.0,70.8,75.7,76.8,69.2,68.4,75.8,65.5,73.03,4,1,3,65.5,8,Values Education,High Risk,ARAL Program (RA 12028),Basic,Frustration,Phil-IRI BOSY English,19.8,27.7,34.2,52.1,Promoted,Improved,Completed / Exited,Approved
CNHS-SYN-2526-0006,SY 2025-2026,Grade 9,Term 1,60.0,61.8,61.6,61.2,62.6,64.7,69.7,60.8,62.8,8,2,6,60.0,8,English,High Risk,ARAL Program (RA 12028),Basic,Frustration,Phil-IRI BOSY English,13.2,,,64.5,In Progress,Progressing,In Progress,Approved
CNHS-SYN-2526-0006,SY 2025-2026,Grade 9,Term 2,71.4,71.4,62.2,65.2,67.0,66.8,61.7,66.4,66.51,8,2,6,61.7,8,Tle,High Risk,ARAL Program (RA 12028),Basic,Frustration,Phil-IRI BOSY English,21.7,27.7,,59.1,In Progress,Progressing,In Progress,Approved
CNHS-SYN-2526-0006,SY 2025-2026,Grade 9,Term 3,67.7,70.1,62.0,63.5,60.0,65.4,61.8,63.9,64.3,8,2,6,60.0,8,Mapeh,High Risk,ARAL Program (RA 12028),Basic,Frustration,Phil-IRI BOSY English,16.3,22.6,30.9,45.6,Promoted,Improved,Completed / Exited,Approved
CNHS-SYN-2526-0007,SY 2025-2026,Grade 10,Term 1,75.9,60.0,64.0,67.5,73.0,62.2,65.1,69.2,67.11,7,1,6,60.0,8,Filipino,High Risk,ARAL Program (RA 12028),Basic,Frustration,Phil-IRI BOSY English,14.8,,,64.8,In Progress,Progressing,In Progress,Approved
CNHS-SYN-2526-0007,SY 2025-2026,Grade 10,Term 2,66.8,67.1,69.5,66.8,67.5,66.3,66.1,63.2,66.66,8,2,6,63.2,8,Values Education,High Risk,ARAL Program (RA 12028),Basic,Frustration,Phil-IRI BOSY English,13.8,18.0,,67.5,In Progress,Progressing,In Progress,Approved
CNHS-SYN-2526-0007,SY 2025-2026,Grade 10,Term 3,72.1,71.6,66.5,68.1,60.0,69.8,67.9,61.7,67.21,8,2,6,60.0,8,Mapeh,High Risk,ARAL Program (RA 12028),Basic,Frustration,Phil-IRI BOSY English,19.8,26.0,33.9,52.4,Promoted,Improved,Completed / Exited,Approved
CNHS-SYN-2526-0008,SY 2025-2026,Grade 7,Term 1,78.7,80.4,80.0,77.6,72.1,80.4,86.0,73.0,78.53,2,0,2,72.1,8,Mapeh,High Risk,Classroom Remediation,N/A,N/A,Mapeh Diagnostic Assessment,17.3,,,76.3,In Progress,Progressing,In Progress,Approved
CNHS-SYN-2526-0008,SY 2025-2026,Grade 7,Term 2,84.9,82.0,85.7,83.8,80.9,86.1,80.9,82.4,83.34,0,0,0,80.9,8,Mapeh,Moderate Risk,No Recommendation,N/A,Instructional,Classroom Summative,,,,92.3,In Progress,Progressing,Active,Reviewed
CNHS-SYN-2526-0008,SY 2025-2026,Grade 7,Term 3,76.9,83.6,74.1,82.2,78.4,83.8,82.1,86.4,80.94,1,0,1,74.1,8,Mathematics,Moderate Risk,Classroom Remediation,N/A,N/A,Mathematics Diagnostic Assessment,23.4,27.8,35.6,75.4,Improved,Improved,Completed,Approved
CNHS-SYN-2526-0009,SY 2025-2026,Grade 8,Term 1,81.8,76.8,79.4,82.5,85.9,83.7,72.1,82.5,80.59,1,0,1,72.1,8,Tle,Moderate Risk,Classroom Remediation,N/A,N/A,Tle Diagnostic Assessment,22.0,,,75.0,In Progress,Progressing,In Progress,Approved
CNHS-SYN-2526-0009,SY 2025-2026,Grade 8,Term 2,84.0,75.3,88.0,82.7,84.6,79.0,84.5,85.5,82.95,0,0,0,75.3,8,Filipino,Moderate Risk,No Recommendation,N/A,Instructional,Classroom Summative,,,,92.9,In Progress,Progressing,Active,Reviewed
CNHS-SYN-2526-0009,SY 2025-2026,Grade 8,Term 3,82.7,78.2,81.5,80.7,82.8,85.3,77.0,80.8,81.12,0,0,0,77.0,8,Tle,Moderate Risk,No Recommendation,N/A,Instructional,Classroom Summative,,,,89.0,N/A,N/A,Active,Reviewed
CNHS-SYN-2526-0010,SY 2025-2026,Grade 9,Term 1,98.8,96.9,96.5,94.2,99.0,91.2,84.0,98.4,94.88,0,0,0,84.0,8,Tle,Low Risk,No Recommendation,N/A,Independent,Classroom Summative,,,,92.4,In Progress,Progressing,Active,Reviewed
CNHS-SYN-2526-0010,SY 2025-2026,Grade 9,Term 2,98.7,87.1,88.1,85.6,88.8,93.8,94.1,93.1,91.16,0,0,0,85.6,8,Science,Low Risk,No Recommendation,N/A,Independent,Classroom Summative,,,,82.8,In Progress,Progressing,Active,Reviewed
CNHS-SYN-2526-0010,SY 2025-2026,Grade 9,Term 3,93.7,91.6,95.0,94.8,92.6,95.1,92.9,94.1,93.72,0,0,0,91.6,8,Filipino,Low Risk,No Recommendation,N/A,Independent,Classroom Summative,,,,91.3,N/A,N/A,Active,Reviewed
CNHS-SYN-2526-0011,SY 2025-2026,Grade 10,Term 1,88.5,89.0,92.1,78.8,81.6,80.9,77.4,84.1,84.05,0,0,0,77.4,8,Tle,Low Risk,No Recommendation,N/A,Independent,Classroom Summative,,,,90.9,In Progress,Progressing,Active,Reviewed
CNHS-SYN-2526-0011,SY 2025-2026,Grade 10,Term 2,90.3,93.9,94.1,86.5,92.2,87.2,83.4,84.4,89.0,0,0,0,83.4,8,Tle,Low Risk,No Recommendation,N/A,Independent,Classroom Summative,,,,88.4,In Progress,Progressing,Active,Reviewed
CNHS-SYN-2526-0011,SY 2025-2026,Grade 10,Term 3,88.1,92.7,95.6,81.3,88.4,82.6,88.7,86.3,87.96,0,0,0,81.3,8,Science,Low Risk,No Recommendation,N/A,Independent,Classroom Summative,,,,95.7,N/A,N/A,Active,Reviewed
CNHS-SYN-2526-0012,SY 2025-2026,Grade 7,Term 1,66.3,63.8,65.1,67.1,70.9,64.3,60.0,69.9,65.92,8,2,6,60.0,8,Tle,High Risk,ARAL Program (RA 12028),Basic,Frustration,Phil-IRI BOSY English,21.4,,,67.2,In Progress,Progressing,In Progress,Approved
CNHS-SYN-2526-0012,SY 2025-2026,Grade 7,Term 2,75.8,68.8,68.1,62.3,67.0,65.5,66.9,62.3,67.09,7,1,6,62.3,8,Science,High Risk,ARAL Program (RA 12028),Basic,Frustration,Phil-IRI BOSY English,17.9,22.5,,59.1,In Progress,Progressing,In Progress,Approved
CNHS-SYN-2526-0012,SY 2025-2026,Grade 7,Term 3,79.9,70.7,62.1,64.5,66.4,68.1,64.3,69.9,68.24,7,1,6,62.1,8,Mathematics,High Risk,ARAL Program (RA 12028),Basic,Frustration,Phil-IRI BOSY English,18.3,23.1,29.7,60.1,Promoted,Improved,Completed / Exited,Approved
CNHS-SYN-2526-0013,SY 2025-2026,Grade 8,Term 1,91.7,96.5,91.4,96.0,97.6,94.8,92.1,95.1,94.4,0,0,0,91.4,8,Mathematics,Low Risk,No Recommendation,N/A,Independent,Classroom Summative,,,,95.7,In Progress,Progressing,Active,Reviewed
CNHS-SYN-2526-0013,SY 2025-2026,Grade 8,Term 2,87.5,93.5,86.9,87.3,98.7,96.9,90.4,87.3,91.06,0,0,0,86.9,8,Mathematics,Low Risk,No Recommendation,N/A,Independent,Classroom Summative,,,,89.8,In Progress,Progressing,Active,Reviewed
CNHS-SYN-2526-0013,SY 2025-2026,Grade 8,Term 3,99.0,96.5,92.6,95.1,87.0,92.1,93.7,92.9,93.61,0,0,0,87.0,8,Mapeh,Low Risk,No Recommendation,N/A,Independent,Classroom Summative,,,,93.4,N/A,N/A,Active,Reviewed
CNHS-SYN-2526-0014,SY 2025-2026,Grade 9,Term 1,60.0,60.4,70.8,64.7,71.1,63.7,71.3,66.0,66.0,8,2,6,60.0,8,English,High Risk,ARAL Program (RA 12028),Basic,Frustration,Phil-IRI BOSY English,16.7,,,64.0,In Progress,Progressing,In Progress,Approved
CNHS-SYN-2526-0014,SY 2025-2026,Grade 9,Term 2,69.5,71.2,70.0,60.0,62.3,60.0,62.2,66.5,65.21,8,2,6,60.0,8,Science,High Risk,ARAL Program (RA 12028),Basic,Frustration,Phil-IRI BOSY English,18.7,25.5,,55.9,In Progress,Progressing,In Progress,Approved
CNHS-SYN-2526-0014,SY 2025-2026,Grade 9,Term 3,75.1,74.8,66.6,73.6,65.1,64.3,62.5,61.4,67.92,7,1,6,61.4,8,Values Education,High Risk,ARAL Program (RA 12028),Basic,Frustration,Phil-IRI BOSY English,17.0,22.7,27.2,52.5,Promoted,Improved,Completed / Exited,Approved
CNHS-SYN-2526-0015,SY 2025-2026,Grade 10,Term 1,94.2,90.6,89.1,92.9,91.4,84.9,90.4,91.7,90.65,0,0,0,84.9,8,Araling Panlipunan,Low Risk,No Recommendation,N/A,Independent,Classroom Summative,,,,92.8,In Progress,Progressing,Active,Reviewed
CNHS-SYN-2526-0015,SY 2025-2026,Grade 10,Term 2,85.4,96.6,96.7,89.7,92.1,81.0,86.1,89.5,89.64,0,0,0,81.0,8,Araling Panlipunan,Low Risk,No Recommendation,N/A,Independent,Classroom Summative,,,,94.9,In Progress,Progressing,Active,Reviewed
CNHS-SYN-2526-0015,SY 2025-2026,Grade 10,Term 3,99.0,86.5,88.3,91.6,97.1,85.8,91.7,98.0,92.25,0,0,0,85.8,8,Araling Panlipunan,Low Risk,No Recommendation,N/A,Independent,Classroom Summative,,,,90.3,N/A,N/A,Active,Reviewed
CNHS-SYN-2526-0016,SY 2025-2026,Grade 7,Term 1,65.8,63.6,60.0,66.4,62.1,69.5,61.9,61.8,63.89,8,2,6,60.0,8,Mathematics,High Risk,ARAL Program (RA 12028),Basic,Frustration,Phil-IRI BOSY English,20.2,,,68.0,In Progress,Progressing,In Progress,Approved
CNHS-SYN-2526-0016,SY 2025-2026,Grade 7,Term 2,63.8,62.6,60.0,60.0,67.2,65.3,61.9,70.2,63.88,8,2,6,60.0,8,Mathematics,High Risk,ARAL Program (RA 12028),Basic,Frustration,Phil-IRI BOSY English,12.0,17.6,,62.5,In Progress,Progressing,In Progress,Approved
CNHS-SYN-2526-0016,SY 2025-2026,Grade 7,Term 3,72.7,75.7,60.0,70.8,74.6,62.7,60.0,63.1,67.45,7,1,6,60.0,8,Mathematics,High Risk,ARAL Program (RA 12028),Basic,Frustration,Phil-IRI BOSY English,20.9,24.8,29.2,55.5,Promoted,Improved,Completed / Exited,Approved
CNHS-SYN-2526-0017,SY 2025-2026,Grade 8,Term 1,81.1,81.9,83.2,74.5,82.1,79.9,88.9,80.8,81.55,1,0,1,74.5,8,Science,Moderate Risk,Classroom Remediation,N/A,N/A,Science Diagnostic Assessment,14.7,,,73.7,In Progress,Progressing,In Progress,Approved
CNHS-SYN-2526-0017,SY 2025-2026,Grade 8,Term 2,83.2,87.3,79.4,74.7,81.4,77.8,80.1,81.1,80.62,1,0,1,74.7,8,Science,Moderate Risk,Classroom Remediation,N/A,N/A,Science Diagnostic Assessment,17.3,24.0,,65.2,In Progress,Progressing,In Progress,Approved
CNHS-SYN-2526-0017,SY 2025-2026,Grade 8,Term 3,85.6,83.5,77.8,76.2,84.8,82.9,91.0,83.1,83.11,0,0,0,76.2,8,Science,Moderate Risk,No Recommendation,N/A,Instructional,Classroom Summative,,,,91.3,N/A,N/A,Active,Reviewed
CNHS-SYN-2526-0018,SY 2025-2026,Grade 9,Term 1,78.1,77.9,82.2,84.8,77.0,77.1,80.1,77.8,79.38,0,0,0,77.0,8,Mapeh,Moderate Risk,No Recommendation,N/A,Instructional,Classroom Summative,,,,83.0,In Progress,Progressing,Active,Reviewed
CNHS-SYN-2526-0018,SY 2025-2026,Grade 9,Term 2,76.5,76.7,69.7,75.0,75.1,78.0,83.3,77.8,76.51,1,0,1,69.7,8,Mathematics,High Risk,Classroom Remediation,N/A,N/A,Mathematics Diagnostic Assessment,17.8,22.0,,73.4,In Progress,Progressing,In Progress,Approved
CNHS-SYN-2526-0018,SY 2025-2026,Grade 9,Term 3,82.0,78.9,81.6,78.8,81.6,74.7,78.8,78.0,79.3,1,0,1,74.7,8,Araling Panlipunan,Moderate Risk,Classroom Remediation,N/A,N/A,Araling Panlipunan Diagnostic Assessment,17.3,22.6,29.7,72.9,Improved,Improved,Completed,Approved
CNHS-SYN-2526-0019,SY 2025-2026,Grade 10,Term 1,60.0,69.1,66.2,70.0,62.3,62.4,68.7,67.1,65.72,8,2,6,60.0,8,English,High Risk,ARAL Program (RA 12028),Basic,Frustration,Phil-IRI BOSY English,13.4,,,68.9,In Progress,Progressing,In Progress,Approved
CNHS-SYN-2526-0019,SY 2025-2026,Grade 10,Term 2,69.9,60.0,69.8,62.8,60.0,67.3,70.6,74.1,66.81,8,2,6,60.0,8,Filipino,High Risk,ARAL Program (RA 12028),Basic,Frustration,Phil-IRI BOSY English,19.7,27.0,,59.1,In Progress,Progressing,In Progress,Approved
CNHS-SYN-2526-0019,SY 2025-2026,Grade 10,Term 3,69.4,78.9,61.4,70.3,69.5,68.7,71.9,69.4,69.94,7,1,6,61.4,8,Mathematics,High Risk,ARAL Program (RA 12028),Basic,Frustration,Phil-IRI BOSY English,12.8,15.9,21.6,53.3,Retained,Progressing,Retained in Program,Approved
CNHS-SYN-2526-0020,SY 2025-2026,Grade 7,Term 1,73.9,69.5,75.0,70.6,71.3,66.2,72.1,70.8,71.17,7,2,5,66.2,8,Araling Panlipunan,High Risk,ARAL Program (RA 12028),Basic,Frustration,Phil-IRI BOSY English,12.0,,,69.4,In Progress,Progressing,In Progress,Approved
CNHS-SYN-2526-0020,SY 2025-2026,Grade 7,Term 2,74.7,73.6,65.3,69.9,67.5,65.5,72.6,72.1,70.15,8,2,6,65.3,8,Mathematics,High Risk,ARAL Program (RA 12028),Basic,Frustration,Phil-IRI BOSY English,12.2,18.2,,65.0,In Progress,Progressing,In Progress,Approved
CNHS-SYN-2526-0020,SY 2025-2026,Grade 7,Term 3,78.9,72.9,71.1,75.7,74.9,70.0,65.5,69.3,72.29,6,1,5,65.5,8,Tle,High Risk,ARAL Program (RA 12028),Basic,Frustration,Phil-IRI BOSY English,12.1,19.1,25.7,50.4,Retained,Progressing,Retained in Program,Approved
CNHS-SYN-2526-0021,SY 2025-2026,Grade 8,Term 1,70.0,64.3,69.0,77.8,67.4,63.5,64.6,72.1,68.59,7,2,5,63.5,8,Araling Panlipunan,High Risk,ARAL Program (RA 12028),Basic,Frustration,Phil-IRI BOSY English,17.2,,,67.4,In Progress,Progressing,In Progress,Approved
CNHS-SYN-2526-0021,SY 2025-2026,Grade 8,Term 2,78.5,73.4,67.3,70.7,77.7,79.4,70.7,79.6,74.66,4,1,3,67.3,8,Mathematics,High Risk,ARAL Program (RA 12028),Basic,Frustration,Phil-IRI BOSY English,19.2,26.6,,62.0,In Progress,Progressing,In Progress,Approved
CNHS-SYN-2526-0021,SY 2025-2026,Grade 8,Term 3,91.7,76.3,69.4,70.0,75.6,72.1,73.1,72.1,75.04,5,0,5,69.4,8,Mathematics,High Risk,ARAL Program (RA 12028),Basic,Frustration,Phil-IRI BOSY English,18.8,23.5,32.3,48.0,Promoted,Improved,Completed / Exited,Approved
CNHS-SYN-2526-0022,SY 2025-2026,Grade 9,Term 1,72.7,64.0,66.6,68.4,70.6,71.9,66.7,73.7,69.32,8,2,6,64.0,8,Filipino,High Risk,ARAL Program (RA 12028),Basic,Frustration,Phil-IRI BOSY English,17.0,,,64.9,In Progress,Progressing,In Progress,Approved
CNHS-SYN-2526-0022,SY 2025-2026,Grade 9,Term 2,75.0,76.7,63.8,66.1,66.4,71.9,75.8,69.1,70.6,5,0,5,63.8,8,Mathematics,High Risk,ARAL Program (RA 12028),Basic,Frustration,Phil-IRI BOSY English,20.5,26.6,,58.6,In Progress,Progressing,In Progress,Approved
CNHS-SYN-2526-0022,SY 2025-2026,Grade 9,Term 3,76.6,83.7,64.8,72.7,64.6,72.3,71.2,70.2,72.01,6,0,6,64.6,8,Mapeh,High Risk,ARAL Program (RA 12028),Basic,Frustration,Phil-IRI BOSY English,21.4,25.0,33.5,46.5,Promoted,Improved,Completed / Exited,Approved
CNHS-SYN-2526-0023,SY 2025-2026,Grade 10,Term 1,70.0,65.3,73.5,76.2,77.4,73.7,77.1,64.1,72.16,5,2,3,64.1,8,Values Education,High Risk,ARAL Program (RA 12028),Basic,Frustration,Phil-IRI BOSY English,21.4,,,65.1,In Progress,Progressing,In Progress,Approved
CNHS-SYN-2526-0023,SY 2025-2026,Grade 10,Term 2,80.1,73.9,69.9,71.6,73.4,76.3,78.2,72.9,74.54,5,1,4,69.9,8,Mathematics,High Risk,ARAL Program (RA 12028),Basic,Frustration,Phil-IRI BOSY English,14.1,18.4,,64.3,In Progress,Progressing,In Progress,Approved
CNHS-SYN-2526-0023,SY 2025-2026,Grade 10,Term 3,76.8,79.0,70.7,70.2,73.0,60.0,73.1,60.0,70.35,6,0,6,60.0,8,Araling Panlipunan,High Risk,ARAL Program (RA 12028),Basic,Frustration,Phil-IRI BOSY English,13.5,21.1,26.8,49.3,Promoted,Improved,Completed / Exited,Approved
CNHS-SYN-2526-0024,SY 2025-2026,Grade 7,Term 1,70.5,75.3,70.8,67.1,70.7,71.0,65.7,70.1,70.15,7,1,6,65.7,8,Tle,High Risk,ARAL Program (RA 12028),Basic,Frustration,Phil-IRI BOSY English,16.6,,,65.4,In Progress,Progressing,In Progress,Approved
CNHS-SYN-2526-0024,SY 2025-2026,Grade 7,Term 2,75.9,70.4,74.7,69.5,65.5,72.9,73.0,65.0,70.86,7,1,6,65.0,8,Values Education,High Risk,ARAL Program (RA 12028),Basic,Frustration,Phil-IRI BOSY English,18.8,26.0,,54.1,In Progress,Progressing,In Progress,Approved
CNHS-SYN-2526-0024,SY 2025-2026,Grade 7,Term 3,81.4,81.0,68.3,74.6,77.1,78.3,76.4,70.7,75.97,3,0,3,68.3,8,Mathematics,High Risk,ARAL Program (RA 12028),Basic,Frustration,Phil-IRI BOSY English,19.2,24.7,33.2,57.0,Promoted,Improved,Completed / Exited,Approved
CNHS-SYN-2526-0025,SY 2025-2026,Grade 8,Term 1,77.0,78.3,80.0,76.2,80.8,79.3,72.8,83.5,78.49,1,0,1,72.8,8,Tle,Moderate Risk,Classroom Remediation,N/A,N/A,Tle Diagnostic Assessment,22.6,,,78.3,In Progress,Progressing,In Progress,Approved
CNHS-SYN-2526-0025,SY 2025-2026,Grade 8,Term 2,75.9,75.6,79.8,79.1,79.0,79.4,80.2,69.3,77.29,1,0,1,69.3,8,Values Education,High Risk,Classroom Remediation,N/A,N/A,Values Education Diagnostic Assessment,20.1,24.9,,83.2,In Progress,Progressing,In Progress,Approved
CNHS-SYN-2526-0025,SY 2025-2026,Grade 8,Term 3,81.7,77.8,75.3,79.7,75.6,77.7,81.7,75.5,78.12,0,0,0,75.3,8,Mathematics,Moderate Risk,No Recommendation,N/A,Instructional,Classroom Summative,,,,94.7,N/A,N/A,Active,Reviewed
CNHS-SYN-2526-0026,SY 2025-2026,Grade 9,Term 1,63.1,62.7,65.5,71.1,65.1,70.7,63.9,68.1,66.28,8,2,6,62.7,8,Filipino,High Risk,ARAL Program (RA 12028),Basic,Frustration,Phil-IRI BOSY English,16.8,,,66.4,In Progress,Progressing,In Progress,Approved
CNHS-SYN-2526-0026,SY 2025-2026,Grade 9,Term 2,71.7,72.3,73.4,67.1,73.4,66.3,68.7,64.6,69.69,8,2,6,64.6,8,Values Education,High Risk,ARAL Program (RA 12028),Basic,Frustration,Phil-IRI BOSY English,20.4,24.1,,55.4,In Progress,Progressing,In Progress,Approved
CNHS-SYN-2526-0026,SY 2025-2026,Grade 9,Term 3,78.2,69.5,72.9,80.1,66.6,74.6,69.9,68.3,72.51,6,1,5,66.6,8,Mapeh,High Risk,ARAL Program (RA 12028),Basic,Frustration,Phil-IRI BOSY English,14.7,22.1,29.4,45.9,Promoted,Improved,Completed / Exited,Approved
CNHS-SYN-2526-0027,SY 2025-2026,Grade 10,Term 1,87.9,91.0,89.0,84.0,91.5,92.9,88.6,90.5,89.42,0,0,0,84.0,8,Science,Low Risk,No Recommendation,N/A,Independent,Classroom Summative,,,,96.5,In Progress,Progressing,Active,Reviewed
CNHS-SYN-2526-0027,SY 2025-2026,Grade 10,Term 2,90.3,90.3,90.3,82.2,89.4,81.2,83.4,91.8,87.36,0,0,0,81.2,8,Araling Panlipunan,Low Risk,No Recommendation,N/A,Independent,Classroom Summative,,,,97.9,In Progress,Progressing,Active,Reviewed
CNHS-SYN-2526-0027,SY 2025-2026,Grade 10,Term 3,86.8,83.2,87.3,87.0,86.9,91.1,85.1,88.0,86.93,0,0,0,83.2,8,Filipino,Low Risk,No Recommendation,N/A,Independent,Classroom Summative,,,,93.8,N/A,N/A,Active,Reviewed
CNHS-SYN-2526-0028,SY 2025-2026,Grade 7,Term 1,65.1,73.2,64.2,67.0,60.0,64.4,66.9,65.2,65.75,8,2,6,60.0,8,Mapeh,High Risk,ARAL Program (RA 12028),Basic,Frustration,Phil-IRI BOSY English,15.9,,,65.9,In Progress,Progressing,In Progress,Approved
CNHS-SYN-2526-0028,SY 2025-2026,Grade 7,Term 2,71.4,77.3,60.0,65.8,68.0,70.7,69.8,66.4,68.67,7,1,6,60.0,8,Mathematics,High Risk,ARAL Program (RA 12028),Basic,Frustration,Phil-IRI BOSY English,20.2,25.2,,61.6,In Progress,Progressing,In Progress,Approved
CNHS-SYN-2526-0028,SY 2025-2026,Grade 7,Term 3,73.0,78.7,70.4,60.0,62.3,63.2,66.5,66.9,67.62,7,1,6,60.0,8,Science,High Risk,ARAL Program (RA 12028),Basic,Frustration,Phil-IRI BOSY English,17.7,23.5,31.6,61.9,Promoted,Improved,Completed / Exited,Approved
CNHS-SYN-2526-0029,SY 2025-2026,Grade 8,Term 1,61.6,60.0,62.3,60.0,61.4,65.0,65.9,66.1,62.79,8,2,6,60.0,8,Filipino,High Risk,ARAL Program (RA 12028),Basic,Frustration,Phil-IRI BOSY English,17.6,,,65.8,In Progress,Progressing,In Progress,Approved
CNHS-SYN-2526-0029,SY 2025-2026,Grade 8,Term 2,62.7,67.1,62.1,70.6,68.5,63.4,67.4,72.2,66.75,8,2,6,62.1,8,Mathematics,High Risk,ARAL Program (RA 12028),Basic,Frustration,Phil-IRI BOSY English,14.0,20.4,,55.6,In Progress,Progressing,In Progress,Approved
CNHS-SYN-2526-0029,SY 2025-2026,Grade 8,Term 3,65.7,70.7,60.0,61.7,61.6,60.9,73.6,65.6,64.97,8,2,6,60.0,8,Mathematics,High Risk,ARAL Program (RA 12028),Basic,Frustration,Phil-IRI BOSY English,14.1,21.5,30.1,40.0,Promoted,Improved,Completed / Exited,Approved
CNHS-SYN-2526-0030,SY 2025-2026,Grade 9,Term 1,68.0,62.5,67.1,66.7,68.2,61.4,67.1,68.0,66.12,8,2,6,61.4,8,Araling Panlipunan,High Risk,ARAL Program (RA 12028),Basic,Frustration,Phil-IRI BOSY English,17.8,,,61.3,In Progress,Progressing,In Progress,Approved
CNHS-SYN-2526-0030,SY 2025-2026,Grade 9,Term 2,62.7,60.0,63.3,61.9,65.1,67.3,67.5,71.2,64.88,8,2,6,60.0,8,Filipino,High Risk,ARAL Program (RA 12028),Basic,Frustration,Phil-IRI BOSY English,17.9,22.7,,65.1,In Progress,Progressing,In Progress,Approved
CNHS-SYN-2526-0030,SY 2025-2026,Grade 9,Term 3,75.5,64.2,60.0,68.9,71.1,61.9,66.2,62.1,66.24,7,1,6,60.0,8,Mathematics,High Risk,ARAL Program (RA 12028),Basic,Frustration,Phil-IRI BOSY English,15.5,20.4,24.9,50.5,Retained,Progressing,Retained in Program,Approved
CNHS-SYN-2526-0031,SY 2025-2026,Grade 10,Term 1,76.6,76.3,74.7,80.8,80.7,80.5,84.3,83.9,79.72,1,0,1,74.7,8,Mathematics,Moderate Risk,Classroom Remediation,N/A,N/A,Mathematics Diagnostic Assessment,23.2,,,75.0,In Progress,Progressing,In Progress,Approved
CNHS-SYN-2526-0031,SY 2025-2026,Grade 10,Term 2,83.2,78.2,77.1,82.9,69.4,70.1,81.3,78.4,77.57,2,0,2,69.4,8,Mapeh,High Risk,Classroom Remediation,N/A,N/A,Mapeh Diagnostic Assessment,17.3,23.9,,82.1,In Progress,Progressing,In Progress,Approved
CNHS-SYN-2526-0031,SY 2025-2026,Grade 10,Term 3,77.4,75.0,76.4,69.6,79.1,81.5,71.8,75.5,75.79,2,0,2,69.6,8,Science,High Risk,Classroom Remediation,N/A,N/A,Science Diagnostic Assessment,19.9,26.5,32.0,65.3,Improved,Improved,Completed,Approved
CNHS-SYN-2526-0032,SY 2025-2026,Grade 7,Term 1,87.0,96.0,81.2,87.9,84.6,92.6,86.6,91.0,88.36,0,0,0,81.2,8,Mathematics,Low Risk,No Recommendation,N/A,Independent,Classroom Summative,,,,99.3,In Progress,Progressing,Active,Reviewed
CNHS-SYN-2526-0032,SY 2025-2026,Grade 7,Term 2,90.2,92.5,86.3,94.1,86.3,87.1,89.2,83.1,88.6,0,0,0,83.1,8,Values Education,Low Risk,No Recommendation,N/A,Independent,Classroom Summative,,,,95.9,In Progress,Progressing,Active,Reviewed
CNHS-SYN-2526-0032,SY 2025-2026,Grade 7,Term 3,92.2,84.7,91.8,92.3,81.8,85.0,92.8,90.4,88.88,0,0,0,81.8,8,Mapeh,Low Risk,No Recommendation,N/A,Independent,Classroom Summative,,,,99.4,N/A,N/A,Active,Reviewed
CNHS-SYN-2526-0033,SY 2025-2026,Grade 8,Term 1,65.2,70.1,70.3,67.8,65.7,79.1,71.2,66.9,69.54,7,2,5,65.2,8,English,High Risk,ARAL Program (RA 12028),Basic,Frustration,Phil-IRI BOSY English,21.0,,,60.6,In Progress,Progressing,In Progress,Approved
CNHS-SYN-2526-0033,SY 2025-2026,Grade 8,Term 2,75.7,75.2,66.6,68.2,68.8,68.4,73.5,62.9,69.91,6,0,6,62.9,8,Values Education,High Risk,ARAL Program (RA 12028),Basic,Frustration,Phil-IRI BOSY English,13.9,18.3,,66.4,In Progress,Progressing,In Progress,Approved
CNHS-SYN-2526-0033,SY 2025-2026,Grade 8,Term 3,84.4,75.2,70.2,63.4,69.8,71.3,72.1,70.6,72.12,6,0,6,63.4,8,Science,High Risk,ARAL Program (RA 12028),Basic,Frustration,Phil-IRI BOSY English,21.7,28.2,34.6,51.3,Promoted,Improved,Completed / Exited,Approved
CNHS-SYN-2526-0034,SY 2025-2026,Grade 9,Term 1,72.7,78.4,73.0,75.2,83.8,75.7,79.7,70.4,76.11,3,1,2,70.4,8,Values Education,High Risk,Classroom Remediation,N/A,N/A,Values Education Diagnostic Assessment,16.2,,,71.0,In Progress,Progressing,In Progress,Approved
CNHS-SYN-2526-0034,SY 2025-2026,Grade 9,Term 2,81.8,75.8,75.8,75.9,75.6,80.7,78.9,80.5,78.12,0,0,0,75.6,8,Mapeh,Moderate Risk,No Recommendation,N/A,Instructional,Classroom Summative,,,,94.1,In Progress,Progressing,Active,Reviewed
CNHS-SYN-2526-0034,SY 2025-2026,Grade 9,Term 3,75.4,86.0,70.3,82.9,83.4,74.5,86.8,81.9,80.15,2,0,2,70.3,8,Mathematics,High Risk,Classroom Remediation,N/A,N/A,Mathematics Diagnostic Assessment,17.8,24.1,30.3,80.0,Improved,Improved,Completed,Approved
CNHS-SYN-2526-0035,SY 2025-2026,Grade 10,Term 1,71.4,70.4,70.9,68.8,66.2,66.4,63.3,70.8,68.53,8,2,6,63.3,8,Tle,High Risk,ARAL Program (RA 12028),Basic,Frustration,Phil-IRI BOSY English,16.4,,,70.3,In Progress,Progressing,In Progress,Approved
CNHS-SYN-2526-0035,SY 2025-2026,Grade 10,Term 2,68.3,66.0,67.3,71.0,79.2,75.9,68.7,67.5,70.49,6,2,4,66.0,8,Filipino,High Risk,ARAL Program (RA 12028),Basic,Frustration,Phil-IRI BOSY English,20.2,26.4,,67.0,In Progress,Progressing,In Progress,Approved
CNHS-SYN-2526-0035,SY 2025-2026,Grade 10,Term 3,79.3,76.5,69.3,73.7,67.0,66.5,71.7,73.8,72.22,6,0,6,66.5,8,Araling Panlipunan,High Risk,ARAL Program (RA 12028),Basic,Frustration,Phil-IRI BOSY English,19.4,24.7,29.8,44.1,Promoted,Improved,Completed / Exited,Approved
CNHS-SYN-2526-0036,SY 2025-2026,Grade 7,Term 1,62.7,62.8,73.3,60.0,64.2,72.6,67.6,68.0,66.4,8,2,6,60.0,8,Science,High Risk,ARAL Program (RA 12028),Basic,Frustration,Phil-IRI BOSY English,19.6,,,69.3,In Progress,Progressing,In Progress,Approved
CNHS-SYN-2526-0036,SY 2025-2026,Grade 7,Term 2,61.5,68.3,64.8,63.3,61.5,64.4,61.4,67.1,64.04,8,2,6,61.4,8,Tle,High Risk,ARAL Program (RA 12028),Basic,Frustration,Phil-IRI BOSY English,20.2,25.4,,57.6,In Progress,Progressing,In Progress,Approved
CNHS-SYN-2526-0036,SY 2025-2026,Grade 7,Term 3,76.0,71.4,60.0,65.6,73.8,66.3,66.1,68.0,68.4,7,1,6,60.0,8,Mathematics,High Risk,ARAL Program (RA 12028),Basic,Frustration,Phil-IRI BOSY English,15.7,19.9,27.7,49.3,Promoted,Improved,Completed / Exited,Approved
CNHS-SYN-2526-0037,SY 2025-2026,Grade 8,Term 1,69.7,79.8,80.4,78.4,84.5,84.9,79.5,71.6,78.6,2,1,1,69.7,8,English,High Risk,Classroom Remediation,N/A,N/A,English Diagnostic Assessment,18.1,,,72.2,In Progress,Progressing,In Progress,Approved
CNHS-SYN-2526-0037,SY 2025-2026,Grade 8,Term 2,88.8,76.9,84.1,73.4,76.4,86.2,79.1,83.5,81.05,1,0,1,73.4,8,Science,Moderate Risk,Classroom Remediation,N/A,N/A,Science Diagnostic Assessment,16.7,22.5,,69.1,In Progress,Progressing,In Progress,Approved
CNHS-SYN-2526-0037,SY 2025-2026,Grade 8,Term 3,77.5,83.0,82.7,73.9,77.2,77.8,78.7,74.6,78.18,2,0,2,73.9,8,Science,High Risk,Classroom Remediation,N/A,N/A,Science Diagnostic Assessment,15.9,20.4,27.6,77.3,Needs Further Intervention,Limited Improvement,Needs Further Support,Approved
CNHS-SYN-2526-0038,SY 2025-2026,Grade 9,Term 1,84.5,85.8,84.1,86.9,89.2,79.9,86.4,85.4,85.28,0,0,0,79.9,8,Araling Panlipunan,Low Risk,No Recommendation,N/A,Independent,Classroom Summative,,,,91.9,In Progress,Progressing,Active,Reviewed
CNHS-SYN-2526-0038,SY 2025-2026,Grade 9,Term 2,82.5,83.2,88.8,90.4,77.4,87.6,91.0,85.6,85.81,0,0,0,77.4,8,Mapeh,Low Risk,No Recommendation,N/A,Independent,Classroom Summative,,,,89.2,In Progress,Progressing,Active,Reviewed
CNHS-SYN-2526-0038,SY 2025-2026,Grade 9,Term 3,87.8,81.8,79.3,90.0,82.3,84.4,80.7,80.6,83.36,0,0,0,79.3,8,Mathematics,Moderate Risk,No Recommendation,N/A,Instructional,Classroom Summative,,,,89.1,N/A,N/A,Active,Reviewed
CNHS-SYN-2526-0039,SY 2025-2026,Grade 10,Term 1,96.2,85.6,91.3,93.2,93.8,83.0,87.5,94.1,90.59,0,0,0,83.0,8,Araling Panlipunan,Low Risk,No Recommendation,N/A,Independent,Classroom Summative,,,,92.8,In Progress,Progressing,Active,Reviewed
CNHS-SYN-2526-0039,SY 2025-2026,Grade 10,Term 2,89.0,88.4,92.6,87.7,88.5,89.0,86.0,90.8,89.0,0,0,0,86.0,8,Tle,Low Risk,No Recommendation,N/A,Independent,Classroom Summative,,,,84.9,In Progress,Progressing,Active,Reviewed
CNHS-SYN-2526-0039,SY 2025-2026,Grade 10,Term 3,91.2,86.9,93.8,88.9,91.8,93.4,89.5,93.2,91.09,0,0,0,86.9,8,Filipino,Low Risk,No Recommendation,N/A,Independent,Classroom Summative,,,,98.4,N/A,N/A,Active,Reviewed
CNHS-SYN-2526-0040,SY 2025-2026,Grade 7,Term 1,69.0,68.3,71.6,76.1,64.7,75.7,71.8,71.0,71.03,6,2,4,64.7,8,Mapeh,High Risk,ARAL Program (RA 12028),Basic,Frustration,Phil-IRI BOSY English,20.2,,,68.4,In Progress,Progressing,In Progress,Approved
CNHS-SYN-2526-0040,SY 2025-2026,Grade 7,Term 2,67.2,72.9,69.8,69.0,69.8,76.9,74.0,70.3,71.24,7,2,5,67.2,8,English,High Risk,ARAL Program (RA 12028),Basic,Frustration,Phil-IRI BOSY English,13.9,20.9,,63.8,In Progress,Progressing,In Progress,Approved
CNHS-SYN-2526-0040,SY 2025-2026,Grade 7,Term 3,81.8,74.4,77.7,76.6,69.0,72.7,71.8,72.9,74.61,5,1,4,69.0,8,Mapeh,High Risk,ARAL Program (RA 12028),Basic,Frustration,Phil-IRI BOSY English,15.8,23.7,32.1,55.2,Promoted,Improved,Completed / Exited,Approved
CNHS-SYN-2526-0041,SY 2025-2026,Grade 8,Term 1,86.9,88.7,84.0,83.9,85.9,92.9,85.5,90.6,87.3,0,0,0,83.9,8,Science,Low Risk,No Recommendation,N/A,Independent,Classroom Summative,,,,93.0,In Progress,Progressing,Active,Reviewed
CNHS-SYN-2526-0041,SY 2025-2026,Grade 8,Term 2,89.3,93.3,87.9,81.7,82.5,85.9,83.0,89.7,86.66,0,0,0,81.7,8,Science,Low Risk,No Recommendation,N/A,Independent,Classroom Summative,,,,100.0,In Progress,Progressing,Active,Reviewed
CNHS-SYN-2526-0041,SY 2025-2026,Grade 8,Term 3,82.9,90.7,85.5,86.1,88.6,78.7,89.0,95.6,87.14,0,0,0,78.7,8,Araling Panlipunan,Low Risk,No Recommendation,N/A,Independent,Classroom Summative,,,,93.0,N/A,N/A,Active,Reviewed
CNHS-SYN-2526-0042,SY 2025-2026,Grade 9,Term 1,72.9,69.9,65.7,72.5,69.7,69.9,74.4,66.6,70.2,8,2,6,65.7,8,Mathematics,High Risk,ARAL Program (RA 12028),Basic,Frustration,Phil-IRI BOSY English,13.2,,,70.3,In Progress,Progressing,In Progress,Approved
CNHS-SYN-2526-0042,SY 2025-2026,Grade 9,Term 2,76.6,73.9,69.9,71.6,71.9,71.1,66.2,69.9,71.39,7,1,6,66.2,8,Tle,High Risk,ARAL Program (RA 12028),Basic,Frustration,Phil-IRI BOSY English,16.7,20.5,,60.9,In Progress,Progressing,In Progress,Approved
CNHS-SYN-2526-0042,SY 2025-2026,Grade 9,Term 3,76.5,80.7,72.4,68.9,69.7,73.2,70.0,75.6,73.38,5,0,5,68.9,8,Science,High Risk,ARAL Program (RA 12028),Basic,Frustration,Phil-IRI BOSY English,21.1,25.6,32.4,58.4,Promoted,Improved,Completed / Exited,Approved
CNHS-SYN-2526-0043,SY 2025-2026,Grade 10,Term 1,80.1,75.1,76.9,77.5,75.7,75.8,79.4,75.1,76.95,0,0,0,75.1,8,Filipino,Moderate Risk,No Recommendation,N/A,Instructional,Classroom Summative,,,,88.3,In Progress,Progressing,Active,Reviewed
CNHS-SYN-2526-0043,SY 2025-2026,Grade 10,Term 2,91.0,78.0,80.3,74.8,86.8,84.5,81.2,74.6,81.4,2,0,2,74.6,8,Values Education,High Risk,Classroom Remediation,N/A,N/A,Values Education Diagnostic Assessment,20.0,26.2,,78.5,In Progress,Progressing,In Progress,Approved
CNHS-SYN-2526-0043,SY 2025-2026,Grade 10,Term 3,70.1,75.9,82.8,84.8,84.4,73.6,81.2,84.0,79.6,2,1,1,70.1,8,English,High Risk,Classroom Remediation,N/A,N/A,English Diagnostic Assessment,14.0,19.3,26.4,68.7,Needs Further Intervention,Limited Improvement,Needs Further Support,Approved
CNHS-SYN-2526-0044,SY 2025-2026,Grade 7,Term 1,63.4,65.0,70.7,67.9,67.5,69.5,61.4,71.0,67.05,8,2,6,61.4,8,Tle,High Risk,ARAL Program (RA 12028),Basic,Frustration,Phil-IRI BOSY English,19.6,,,57.9,In Progress,Progressing,In Progress,Approved
CNHS-SYN-2526-0044,SY 2025-2026,Grade 7,Term 2,70.1,70.9,71.6,72.9,71.1,68.1,60.7,72.2,69.7,8,2,6,60.7,8,Tle,High Risk,ARAL Program (RA 12028),Basic,Frustration,Phil-IRI BOSY English,17.3,24.5,,64.3,In Progress,Progressing,In Progress,Approved
CNHS-SYN-2526-0044,SY 2025-2026,Grade 7,Term 3,84.3,75.9,69.2,64.7,70.8,71.4,69.5,70.0,71.97,6,0,6,64.7,8,Science,High Risk,ARAL Program (RA 12028),Basic,Frustration,Phil-IRI BOSY English,19.5,24.2,29.9,53.0,Promoted,Improved,Completed / Exited,Approved
CNHS-SYN-2526-0045,SY 2025-2026,Grade 8,Term 1,68.8,64.2,67.4,74.3,69.1,72.6,70.5,74.3,70.15,8,2,6,64.2,8,Filipino,High Risk,ARAL Program (RA 12028),Basic,Frustration,Phil-IRI BOSY English,17.8,,,67.4,In Progress,Progressing,In Progress,Approved
CNHS-SYN-2526-0045,SY 2025-2026,Grade 8,Term 2,67.7,67.6,73.0,72.8,72.3,70.8,74.4,70.2,71.1,8,2,6,67.6,8,Filipino,High Risk,ARAL Program (RA 12028),Basic,Frustration,Phil-IRI BOSY English,14.0,20.3,,55.0,In Progress,Progressing,In Progress,Approved
CNHS-SYN-2526-0045,SY 2025-2026,Grade 8,Term 3,73.9,81.0,74.7,65.2,74.6,77.3,69.8,72.1,73.57,6,1,5,65.2,8,Science,High Risk,ARAL Program (RA 12028),Basic,Frustration,Phil-IRI BOSY English,18.4,24.5,32.4,45.1,Promoted,Improved,Completed / Exited,Approved
CNHS-SYN-2526-0046,SY 2025-2026,Grade 9,Term 1,66.6,74.2,73.5,69.6,77.6,74.0,71.5,73.6,72.57,7,2,5,66.6,8,English,High Risk,Classroom Remediation,N/A,N/A,English Diagnostic Assessment,23.3,,,72.2,In Progress,Progressing,In Progress,Approved
CNHS-SYN-2526-0046,SY 2025-2026,Grade 9,Term 2,75.4,75.8,74.0,77.6,72.7,77.9,78.0,64.2,74.45,3,0,3,64.2,8,Values Education,High Risk,Classroom Remediation,N/A,N/A,Values Education Diagnostic Assessment,20.1,25.4,,76.4,In Progress,Progressing,In Progress,Approved
CNHS-SYN-2526-0046,SY 2025-2026,Grade 9,Term 3,69.4,70.9,79.9,68.1,80.3,75.6,71.1,73.5,73.6,5,2,3,68.1,8,Science,High Risk,Classroom Remediation,N/A,N/A,Science Diagnostic Assessment,17.7,22.2,27.1,76.0,Needs Further Intervention,Limited Improvement,Needs Further Support,Approved
CNHS-SYN-2526-0047,SY 2025-2026,Grade 10,Term 1,92.1,87.6,91.5,88.4,86.5,92.0,86.7,82.9,88.46,0,0,0,82.9,8,Values Education,Low Risk,No Recommendation,N/A,Independent,Classroom Summative,,,,84.8,In Progress,Progressing,Active,Reviewed
CNHS-SYN-2526-0047,SY 2025-2026,Grade 10,Term 2,89.2,88.6,90.7,99.0,91.8,92.6,84.5,89.0,90.67,0,0,0,84.5,8,Tle,Low Risk,No Recommendation,N/A,Independent,Classroom Summative,,,,87.9,In Progress,Progressing,Active,Reviewed
CNHS-SYN-2526-0047,SY 2025-2026,Grade 10,Term 3,95.9,87.4,93.0,89.3,92.3,89.0,90.5,90.7,91.01,0,0,0,87.4,8,Filipino,Low Risk,No Recommendation,N/A,Independent,Classroom Summative,,,,93.9,N/A,N/A,Active,Reviewed
CNHS-SYN-2526-0048,SY 2025-2026,Grade 7,Term 1,61.4,61.1,63.6,72.0,60.0,68.3,60.0,66.1,64.06,8,2,6,60.0,8,Mapeh,High Risk,ARAL Program (RA 12028),Basic,Frustration,Phil-IRI BOSY English,16.6,,,65.9,In Progress,Progressing,In Progress,Approved
CNHS-SYN-2526-0048,SY 2025-2026,Grade 7,Term 2,66.4,65.9,60.1,62.0,60.0,66.8,67.4,66.2,64.35,8,2,6,60.0,8,Mapeh,High Risk,ARAL Program (RA 12028),Basic,Frustration,Phil-IRI BOSY English,19.6,24.0,,60.0,In Progress,Progressing,In Progress,Approved
CNHS-SYN-2526-0048,SY 2025-2026,Grade 7,Term 3,73.0,69.6,64.9,66.3,60.0,69.7,64.9,60.8,66.15,8,2,6,60.0,8,Mapeh,High Risk,ARAL Program (RA 12028),Basic,Frustration,Phil-IRI BOSY English,15.2,20.6,29.5,56.2,Promoted,Improved,Completed / Exited,Approved
CNHS-SYN-2526-0049,SY 2025-2026,Grade 8,Term 1,63.2,60.6,64.2,66.4,64.5,61.3,65.0,64.2,63.68,8,2,6,60.6,8,Filipino,High Risk,ARAL Program (RA 12028),Basic,Frustration,Phil-IRI BOSY English,16.5,,,66.6,In Progress,Progressing,In Progress,Approved
CNHS-SYN-2526-0049,SY 2025-2026,Grade 8,Term 2,67.8,65.4,60.3,64.9,67.4,62.6,68.5,60.5,64.67,8,2,6,60.3,8,Mathematics,High Risk,ARAL Program (RA 12028),Basic,Frustration,Phil-IRI BOSY English,15.6,20.3,,57.0,In Progress,Progressing,In Progress,Approved
CNHS-SYN-2526-0049,SY 2025-2026,Grade 8,Term 3,69.7,73.4,62.3,60.0,67.5,60.0,69.1,75.9,67.24,7,2,5,60.0,8,Science,High Risk,ARAL Program (RA 12028),Basic,Frustration,Phil-IRI BOSY English,13.3,20.3,29.0,43.8,Promoted,Improved,Completed / Exited,Approved
CNHS-SYN-2526-0050,SY 2025-2026,Grade 9,Term 1,82.8,83.2,78.8,80.0,84.6,80.6,82.8,79.9,81.59,0,0,0,78.8,8,Mathematics,Moderate Risk,No Recommendation,N/A,Instructional,Classroom Summative,,,,86.4,In Progress,Progressing,Active,Reviewed
CNHS-SYN-2526-0050,SY 2025-2026,Grade 9,Term 2,73.8,80.6,80.3,75.6,80.6,80.9,72.1,77.0,77.61,2,1,1,72.1,8,Tle,High Risk,Classroom Remediation,N/A,N/A,Tle Diagnostic Assessment,14.3,18.9,,83.1,In Progress,Progressing,In Progress,Approved
CNHS-SYN-2526-0050,SY 2025-2026,Grade 9,Term 3,84.8,81.3,78.2,78.2,82.6,81.5,83.2,81.2,81.38,0,0,0,78.2,8,Mathematics,Moderate Risk,No Recommendation,N/A,Instructional,Classroom Summative,,,,92.4,N/A,N/A,Active,Reviewed
CNHS-SYN-2526-0051,SY 2025-2026,Grade 10,Term 1,96.7,91.6,81.2,84.9,90.9,86.7,85.7,93.4,88.89,0,0,0,81.2,8,Mathematics,Low Risk,No Recommendation,N/A,Independent,Classroom Summative,,,,88.8,In Progress,Progressing,Active,Reviewed
CNHS-SYN-2526-0051,SY 2025-2026,Grade 10,Term 2,91.4,92.1,90.0,91.4,88.6,89.7,86.7,88.0,89.74,0,0,0,86.7,8,Tle,Low Risk,No Recommendation,N/A,Independent,Classroom Summative,,,,92.9,In Progress,Progressing,Active,Reviewed
CNHS-SYN-2526-0051,SY 2025-2026,Grade 10,Term 3,93.7,92.8,88.2,84.5,88.0,87.7,88.5,96.6,90.0,0,0,0,84.5,8,Science,Low Risk,No Recommendation,N/A,Independent,Classroom Summative,,,,93.7,N/A,N/A,Active,Reviewed
CNHS-SYN-2526-0052,SY 2025-2026,Grade 7,Term 1,91.5,87.0,88.3,88.3,90.7,88.6,92.3,86.9,89.2,0,0,0,86.9,8,Values Education,Low Risk,No Recommendation,N/A,Independent,Classroom Summative,,,,100.0,In Progress,Progressing,Active,Reviewed
CNHS-SYN-2526-0052,SY 2025-2026,Grade 7,Term 2,91.8,87.3,86.9,83.5,91.1,85.9,87.8,87.1,87.67,0,0,0,83.5,8,Science,Low Risk,No Recommendation,N/A,Independent,Classroom Summative,,,,88.6,In Progress,Progressing,Active,Reviewed
CNHS-SYN-2526-0052,SY 2025-2026,Grade 7,Term 3,85.9,91.1,92.1,88.6,84.1,90.0,84.3,85.2,87.66,0,0,0,84.1,8,Mapeh,Low Risk,No Recommendation,N/A,Independent,Classroom Summative,,,,97.2,N/A,N/A,Active,Reviewed
CNHS-SYN-2526-0053,SY 2025-2026,Grade 8,Term 1,73.8,77.7,78.7,79.0,78.1,81.2,77.5,83.7,78.71,1,1,0,73.8,8,English,Moderate Risk,No Recommendation,N/A,Instructional,Classroom Summative,,,,93.9,In Progress,Progressing,Active,Reviewed
CNHS-SYN-2526-0053,SY 2025-2026,Grade 8,Term 2,82.7,83.1,79.7,90.9,83.3,74.9,78.4,75.4,81.05,1,0,1,74.9,8,Araling Panlipunan,Moderate Risk,Classroom Remediation,N/A,N/A,Araling Panlipunan Diagnostic Assessment,15.4,20.4,,80.7,In Progress,Progressing,In Progress,Approved
CNHS-SYN-2526-0053,SY 2025-2026,Grade 8,Term 3,83.5,76.9,77.2,82.5,83.1,75.0,81.7,82.4,80.29,0,0,0,75.0,8,Araling Panlipunan,Moderate Risk,No Recommendation,N/A,Instructional,Classroom Summative,,,,88.7,N/A,N/A,Active,Reviewed
CNHS-SYN-2526-0054,SY 2025-2026,Grade 9,Term 1,84.6,79.1,79.3,82.9,83.6,79.4,84.3,85.1,82.29,0,0,0,79.1,8,Filipino,Moderate Risk,No Recommendation,N/A,Instructional,Classroom Summative,,,,99.1,In Progress,Progressing,Active,Reviewed
CNHS-SYN-2526-0054,SY 2025-2026,Grade 9,Term 2,76.8,80.4,81.2,80.8,78.6,75.2,81.5,78.1,79.07,0,0,0,75.2,8,Araling Panlipunan,Moderate Risk,No Recommendation,N/A,Instructional,Classroom Summative,,,,88.8,In Progress,Progressing,Active,Reviewed
CNHS-SYN-2526-0054,SY 2025-2026,Grade 9,Term 3,75.9,81.2,81.7,83.5,89.9,82.3,83.1,76.9,81.81,0,0,0,75.9,8,English,Moderate Risk,No Recommendation,N/A,Instructional,Classroom Summative,,,,98.3,N/A,N/A,Active,Reviewed
CNHS-SYN-2526-0055,SY 2025-2026,Grade 10,Term 1,60.0,62.2,68.9,61.6,60.0,68.6,66.8,62.4,63.81,8,2,6,60.0,8,English,High Risk,ARAL Program (RA 12028),Basic,Frustration,Phil-IRI BOSY English,12.4,,,61.7,In Progress,Progressing,In Progress,Approved
CNHS-SYN-2526-0055,SY 2025-2026,Grade 10,Term 2,67.8,60.0,60.0,66.2,65.8,69.2,67.0,60.0,64.5,8,2,6,60.0,8,Filipino,High Risk,ARAL Program (RA 12028),Basic,Frustration,Phil-IRI BOSY English,15.8,19.7,,64.0,In Progress,Progressing,In Progress,Approved
CNHS-SYN-2526-0055,SY 2025-2026,Grade 10,Term 3,77.2,68.5,65.7,60.5,67.4,68.5,65.3,60.0,66.64,7,1,6,60.0,8,Values Education,High Risk,ARAL Program (RA 12028),Basic,Frustration,Phil-IRI BOSY English,14.0,19.9,26.4,59.1,Promoted,Improved,Completed / Exited,Approved
CNHS-SYN-2526-0056,SY 2025-2026,Grade 7,Term 1,68.9,70.2,78.5,75.3,65.1,73.2,76.0,76.3,72.94,4,2,2,65.1,8,Mapeh,High Risk,ARAL Program (RA 12028),Basic,Frustration,Phil-IRI BOSY English,19.2,,,62.8,In Progress,Progressing,In Progress,Approved
CNHS-SYN-2526-0056,SY 2025-2026,Grade 7,Term 2,68.5,71.5,60.0,69.7,72.9,69.5,79.2,71.5,70.35,7,2,5,60.0,8,Mathematics,High Risk,ARAL Program (RA 12028),Basic,Frustration,Phil-IRI BOSY English,13.5,20.7,,66.6,In Progress,Progressing,In Progress,Approved
CNHS-SYN-2526-0056,SY 2025-2026,Grade 7,Term 3,78.3,76.7,71.1,80.4,70.4,73.1,76.5,76.0,75.31,3,0,3,70.4,8,Mapeh,High Risk,ARAL Program (RA 12028),Basic,Frustration,Phil-IRI BOSY English,15.7,19.4,27.8,60.2,Promoted,Improved,Completed / Exited,Approved
CNHS-SYN-2526-0057,SY 2025-2026,Grade 8,Term 1,69.8,68.6,65.6,70.6,81.3,73.6,74.4,73.6,72.19,7,2,5,65.6,8,Mathematics,High Risk,ARAL Program (RA 12028),Basic,Frustration,Phil-IRI BOSY English,19.6,,,69.0,In Progress,Progressing,In Progress,Approved
CNHS-SYN-2526-0057,SY 2025-2026,Grade 8,Term 2,68.7,69.4,70.6,72.9,72.7,70.1,71.0,65.5,70.11,8,2,6,65.5,8,Values Education,High Risk,ARAL Program (RA 12028),Basic,Frustration,Phil-IRI BOSY English,17.6,22.1,,67.5,In Progress,Progressing,In Progress,Approved
CNHS-SYN-2526-0057,SY 2025-2026,Grade 8,Term 3,87.8,77.1,77.7,76.2,74.7,68.7,66.7,73.4,75.29,4,0,4,66.7,8,Tle,High Risk,ARAL Program (RA 12028),Basic,Frustration,Phil-IRI BOSY English,14.0,20.8,25.3,51.1,Retained,Progressing,Retained in Program,Approved
CNHS-SYN-2526-0058,SY 2025-2026,Grade 9,Term 1,75.3,74.5,78.8,69.4,73.5,78.3,73.1,69.1,74.0,5,1,4,69.1,8,Values Education,High Risk,Classroom Remediation,N/A,N/A,Values Education Diagnostic Assessment,18.4,,,81.5,In Progress,Progressing,In Progress,Approved
CNHS-SYN-2526-0058,SY 2025-2026,Grade 9,Term 2,69.0,76.9,72.1,70.9,73.8,74.8,73.0,77.9,73.55,6,1,5,69.0,8,English,High Risk,Classroom Remediation,N/A,N/A,English Diagnostic Assessment,21.2,27.1,,73.7,In Progress,Progressing,In Progress,Approved
CNHS-SYN-2526-0058,SY 2025-2026,Grade 9,Term 3,69.0,76.8,74.2,66.1,73.4,71.9,81.9,68.7,72.75,6,1,5,66.1,8,Science,High Risk,Classroom Remediation,N/A,N/A,Science Diagnostic Assessment,22.3,28.1,34.5,74.8,Improved,Improved,Completed,Approved
CNHS-SYN-2526-0059,SY 2025-2026,Grade 10,Term 1,88.3,80.3,82.1,86.4,90.3,79.6,81.8,89.2,84.75,0,0,0,79.6,8,Araling Panlipunan,Low Risk,No Recommendation,N/A,Independent,Classroom Summative,,,,96.1,In Progress,Progressing,Active,Reviewed
CNHS-SYN-2526-0059,SY 2025-2026,Grade 10,Term 2,78.0,82.5,80.7,78.1,78.0,83.0,85.9,81.4,80.95,0,0,0,78.0,8,English,Moderate Risk,No Recommendation,N/A,Instructional,Classroom Summative,,,,94.3,In Progress,Progressing,Active,Reviewed
CNHS-SYN-2526-0059,SY 2025-2026,Grade 10,Term 3,78.2,85.0,85.0,92.3,80.4,80.1,85.0,85.2,83.9,0,0,0,78.2,8,English,Low Risk,No Recommendation,N/A,Independent,Classroom Summative,,,,90.4,N/A,N/A,Active,Reviewed
CNHS-SYN-2526-0060,SY 2025-2026,Grade 7,Term 1,99.0,92.6,88.0,85.8,88.4,88.2,92.8,88.7,90.44,0,0,0,85.8,8,Science,Low Risk,No Recommendation,N/A,Independent,Classroom Summative,,,,88.9,In Progress,Progressing,Active,Reviewed
CNHS-SYN-2526-0060,SY 2025-2026,Grade 7,Term 2,93.3,99.0,98.0,93.5,91.6,91.7,94.7,95.8,94.7,0,0,0,91.6,8,Mapeh,Low Risk,No Recommendation,N/A,Independent,Classroom Summative,,,,92.1,In Progress,Progressing,Active,Reviewed
CNHS-SYN-2526-0060,SY 2025-2026,Grade 7,Term 3,86.9,95.9,98.4,92.3,99.0,89.9,,93.3,93.67,0,0,0,86.9,7,English,Low Risk,No Recommendation,N/A,Independent,Classroom Summative,,,,92.4,N/A,N/A,Active,Reviewed
CNHS-SYN-2526-0061,SY 2025-2026,Grade 8,Term 1,76.5,79.7,74.7,80.8,74.7,82.1,86.6,77.2,79.04,2,0,2,74.7,8,Mathematics,High Risk,Classroom Remediation,N/A,N/A,Mathematics Diagnostic Assessment,16.9,,,79.2,In Progress,Progressing,In Progress,Approved
CNHS-SYN-2526-0061,SY 2025-2026,Grade 8,Term 2,80.5,78.4,82.4,81.4,83.8,79.2,81.3,76.5,80.44,0,0,0,76.5,8,Values Education,Moderate Risk,No Recommendation,N/A,Instructional,Classroom Summative,,,,98.8,In Progress,Progressing,Active,Reviewed
CNHS-SYN-2526-0061,SY 2025-2026,Grade 8,Term 3,77.3,79.7,78.0,75.4,77.8,83.5,79.9,70.9,77.81,1,0,1,70.9,8,Values Education,Moderate Risk,Classroom Remediation,N/A,N/A,Values Education Diagnostic Assessment,22.6,27.0,34.7,76.9,Improved,Improved,Completed,Approved
CNHS-SYN-2526-0062,SY 2025-2026,Grade 9,Term 1,84.8,90.6,83.5,90.3,87.9,86.7,86.3,85.0,86.89,0,0,0,83.5,8,Mathematics,Low Risk,No Recommendation,N/A,Independent,Classroom Summative,,,,88.5,In Progress,Progressing,Active,Reviewed
CNHS-SYN-2526-0062,SY 2025-2026,Grade 9,Term 2,82.8,79.8,88.2,88.2,87.6,87.3,84.4,88.8,85.89,0,0,0,79.8,8,Filipino,Low Risk,No Recommendation,N/A,Independent,Classroom Summative,,,,90.1,In Progress,Progressing,Active,Reviewed
CNHS-SYN-2526-0062,SY 2025-2026,Grade 9,Term 3,85.0,94.4,78.8,87.7,79.0,85.3,84.0,77.4,83.95,0,0,0,77.4,8,Values Education,Low Risk,No Recommendation,N/A,Independent,Classroom Summative,,,,90.5,N/A,N/A,Active,Reviewed
CNHS-SYN-2526-0063,SY 2025-2026,Grade 10,Term 1,78.6,77.3,82.5,83.3,81.1,72.8,77.4,78.3,78.91,1,0,1,72.8,8,Araling Panlipunan,Moderate Risk,Classroom Remediation,N/A,N/A,Araling Panlipunan Diagnostic Assessment,16.9,,,85.4,In Progress,Progressing,In Progress,Approved
CNHS-SYN-2526-0063,SY 2025-2026,Grade 10,Term 2,77.9,76.9,78.7,73.3,72.7,81.6,82.1,72.6,76.97,3,0,3,72.6,8,Values Education,High Risk,Classroom Remediation,N/A,N/A,Values Education Diagnostic Assessment,21.6,27.3,,83.0,In Progress,Progressing,In Progress,Approved
CNHS-SYN-2526-0063,SY 2025-2026,Grade 10,Term 3,77.5,82.8,78.4,79.1,73.2,85.2,78.5,79.4,79.26,1,0,1,73.2,8,Mapeh,Moderate Risk,Classroom Remediation,N/A,N/A,Mapeh Diagnostic Assessment,18.5,25.3,30.9,68.4,Improved,Improved,Completed,Approved
CNHS-SYN-2526-0064,SY 2025-2026,Grade 7,Term 1,65.3,69.2,60.3,62.1,65.2,69.3,60.7,60.0,64.01,8,2,6,60.0,8,Values Education,High Risk,ARAL Program (RA 12028),Basic,Frustration,Phil-IRI BOSY English,16.5,,,63.1,In Progress,Progressing,In Progress,Approved
CNHS-SYN-2526-0064,SY 2025-2026,Grade 7,Term 2,69.1,67.0,61.2,63.3,72.2,66.9,63.8,65.4,66.11,8,2,6,61.2,8,Mathematics,High Risk,ARAL Program (RA 12028),Basic,Frustration,Phil-IRI BOSY English,14.4,20.8,,60.8,In Progress,Progressing,In Progress,Approved
CNHS-SYN-2526-0064,SY 2025-2026,Grade 7,Term 3,69.2,77.4,68.7,64.7,65.2,68.7,63.7,68.4,68.25,7,1,6,63.7,8,Tle,High Risk,ARAL Program (RA 12028),Basic,Frustration,Phil-IRI BOSY English,20.1,26.6,32.9,52.1,Promoted,Improved,Completed / Exited,Approved
CNHS-SYN-2526-0065,SY 2025-2026,Grade 8,Term 1,60.0,60.0,70.6,62.2,65.5,63.2,66.6,61.7,63.73,8,2,6,60.0,8,English,High Risk,ARAL Program (RA 12028),Basic,Frustration,Phil-IRI BOSY English,20.1,,,64.4,In Progress,Progressing,In Progress,Approved
CNHS-SYN-2526-0065,SY 2025-2026,Grade 8,Term 2,63.3,68.1,64.3,65.5,62.9,68.3,71.3,63.7,65.92,8,2,6,62.9,8,Mapeh,High Risk,ARAL Program (RA 12028),Basic,Frustration,Phil-IRI BOSY English,13.8,19.4,,62.7,In Progress,Progressing,In Progress,Approved
CNHS-SYN-2526-0065,SY 2025-2026,Grade 8,Term 3,68.1,79.6,69.4,62.8,60.0,66.1,60.0,64.6,66.32,7,1,6,60.0,8,Mapeh,High Risk,ARAL Program (RA 12028),Basic,Frustration,Phil-IRI BOSY English,19.2,26.4,30.8,52.6,Promoted,Improved,Completed / Exited,Approved
CNHS-SYN-2526-0066,SY 2025-2026,Grade 9,Term 1,95.5,96.5,91.4,96.3,88.4,96.2,97.6,93.7,94.45,0,0,0,88.4,8,Mapeh,Low Risk,No Recommendation,N/A,Independent,Classroom Summative,,,,93.6,In Progress,Progressing,Active,Reviewed
CNHS-SYN-2526-0066,SY 2025-2026,Grade 9,Term 2,83.5,96.1,94.4,92.6,95.7,92.5,88.3,92.3,91.92,0,0,0,83.5,8,English,Low Risk,No Recommendation,N/A,Independent,Classroom Summative,,,,92.5,In Progress,Progressing,Active,Reviewed
CNHS-SYN-2526-0066,SY 2025-2026,Grade 9,Term 3,95.6,99.0,90.5,93.5,98.0,85.9,93.5,90.5,93.31,0,0,0,85.9,8,Araling Panlipunan,Low Risk,No Recommendation,N/A,Independent,Classroom Summative,,,,88.4,N/A,N/A,Active,Reviewed
CNHS-SYN-2526-0067,SY 2025-2026,Grade 10,Term 1,74.7,86.8,80.2,81.6,80.1,77.9,80.7,91.5,81.69,1,1,0,74.7,8,English,Moderate Risk,No Recommendation,N/A,Instructional,Classroom Summative,,,,88.6,In Progress,Progressing,Active,Reviewed
CNHS-SYN-2526-0067,SY 2025-2026,Grade 10,Term 2,82.5,76.6,74.9,85.8,86.3,85.9,79.8,81.0,81.6,1,0,1,74.9,8,Mathematics,Moderate Risk,Classroom Remediation,N/A,N/A,Mathematics Diagnostic Assessment,20.9,25.0,,69.9,In Progress,Progressing,In Progress,Approved
CNHS-SYN-2526-0067,SY 2025-2026,Grade 10,Term 3,80.4,84.2,77.2,84.2,83.0,84.7,85.2,78.9,82.22,0,0,0,77.2,8,Mathematics,Moderate Risk,No Recommendation,N/A,Instructional,Classroom Summative,,,,89.9,N/A,N/A,Active,Reviewed
CNHS-SYN-2526-0068,SY 2025-2026,Grade 7,Term 1,84.2,80.5,80.2,80.6,79.1,75.8,76.1,75.0,78.94,0,0,0,75.0,8,Values Education,Moderate Risk,No Recommendation,N/A,Instructional,Classroom Summative,,,,94.2,In Progress,Progressing,Active,Reviewed
CNHS-SYN-2526-0068,SY 2025-2026,Grade 7,Term 2,75.3,79.1,73.1,82.8,74.1,78.8,81.0,78.3,77.81,2,0,2,73.1,8,Mathematics,High Risk,Classroom Remediation,N/A,N/A,Mathematics Diagnostic Assessment,17.8,22.9,,75.8,In Progress,Progressing,In Progress,Approved
CNHS-SYN-2526-0068,SY 2025-2026,Grade 7,Term 3,83.1,76.8,74.0,74.7,81.2,79.5,79.0,75.7,78.0,2,0,2,74.0,8,Mathematics,High Risk,Classroom Remediation,N/A,N/A,Mathematics Diagnostic Assessment,15.0,20.2,24.7,82.4,Needs Further Intervention,Limited Improvement,Needs Further Support,Approved
CNHS-SYN-2526-0069,SY 2025-2026,Grade 8,Term 1,72.9,81.7,77.0,79.9,81.0,80.8,80.3,82.5,79.51,1,1,0,72.9,8,English,Moderate Risk,No Recommendation,N/A,Instructional,Classroom Summative,,,,86.2,In Progress,Progressing,Active,Reviewed
CNHS-SYN-2526-0069,SY 2025-2026,Grade 8,Term 2,83.7,83.6,85.9,76.3,83.6,85.1,78.3,82.5,82.38,0,0,0,76.3,8,Science,Moderate Risk,No Recommendation,N/A,Instructional,Classroom Summative,,,,99.4,In Progress,Progressing,Active,Reviewed
CNHS-SYN-2526-0069,SY 2025-2026,Grade 8,Term 3,88.3,73.9,92.5,78.8,86.4,86.3,78.5,84.4,83.64,1,1,0,73.9,8,Filipino,Moderate Risk,No Recommendation,N/A,Instructional,Classroom Summative,,,,94.2,N/A,N/A,Active,Reviewed
CNHS-SYN-2526-0070,SY 2025-2026,Grade 9,Term 1,74.2,72.1,74.7,70.3,68.8,70.7,70.5,76.1,72.18,7,2,5,68.8,8,Mapeh,High Risk,ARAL Program (RA 12028),Basic,Frustration,Phil-IRI BOSY English,13.5,,,66.8,In Progress,Progressing,In Progress,Approved
CNHS-SYN-2526-0070,SY 2025-2026,Grade 9,Term 2,73.0,73.1,70.4,69.4,67.1,75.5,69.8,85.2,72.94,6,2,4,67.1,8,Mapeh,High Risk,ARAL Program (RA 12028),Basic,Frustration,Phil-IRI BOSY English,17.9,21.9,,60.7,In Progress,Progressing,In Progress,Approved
CNHS-SYN-2526-0070,SY 2025-2026,Grade 9,Term 3,81.4,73.7,64.2,73.4,64.0,67.7,70.8,69.6,70.6,7,1,6,64.0,8,Mapeh,High Risk,ARAL Program (RA 12028),Basic,Frustration,Phil-IRI BOSY English,16.2,20.8,28.8,58.6,Promoted,Improved,Completed / Exited,Approved
CNHS-SYN-2526-0071,SY 2025-2026,Grade 10,Term 1,87.1,87.4,83.6,88.1,86.0,83.7,83.7,81.5,85.14,0,0,0,81.5,8,Values Education,Low Risk,No Recommendation,N/A,Independent,Classroom Summative,,,,92.3,In Progress,Progressing,Active,Reviewed
CNHS-SYN-2526-0071,SY 2025-2026,Grade 10,Term 2,85.3,91.9,84.6,80.8,90.5,84.2,84.7,86.5,86.06,0,0,0,80.8,8,Science,Low Risk,No Recommendation,N/A,Independent,Classroom Summative,,,,92.1,In Progress,Progressing,Active,Reviewed
CNHS-SYN-2526-0071,SY 2025-2026,Grade 10,Term 3,83.9,90.9,84.9,93.9,86.4,77.4,87.8,94.2,87.43,0,0,0,77.4,8,Araling Panlipunan,Low Risk,No Recommendation,N/A,Independent,Classroom Summative,,,,99.3,N/A,N/A,Active,Reviewed
CNHS-SYN-2526-0072,SY 2025-2026,Grade 7,Term 1,60.0,60.0,60.0,68.1,67.7,65.7,60.0,63.3,63.1,8,2,6,60.0,8,English,High Risk,ARAL Program (RA 12028),Basic,Frustration,Phil-IRI BOSY English,21.8,,,62.8,In Progress,Progressing,In Progress,Approved
CNHS-SYN-2526-0072,SY 2025-2026,Grade 7,Term 2,60.0,73.4,60.0,71.1,69.6,64.6,63.4,64.0,65.76,8,2,6,60.0,8,English,High Risk,ARAL Program (RA 12028),Basic,Frustration,Phil-IRI BOSY English,19.0,23.4,,65.7,In Progress,Progressing,In Progress,Approved
CNHS-SYN-2526-0072,SY 2025-2026,Grade 7,Term 3,65.6,72.0,60.0,60.5,66.7,65.0,65.3,72.4,65.94,8,2,6,60.0,8,Mathematics,High Risk,ARAL Program (RA 12028),Basic,Frustration,Phil-IRI BOSY English,15.8,22.7,27.0,53.0,Promoted,Improved,Completed / Exited,Approved
CNHS-SYN-2526-0073,SY 2025-2026,Grade 8,Term 1,70.7,75.0,71.3,72.7,70.5,73.3,74.1,69.7,72.16,7,1,6,69.7,8,Values Education,High Risk,ARAL Program (RA 12028),Basic,Frustration,Phil-IRI BOSY English,21.2,,,72.0,In Progress,Progressing,In Progress,Approved
CNHS-SYN-2526-0073,SY 2025-2026,Grade 8,Term 2,75.8,70.3,77.2,73.7,79.2,73.8,78.4,75.4,75.47,3,1,2,70.3,8,Filipino,High Risk,ARAL Program (RA 12028),Basic,Frustration,Phil-IRI BOSY English,20.8,25.7,,57.0,In Progress,Progressing,In Progress,Approved
CNHS-SYN-2526-0073,SY 2025-2026,Grade 8,Term 3,77.1,80.2,76.5,75.6,80.7,66.7,71.8,71.0,74.95,3,0,3,66.7,8,Araling Panlipunan,High Risk,ARAL Program (RA 12028),Basic,Frustration,Phil-IRI BOSY English,18.1,22.4,27.5,64.7,Promoted,Improved,Completed / Exited,Approved
CNHS-SYN-2526-0074,SY 2025-2026,Grade 9,Term 1,79.3,79.0,84.8,82.8,73.1,76.3,87.3,82.9,80.69,1,0,1,73.1,8,Mapeh,Moderate Risk,Classroom Remediation,N/A,N/A,Mapeh Diagnostic Assessment,17.9,,,81.7,In Progress,Progressing,In Progress,Approved
CNHS-SYN-2526-0074,SY 2025-2026,Grade 9,Term 2,76.1,78.2,81.6,80.8,83.5,76.3,82.7,85.6,80.6,0,0,0,76.1,8,English,Moderate Risk,No Recommendation,N/A,Instructional,Classroom Summative,,,,92.6,In Progress,Progressing,Active,Reviewed
CNHS-SYN-2526-0074,SY 2025-2026,Grade 9,Term 3,81.1,78.2,80.3,86.3,80.8,77.7,79.3,82.1,80.72,0,0,0,77.7,8,Araling Panlipunan,Moderate Risk,No Recommendation,N/A,Instructional,Classroom Summative,,,,93.9,N/A,N/A,Active,Reviewed
CNHS-SYN-2526-0075,SY 2025-2026,Grade 10,Term 1,60.3,60.5,63.8,65.2,62.4,65.2,65.1,64.3,63.35,8,2,6,60.3,8,English,High Risk,ARAL Program (RA 12028),Basic,Frustration,Phil-IRI BOSY English,19.2,,,66.5,In Progress,Progressing,In Progress,Approved
CNHS-SYN-2526-0075,SY 2025-2026,Grade 10,Term 2,67.2,68.7,72.5,63.6,70.4,67.8,60.7,70.1,67.62,8,2,6,60.7,8,Tle,High Risk,ARAL Program (RA 12028),Basic,Frustration,Phil-IRI BOSY English,13.8,16.8,,54.7,In Progress,Progressing,In Progress,Approved
CNHS-SYN-2526-0075,SY 2025-2026,Grade 10,Term 3,75.6,66.1,62.1,65.1,69.9,62.3,63.4,67.6,66.51,7,1,6,62.1,8,Mathematics,High Risk,ARAL Program (RA 12028),Basic,Frustration,Phil-IRI BOSY English,18.0,24.5,29.0,49.0,Promoted,Improved,Completed / Exited,Approved
CNHS-SYN-2526-0076,SY 2025-2026,Grade 7,Term 1,76.4,70.8,64.2,67.3,72.6,73.6,69.2,69.6,70.46,7,1,6,64.2,8,Mathematics,High Risk,ARAL Program (RA 12028),Basic,Frustration,Phil-IRI BOSY English,14.6,,,66.7,In Progress,Progressing,In Progress,Approved
CNHS-SYN-2526-0076,SY 2025-2026,Grade 7,Term 2,78.8,75.0,71.3,66.8,68.8,66.1,64.4,70.8,70.25,6,0,6,64.4,8,Tle,High Risk,ARAL Program (RA 12028),Basic,Frustration,Phil-IRI BOSY English,17.6,21.1,,62.9,In Progress,Progressing,In Progress,Approved
CNHS-SYN-2526-0076,SY 2025-2026,Grade 7,Term 3,80.7,76.0,71.0,66.8,69.6,66.9,67.3,64.9,70.4,6,0,6,64.9,8,Values Education,High Risk,ARAL Program (RA 12028),Basic,Frustration,Phil-IRI BOSY English,19.0,26.0,33.0,52.0,Promoted,Improved,Completed / Exited,Approved
CNHS-SYN-2526-0077,SY 2025-2026,Grade 8,Term 1,86.6,89.7,92.4,87.7,95.3,89.1,89.3,84.6,89.34,0,0,0,84.6,8,Values Education,Low Risk,No Recommendation,N/A,Independent,Classroom Summative,,,,91.5,In Progress,Progressing,Active,Reviewed
CNHS-SYN-2526-0077,SY 2025-2026,Grade 8,Term 2,85.8,85.1,99.0,87.1,82.4,85.4,88.0,90.4,87.9,0,0,0,82.4,8,Mapeh,Low Risk,No Recommendation,N/A,Independent,Classroom Summative,,,,94.7,In Progress,Progressing,Active,Reviewed
CNHS-SYN-2526-0077,SY 2025-2026,Grade 8,Term 3,85.7,89.6,85.5,85.7,84.5,83.4,92.5,90.9,87.22,0,0,0,83.4,8,Araling Panlipunan,Low Risk,No Recommendation,N/A,Independent,Classroom Summative,,,,92.2,N/A,N/A,Active,Reviewed
CNHS-SYN-2526-0078,SY 2025-2026,Grade 9,Term 1,84.9,84.0,78.0,76.8,79.9,85.0,85.5,77.3,81.43,0,0,0,76.8,8,Science,Moderate Risk,No Recommendation,N/A,Instructional,Classroom Summative,,,,89.1,In Progress,Progressing,Active,Reviewed
CNHS-SYN-2526-0078,SY 2025-2026,Grade 9,Term 2,81.0,77.0,76.3,79.5,83.1,78.0,82.3,87.0,80.53,0,0,0,76.3,8,Mathematics,Moderate Risk,No Recommendation,N/A,Instructional,Classroom Summative,,,,91.2,In Progress,Progressing,Active,Reviewed
CNHS-SYN-2526-0078,SY 2025-2026,Grade 9,Term 3,86.5,80.8,79.7,87.4,81.5,87.2,84.5,81.4,83.62,0,0,0,79.7,8,Mathematics,Low Risk,No Recommendation,N/A,Independent,Classroom Summative,,,,93.3,N/A,N/A,Active,Reviewed
CNHS-SYN-2526-0079,SY 2025-2026,Grade 10,Term 1,66.3,60.0,68.5,67.6,60.4,70.5,74.7,69.7,67.21,8,2,6,60.0,8,Filipino,High Risk,ARAL Program (RA 12028),Basic,Frustration,Phil-IRI BOSY English,19.6,,,66.8,In Progress,Progressing,In Progress,Approved
CNHS-SYN-2526-0079,SY 2025-2026,Grade 10,Term 2,65.2,69.7,60.0,68.2,60.0,63.9,71.8,61.4,65.03,8,2,6,60.0,8,Mathematics,High Risk,ARAL Program (RA 12028),Basic,Frustration,Phil-IRI BOSY English,21.4,27.1,,63.7,In Progress,Progressing,In Progress,Approved
CNHS-SYN-2526-0079,SY 2025-2026,Grade 10,Term 3,78.3,74.5,65.5,66.7,67.7,67.1,62.3,60.3,67.8,7,1,6,60.3,8,Values Education,High Risk,ARAL Program (RA 12028),Basic,Frustration,Phil-IRI BOSY English,16.1,23.3,29.8,45.9,Promoted,Improved,Completed / Exited,Approved
CNHS-SYN-2526-0080,SY 2025-2026,Grade 7,Term 1,94.1,84.0,86.9,87.9,83.1,88.8,93.9,85.5,88.02,0,0,0,83.1,8,Mapeh,Low Risk,No Recommendation,N/A,Independent,Classroom Summative,,,,81.0,In Progress,Progressing,Active,Reviewed
CNHS-SYN-2526-0080,SY 2025-2026,Grade 7,Term 2,87.4,86.3,84.9,91.8,86.2,86.8,86.0,79.8,86.15,0,0,0,79.8,8,Values Education,Low Risk,No Recommendation,N/A,Independent,Classroom Summative,,,,95.8,In Progress,Progressing,Active,Reviewed
CNHS-SYN-2526-0080,SY 2025-2026,Grade 7,Term 3,79.1,84.5,86.6,94.4,90.5,85.2,92.7,84.5,87.19,0,0,0,79.1,8,English,Low Risk,No Recommendation,N/A,Independent,Classroom Summative,,,,86.6,N/A,N/A,Active,Reviewed
CNHS-SYN-2526-0081,SY 2025-2026,Grade 8,Term 1,66.0,62.9,68.0,64.6,,68.7,66.7,65.2,66.01,7,2,5,62.9,7,Filipino,High Risk,ARAL Program (RA 12028),Basic,Frustration,Phil-IRI BOSY English,21.2,,,69.7,In Progress,Progressing,In Progress,Approved
CNHS-SYN-2526-0081,SY 2025-2026,Grade 8,Term 2,83.5,70.5,61.7,65.2,64.9,69.6,66.3,67.5,68.65,7,1,6,61.7,8,Mathematics,High Risk,ARAL Program (RA 12028),Basic,Frustration,Phil-IRI BOSY English,21.7,24.8,,65.5,In Progress,Progressing,In Progress,Approved
CNHS-SYN-2526-0081,SY 2025-2026,Grade 8,Term 3,74.8,74.2,68.9,70.6,68.1,69.3,67.2,64.3,69.67,8,2,6,64.3,8,Values Education,High Risk,ARAL Program (RA 12028),Basic,Frustration,Phil-IRI BOSY English,14.5,20.0,24.5,50.9,Retained,Progressing,Retained in Program,Approved
CNHS-SYN-2526-0082,SY 2025-2026,Grade 9,Term 1,60.0,60.0,64.8,71.7,75.4,71.7,62.7,67.7,66.75,7,2,5,60.0,8,English,High Risk,ARAL Program (RA 12028),Basic,Frustration,Phil-IRI BOSY English,13.5,,,66.1,In Progress,Progressing,In Progress,Approved
CNHS-SYN-2526-0082,SY 2025-2026,Grade 9,Term 2,71.8,66.0,60.0,66.1,66.5,64.5,69.3,68.4,66.57,8,2,6,60.0,8,Mathematics,High Risk,ARAL Program (RA 12028),Basic,Frustration,Phil-IRI BOSY English,14.6,18.5,,54.6,In Progress,Progressing,In Progress,Approved
CNHS-SYN-2526-0082,SY 2025-2026,Grade 9,Term 3,72.8,76.8,65.1,62.5,62.7,66.3,68.6,66.2,67.62,7,1,6,62.5,8,Science,High Risk,ARAL Program (RA 12028),Basic,Frustration,Phil-IRI BOSY English,19.8,27.5,36.0,54.0,Promoted,Improved,Completed / Exited,Approved
CNHS-SYN-2526-0083,SY 2025-2026,Grade 10,Term 1,93.1,91.3,87.1,82.9,87.0,84.8,82.2,85.9,86.79,0,0,0,82.2,8,Tle,Low Risk,No Recommendation,N/A,Independent,Classroom Summative,,,,94.3,In Progress,Progressing,Active,Reviewed
CNHS-SYN-2526-0083,SY 2025-2026,Grade 10,Term 2,93.8,87.8,88.0,81.6,87.1,90.7,92.4,86.2,88.45,0,0,0,81.6,8,Science,Low Risk,No Recommendation,N/A,Independent,Classroom Summative,,,,85.9,In Progress,Progressing,Active,Reviewed
CNHS-SYN-2526-0083,SY 2025-2026,Grade 10,Term 3,86.4,94.3,95.8,91.0,88.9,80.3,81.0,89.6,88.41,0,0,0,80.3,8,Araling Panlipunan,Low Risk,No Recommendation,N/A,Independent,Classroom Summative,,,,87.6,N/A,N/A,Active,Reviewed
CNHS-SYN-2526-0084,SY 2025-2026,Grade 7,Term 1,96.0,91.1,89.3,92.8,84.6,99.0,90.0,90.1,91.61,0,0,0,84.6,8,Mapeh,Low Risk,No Recommendation,N/A,Independent,Classroom Summative,,,,99.5,In Progress,Progressing,Active,Reviewed
CNHS-SYN-2526-0084,SY 2025-2026,Grade 7,Term 2,94.3,84.7,95.4,87.2,89.0,83.4,90.6,85.9,88.81,0,0,0,83.4,8,Araling Panlipunan,Low Risk,No Recommendation,N/A,Independent,Classroom Summative,,,,90.9,In Progress,Progressing,Active,Reviewed
CNHS-SYN-2526-0084,SY 2025-2026,Grade 7,Term 3,98.8,99.0,90.0,88.8,87.0,93.0,87.2,86.8,91.33,0,0,0,86.8,8,Values Education,Low Risk,No Recommendation,N/A,Independent,Classroom Summative,,,,89.8,N/A,N/A,Active,Reviewed
CNHS-SYN-2526-0085,SY 2025-2026,Grade 8,Term 1,67.2,70.2,63.8,69.2,64.5,67.4,71.4,68.7,67.8,8,2,6,63.8,8,Mathematics,High Risk,ARAL Program (RA 12028),Basic,Frustration,Phil-IRI BOSY English,15.3,,,74.1,In Progress,Progressing,In Progress,Approved
CNHS-SYN-2526-0085,SY 2025-2026,Grade 8,Term 2,75.8,75.0,61.0,67.0,72.6,70.5,63.0,70.7,69.45,6,0,6,61.0,8,Mathematics,High Risk,ARAL Program (RA 12028),Basic,Frustration,Phil-IRI BOSY English,17.1,23.7,,58.2,In Progress,Progressing,In Progress,Approved
CNHS-SYN-2526-0085,SY 2025-2026,Grade 8,Term 3,80.7,81.6,71.6,71.2,69.3,68.6,67.3,63.4,71.71,6,0,6,63.4,8,Values Education,High Risk,ARAL Program (RA 12028),Basic,Frustration,Phil-IRI BOSY English,15.2,20.1,28.2,52.7,Promoted,Improved,Completed / Exited,Approved
CNHS-SYN-2526-0086,SY 2025-2026,Grade 9,Term 1,87.0,93.2,90.6,80.9,86.3,92.3,84.9,87.5,87.84,0,0,0,80.9,8,Science,Low Risk,No Recommendation,N/A,Independent,Classroom Summative,,,,87.9,In Progress,Progressing,Active,Reviewed
CNHS-SYN-2526-0086,SY 2025-2026,Grade 9,Term 2,90.0,82.4,85.5,90.0,87.1,84.4,87.4,85.4,86.53,0,0,0,82.4,8,Filipino,Low Risk,No Recommendation,N/A,Independent,Classroom Summative,,,,94.6,In Progress,Progressing,Active,Reviewed
CNHS-SYN-2526-0086,SY 2025-2026,Grade 9,Term 3,85.1,88.1,86.8,79.3,82.0,91.9,87.2,80.4,85.1,0,0,0,79.3,8,Science,Low Risk,No Recommendation,N/A,Independent,Classroom Summative,,,,91.6,N/A,N/A,Active,Reviewed
CNHS-SYN-2526-0087,SY 2025-2026,Grade 10,Term 1,81.5,74.3,83.2,79.2,84.0,77.3,81.3,82.0,80.35,1,1,0,74.3,8,Filipino,Moderate Risk,No Recommendation,N/A,Instructional,Classroom Summative,,,,93.6,In Progress,Progressing,Active,Reviewed
CNHS-SYN-2526-0087,SY 2025-2026,Grade 10,Term 2,78.6,77.1,85.9,84.8,77.5,82.8,77.6,75.8,80.01,0,0,0,75.8,8,Values Education,Moderate Risk,No Recommendation,N/A,Instructional,Classroom Summative,,,,85.2,In Progress,Progressing,Active,Reviewed
CNHS-SYN-2526-0087,SY 2025-2026,Grade 10,Term 3,83.4,78.6,78.6,82.2,82.9,77.3,83.4,81.0,80.93,0,0,0,77.3,8,Araling Panlipunan,Moderate Risk,No Recommendation,N/A,Instructional,Classroom Summative,,,,91.3,N/A,N/A,Active,Reviewed
CNHS-SYN-2526-0088,SY 2025-2026,Grade 7,Term 1,70.2,71.7,71.9,74.9,73.2,71.4,69.3,64.1,70.84,8,2,6,64.1,8,Values Education,High Risk,ARAL Program (RA 12028),Basic,Frustration,Phil-IRI BOSY English,20.9,,,68.4,In Progress,Progressing,In Progress,Approved
CNHS-SYN-2526-0088,SY 2025-2026,Grade 7,Term 2,79.9,73.0,77.1,67.6,72.5,68.5,69.5,71.5,72.45,6,1,5,67.6,8,Science,High Risk,ARAL Program (RA 12028),Basic,Frustration,Phil-IRI BOSY English,17.7,22.1,,71.6,In Progress,Progressing,In Progress,Approved
CNHS-SYN-2526-0088,SY 2025-2026,Grade 7,Term 3,75.5,68.5,72.8,81.4,66.2,77.6,72.0,75.0,73.62,4,1,3,66.2,8,Mapeh,High Risk,ARAL Program (RA 12028),Basic,Frustration,Phil-IRI BOSY English,12.9,18.6,26.4,56.1,Promoted,Improved,Completed / Exited,Approved
CNHS-SYN-2526-0089,SY 2025-2026,Grade 8,Term 1,60.5,60.0,65.9,69.2,61.6,65.8,63.4,65.7,64.01,8,2,6,60.0,8,Filipino,High Risk,ARAL Program (RA 12028),Basic,Frustration,Phil-IRI BOSY English,19.3,,,73.9,In Progress,Progressing,In Progress,Approved
CNHS-SYN-2526-0089,SY 2025-2026,Grade 8,Term 2,66.2,70.5,65.3,69.2,61.8,63.9,63.7,60.0,65.07,8,2,6,60.0,8,Values Education,High Risk,ARAL Program (RA 12028),Basic,Frustration,Phil-IRI BOSY English,20.2,27.2,,53.4,In Progress,Progressing,In Progress,Approved
CNHS-SYN-2526-0089,SY 2025-2026,Grade 8,Term 3,78.0,69.8,60.0,70.1,62.9,69.9,64.6,70.1,68.17,7,1,6,60.0,8,Mathematics,High Risk,ARAL Program (RA 12028),Basic,Frustration,Phil-IRI BOSY English,16.4,20.5,25.4,54.6,Retained,Progressing,Retained in Program,Approved
CNHS-SYN-2526-0090,SY 2025-2026,Grade 9,Term 1,75.9,77.5,73.1,77.0,75.0,69.4,75.8,71.3,74.38,3,0,3,69.4,8,Araling Panlipunan,High Risk,Classroom Remediation,N/A,N/A,Araling Panlipunan Diagnostic Assessment,16.6,,,80.8,In Progress,Progressing,In Progress,Approved
CNHS-SYN-2526-0090,SY 2025-2026,Grade 9,Term 2,68.1,70.4,82.7,71.5,78.2,73.0,76.0,73.2,74.14,5,2,3,68.1,8,English,High Risk,Classroom Remediation,N/A,N/A,English Diagnostic Assessment,20.3,27.1,,79.3,In Progress,Progressing,In Progress,Approved
CNHS-SYN-2526-0090,SY 2025-2026,Grade 9,Term 3,71.0,77.6,85.4,81.1,78.6,75.4,68.0,70.4,75.94,3,1,2,68.0,8,Tle,High Risk,Classroom Remediation,N/A,N/A,Tle Diagnostic Assessment,23.3,28.0,34.1,72.7,Improved,Improved,Completed,Approved
CNHS-SYN-2526-0091,SY 2025-2026,Grade 10,Term 1,84.1,89.3,87.3,85.4,88.5,85.6,85.0,88.0,86.65,0,0,0,84.1,8,English,Low Risk,No Recommendation,N/A,Independent,Classroom Summative,,,,91.4,In Progress,Progressing,Active,Reviewed
CNHS-SYN-2526-0091,SY 2025-2026,Grade 10,Term 2,87.5,84.1,84.8,89.2,87.9,88.0,87.3,86.3,86.89,0,0,0,84.1,8,Filipino,Low Risk,No Recommendation,N/A,Independent,Classroom Summative,,,,95.7,In Progress,Progressing,Active,Reviewed
CNHS-SYN-2526-0091,SY 2025-2026,Grade 10,Term 3,90.8,86.8,93.8,87.1,88.7,87.3,87.1,83.2,88.1,0,0,0,83.2,8,Values Education,Low Risk,No Recommendation,N/A,Independent,Classroom Summative,,,,100.0,N/A,N/A,Active,Reviewed
CNHS-SYN-2526-0092,SY 2025-2026,Grade 7,Term 1,98.4,89.6,88.8,84.3,87.6,83.8,93.2,99.0,90.59,0,0,0,83.8,8,Araling Panlipunan,Low Risk,No Recommendation,N/A,Independent,Classroom Summative,,,,85.3,In Progress,Progressing,Active,Reviewed
CNHS-SYN-2526-0092,SY 2025-2026,Grade 7,Term 2,95.9,89.4,95.9,89.5,88.1,89.9,93.7,89.7,91.51,0,0,0,88.1,8,Mapeh,Low Risk,No Recommendation,N/A,Independent,Classroom Summative,,,,91.2,In Progress,Progressing,Active,Reviewed
CNHS-SYN-2526-0092,SY 2025-2026,Grade 7,Term 3,87.2,93.9,83.6,88.9,93.7,91.9,93.0,90.4,90.33,0,0,0,83.6,8,Mathematics,Low Risk,No Recommendation,N/A,Independent,Classroom Summative,,,,95.7,N/A,N/A,Active,Reviewed
CNHS-SYN-2526-0093,SY 2025-2026,Grade 8,Term 1,85.7,92.7,91.4,93.3,85.2,85.3,90.8,88.7,89.14,0,0,0,85.2,8,Mapeh,Low Risk,No Recommendation,N/A,Independent,Classroom Summative,,,,93.5,In Progress,Progressing,Active,Reviewed
CNHS-SYN-2526-0093,SY 2025-2026,Grade 8,Term 2,83.6,87.3,94.6,96.2,84.1,87.6,,96.1,89.93,0,0,0,83.6,7,English,Low Risk,No Recommendation,N/A,Independent,Classroom Summative,,,,98.2,In Progress,Progressing,Active,Reviewed
CNHS-SYN-2526-0093,SY 2025-2026,Grade 8,Term 3,89.6,93.9,83.3,88.3,82.3,84.7,92.3,88.7,87.89,0,0,0,82.3,8,Mapeh,Low Risk,No Recommendation,N/A,Independent,Classroom Summative,,,,89.0,N/A,N/A,Active,Reviewed
CNHS-SYN-2526-0094,SY 2025-2026,Grade 9,Term 1,76.6,80.6,78.8,80.8,80.3,78.0,77.1,78.2,78.8,0,0,0,76.6,8,English,Moderate Risk,No Recommendation,N/A,Instructional,Classroom Summative,,,,90.3,In Progress,Progressing,Active,Reviewed
CNHS-SYN-2526-0094,SY 2025-2026,Grade 9,Term 2,77.0,79.7,80.0,85.4,78.0,83.0,84.1,78.9,80.76,0,0,0,77.0,8,English,Moderate Risk,No Recommendation,N/A,Instructional,Classroom Summative,,,,90.7,In Progress,Progressing,Active,Reviewed
CNHS-SYN-2526-0094,SY 2025-2026,Grade 9,Term 3,78.9,83.4,80.2,80.1,74.7,75.3,87.8,78.5,79.86,1,0,1,74.7,8,Mapeh,Moderate Risk,Classroom Remediation,N/A,N/A,Mapeh Diagnostic Assessment,19.6,25.2,32.5,77.3,Improved,Improved,Completed,Approved
CNHS-SYN-2526-0095,SY 2025-2026,Grade 10,Term 1,92.7,98.9,91.7,80.4,89.4,99.0,93.2,86.5,91.48,0,0,0,80.4,8,Science,Low Risk,No Recommendation,N/A,Independent,Classroom Summative,,,,89.0,In Progress,Progressing,Active,Reviewed
CNHS-SYN-2526-0095,SY 2025-2026,Grade 10,Term 2,86.1,90.1,91.7,82.3,85.2,89.8,88.2,91.4,88.1,0,0,0,82.3,8,Science,Low Risk,No Recommendation,N/A,Independent,Classroom Summative,,,,94.9,In Progress,Progressing,Active,Reviewed
CNHS-SYN-2526-0095,SY 2025-2026,Grade 10,Term 3,86.8,98.1,84.5,85.4,91.5,96.4,91.0,92.0,90.71,0,0,0,84.5,8,Mathematics,Low Risk,No Recommendation,N/A,Independent,Classroom Summative,,,,87.9,N/A,N/A,Active,Reviewed
CNHS-SYN-2526-0096,SY 2025-2026,Grade 7,Term 1,61.3,60.0,66.6,61.9,68.3,65.1,72.7,68.4,65.54,8,2,6,60.0,8,Filipino,High Risk,ARAL Program (RA 12028),Basic,Frustration,Phil-IRI BOSY English,12.5,,,64.1,In Progress,Progressing,In Progress,Approved
CNHS-SYN-2526-0096,SY 2025-2026,Grade 7,Term 2,66.4,61.9,60.0,62.9,69.6,60.7,61.6,74.3,64.68,8,2,6,60.0,8,Mathematics,High Risk,ARAL Program (RA 12028),Basic,Frustration,Phil-IRI BOSY English,16.2,19.6,,53.5,In Progress,Progressing,In Progress,Approved
CNHS-SYN-2526-0096,SY 2025-2026,Grade 7,Term 3,68.7,81.1,61.2,62.9,61.1,72.5,76.8,65.2,68.69,6,1,5,61.1,8,Mapeh,High Risk,ARAL Program (RA 12028),Basic,Frustration,Phil-IRI BOSY English,17.0,20.8,25.6,49.6,Retained,Progressing,Retained in Program,Approved
CNHS-SYN-2526-0097,SY 2025-2026,Grade 8,Term 1,60.0,67.0,62.3,69.1,68.7,60.0,60.0,62.5,63.7,8,2,6,60.0,8,English,High Risk,ARAL Program (RA 12028),Basic,Frustration,Phil-IRI BOSY English,21.0,,,67.4,In Progress,Progressing,In Progress,Approved
CNHS-SYN-2526-0097,SY 2025-2026,Grade 8,Term 2,69.8,71.0,68.1,66.0,64.3,62.2,68.4,70.5,67.54,8,2,6,62.2,8,Araling Panlipunan,High Risk,ARAL Program (RA 12028),Basic,Frustration,Phil-IRI BOSY English,20.2,25.4,,60.2,In Progress,Progressing,In Progress,Approved
CNHS-SYN-2526-0097,SY 2025-2026,Grade 8,Term 3,70.8,71.7,62.3,60.0,62.5,69.5,63.0,62.2,65.25,8,2,6,60.0,8,Science,High Risk,ARAL Program (RA 12028),Basic,Frustration,Phil-IRI BOSY English,20.5,25.0,33.8,51.7,Promoted,Improved,Completed / Exited,Approved
CNHS-SYN-2526-0098,SY 2025-2026,Grade 9,Term 1,91.7,89.6,95.1,94.6,99.0,91.0,94.9,95.0,93.86,0,0,0,89.6,8,Filipino,Low Risk,No Recommendation,N/A,Independent,Classroom Summative,,,,95.0,In Progress,Progressing,Active,Reviewed
CNHS-SYN-2526-0098,SY 2025-2026,Grade 9,Term 2,98.9,97.1,93.2,92.3,88.2,90.5,91.2,89.2,92.58,0,0,0,88.2,8,Mapeh,Low Risk,No Recommendation,N/A,Independent,Classroom Summative,,,,96.8,In Progress,Progressing,Active,Reviewed
CNHS-SYN-2526-0098,SY 2025-2026,Grade 9,Term 3,92.2,96.9,90.0,92.5,90.9,96.1,91.0,97.7,93.41,0,0,0,90.0,8,Mathematics,Low Risk,No Recommendation,N/A,Independent,Classroom Summative,,,,89.4,N/A,N/A,Active,Reviewed
CNHS-SYN-2526-0099,SY 2025-2026,Grade 10,Term 1,71.6,68.3,63.3,64.7,67.9,62.6,70.6,67.4,67.05,8,2,6,62.6,8,Araling Panlipunan,High Risk,ARAL Program (RA 12028),Basic,Frustration,Phil-IRI BOSY English,19.1,,,65.3,In Progress,Progressing,In Progress,Approved
CNHS-SYN-2526-0099,SY 2025-2026,Grade 10,Term 2,74.5,66.1,65.3,67.4,60.5,60.0,62.4,62.1,64.79,8,2,6,60.0,8,Araling Panlipunan,High Risk,ARAL Program (RA 12028),Basic,Frustration,Phil-IRI BOSY English,20.0,27.4,,54.9,In Progress,Progressing,In Progress,Approved
CNHS-SYN-2526-0099,SY 2025-2026,Grade 10,Term 3,70.4,76.6,65.2,,65.9,63.2,65.3,66.3,67.56,6,1,5,63.2,7,Araling Panlipunan,High Risk,ARAL Program (RA 12028),Basic,Frustration,Phil-IRI BOSY English,17.0,24.3,31.8,52.2,Promoted,Improved,Completed / Exited,Approved
CNHS-SYN-2526-0100,SY 2025-2026,Grade 7,Term 1,80.9,76.9,80.3,77.1,81.5,80.7,82.7,82.1,80.28,0,0,0,76.9,8,Filipino,Moderate Risk,No Recommendation,N/A,Instructional,Classroom Summative,,,,91.6,In Progress,Progressing,Active,Reviewed
CNHS-SYN-2526-0100,SY 2025-2026,Grade 7,Term 2,78.3,81.6,76.1,76.7,80.0,80.9,75.9,78.9,78.55,0,0,0,75.9,8,Tle,Moderate Risk,No Recommendation,N/A,Instructional,Classroom Summative,,,,83.1,In Progress,Progressing,Active,Reviewed
CNHS-SYN-2526-0100,SY 2025-2026,Grade 7,Term 3,76.5,76.7,78.0,84.9,74.4,75.9,68.8,77.3,76.56,2,0,2,68.8,8,Tle,High Risk,Classroom Remediation,N/A,N/A,Tle Diagnostic Assessment,19.6,25.4,33.3,78.4,Improved,Improved,Completed,Approved
CNHS-SYN-2526-0101,SY 2025-2026,Grade 8,Term 1,85.0,90.1,96.6,99.0,91.8,88.5,86.8,93.7,91.44,0,0,0,85.0,8,English,Low Risk,No Recommendation,N/A,Independent,Classroom Summative,,,,94.2,In Progress,Progressing,Active,Reviewed
CNHS-SYN-2526-0101,SY 2025-2026,Grade 8,Term 2,95.2,93.7,92.8,93.8,92.2,88.4,98.9,90.1,93.14,0,0,0,88.4,8,Araling Panlipunan,Low Risk,No Recommendation,N/A,Independent,Classroom Summative,,,,82.3,In Progress,Progressing,Active,Reviewed
CNHS-SYN-2526-0101,SY 2025-2026,Grade 8,Term 3,97.0,97.8,93.7,93.8,93.8,89.0,93.7,88.3,93.39,0,0,0,88.3,8,Values Education,Low Risk,No Recommendation,N/A,Independent,Classroom Summative,,,,96.5,N/A,N/A,Active,Reviewed
CNHS-SYN-2526-0102,SY 2025-2026,Grade 9,Term 1,68.2,61.3,69.4,72.1,68.8,73.1,67.9,68.3,68.64,8,2,6,61.3,8,Filipino,High Risk,ARAL Program (RA 12028),Basic,Frustration,Phil-IRI BOSY English,18.0,,,65.5,In Progress,Progressing,In Progress,Approved
CNHS-SYN-2526-0102,SY 2025-2026,Grade 9,Term 2,64.2,76.5,63.9,70.3,68.5,82.9,70.2,67.6,70.51,6,1,5,63.9,8,Mathematics,High Risk,ARAL Program (RA 12028),Basic,Frustration,Phil-IRI BOSY English,16.8,22.3,,59.9,In Progress,Progressing,In Progress,Approved
CNHS-SYN-2526-0102,SY 2025-2026,Grade 9,Term 3,64.5,82.7,64.6,66.4,66.9,70.6,74.5,73.3,70.44,7,1,6,64.5,8,English,High Risk,ARAL Program (RA 12028),Basic,Frustration,Phil-IRI BOSY English,16.7,24.5,29.9,46.2,Promoted,Improved,Completed / Exited,Approved
CNHS-SYN-2526-0103,SY 2025-2026,Grade 10,Term 1,89.6,92.0,93.9,90.0,87.8,84.6,83.3,85.5,88.34,0,0,0,83.3,8,Tle,Low Risk,No Recommendation,N/A,Independent,Classroom Summative,,,,93.3,In Progress,Progressing,Active,Reviewed
CNHS-SYN-2526-0103,SY 2025-2026,Grade 10,Term 2,81.6,86.9,94.4,87.9,81.9,97.0,87.4,89.1,88.28,0,0,0,81.6,8,English,Low Risk,No Recommendation,N/A,Independent,Classroom Summative,,,,90.5,In Progress,Progressing,Active,Reviewed
CNHS-SYN-2526-0103,SY 2025-2026,Grade 10,Term 3,87.1,98.5,93.6,90.8,89.9,83.5,92.7,84.2,90.04,0,0,0,83.5,8,Araling Panlipunan,Low Risk,No Recommendation,N/A,Independent,Classroom Summative,,,,85.4,N/A,N/A,Active,Reviewed
CNHS-SYN-2526-0104,SY 2025-2026,Grade 7,Term 1,81.5,87.8,84.5,78.2,79.3,82.8,83.8,77.9,81.97,0,0,0,77.9,8,Values Education,Moderate Risk,No Recommendation,N/A,Instructional,Classroom Summative,,,,93.2,In Progress,Progressing,Active,Reviewed
CNHS-SYN-2526-0104,SY 2025-2026,Grade 7,Term 2,81.5,78.8,78.5,84.8,84.1,81.2,86.1,77.7,81.59,0,0,0,77.7,8,Values Education,Moderate Risk,No Recommendation,N/A,Instructional,Classroom Summative,,,,94.2,In Progress,Progressing,Active,Reviewed
CNHS-SYN-2526-0104,SY 2025-2026,Grade 7,Term 3,92.4,74.6,76.2,80.9,80.9,87.1,76.6,82.9,81.45,1,1,0,74.6,8,Filipino,Moderate Risk,No Recommendation,N/A,Instructional,Classroom Summative,,,,94.8,N/A,N/A,Active,Reviewed
CNHS-SYN-2526-0105,SY 2025-2026,Grade 8,Term 1,67.5,67.6,64.7,70.8,68.4,64.9,64.1,65.3,66.66,8,2,6,64.1,8,Tle,High Risk,ARAL Program (RA 12028),Basic,Frustration,Phil-IRI BOSY English,20.8,,,63.3,In Progress,Progressing,In Progress,Approved
CNHS-SYN-2526-0105,SY 2025-2026,Grade 8,Term 2,77.9,71.1,60.0,65.1,72.2,61.3,72.7,74.3,69.33,7,1,6,60.0,8,Mathematics,High Risk,ARAL Program (RA 12028),Basic,Frustration,Phil-IRI BOSY English,18.6,26.5,,56.3,In Progress,Progressing,In Progress,Approved
CNHS-SYN-2526-0105,SY 2025-2026,Grade 8,Term 3,80.3,73.8,66.4,72.9,67.5,63.2,63.9,69.8,69.72,7,1,6,63.2,8,Araling Panlipunan,High Risk,ARAL Program (RA 12028),Basic,Frustration,Phil-IRI BOSY English,14.0,21.5,25.6,51.7,Retained,Progressing,Retained in Program,Approved
CNHS-SYN-2526-0106,SY 2025-2026,Grade 9,Term 1,66.4,61.3,63.8,72.8,63.2,63.3,65.5,67.7,65.5,8,2,6,61.3,8,Filipino,High Risk,ARAL Program (RA 12028),Basic,Frustration,Phil-IRI BOSY English,15.6,,,66.1,In Progress,Progressing,In Progress,Approved
CNHS-SYN-2526-0106,SY 2025-2026,Grade 9,Term 2,70.7,66.2,64.7,64.3,70.4,63.1,63.6,66.1,66.14,8,2,6,63.1,8,Araling Panlipunan,High Risk,ARAL Program (RA 12028),Basic,Frustration,Phil-IRI BOSY English,13.6,18.5,,49.7,In Progress,Progressing,In Progress,Approved
CNHS-SYN-2526-0106,SY 2025-2026,Grade 9,Term 3,72.3,69.4,65.4,65.8,68.5,63.9,62.2,78.1,68.2,7,2,5,62.2,8,Tle,High Risk,ARAL Program (RA 12028),Basic,Frustration,Phil-IRI BOSY English,15.8,19.7,24.4,48.2,Retained,Progressing,Retained in Program,Approved
CNHS-SYN-2526-0107,SY 2025-2026,Grade 10,Term 1,60.0,72.8,61.4,72.9,70.9,69.1,63.4,67.4,67.24,8,2,6,60.0,8,English,High Risk,ARAL Program (RA 12028),Basic,Frustration,Phil-IRI BOSY English,20.8,,,70.3,In Progress,Progressing,In Progress,Approved
CNHS-SYN-2526-0107,SY 2025-2026,Grade 10,Term 2,69.8,66.3,62.6,60.0,68.4,68.8,66.0,62.2,65.51,8,2,6,60.0,8,Science,High Risk,ARAL Program (RA 12028),Basic,Frustration,Phil-IRI BOSY English,17.8,21.0,,64.2,In Progress,Progressing,In Progress,Approved
CNHS-SYN-2526-0107,SY 2025-2026,Grade 10,Term 3,72.3,80.5,67.5,65.3,64.4,60.0,70.6,68.6,68.65,7,1,6,60.0,8,Araling Panlipunan,High Risk,ARAL Program (RA 12028),Basic,Frustration,Phil-IRI BOSY English,18.5,21.7,28.2,50.0,Promoted,Improved,Completed / Exited,Approved
CNHS-SYN-2526-0108,SY 2025-2026,Grade 7,Term 1,71.3,76.9,75.9,71.6,84.7,78.2,78.8,74.1,76.44,3,1,2,71.3,8,English,High Risk,Classroom Remediation,N/A,N/A,English Diagnostic Assessment,19.3,,,69.9,In Progress,Progressing,In Progress,Approved
CNHS-SYN-2526-0108,SY 2025-2026,Grade 7,Term 2,83.8,78.1,83.0,72.6,73.2,72.3,77.9,77.2,77.26,3,0,3,72.3,8,Araling Panlipunan,High Risk,Classroom Remediation,N/A,N/A,Araling Panlipunan Diagnostic Assessment,20.2,25.6,,75.7,In Progress,Progressing,In Progress,Approved
CNHS-SYN-2526-0108,SY 2025-2026,Grade 7,Term 3,74.6,83.6,77.5,82.0,74.8,77.9,76.7,70.1,77.15,3,1,2,70.1,8,Values Education,High Risk,Classroom Remediation,N/A,N/A,Values Education Diagnostic Assessment,17.0,22.3,27.5,77.2,Needs Further Intervention,Limited Improvement,Needs Further Support,Approved
CNHS-SYN-2526-0109,SY 2025-2026,Grade 8,Term 1,67.1,66.3,67.0,60.0,62.0,60.7,67.7,65.4,64.53,8,2,6,60.0,8,Science,High Risk,ARAL Program (RA 12028),Basic,Frustration,Phil-IRI BOSY English,18.5,,,59.2,In Progress,Progressing,In Progress,Approved
CNHS-SYN-2526-0109,SY 2025-2026,Grade 8,Term 2,69.9,66.7,67.4,63.1,68.0,60.0,60.9,66.1,65.26,8,2,6,60.0,8,Araling Panlipunan,High Risk,ARAL Program (RA 12028),Basic,Frustration,Phil-IRI BOSY English,14.5,21.1,,55.6,In Progress,Progressing,In Progress,Approved
CNHS-SYN-2526-0109,SY 2025-2026,Grade 8,Term 3,69.4,75.1,60.9,63.8,60.0,66.4,67.1,74.6,67.16,7,1,6,60.0,8,Mapeh,High Risk,ARAL Program (RA 12028),Basic,Frustration,Phil-IRI BOSY English,14.7,21.8,26.6,54.8,Promoted,Improved,Completed / Exited,Approved
CNHS-SYN-2526-0110,SY 2025-2026,Grade 9,Term 1,89.1,86.9,85.8,95.0,82.1,86.5,82.3,92.5,87.53,0,0,0,82.1,8,Mapeh,Low Risk,No Recommendation,N/A,Independent,Classroom Summative,,,,89.3,In Progress,Progressing,Active,Reviewed
CNHS-SYN-2526-0110,SY 2025-2026,Grade 9,Term 2,89.0,88.0,85.0,88.4,86.9,86.2,85.2,87.1,86.97,0,0,0,85.0,8,Mathematics,Low Risk,No Recommendation,N/A,Independent,Classroom Summative,,,,92.2,In Progress,Progressing,Active,Reviewed
CNHS-SYN-2526-0110,SY 2025-2026,Grade 9,Term 3,84.4,93.8,82.9,87.0,84.1,92.4,81.7,82.4,86.09,0,0,0,81.7,8,Tle,Low Risk,No Recommendation,N/A,Independent,Classroom Summative,,,,93.3,N/A,N/A,Active,Reviewed
CNHS-SYN-2526-0111,SY 2025-2026,Grade 10,Term 1,81.3,77.4,86.9,77.2,85.6,79.6,88.8,85.4,82.78,0,0,0,77.2,8,Science,Moderate Risk,No Recommendation,N/A,Instructional,Classroom Summative,,,,88.3,In Progress,Progressing,Active,Reviewed
CNHS-SYN-2526-0111,SY 2025-2026,Grade 10,Term 2,85.8,82.3,81.8,87.5,79.4,82.7,86.2,85.6,83.91,0,0,0,79.4,8,Mapeh,Low Risk,No Recommendation,N/A,Independent,Classroom Summative,,,,90.8,In Progress,Progressing,Active,Reviewed
CNHS-SYN-2526-0111,SY 2025-2026,Grade 10,Term 3,76.4,79.1,83.8,81.8,82.7,86.5,77.6,81.4,81.16,0,0,0,76.4,8,English,Moderate Risk,No Recommendation,N/A,Instructional,Classroom Summative,,,,89.2,N/A,N/A,Active,Reviewed
CNHS-SYN-2526-0112,SY 2025-2026,Grade 7,Term 1,60.3,66.3,68.9,66.5,71.4,65.8,73.0,74.4,68.33,8,2,6,60.3,8,English,High Risk,ARAL Program (RA 12028),Basic,Frustration,Phil-IRI BOSY English,16.6,,,65.9,In Progress,Progressing,In Progress,Approved
CNHS-SYN-2526-0112,SY 2025-2026,Grade 7,Term 2,61.6,70.2,71.5,67.5,67.5,71.6,77.3,76.7,70.49,6,2,4,61.6,8,English,High Risk,ARAL Program (RA 12028),Basic,Frustration,Phil-IRI BOSY English,16.1,23.2,,63.3,In Progress,Progressing,In Progress,Approved
CNHS-SYN-2526-0112,SY 2025-2026,Grade 7,Term 3,69.6,76.0,68.0,60.0,70.9,72.8,72.0,69.8,69.89,7,1,6,60.0,8,Science,High Risk,ARAL Program (RA 12028),Basic,Frustration,Phil-IRI BOSY English,22.0,26.7,32.1,55.1,Promoted,Improved,Completed / Exited,Approved
CNHS-SYN-2526-0113,SY 2025-2026,Grade 8,Term 1,91.1,96.0,90.9,94.8,92.2,96.7,90.4,93.4,93.19,0,0,0,90.4,8,Tle,Low Risk,No Recommendation,N/A,Independent,Classroom Summative,,,,98.0,In Progress,Progressing,Active,Reviewed
CNHS-SYN-2526-0113,SY 2025-2026,Grade 8,Term 2,86.1,91.1,95.7,97.7,92.5,90.4,94.6,95.0,92.89,0,0,0,86.1,8,English,Low Risk,No Recommendation,N/A,Independent,Classroom Summative,,,,93.3,In Progress,Progressing,Active,Reviewed
CNHS-SYN-2526-0113,SY 2025-2026,Grade 8,Term 3,97.7,99.0,95.3,91.7,91.3,93.8,91.1,92.3,94.03,0,0,0,91.1,8,Tle,Low Risk,No Recommendation,N/A,Independent,Classroom Summative,,,,97.2,N/A,N/A,Active,Reviewed
CNHS-SYN-2526-0114,SY 2025-2026,Grade 9,Term 1,66.0,65.0,67.7,77.9,60.0,67.2,82.2,73.6,69.95,6,2,4,60.0,8,Mapeh,High Risk,ARAL Program (RA 12028),Basic,Frustration,Phil-IRI BOSY English,13.3,,,73.2,In Progress,Progressing,In Progress,Approved
CNHS-SYN-2526-0114,SY 2025-2026,Grade 9,Term 2,73.2,73.9,65.7,64.2,65.0,67.7,66.5,72.5,68.59,8,2,6,64.2,8,Science,High Risk,ARAL Program (RA 12028),Basic,Frustration,Phil-IRI BOSY English,16.8,24.4,,57.7,In Progress,Progressing,In Progress,Approved
CNHS-SYN-2526-0114,SY 2025-2026,Grade 9,Term 3,80.2,80.7,69.7,67.9,71.0,68.2,71.9,70.3,72.49,6,0,6,67.9,8,Science,High Risk,ARAL Program (RA 12028),Basic,Frustration,Phil-IRI BOSY English,14.1,20.6,27.8,53.6,Promoted,Improved,Completed / Exited,Approved
CNHS-SYN-2526-0115,SY 2025-2026,Grade 10,Term 1,60.0,60.0,63.3,70.3,65.2,78.1,71.6,73.2,67.71,7,2,5,60.0,8,English,High Risk,ARAL Program (RA 12028),Basic,Frustration,Phil-IRI BOSY English,20.7,,,65.4,In Progress,Progressing,In Progress,Approved
CNHS-SYN-2526-0115,SY 2025-2026,Grade 10,Term 2,66.5,68.1,70.1,69.5,71.2,64.3,63.6,74.5,68.47,8,2,6,63.6,8,Tle,High Risk,ARAL Program (RA 12028),Basic,Frustration,Phil-IRI BOSY English,16.4,20.4,,57.2,In Progress,Progressing,In Progress,Approved
CNHS-SYN-2526-0115,SY 2025-2026,Grade 10,Term 3,69.5,72.9,69.2,69.2,69.1,65.0,67.5,69.5,68.99,8,2,6,65.0,8,Araling Panlipunan,High Risk,ARAL Program (RA 12028),Basic,Frustration,Phil-IRI BOSY English,12.2,16.4,22.9,56.9,Retained,Progressing,Retained in Program,Approved
CNHS-SYN-2526-0116,SY 2025-2026,Grade 7,Term 1,81.8,81.2,79.5,77.5,82.9,82.4,78.5,85.2,81.12,0,0,0,77.5,8,Science,Moderate Risk,No Recommendation,N/A,Instructional,Classroom Summative,,,,89.7,In Progress,Progressing,Active,Reviewed
CNHS-SYN-2526-0116,SY 2025-2026,Grade 7,Term 2,86.1,83.0,79.4,81.9,81.3,69.7,77.1,80.5,79.88,1,0,1,69.7,8,Araling Panlipunan,High Risk,Classroom Remediation,N/A,N/A,Araling Panlipunan Diagnostic Assessment,16.7,22.0,,72.7,In Progress,Progressing,In Progress,Approved
CNHS-SYN-2526-0116,SY 2025-2026,Grade 7,Term 3,80.8,78.2,80.3,79.5,89.7,71.8,79.2,80.7,80.03,1,0,1,71.8,8,Araling Panlipunan,Moderate Risk,Classroom Remediation,N/A,N/A,Araling Panlipunan Diagnostic Assessment,23.5,28.9,35.4,76.6,Improved,Improved,Completed,Approved
CNHS-SYN-2526-0117,SY 2025-2026,Grade 8,Term 1,68.2,70.2,61.1,64.3,61.6,72.0,69.5,70.6,67.19,8,2,6,61.1,8,Mathematics,High Risk,ARAL Program (RA 12028),Basic,Frustration,Phil-IRI BOSY English,19.0,,,69.2,In Progress,Progressing,In Progress,Approved
CNHS-SYN-2526-0117,SY 2025-2026,Grade 8,Term 2,68.6,72.1,67.2,75.0,73.4,70.0,64.6,72.8,70.46,7,2,5,64.6,8,Tle,High Risk,ARAL Program (RA 12028),Basic,Frustration,Phil-IRI BOSY English,19.0,24.0,,68.7,In Progress,Progressing,In Progress,Approved
CNHS-SYN-2526-0117,SY 2025-2026,Grade 8,Term 3,74.9,77.0,62.6,63.3,68.3,68.7,67.2,73.5,69.44,7,1,6,62.6,8,Mathematics,High Risk,ARAL Program (RA 12028),Basic,Frustration,Phil-IRI BOSY English,13.8,21.2,28.8,46.3,Promoted,Improved,Completed / Exited,Approved
CNHS-SYN-2526-0118,SY 2025-2026,Grade 9,Term 1,75.7,91.1,86.4,90.7,82.6,87.5,89.5,84.3,85.97,0,0,0,75.7,8,English,Low Risk,No Recommendation,N/A,Independent,Classroom Summative,,,,92.1,In Progress,Progressing,Active,Reviewed
CNHS-SYN-2526-0118,SY 2025-2026,Grade 9,Term 2,90.3,88.1,90.6,84.2,80.8,94.0,83.7,83.8,86.94,0,0,0,80.8,8,Mapeh,Low Risk,No Recommendation,N/A,Independent,Classroom Summative,,,,92.3,In Progress,Progressing,Active,Reviewed
CNHS-SYN-2526-0118,SY 2025-2026,Grade 9,Term 3,86.6,88.1,86.6,86.8,76.7,93.6,85.5,88.4,86.54,0,0,0,76.7,8,Mapeh,Low Risk,No Recommendation,N/A,Independent,Classroom Summative,,,,90.1,N/A,N/A,Active,Reviewed
CNHS-SYN-2526-0119,SY 2025-2026,Grade 10,Term 1,79.9,80.7,82.4,88.0,75.3,77.6,75.1,78.5,79.69,0,0,0,75.1,8,Tle,Moderate Risk,No Recommendation,N/A,Instructional,Classroom Summative,,,,85.5,In Progress,Progressing,Active,Reviewed
CNHS-SYN-2526-0119,SY 2025-2026,Grade 10,Term 2,79.5,74.4,79.3,87.7,84.5,83.6,78.9,76.7,80.58,1,1,0,74.4,8,Filipino,Moderate Risk,No Recommendation,N/A,Instructional,Classroom Summative,,,,91.8,In Progress,Progressing,Active,Reviewed
CNHS-SYN-2526-0119,SY 2025-2026,Grade 10,Term 3,85.9,86.1,85.9,79.9,83.0,81.6,82.1,91.0,84.44,0,0,0,79.9,8,Science,Low Risk,No Recommendation,N/A,Independent,Classroom Summative,,,,91.1,N/A,N/A,Active,Reviewed
CNHS-SYN-2526-0120,SY 2025-2026,Grade 7,Term 1,76.2,70.7,79.8,79.3,78.7,73.2,77.0,73.1,76.0,3,1,2,70.7,8,Filipino,High Risk,Classroom Remediation,N/A,N/A,Filipino Diagnostic Assessment,15.0,,,78.9,In Progress,Progressing,In Progress,Approved
CNHS-SYN-2526-0120,SY 2025-2026,Grade 7,Term 2,71.7,72.3,73.3,74.9,80.4,79.0,78.8,72.3,75.34,5,2,3,71.7,8,English,High Risk,Classroom Remediation,N/A,N/A,English Diagnostic Assessment,21.7,26.2,,80.2,In Progress,Progressing,In Progress,Approved
CNHS-SYN-2526-0120,SY 2025-2026,Grade 7,Term 3,75.7,78.0,83.8,76.0,81.4,78.9,70.8,72.3,77.11,2,0,2,70.8,8,Tle,High Risk,Classroom Remediation,N/A,N/A,Tle Diagnostic Assessment,16.9,22.4,28.3,84.3,Improved,Improved,Completed,Approved
CNHS-SYN-2526-0121,SY 2025-2026,Grade 8,Term 1,83.0,83.6,91.5,87.3,85.5,78.5,80.3,82.0,83.96,0,0,0,78.5,8,Araling Panlipunan,Low Risk,No Recommendation,N/A,Independent,Classroom Summative,,,,94.0,In Progress,Progressing,Active,Reviewed
CNHS-SYN-2526-0121,SY 2025-2026,Grade 8,Term 2,84.3,78.5,87.8,82.8,75.4,82.2,83.5,86.2,82.59,0,0,0,75.4,8,Mapeh,Moderate Risk,No Recommendation,N/A,Instructional,Classroom Summative,,,,95.3,In Progress,Progressing,Active,Reviewed
CNHS-SYN-2526-0121,SY 2025-2026,Grade 8,Term 3,83.6,77.6,77.4,86.8,87.1,83.6,88.3,86.6,83.88,0,0,0,77.4,8,Mathematics,Low Risk,No Recommendation,N/A,Independent,Classroom Summative,,,,88.4,N/A,N/A,Active,Reviewed
CNHS-SYN-2526-0122,SY 2025-2026,Grade 9,Term 1,68.8,61.1,72.6,67.5,72.8,69.3,70.3,68.3,68.84,8,2,6,61.1,8,Filipino,High Risk,ARAL Program (RA 12028),Basic,Frustration,Phil-IRI BOSY English,18.2,,,65.7,In Progress,Progressing,In Progress,Approved
CNHS-SYN-2526-0122,SY 2025-2026,Grade 9,Term 2,75.4,69.3,62.5,75.8,79.6,71.7,62.9,73.8,71.38,5,1,4,62.5,8,Mathematics,High Risk,ARAL Program (RA 12028),Basic,Frustration,Phil-IRI BOSY English,17.8,22.9,,58.2,In Progress,Progressing,In Progress,Approved
CNHS-SYN-2526-0122,SY 2025-2026,Grade 9,Term 3,76.7,78.7,68.4,72.7,70.6,65.7,75.3,60.4,71.06,5,0,5,60.4,8,Values Education,High Risk,ARAL Program (RA 12028),Basic,Frustration,Phil-IRI BOSY English,18.9,25.1,33.2,58.5,Promoted,Improved,Completed / Exited,Approved
CNHS-SYN-2526-0123,SY 2025-2026,Grade 10,Term 1,83.0,69.7,79.1,78.9,78.5,75.4,80.7,71.1,77.05,2,1,1,69.7,8,Filipino,High Risk,Classroom Remediation,N/A,N/A,Filipino Diagnostic Assessment,23.4,,,83.4,In Progress,Progressing,In Progress,Approved
CNHS-SYN-2526-0123,SY 2025-2026,Grade 10,Term 2,74.1,78.5,77.6,73.8,76.3,76.2,74.6,79.1,76.28,3,1,2,73.8,8,Science,High Risk,Classroom Remediation,N/A,N/A,Science Diagnostic Assessment,18.4,23.0,,73.9,In Progress,Progressing,In Progress,Approved
CNHS-SYN-2526-0123,SY 2025-2026,Grade 10,Term 3,76.6,78.5,72.3,71.7,84.1,78.8,75.7,73.6,76.41,3,0,3,71.7,8,Science,High Risk,Classroom Remediation,N/A,N/A,Science Diagnostic Assessment,20.2,25.9,31.2,83.5,Improved,Improved,Completed,Approved
CNHS-SYN-2526-0124,SY 2025-2026,Grade 7,Term 1,69.7,69.5,73.0,64.0,76.2,74.8,76.5,71.3,71.88,6,2,4,64.0,8,Science,High Risk,ARAL Program (RA 12028),Basic,Frustration,Phil-IRI BOSY English,17.9,,,59.2,In Progress,Progressing,In Progress,Approved
CNHS-SYN-2526-0124,SY 2025-2026,Grade 7,Term 2,69.1,72.1,62.5,63.0,77.0,75.1,67.3,71.5,69.7,6,2,4,62.5,8,Mathematics,High Risk,ARAL Program (RA 12028),Basic,Frustration,Phil-IRI BOSY English,12.5,16.4,,57.1,In Progress,Progressing,In Progress,Approved
CNHS-SYN-2526-0124,SY 2025-2026,Grade 7,Term 3,79.8,79.7,70.0,71.7,67.3,74.7,67.6,70.6,72.67,6,0,6,67.3,8,Mapeh,High Risk,ARAL Program (RA 12028),Basic,Frustration,Phil-IRI BOSY English,20.9,26.8,33.8,49.5,Promoted,Improved,Completed / Exited,Approved
CNHS-SYN-2526-0125,SY 2025-2026,Grade 8,Term 1,67.5,73.6,70.1,71.7,70.4,73.5,67.3,66.1,70.02,8,2,6,66.1,8,Values Education,High Risk,ARAL Program (RA 12028),Basic,Frustration,Phil-IRI BOSY English,12.2,,,71.0,In Progress,Progressing,In Progress,Approved
CNHS-SYN-2526-0125,SY 2025-2026,Grade 8,Term 2,69.3,69.3,71.2,72.0,64.7,70.1,72.1,69.1,69.72,8,2,6,64.7,8,Mapeh,High Risk,ARAL Program (RA 12028),Basic,Frustration,Phil-IRI BOSY English,13.0,18.8,,56.5,In Progress,Progressing,In Progress,Approved
CNHS-SYN-2526-0125,SY 2025-2026,Grade 8,Term 3,84.2,74.1,66.7,73.6,68.6,69.0,72.5,69.3,72.25,7,1,6,66.7,8,Mathematics,High Risk,ARAL Program (RA 12028),Basic,Frustration,Phil-IRI BOSY English,18.3,22.2,26.7,55.8,Promoted,Improved,Completed / Exited,Approved
CNHS-SYN-2526-0126,SY 2025-2026,Grade 9,Term 1,75.7,69.3,74.1,75.8,74.1,82.0,78.0,81.6,76.32,3,1,2,69.3,8,Filipino,High Risk,Classroom Remediation,N/A,N/A,Filipino Diagnostic Assessment,16.6,,,78.1,In Progress,Progressing,In Progress,Approved
CNHS-SYN-2526-0126,SY 2025-2026,Grade 9,Term 2,69.5,72.8,74.1,77.8,78.0,73.8,78.0,75.4,74.93,4,2,2,69.5,8,English,High Risk,Classroom Remediation,N/A,N/A,English Diagnostic Assessment,14.5,19.5,,78.6,In Progress,Progressing,In Progress,Approved
CNHS-SYN-2526-0126,SY 2025-2026,Grade 9,Term 3,81.3,71.9,75.4,70.9,82.6,75.8,76.3,81.5,76.96,2,1,1,70.9,8,Science,High Risk,Classroom Remediation,N/A,N/A,Science Diagnostic Assessment,15.8,22.0,29.8,74.9,Improved,Improved,Completed,Approved
CNHS-SYN-2526-0127,SY 2025-2026,Grade 10,Term 1,89.7,85.4,85.9,80.8,84.0,92.5,97.3,91.3,88.36,0,0,0,80.8,8,Science,Low Risk,No Recommendation,N/A,Independent,Classroom Summative,,,,90.3,In Progress,Progressing,Active,Reviewed
CNHS-SYN-2526-0127,SY 2025-2026,Grade 10,Term 2,85.2,97.2,,96.9,94.0,81.4,85.7,85.7,89.44,0,0,0,81.4,7,Araling Panlipunan,Low Risk,No Recommendation,N/A,Independent,Classroom Summative,,,,100.0,In Progress,Progressing,Active,Reviewed
CNHS-SYN-2526-0127,SY 2025-2026,Grade 10,Term 3,84.7,89.9,91.2,88.4,88.8,84.2,88.8,90.5,88.31,0,0,0,84.2,8,Araling Panlipunan,Low Risk,No Recommendation,N/A,Independent,Classroom Summative,,,,94.3,N/A,N/A,Active,Reviewed
CNHS-SYN-2526-0128,SY 2025-2026,Grade 7,Term 1,60.1,61.6,65.3,62.9,61.0,60.0,60.0,63.8,61.84,8,2,6,60.0,8,Araling Panlipunan,High Risk,ARAL Program (RA 12028),Basic,Frustration,Phil-IRI BOSY English,14.5,,,67.3,In Progress,Progressing,In Progress,Approved
CNHS-SYN-2526-0128,SY 2025-2026,Grade 7,Term 2,70.8,64.7,61.4,61.6,69.6,68.3,67.2,68.5,66.51,8,2,6,61.4,8,Mathematics,High Risk,ARAL Program (RA 12028),Basic,Frustration,Phil-IRI BOSY English,19.5,25.8,,62.1,In Progress,Progressing,In Progress,Approved
CNHS-SYN-2526-0128,SY 2025-2026,Grade 7,Term 3,73.3,76.3,67.8,60.0,62.6,73.0,62.3,63.8,67.39,7,1,6,60.0,8,Science,High Risk,ARAL Program (RA 12028),Basic,Frustration,Phil-IRI BOSY English,13.4,20.9,29.3,57.1,Promoted,Improved,Completed / Exited,Approved
CNHS-SYN-2526-0129,SY 2025-2026,Grade 8,Term 1,82.3,94.7,84.8,82.6,77.8,80.9,87.0,88.1,84.77,0,0,0,77.8,8,Mapeh,Low Risk,No Recommendation,N/A,Independent,Classroom Summative,,,,95.1,In Progress,Progressing,Active,Reviewed
CNHS-SYN-2526-0129,SY 2025-2026,Grade 8,Term 2,76.7,83.7,75.6,75.3,82.2,83.4,84.9,83.3,80.64,0,0,0,75.3,8,Science,Moderate Risk,No Recommendation,N/A,Instructional,Classroom Summative,,,,88.1,In Progress,Progressing,Active,Reviewed
CNHS-SYN-2526-0129,SY 2025-2026,Grade 8,Term 3,81.3,75.7,72.5,84.2,78.3,84.8,85.7,78.8,80.16,1,0,1,72.5,8,Mathematics,Moderate Risk,Classroom Remediation,N/A,N/A,Mathematics Diagnostic Assessment,20.8,25.4,30.9,75.6,Improved,Improved,Completed,Approved
CNHS-SYN-2526-0130,SY 2025-2026,Grade 9,Term 1,75.9,83.5,80.9,82.4,77.1,77.8,84.5,87.9,81.25,0,0,0,75.9,8,English,Moderate Risk,No Recommendation,N/A,Instructional,Classroom Summative,,,,88.4,In Progress,Progressing,Active,Reviewed
CNHS-SYN-2526-0130,SY 2025-2026,Grade 9,Term 2,81.3,89.6,80.2,86.7,77.9,80.7,83.3,82.4,82.76,0,0,0,77.9,8,Mapeh,Moderate Risk,No Recommendation,N/A,Instructional,Classroom Summative,,,,88.8,In Progress,Progressing,Active,Reviewed
CNHS-SYN-2526-0130,SY 2025-2026,Grade 9,Term 3,83.9,84.7,85.8,88.1,81.4,79.6,86.2,83.7,84.17,0,0,0,79.6,8,Araling Panlipunan,Low Risk,No Recommendation,N/A,Independent,Classroom Summative,,,,87.9,N/A,N/A,Active,Reviewed
CNHS-SYN-2526-0131,SY 2025-2026,Grade 10,Term 1,89.8,92.1,81.1,87.4,89.2,,83.8,83.0,86.63,0,0,0,81.1,7,Mathematics,Low Risk,No Recommendation,N/A,Independent,Classroom Summative,,,,98.5,In Progress,Progressing,Active,Reviewed
CNHS-SYN-2526-0131,SY 2025-2026,Grade 10,Term 2,94.9,83.5,90.9,88.6,88.0,88.0,87.6,93.2,89.34,0,0,0,83.5,8,Filipino,Low Risk,No Recommendation,N/A,Independent,Classroom Summative,,,,87.8,In Progress,Progressing,Active,Reviewed
CNHS-SYN-2526-0131,SY 2025-2026,Grade 10,Term 3,90.0,90.4,90.1,90.9,87.2,87.2,86.9,78.3,87.62,0,0,0,78.3,8,Values Education,Low Risk,No Recommendation,N/A,Independent,Classroom Summative,,,,89.3,N/A,N/A,Active,Reviewed
CNHS-SYN-2526-0132,SY 2025-2026,Grade 7,Term 1,86.7,90.1,91.2,83.6,86.9,90.3,79.1,86.6,86.81,0,0,0,79.1,8,Tle,Low Risk,No Recommendation,N/A,Independent,Classroom Summative,,,,91.5,In Progress,Progressing,Active,Reviewed
CNHS-SYN-2526-0132,SY 2025-2026,Grade 7,Term 2,86.9,89.5,94.9,85.6,88.0,94.8,84.7,94.1,89.81,0,0,0,84.7,8,Tle,Low Risk,No Recommendation,N/A,Independent,Classroom Summative,,,,99.1,In Progress,Progressing,Active,Reviewed
CNHS-SYN-2526-0132,SY 2025-2026,Grade 7,Term 3,91.9,90.1,87.0,84.4,87.2,90.5,86.8,85.6,87.94,0,0,0,84.4,8,Science,Low Risk,No Recommendation,N/A,Independent,Classroom Summative,,,,96.0,N/A,N/A,Active,Reviewed
CNHS-SYN-2526-0133,SY 2025-2026,Grade 8,Term 1,81.5,80.0,70.5,74.8,72.1,74.7,82.2,70.1,75.74,5,0,5,70.1,8,Values Education,High Risk,Classroom Remediation,N/A,N/A,Values Education Diagnostic Assessment,18.3,,,81.1,In Progress,Progressing,In Progress,Approved
CNHS-SYN-2526-0133,SY 2025-2026,Grade 8,Term 2,77.2,80.1,68.4,80.6,74.6,78.7,70.5,75.8,75.74,3,0,3,68.4,8,Mathematics,High Risk,Classroom Remediation,N/A,N/A,Mathematics Diagnostic Assessment,20.1,25.2,,72.6,In Progress,Progressing,In Progress,Approved
CNHS-SYN-2526-0133,SY 2025-2026,Grade 8,Term 3,77.4,78.5,80.6,73.7,79.5,81.3,69.2,78.3,77.31,2,0,2,69.2,8,Tle,High Risk,Classroom Remediation,N/A,N/A,Tle Diagnostic Assessment,16.9,21.1,26.5,72.0,Needs Further Intervention,Limited Improvement,Needs Further Support,Approved
CNHS-SYN-2526-0134,SY 2025-2026,Grade 9,Term 1,78.2,81.3,85.4,91.2,76.0,83.3,77.7,86.1,82.4,0,0,0,76.0,8,Mapeh,Moderate Risk,No Recommendation,N/A,Instructional,Classroom Summative,,,,89.3,In Progress,Progressing,Active,Reviewed
CNHS-SYN-2526-0134,SY 2025-2026,Grade 9,Term 2,78.6,80.6,82.7,84.0,82.0,76.7,84.9,81.8,81.41,0,0,0,76.7,8,Araling Panlipunan,Moderate Risk,No Recommendation,N/A,Instructional,Classroom Summative,,,,89.2,In Progress,Progressing,Active,Reviewed
CNHS-SYN-2526-0134,SY 2025-2026,Grade 9,Term 3,74.5,80.8,86.5,82.7,81.2,78.6,89.1,77.9,81.41,1,1,0,74.5,8,English,Moderate Risk,No Recommendation,N/A,Instructional,Classroom Summative,,,,94.3,N/A,N/A,Active,Reviewed
CNHS-SYN-2526-0135,SY 2025-2026,Grade 10,Term 1,81.4,78.5,76.1,79.3,76.0,81.9,83.1,85.8,80.26,0,0,0,76.0,8,Mapeh,Moderate Risk,No Recommendation,N/A,Instructional,Classroom Summative,,,,95.7,In Progress,Progressing,Active,Reviewed
CNHS-SYN-2526-0135,SY 2025-2026,Grade 10,Term 2,78.0,77.3,82.3,78.4,81.0,75.7,76.4,82.5,78.95,0,0,0,75.7,8,Araling Panlipunan,Moderate Risk,No Recommendation,N/A,Instructional,Classroom Summative,,,,88.1,In Progress,Progressing,Active,Reviewed
CNHS-SYN-2526-0135,SY 2025-2026,Grade 10,Term 3,81.9,77.1,80.5,85.6,83.1,83.1,87.5,77.1,81.99,0,0,0,77.1,8,Filipino,Moderate Risk,No Recommendation,N/A,Instructional,Classroom Summative,,,,89.1,N/A,N/A,Active,Reviewed
CNHS-SYN-2526-0136,SY 2025-2026,Grade 7,Term 1,81.1,79.4,77.5,82.3,82.8,76.8,77.9,71.0,78.6,1,0,1,71.0,8,Values Education,Moderate Risk,Classroom Remediation,N/A,N/A,Values Education Diagnostic Assessment,20.7,,,75.4,In Progress,Progressing,In Progress,Approved
CNHS-SYN-2526-0136,SY 2025-2026,Grade 7,Term 2,73.0,78.6,81.6,81.5,80.0,73.8,77.4,78.3,78.03,2,1,1,73.0,8,English,High Risk,Classroom Remediation,N/A,N/A,English Diagnostic Assessment,22.8,28.1,,73.1,In Progress,Progressing,In Progress,Approved
CNHS-SYN-2526-0136,SY 2025-2026,Grade 7,Term 3,80.7,80.5,76.7,83.3,79.3,74.3,81.7,80.8,79.66,1,0,1,74.3,8,Araling Panlipunan,Moderate Risk,Classroom Remediation,N/A,N/A,Araling Panlipunan Diagnostic Assessment,15.3,19.9,26.7,77.8,Needs Further Intervention,Limited Improvement,Needs Further Support,Approved
CNHS-SYN-2526-0137,SY 2025-2026,Grade 8,Term 1,84.6,95.7,87.9,91.4,92.4,93.3,86.1,90.7,90.26,0,0,0,84.6,8,English,Low Risk,No Recommendation,N/A,Independent,Classroom Summative,,,,98.9,In Progress,Progressing,Active,Reviewed
CNHS-SYN-2526-0137,SY 2025-2026,Grade 8,Term 2,97.4,94.8,88.7,93.8,90.3,93.2,88.4,90.2,92.1,0,0,0,88.4,8,Tle,Low Risk,No Recommendation,N/A,Independent,Classroom Summative,,,,93.0,In Progress,Progressing,Active,Reviewed
CNHS-SYN-2526-0137,SY 2025-2026,Grade 8,Term 3,95.4,91.1,87.4,97.4,99.0,92.7,85.6,87.8,92.05,0,0,0,85.6,8,Tle,Low Risk,No Recommendation,N/A,Independent,Classroom Summative,,,,97.4,N/A,N/A,Active,Reviewed
CNHS-SYN-2526-0138,SY 2025-2026,Grade 9,Term 1,66.8,61.9,71.3,75.3,70.5,72.4,68.9,67.4,69.31,7,2,5,61.9,8,Filipino,High Risk,ARAL Program (RA 12028),Plus,Instructional,Phil-IRI BOSY English,19.8,,,61.6,In Progress,Progressing,In Progress,Approved
CNHS-SYN-2526-0138,SY 2025-2026,Grade 9,Term 2,72.7,70.2,68.0,66.9,71.1,71.5,74.6,72.4,70.93,8,2,6,66.9,8,Science,High Risk,ARAL Program (RA 12028),Plus,Instructional,Phil-IRI BOSY English,20.5,27.9,,61.7,In Progress,Progressing,In Progress,Approved
CNHS-SYN-2526-0138,SY 2025-2026,Grade 9,Term 3,81.5,86.2,70.3,70.5,65.8,70.0,71.2,71.7,73.4,6,0,6,65.8,8,Mapeh,High Risk,ARAL Program (RA 12028),Plus,Instructional,Phil-IRI BOSY English,18.6,22.5,31.3,60.2,Promoted,Improved,Completed / Exited,Approved
CNHS-SYN-2526-0139,SY 2025-2026,Grade 10,Term 1,86.6,88.4,97.8,86.1,88.0,78.6,83.4,90.2,87.39,0,0,0,78.6,8,Araling Panlipunan,Low Risk,No Recommendation,N/A,Independent,Classroom Summative,,,,75.0,In Progress,Progressing,Active,Reviewed
CNHS-SYN-2526-0139,SY 2025-2026,Grade 10,Term 2,89.2,94.2,79.6,91.4,74.2,89.1,85.3,75.9,84.86,1,0,1,74.2,8,Mapeh,Moderate Risk,Classroom Remediation,N/A,N/A,Mapeh Diagnostic Assessment,16.2,20.3,,75.9,In Progress,Progressing,In Progress,Approved
CNHS-SYN-2526-0139,SY 2025-2026,Grade 10,Term 3,79.0,89.2,94.6,89.8,77.4,79.3,81.9,79.0,83.78,0,0,0,77.4,8,Mapeh,Low Risk,No Recommendation,N/A,Independent,Classroom Summative,,,,93.6,N/A,N/A,Active,Reviewed
CNHS-SYN-2526-0140,SY 2025-2026,Grade 7,Term 1,90.9,83.8,89.9,89.2,89.8,90.7,90.1,88.1,89.06,0,0,0,83.8,8,Filipino,Low Risk,No Recommendation,N/A,Independent,Classroom Summative,,,,96.0,In Progress,Progressing,Active,Reviewed
CNHS-SYN-2526-0140,SY 2025-2026,Grade 7,Term 2,91.2,92.9,90.5,86.6,91.3,86.9,90.7,89.3,89.93,0,0,0,86.6,8,Science,Low Risk,No Recommendation,N/A,Independent,Classroom Summative,,,,90.7,In Progress,Progressing,Active,Reviewed
CNHS-SYN-2526-0140,SY 2025-2026,Grade 7,Term 3,89.6,85.0,92.8,90.1,92.6,87.0,96.7,87.6,90.17,0,0,0,85.0,8,Filipino,Low Risk,No Recommendation,N/A,Independent,Classroom Summative,,,,88.0,N/A,N/A,Active,Reviewed
CNHS-SYN-2526-0141,SY 2025-2026,Grade 8,Term 1,71.9,82.7,73.9,75.3,82.1,79.0,85.2,77.4,78.44,2,1,1,71.9,8,English,High Risk,Classroom Remediation,N/A,N/A,English Diagnostic Assessment,15.0,,,83.7,In Progress,Progressing,In Progress,Approved
CNHS-SYN-2526-0141,SY 2025-2026,Grade 8,Term 2,77.9,75.6,71.3,77.3,80.4,78.1,77.1,73.2,76.36,2,0,2,71.3,8,Mathematics,High Risk,Classroom Remediation,N/A,N/A,Mathematics Diagnostic Assessment,15.0,21.4,,70.5,In Progress,Progressing,In Progress,Approved
CNHS-SYN-2526-0141,SY 2025-2026,Grade 8,Term 3,74.5,75.5,73.4,80.5,78.3,77.0,79.6,76.5,76.91,2,1,1,73.4,8,Mathematics,High Risk,Classroom Remediation,N/A,N/A,Mathematics Diagnostic Assessment,14.3,20.2,27.1,75.3,Needs Further Intervention,Limited Improvement,Needs Further Support,Approved
CNHS-SYN-2526-0142,SY 2025-2026,Grade 9,Term 1,74.9,69.6,67.0,64.0,73.2,74.1,64.3,76.0,70.39,7,2,5,64.0,8,Science,High Risk,ARAL Program (RA 12028),Plus,Instructional,Phil-IRI BOSY English,24.4,,,67.9,In Progress,Progressing,In Progress,Approved
CNHS-SYN-2526-0142,SY 2025-2026,Grade 9,Term 2,80.3,67.6,67.9,73.0,72.7,75.9,76.0,67.9,72.66,5,1,4,67.6,8,Filipino,High Risk,ARAL Program (RA 12028),Plus,Instructional,Phil-IRI BOSY English,25.6,28.7,,45.1,In Progress,Progressing,In Progress,Approved
CNHS-SYN-2526-0142,SY 2025-2026,Grade 9,Term 3,90.8,80.9,67.0,72.0,69.5,78.0,71.0,72.0,75.15,5,0,5,67.0,8,Mathematics,High Risk,ARAL Program (RA 12028),Plus,Instructional,Phil-IRI BOSY English,20.6,24.3,33.1,65.6,Promoted,Improved,Completed / Exited,Approved
CNHS-SYN-2526-0143,SY 2025-2026,Grade 10,Term 1,73.6,74.9,71.0,72.4,75.1,77.0,84.3,79.3,75.95,4,2,2,71.0,8,Mathematics,High Risk,Classroom Remediation,N/A,N/A,Mathematics Diagnostic Assessment,15.7,,,78.1,In Progress,Progressing,In Progress,Approved
CNHS-SYN-2526-0143,SY 2025-2026,Grade 10,Term 2,74.2,80.5,73.2,78.7,86.3,78.0,74.1,78.8,77.97,3,1,2,73.2,8,Mathematics,High Risk,Classroom Remediation,N/A,N/A,Mathematics Diagnostic Assessment,22.4,28.5,,76.4,In Progress,Progressing,In Progress,Approved
CNHS-SYN-2526-0143,SY 2025-2026,Grade 10,Term 3,74.5,72.1,76.6,74.9,73.1,84.7,79.0,79.5,76.8,4,2,2,72.1,8,Filipino,High Risk,Classroom Remediation,N/A,N/A,Filipino Diagnostic Assessment,18.6,22.7,28.4,76.7,Improved,Improved,Completed,Approved
CNHS-SYN-2526-0144,SY 2025-2026,Grade 7,Term 1,76.2,74.8,67.3,77.6,79.5,85.7,74.0,73.4,76.06,4,1,3,67.3,8,Mathematics,High Risk,Classroom Remediation,N/A,N/A,Mathematics Diagnostic Assessment,22.0,,,77.1,In Progress,Progressing,In Progress,Approved
CNHS-SYN-2526-0144,SY 2025-2026,Grade 7,Term 2,67.7,79.3,71.8,75.5,69.9,73.3,74.5,75.6,73.45,5,1,4,67.7,8,English,High Risk,Classroom Remediation,N/A,N/A,English Diagnostic Assessment,22.3,27.3,,85.2,In Progress,Progressing,In Progress,Approved
CNHS-SYN-2526-0144,SY 2025-2026,Grade 7,Term 3,77.9,75.5,78.9,79.9,78.2,69.8,72.2,74.5,75.86,3,0,3,69.8,8,Araling Panlipunan,High Risk,Classroom Remediation,N/A,N/A,Araling Panlipunan Diagnostic Assessment,17.8,23.5,30.8,84.0,Improved,Improved,Completed,Approved
CNHS-SYN-2526-0145,SY 2025-2026,Grade 8,Term 1,91.4,87.0,84.2,87.9,94.4,90.9,97.2,89.8,90.35,0,0,0,84.2,8,Mathematics,Low Risk,No Recommendation,N/A,Independent,Classroom Summative,,,,92.7,In Progress,Progressing,Active,Reviewed
CNHS-SYN-2526-0145,SY 2025-2026,Grade 8,Term 2,89.5,84.3,95.2,87.1,86.5,94.2,93.7,93.6,90.51,0,0,0,84.3,8,Filipino,Low Risk,No Recommendation,N/A,Independent,Classroom Summative,,,,91.8,In Progress,Progressing,Active,Reviewed
CNHS-SYN-2526-0145,SY 2025-2026,Grade 8,Term 3,89.2,92.6,97.0,90.6,97.0,92.7,88.2,92.4,92.46,0,0,0,88.2,8,Tle,Low Risk,No Recommendation,N/A,Independent,Classroom Summative,,,,100.0,N/A,N/A,Active,Reviewed
CNHS-SYN-2526-0146,SY 2025-2026,Grade 9,Term 1,99.0,97.4,95.6,93.1,91.6,92.2,93.4,99.0,95.16,0,0,0,91.6,8,Mapeh,Low Risk,No Recommendation,N/A,Independent,Classroom Summative,,,,92.2,In Progress,Progressing,Active,Reviewed
CNHS-SYN-2526-0146,SY 2025-2026,Grade 9,Term 2,92.2,98.5,99.0,99.0,93.7,95.2,92.3,95.0,95.61,0,0,0,92.2,8,English,Low Risk,No Recommendation,N/A,Independent,Classroom Summative,,,,92.2,In Progress,Progressing,Active,Reviewed
CNHS-SYN-2526-0146,SY 2025-2026,Grade 9,Term 3,96.2,97.4,92.6,91.9,99.0,99.0,88.1,87.9,94.01,0,0,0,87.9,8,Values Education,Low Risk,No Recommendation,N/A,Independent,Classroom Summative,,,,91.6,N/A,N/A,Active,Reviewed
CNHS-SYN-2526-0147,SY 2025-2026,Grade 10,Term 1,82.7,84.5,85.9,79.1,80.8,81.0,88.5,86.4,83.61,0,0,0,79.1,8,Science,Low Risk,No Recommendation,N/A,Independent,Classroom Summative,,,,84.6,In Progress,Progressing,Active,Reviewed
CNHS-SYN-2526-0147,SY 2025-2026,Grade 10,Term 2,79.6,88.1,74.9,90.4,78.2,88.8,81.9,89.6,83.94,1,0,1,74.9,8,Mathematics,Moderate Risk,Classroom Remediation,N/A,N/A,Mathematics Diagnostic Assessment,20.1,27.0,,74.9,In Progress,Progressing,In Progress,Approved
CNHS-SYN-2526-0147,SY 2025-2026,Grade 10,Term 3,87.2,84.7,86.5,81.8,88.6,79.7,90.4,83.8,85.34,0,0,0,79.7,8,Araling Panlipunan,Low Risk,No Recommendation,N/A,Independent,Classroom Summative,,,,98.4,N/A,N/A,Active,Reviewed
CNHS-SYN-2526-0148,SY 2025-2026,Grade 7,Term 1,64.6,,70.2,69.1,68.0,66.5,67.1,72.5,68.29,7,1,6,64.6,7,English,High Risk,ARAL Program (RA 12028),Plus,Instructional,Phil-IRI BOSY English,21.3,,,62.8,In Progress,Progressing,In Progress,Approved
CNHS-SYN-2526-0148,SY 2025-2026,Grade 7,Term 2,75.8,70.5,60.0,69.6,66.7,65.4,68.0,65.3,67.66,7,1,6,60.0,8,Mathematics,High Risk,ARAL Program (RA 12028),Plus,Instructional,Phil-IRI BOSY English,26.6,30.6,,56.1,In Progress,Progressing,In Progress,Approved
CNHS-SYN-2526-0148,SY 2025-2026,Grade 7,Term 3,68.1,83.8,60.0,68.2,67.1,70.8,69.7,60.0,68.46,7,1,6,60.0,8,Mathematics,High Risk,ARAL Program (RA 12028),Plus,Instructional,Phil-IRI BOSY English,24.5,29.3,34.7,55.0,Promoted,Improved,Completed / Exited,Approved
CNHS-SYN-2526-0149,SY 2025-2026,Grade 8,Term 1,60.2,60.0,68.7,62.0,72.3,67.4,67.7,61.2,64.94,8,2,6,60.0,8,Filipino,High Risk,ARAL Program (RA 12028),Plus,Instructional,Phil-IRI BOSY English,21.1,,,67.8,In Progress,Progressing,In Progress,Approved
CNHS-SYN-2526-0149,SY 2025-2026,Grade 8,Term 2,69.6,74.6,66.0,74.5,73.8,69.6,66.9,65.5,70.06,8,2,6,65.5,8,Values Education,High Risk,ARAL Program (RA 12028),Plus,Instructional,Phil-IRI BOSY English,23.9,27.9,,70.0,In Progress,Progressing,In Progress,Approved
CNHS-SYN-2526-0149,SY 2025-2026,Grade 8,Term 3,75.8,72.2,64.3,71.6,65.9,71.4,67.4,65.1,69.21,7,1,6,64.3,8,Mathematics,High Risk,ARAL Program (RA 12028),Plus,Instructional,Phil-IRI BOSY English,22.1,30.0,36.5,56.1,Promoted,Improved,Completed / Exited,Approved
CNHS-SYN-2526-0150,SY 2025-2026,Grade 9,Term 1,64.9,63.5,68.2,72.1,76.7,71.5,72.7,73.0,70.33,7,2,5,63.5,8,Filipino,High Risk,ARAL Program (RA 12028),Plus,Instructional,Phil-IRI BOSY English,21.9,,,69.0,In Progress,Progressing,In Progress,Approved
CNHS-SYN-2526-0150,SY 2025-2026,Grade 9,Term 2,73.9,62.3,64.0,78.3,64.3,66.8,61.3,71.5,67.8,7,2,5,61.3,8,Tle,High Risk,ARAL Program (RA 12028),Plus,Instructional,Phil-IRI BOSY English,21.2,24.6,,63.6,In Progress,Progressing,In Progress,Approved
CNHS-SYN-2526-0150,SY 2025-2026,Grade 9,Term 3,86.2,77.1,66.3,68.0,72.0,74.2,74.1,66.7,73.08,6,0,6,66.3,8,Mathematics,High Risk,ARAL Program (RA 12028),Plus,Instructional,Phil-IRI BOSY English,21.4,28.6,33.6,50.1,Promoted,Improved,Completed / Exited,Approved
CNHS-SYN-2526-0151,SY 2025-2026,Grade 10,Term 1,80.7,76.2,68.1,71.1,71.4,72.8,69.4,74.0,72.96,6,0,6,68.1,8,Mathematics,High Risk,ARAL Program (RA 12028),Plus,Instructional,Phil-IRI BOSY English,18.7,,,64.1,In Progress,Progressing,In Progress,Approved
CNHS-SYN-2526-0151,SY 2025-2026,Grade 10,Term 2,83.7,78.8,69.8,66.4,75.3,74.2,77.4,71.4,74.62,4,0,4,66.4,8,Science,High Risk,ARAL Program (RA 12028),Plus,Instructional,Phil-IRI BOSY English,21.5,24.9,,63.7,In Progress,Progressing,In Progress,Approved
CNHS-SYN-2526-0151,SY 2025-2026,Grade 10,Term 3,85.6,76.8,76.8,78.9,73.6,80.1,72.0,76.0,77.47,2,0,2,72.0,8,Tle,High Risk,ARAL Program (RA 12028),Plus,Instructional,Phil-IRI BOSY English,23.8,28.2,37.0,59.3,Promoted,Improved,Completed / Exited,Approved
CNHS-SYN-2526-0152,SY 2025-2026,Grade 7,Term 1,72.9,76.8,86.5,87.5,72.5,77.8,75.0,83.1,79.01,2,1,1,72.5,8,Mapeh,High Risk,Classroom Remediation,N/A,N/A,Mapeh Diagnostic Assessment,20.9,,,86.1,In Progress,Progressing,In Progress,Approved
CNHS-SYN-2526-0152,SY 2025-2026,Grade 7,Term 2,79.8,80.3,68.8,78.9,87.5,84.5,71.8,77.9,78.69,2,0,2,68.8,8,Mathematics,High Risk,Classroom Remediation,N/A,N/A,Mathematics Diagnostic Assessment,19.8,25.0,,79.7,In Progress,Progressing,In Progress,Approved
CNHS-SYN-2526-0152,SY 2025-2026,Grade 7,Term 3,74.6,77.8,69.0,74.8,79.3,82.6,71.4,77.6,75.89,4,1,3,69.0,8,Mathematics,High Risk,Classroom Remediation,N/A,N/A,Mathematics Diagnostic Assessment,22.7,29.4,36.9,86.6,Improved,Improved,Completed,Approved
CNHS-SYN-2526-0153,SY 2025-2026,Grade 8,Term 1,67.7,66.8,68.2,73.1,72.0,66.7,70.3,75.7,70.06,7,2,5,66.7,8,Araling Panlipunan,High Risk,ARAL Program (RA 12028),Plus,Instructional,Phil-IRI BOSY English,23.8,,,59.3,In Progress,Progressing,In Progress,Approved
CNHS-SYN-2526-0153,SY 2025-2026,Grade 8,Term 2,79.7,78.6,66.3,74.6,73.7,70.6,72.8,68.6,73.11,6,0,6,66.3,8,Mathematics,High Risk,ARAL Program (RA 12028),Plus,Instructional,Phil-IRI BOSY English,20.6,25.9,,67.1,In Progress,Progressing,In Progress,Approved
CNHS-SYN-2526-0153,SY 2025-2026,Grade 8,Term 3,80.6,85.8,67.6,69.6,73.3,67.1,69.2,69.8,72.88,6,0,6,67.1,8,Araling Panlipunan,High Risk,ARAL Program (RA 12028),Plus,Instructional,Phil-IRI BOSY English,19.2,25.2,33.0,51.7,Promoted,Improved,Completed / Exited,Approved
CNHS-SYN-2526-0154,SY 2025-2026,Grade 9,Term 1,71.9,67.2,64.1,73.9,75.2,74.0,65.6,67.0,69.86,7,2,5,64.1,8,Mathematics,High Risk,ARAL Program (RA 12028),Plus,Instructional,Phil-IRI BOSY English,18.2,,,69.8,In Progress,Progressing,In Progress,Approved
CNHS-SYN-2526-0154,SY 2025-2026,Grade 9,Term 2,69.6,75.8,66.1,64.6,65.1,66.8,70.9,67.7,68.32,7,1,6,64.6,8,Science,High Risk,ARAL Program (RA 12028),Plus,Instructional,Phil-IRI BOSY English,18.2,21.8,,65.5,In Progress,Progressing,In Progress,Approved
CNHS-SYN-2526-0154,SY 2025-2026,Grade 9,Term 3,77.9,77.6,68.2,81.4,68.5,68.5,72.0,75.6,73.71,4,0,4,68.2,8,Mathematics,High Risk,ARAL Program (RA 12028),Plus,Instructional,Phil-IRI BOSY English,22.5,30.1,38.3,56.0,Promoted,Improved,Completed / Exited,Approved
CNHS-SYN-2526-0155,SY 2025-2026,Grade 10,Term 1,60.0,63.6,60.1,63.2,71.3,65.8,63.1,60.8,63.49,8,2,6,60.0,8,English,High Risk,ARAL Program (RA 12028),Plus,Instructional,Phil-IRI BOSY English,24.5,,,63.6,In Progress,Progressing,In Progress,Approved
CNHS-SYN-2526-0155,SY 2025-2026,Grade 10,Term 2,76.1,68.3,67.5,73.8,60.0,64.0,70.4,60.0,67.51,7,1,6,60.0,8,Mapeh,High Risk,ARAL Program (RA 12028),Plus,Instructional,Phil-IRI BOSY English,19.0,22.2,,62.9,In Progress,Progressing,In Progress,Approved
CNHS-SYN-2526-0155,SY 2025-2026,Grade 10,Term 3,,74.3,60.0,69.3,60.0,64.4,65.8,63.4,65.31,7,1,6,60.0,7,Mathematics,High Risk,ARAL Program (RA 12028),Plus,Instructional,Phil-IRI BOSY English,26.9,31.2,38.5,58.0,Promoted,Improved,Completed / Exited,Approved
CNHS-SYN-2526-0156,SY 2025-2026,Grade 7,Term 1,60.0,60.7,62.3,73.1,66.2,76.7,71.8,70.7,67.69,7,2,5,60.0,8,English,High Risk,ARAL Program (RA 12028),Plus,Instructional,Phil-IRI BOSY English,26.5,,,70.6,In Progress,Progressing,In Progress,Approved
CNHS-SYN-2526-0156,SY 2025-2026,Grade 7,Term 2,73.1,76.4,71.2,68.4,79.9,69.3,77.9,70.9,73.39,5,1,4,68.4,8,Science,High Risk,ARAL Program (RA 12028),Plus,Instructional,Phil-IRI BOSY English,22.0,25.2,,65.2,In Progress,Progressing,In Progress,Approved
CNHS-SYN-2526-0156,SY 2025-2026,Grade 7,Term 3,82.7,75.9,68.3,78.5,67.6,67.9,78.1,74.1,74.14,4,0,4,67.6,8,Mapeh,High Risk,ARAL Program (RA 12028),Plus,Instructional,Phil-IRI BOSY English,23.3,28.8,36.5,53.6,Promoted,Improved,Completed / Exited,Approved
CNHS-SYN-2526-0157,SY 2025-2026,Grade 8,Term 1,68.1,66.0,72.6,67.6,74.4,80.6,78.2,66.3,71.72,6,2,4,66.0,8,Filipino,High Risk,ARAL Program (RA 12028),Plus,Instructional,Phil-IRI BOSY English,19.4,,,67.3,In Progress,Progressing,In Progress,Approved
CNHS-SYN-2526-0157,SY 2025-2026,Grade 8,Term 2,74.4,73.8,64.6,68.2,75.2,76.6,68.5,72.4,71.71,6,2,4,64.6,8,Mathematics,High Risk,ARAL Program (RA 12028),Plus,Instructional,Phil-IRI BOSY English,26.1,32.6,,59.3,In Progress,Progressing,In Progress,Approved
CNHS-SYN-2526-0157,SY 2025-2026,Grade 8,Term 3,76.1,90.0,65.7,71.0,65.9,68.3,77.7,71.7,73.3,5,0,5,65.7,8,Mathematics,High Risk,ARAL Program (RA 12028),Plus,Instructional,Phil-IRI BOSY English,20.3,23.3,32.1,40.0,Promoted,Improved,Completed / Exited,Approved
CNHS-SYN-2526-0158,SY 2025-2026,Grade 9,Term 1,72.6,82.1,75.6,73.4,77.8,76.2,83.2,78.4,77.41,2,1,1,72.6,8,English,High Risk,Classroom Remediation,N/A,N/A,English Diagnostic Assessment,21.3,,,85.1,In Progress,Progressing,In Progress,Approved
CNHS-SYN-2526-0158,SY 2025-2026,Grade 9,Term 2,79.5,77.8,81.6,76.7,77.2,83.9,83.5,77.0,79.65,0,0,0,76.7,8,Science,Moderate Risk,No Recommendation,N/A,Instructional,Classroom Summative,,,,97.9,In Progress,Progressing,Active,Reviewed
CNHS-SYN-2526-0158,SY 2025-2026,Grade 9,Term 3,80.3,78.4,75.3,78.4,76.9,74.4,77.5,78.1,77.41,1,0,1,74.4,8,Araling Panlipunan,Moderate Risk,Classroom Remediation,N/A,N/A,Araling Panlipunan Diagnostic Assessment,19.8,24.4,31.2,76.6,Improved,Improved,Completed,Approved
CNHS-SYN-2526-0159,SY 2025-2026,Grade 10,Term 1,70.0,79.8,77.0,74.8,72.9,72.6,67.9,65.0,72.5,6,1,5,65.0,8,Values Education,High Risk,ARAL Program (RA 12028),Plus,Instructional,Phil-IRI BOSY English,23.7,,,64.8,In Progress,Progressing,In Progress,Approved
CNHS-SYN-2526-0159,SY 2025-2026,Grade 10,Term 2,73.7,75.6,73.8,69.7,71.7,71.8,68.9,68.9,71.76,7,1,6,68.9,8,Tle,High Risk,ARAL Program (RA 12028),Plus,Instructional,Phil-IRI BOSY English,21.8,26.5,,60.9,In Progress,Progressing,In Progress,Approved
CNHS-SYN-2526-0159,SY 2025-2026,Grade 10,Term 3,71.4,86.6,80.1,76.9,77.7,83.1,75.0,72.6,77.92,2,1,1,71.4,8,English,High Risk,ARAL Program (RA 12028),Plus,Instructional,Phil-IRI BOSY English,24.1,27.8,34.0,54.9,Promoted,Improved,Completed / Exited,Approved
CNHS-SYN-2526-0160,SY 2025-2026,Grade 7,Term 1,60.0,60.1,63.1,64.6,69.8,69.0,72.4,71.1,66.26,8,2,6,60.0,8,English,High Risk,ARAL Program (RA 12028),Plus,Instructional,Phil-IRI BOSY English,18.5,,,69.5,In Progress,Progressing,In Progress,Approved
CNHS-SYN-2526-0160,SY 2025-2026,Grade 7,Term 2,72.6,63.1,66.5,72.7,74.4,62.3,73.8,63.4,68.6,8,2,6,62.3,8,Araling Panlipunan,High Risk,ARAL Program (RA 12028),Plus,Instructional,Phil-IRI BOSY English,19.5,25.2,,63.3,In Progress,Progressing,In Progress,Approved
CNHS-SYN-2526-0160,SY 2025-2026,Grade 7,Term 3,82.6,76.6,67.6,74.9,60.0,64.3,68.1,63.8,69.74,6,0,6,60.0,8,Mapeh,High Risk,ARAL Program (RA 12028),Plus,Instructional,Phil-IRI BOSY English,21.4,26.5,31.1,56.0,Promoted,Improved,Completed / Exited,Approved
CNHS-SYN-2526-0161,SY 2025-2026,Grade 8,Term 1,67.1,75.9,73.9,80.3,77.6,80.0,71.2,73.8,74.97,4,1,3,67.1,8,English,High Risk,Classroom Remediation,N/A,N/A,English Diagnostic Assessment,21.9,,,72.3,In Progress,Progressing,In Progress,Approved
CNHS-SYN-2526-0161,SY 2025-2026,Grade 8,Term 2,72.3,73.8,78.0,,68.9,77.2,67.5,73.5,73.03,5,2,3,67.5,7,Tle,High Risk,Classroom Remediation,N/A,N/A,Tle Diagnostic Assessment,21.8,28.5,,79.4,In Progress,Progressing,In Progress,Approved
CNHS-SYN-2526-0161,SY 2025-2026,Grade 8,Term 3,71.5,74.3,77.2,82.1,78.4,80.1,72.8,73.2,76.2,4,2,2,71.5,8,English,High Risk,Classroom Remediation,N/A,N/A,English Diagnostic Assessment,20.4,26.9,32.8,82.4,Improved,Improved,Completed,Approved
CNHS-SYN-2526-0162,SY 2025-2026,Grade 9,Term 1,72.2,77.0,77.2,80.3,75.3,67.8,73.5,77.5,75.1,3,1,2,67.8,8,Araling Panlipunan,High Risk,Classroom Remediation,N/A,N/A,Araling Panlipunan Diagnostic Assessment,20.2,,,77.8,In Progress,Progressing,In Progress,Approved
CNHS-SYN-2526-0162,SY 2025-2026,Grade 9,Term 2,82.0,75.2,76.9,73.4,83.5,79.4,75.0,77.3,77.84,1,0,1,73.4,8,Science,Moderate Risk,Classroom Remediation,N/A,N/A,Science Diagnostic Assessment,21.7,26.3,,79.7,In Progress,Progressing,In Progress,Approved
CNHS-SYN-2526-0162,SY 2025-2026,Grade 9,Term 3,76.1,75.7,72.1,78.1,77.1,76.5,78.6,80.8,76.88,1,0,1,72.1,8,Mathematics,Moderate Risk,Classroom Remediation,N/A,N/A,Mathematics Diagnostic Assessment,21.9,26.4,31.5,72.8,Improved,Improved,Completed,Approved
CNHS-SYN-2526-0163,SY 2025-2026,Grade 10,Term 1,60.8,60.0,70.5,66.6,65.2,64.1,70.2,74.0,66.42,8,2,6,60.0,8,Filipino,High Risk,ARAL Program (RA 12028),Plus,Instructional,Phil-IRI BOSY English,18.1,,,73.7,In Progress,Progressing,In Progress,Approved
CNHS-SYN-2526-0163,SY 2025-2026,Grade 10,Term 2,80.6,71.7,66.2,66.8,71.8,68.1,64.9,67.8,69.74,7,1,6,64.9,8,Tle,High Risk,ARAL Program (RA 12028),Plus,Instructional,Phil-IRI BOSY English,26.9,33.5,,57.5,In Progress,Progressing,In Progress,Approved
CNHS-SYN-2526-0163,SY 2025-2026,Grade 10,Term 3,75.1,81.6,69.6,62.4,63.0,66.9,67.4,61.6,68.45,6,0,6,61.6,8,Values Education,High Risk,ARAL Program (RA 12028),Plus,Instructional,Phil-IRI BOSY English,21.0,25.1,29.7,51.7,Promoted,Improved,Completed / Exited,Approved
CNHS-SYN-2526-0164,SY 2025-2026,Grade 7,Term 1,82.4,85.6,85.5,84.5,89.6,82.6,92.7,80.5,85.42,0,0,0,80.5,8,Values Education,Low Risk,No Recommendation,N/A,Independent,Classroom Summative,,,,87.9,In Progress,Progressing,Active,Reviewed
CNHS-SYN-2526-0164,SY 2025-2026,Grade 7,Term 2,86.7,84.8,86.0,89.0,91.8,90.5,84.1,86.5,87.42,0,0,0,84.1,8,Tle,Low Risk,No Recommendation,N/A,Independent,Classroom Summative,,,,88.0,In Progress,Progressing,Active,Reviewed
CNHS-SYN-2526-0164,SY 2025-2026,Grade 7,Term 3,82.2,85.0,88.4,78.1,85.6,91.8,90.3,83.4,85.6,0,0,0,78.1,8,Science,Low Risk,No Recommendation,N/A,Independent,Classroom Summative,,,,93.8,N/A,N/A,Active,Reviewed
CNHS-SYN-2526-0165,SY 2025-2026,Grade 8,Term 1,61.0,71.6,70.5,71.0,66.9,74.7,75.0,79.5,71.28,6,2,4,61.0,8,English,High Risk,ARAL Program (RA 12028),Plus,Instructional,Phil-IRI BOSY English,26.9,,,71.7,In Progress,Progressing,In Progress,Approved
CNHS-SYN-2526-0165,SY 2025-2026,Grade 8,Term 2,71.4,76.3,69.7,75.0,72.3,70.9,75.1,71.8,72.81,5,1,4,69.7,8,Mathematics,High Risk,ARAL Program (RA 12028),Plus,Instructional,Phil-IRI BOSY English,19.5,23.8,,58.4,In Progress,Progressing,In Progress,Approved
CNHS-SYN-2526-0165,SY 2025-2026,Grade 8,Term 3,72.7,86.1,69.4,71.1,77.9,70.9,69.8,79.8,74.71,5,1,4,69.4,8,Mathematics,High Risk,ARAL Program (RA 12028),Plus,Instructional,Phil-IRI BOSY English,24.4,29.9,36.6,63.3,Promoted,Improved,Completed / Exited,Approved
CNHS-SYN-2526-0166,SY 2025-2026,Grade 9,Term 1,78.3,81.0,76.5,87.4,85.8,81.1,76.6,87.3,81.75,0,0,0,76.5,8,Mathematics,Moderate Risk,No Recommendation,N/A,Instructional,Classroom Summative,,,,87.6,In Progress,Progressing,Active,Reviewed
CNHS-SYN-2526-0166,SY 2025-2026,Grade 9,Term 2,74.3,78.8,75.7,78.7,84.2,79.7,82.6,78.3,79.04,1,1,0,74.3,8,English,Moderate Risk,No Recommendation,N/A,Instructional,Classroom Summative,,,,90.0,In Progress,Progressing,Active,Reviewed
CNHS-SYN-2526-0166,SY 2025-2026,Grade 9,Term 3,89.0,80.0,83.0,74.9,87.3,79.3,85.4,80.7,82.45,1,0,1,74.9,8,Science,Moderate Risk,Classroom Remediation,N/A,N/A,Science Diagnostic Assessment,16.0,22.4,29.2,74.2,Improved,Improved,Completed,Approved
CNHS-SYN-2526-0167,SY 2025-2026,Grade 10,Term 1,90.0,85.5,89.4,87.6,85.3,87.2,88.0,85.0,87.25,0,0,0,85.0,8,Values Education,Low Risk,No Recommendation,N/A,Independent,Classroom Summative,,,,88.0,In Progress,Progressing,Active,Reviewed
CNHS-SYN-2526-0167,SY 2025-2026,Grade 10,Term 2,99.0,94.0,89.5,92.2,79.6,77.2,85.9,82.0,87.43,0,0,0,77.2,8,Araling Panlipunan,Low Risk,No Recommendation,N/A,Independent,Classroom Summative,,,,92.8,In Progress,Progressing,Active,Reviewed
CNHS-SYN-2526-0167,SY 2025-2026,Grade 10,Term 3,93.5,85.2,90.0,87.5,88.9,85.4,93.0,87.1,88.82,0,0,0,85.2,8,Filipino,Low Risk,No Recommendation,N/A,Independent,Classroom Summative,,,,88.8,N/A,N/A,Active,Reviewed
CNHS-SYN-2526-0168,SY 2025-2026,Grade 7,Term 1,87.3,77.9,76.3,93.5,93.4,96.0,88.4,83.3,87.01,0,0,0,76.3,8,Mathematics,Low Risk,No Recommendation,N/A,Independent,Classroom Summative,,,,92.0,In Progress,Progressing,Active,Reviewed
CNHS-SYN-2526-0168,SY 2025-2026,Grade 7,Term 2,84.5,95.1,97.5,90.3,88.4,83.3,94.6,88.7,90.3,0,0,0,83.3,8,Araling Panlipunan,Low Risk,No Recommendation,N/A,Independent,Classroom Summative,,,,93.9,In Progress,Progressing,Active,Reviewed
CNHS-SYN-2526-0168,SY 2025-2026,Grade 7,Term 3,86.2,89.1,82.7,92.8,88.0,93.1,87.6,87.9,88.43,0,0,0,82.7,8,Mathematics,Low Risk,No Recommendation,N/A,Independent,Classroom Summative,,,,95.0,N/A,N/A,Active,Reviewed
CNHS-SYN-2526-0169,SY 2025-2026,Grade 8,Term 1,60.0,62.9,68.9,66.4,67.0,68.5,67.4,63.7,65.6,8,2,6,60.0,8,English,High Risk,ARAL Program (RA 12028),Plus,Instructional,Phil-IRI BOSY English,25.3,,,60.3,In Progress,Progressing,In Progress,Approved
CNHS-SYN-2526-0169,SY 2025-2026,Grade 8,Term 2,73.9,65.5,64.2,63.0,63.7,62.0,63.6,73.3,66.15,8,2,6,62.0,8,Araling Panlipunan,High Risk,ARAL Program (RA 12028),Plus,Instructional,Phil-IRI BOSY English,25.3,32.5,,55.8,In Progress,Progressing,In Progress,Approved
CNHS-SYN-2526-0169,SY 2025-2026,Grade 8,Term 3,77.3,83.0,63.3,70.6,76.4,61.3,64.5,66.9,70.41,5,0,5,61.3,8,Araling Panlipunan,High Risk,ARAL Program (RA 12028),Plus,Instructional,Phil-IRI BOSY English,20.4,25.8,31.5,45.8,Promoted,Improved,Completed / Exited,Approved
CNHS-SYN-2526-0170,SY 2025-2026,Grade 9,Term 1,60.0,62.5,62.5,67.9,61.4,70.3,67.5,67.8,64.99,8,2,6,60.0,8,English,High Risk,ARAL Program (RA 12028),Plus,Instructional,Phil-IRI BOSY English,24.1,,,65.0,In Progress,Progressing,In Progress,Approved
CNHS-SYN-2526-0170,SY 2025-2026,Grade 9,Term 2,69.5,61.6,67.0,67.6,71.9,74.9,70.1,72.6,69.4,8,2,6,61.6,8,Filipino,High Risk,ARAL Program (RA 12028),Plus,Instructional,Phil-IRI BOSY English,22.1,29.4,,63.6,In Progress,Progressing,In Progress,Approved
CNHS-SYN-2526-0170,SY 2025-2026,Grade 9,Term 3,71.5,72.3,62.7,66.3,60.0,73.9,66.2,68.9,67.72,8,2,6,60.0,8,Mapeh,High Risk,ARAL Program (RA 12028),Plus,Instructional,Phil-IRI BOSY English,24.9,28.4,36.7,64.9,Promoted,Improved,Completed / Exited,Approved
CNHS-SYN-2526-0171,SY 2025-2026,Grade 10,Term 1,67.8,74.7,62.0,73.1,73.0,78.8,64.5,77.3,71.4,6,2,4,62.0,8,Mathematics,High Risk,ARAL Program (RA 12028),Plus,Instructional,Phil-IRI BOSY English,19.5,,,67.4,In Progress,Progressing,In Progress,Approved
CNHS-SYN-2526-0171,SY 2025-2026,Grade 10,Term 2,71.7,72.8,67.4,72.2,69.8,71.0,73.7,75.2,71.73,7,2,5,67.4,8,Mathematics,High Risk,ARAL Program (RA 12028),Plus,Instructional,Phil-IRI BOSY English,21.2,24.2,,53.8,In Progress,Progressing,In Progress,Approved
CNHS-SYN-2526-0171,SY 2025-2026,Grade 10,Term 3,75.6,79.1,72.3,64.5,64.6,69.5,70.2,65.1,70.11,6,0,6,64.5,8,Science,High Risk,ARAL Program (RA 12028),Plus,Instructional,Phil-IRI BOSY English,23.9,29.5,34.9,49.6,Promoted,Improved,Completed / Exited,Approved
CNHS-SYN-2526-0172,SY 2025-2026,Grade 7,Term 1,82.7,87.1,77.8,84.4,81.5,87.3,86.5,82.2,83.69,0,0,0,77.8,8,Mathematics,Low Risk,No Recommendation,N/A,Independent,Classroom Summative,,,,94.0,In Progress,Progressing,Active,Reviewed
CNHS-SYN-2526-0172,SY 2025-2026,Grade 7,Term 2,81.5,89.0,80.5,79.7,79.5,76.5,83.6,78.1,81.05,0,0,0,76.5,8,Araling Panlipunan,Moderate Risk,No Recommendation,N/A,Instructional,Classroom Summative,,,,86.8,In Progress,Progressing,Active,Reviewed
CNHS-SYN-2526-0172,SY 2025-2026,Grade 7,Term 3,82.7,86.8,,89.4,79.7,81.9,83.7,84.3,84.07,0,0,0,79.7,7,Mapeh,Low Risk,No Recommendation,N/A,Independent,Classroom Summative,,,,96.0,N/A,N/A,Active,Reviewed
CNHS-SYN-2526-0173,SY 2025-2026,Grade 8,Term 1,73.1,62.2,80.6,70.6,78.9,73.0,77.1,70.1,73.2,5,2,3,62.2,8,Filipino,High Risk,ARAL Program (RA 12028),Plus,Instructional,Phil-IRI BOSY English,20.6,,,69.5,In Progress,Progressing,In Progress,Approved
CNHS-SYN-2526-0173,SY 2025-2026,Grade 8,Term 2,67.9,77.9,74.0,71.4,73.1,77.6,63.8,75.3,72.62,5,1,4,63.8,8,Tle,High Risk,ARAL Program (RA 12028),Plus,Instructional,Phil-IRI BOSY English,22.0,29.5,,65.1,In Progress,Progressing,In Progress,Approved
CNHS-SYN-2526-0173,SY 2025-2026,Grade 8,Term 3,82.7,81.1,67.4,70.4,76.2,72.7,68.7,66.2,73.18,5,0,5,66.2,8,Values Education,High Risk,ARAL Program (RA 12028),Plus,Instructional,Phil-IRI BOSY English,26.3,29.4,34.6,46.4,Promoted,Improved,Completed / Exited,Approved
CNHS-SYN-2526-0174,SY 2025-2026,Grade 9,Term 1,85.2,92.8,94.5,87.8,88.0,90.2,89.9,90.9,89.91,0,0,0,85.2,8,English,Low Risk,No Recommendation,N/A,Independent,Classroom Summative,,,,88.1,In Progress,Progressing,Active,Reviewed
CNHS-SYN-2526-0174,SY 2025-2026,Grade 9,Term 2,94.5,95.2,91.1,82.6,88.1,89.3,84.0,87.1,88.99,0,0,0,82.6,8,Science,Low Risk,No Recommendation,N/A,Independent,Classroom Summative,,,,94.4,In Progress,Progressing,Active,Reviewed
CNHS-SYN-2526-0174,SY 2025-2026,Grade 9,Term 3,91.2,83.9,91.8,88.3,90.6,87.0,85.3,85.4,87.94,0,0,0,83.9,8,Filipino,Low Risk,No Recommendation,N/A,Independent,Classroom Summative,,,,92.1,N/A,N/A,Active,Reviewed
CNHS-SYN-2526-0175,SY 2025-2026,Grade 10,Term 1,87.0,73.9,75.4,91.3,79.8,72.6,81.5,74.5,79.5,3,1,2,72.6,8,Araling Panlipunan,High Risk,Classroom Remediation,N/A,N/A,Araling Panlipunan Diagnostic Assessment,17.9,,,80.8,In Progress,Progressing,In Progress,Approved
CNHS-SYN-2526-0175,SY 2025-2026,Grade 10,Term 2,80.8,78.7,75.8,80.5,82.9,78.6,85.3,81.5,80.51,0,0,0,75.8,8,Mathematics,Moderate Risk,No Recommendation,N/A,Instructional,Classroom Summative,,,,93.0,In Progress,Progressing,Active,Reviewed
CNHS-SYN-2526-0175,SY 2025-2026,Grade 10,Term 3,77.5,71.9,77.2,79.0,76.4,79.4,78.2,81.2,77.6,1,1,0,71.9,8,Filipino,Moderate Risk,No Recommendation,N/A,Instructional,Classroom Summative,,,,92.7,N/A,N/A,Active,Reviewed
CNHS-SYN-2526-0176,SY 2025-2026,Grade 7,Term 1,63.3,62.8,71.4,73.8,70.1,67.9,70.8,68.6,68.59,8,2,6,62.8,8,Filipino,High Risk,ARAL Program (RA 12028),Plus,Instructional,Phil-IRI BOSY English,23.9,,,66.6,In Progress,Progressing,In Progress,Approved
CNHS-SYN-2526-0176,SY 2025-2026,Grade 7,Term 2,71.8,72.1,63.0,66.2,64.0,72.4,64.4,65.5,67.42,8,2,6,63.0,8,Mathematics,High Risk,ARAL Program (RA 12028),Plus,Instructional,Phil-IRI BOSY English,22.9,26.6,,64.1,In Progress,Progressing,In Progress,Approved
CNHS-SYN-2526-0176,SY 2025-2026,Grade 7,Term 3,78.6,77.5,63.1,65.0,73.5,71.3,65.5,68.4,70.36,6,0,6,63.1,8,Mathematics,High Risk,ARAL Program (RA 12028),Plus,Instructional,Phil-IRI BOSY English,20.0,24.3,28.4,48.1,Promoted,Improved,Completed / Exited,Approved
CNHS-SYN-2526-0177,SY 2025-2026,Grade 8,Term 1,91.9,98.0,93.6,95.0,92.0,89.6,93.2,87.6,92.61,0,0,0,87.6,8,Values Education,Low Risk,No Recommendation,N/A,Independent,Classroom Summative,,,,88.3,In Progress,Progressing,Active,Reviewed
CNHS-SYN-2526-0177,SY 2025-2026,Grade 8,Term 2,99.0,94.0,98.1,88.2,90.0,94.2,97.4,99.0,94.99,0,0,0,88.2,8,Science,Low Risk,No Recommendation,N/A,Independent,Classroom Summative,,,,99.4,In Progress,Progressing,Active,Reviewed
CNHS-SYN-2526-0177,SY 2025-2026,Grade 8,Term 3,94.2,99.0,90.1,94.4,83.3,88.2,94.6,87.4,91.4,0,0,0,83.3,8,Mapeh,Low Risk,No Recommendation,N/A,Independent,Classroom Summative,,,,95.6,N/A,N/A,Active,Reviewed
CNHS-SYN-2526-0178,SY 2025-2026,Grade 9,Term 1,94.0,94.8,93.4,99.0,89.6,98.1,88.3,92.8,93.75,0,0,0,88.3,8,Tle,Low Risk,No Recommendation,N/A,Independent,Classroom Summative,,,,96.5,In Progress,Progressing,Active,Reviewed
CNHS-SYN-2526-0178,SY 2025-2026,Grade 9,Term 2,92.8,96.7,96.3,90.3,95.0,99.0,94.4,94.8,94.91,0,0,0,90.3,8,Science,Low Risk,No Recommendation,N/A,Independent,Classroom Summative,,,,86.2,In Progress,Progressing,Active,Reviewed
CNHS-SYN-2526-0178,SY 2025-2026,Grade 9,Term 3,96.3,90.4,92.3,99.0,91.5,89.5,97.1,88.7,93.1,0,0,0,88.7,8,Values Education,Low Risk,No Recommendation,N/A,Independent,Classroom Summative,,,,97.0,N/A,N/A,Active,Reviewed
CNHS-SYN-2526-0179,SY 2025-2026,Grade 10,Term 1,68.2,60.0,69.4,73.0,62.5,65.1,67.5,62.5,66.03,8,2,6,60.0,8,Filipino,High Risk,ARAL Program (RA 12028),Plus,Instructional,Phil-IRI BOSY English,21.8,,,66.1,In Progress,Progressing,In Progress,Approved
CNHS-SYN-2526-0179,SY 2025-2026,Grade 10,Term 2,67.7,64.8,65.0,64.2,67.2,60.0,63.0,64.8,64.59,8,2,6,60.0,8,Araling Panlipunan,High Risk,ARAL Program (RA 12028),Plus,Instructional,Phil-IRI BOSY English,21.0,26.5,,58.2,In Progress,Progressing,In Progress,Approved
CNHS-SYN-2526-0179,SY 2025-2026,Grade 10,Term 3,75.1,72.5,64.0,60.0,61.4,71.8,69.2,71.2,68.15,7,1,6,60.0,8,Science,High Risk,ARAL Program (RA 12028),Plus,Instructional,Phil-IRI BOSY English,22.9,26.2,33.7,58.6,Promoted,Improved,Completed / Exited,Approved
CNHS-SYN-2526-0180,SY 2025-2026,Grade 7,Term 1,81.4,87.3,88.2,77.9,80.0,77.8,77.0,84.6,81.78,0,0,0,77.0,8,Tle,Moderate Risk,No Recommendation,N/A,Instructional,Classroom Summative,,,,92.2,In Progress,Progressing,Active,Reviewed
CNHS-SYN-2526-0180,SY 2025-2026,Grade 7,Term 2,84.2,74.6,86.5,80.6,84.1,84.4,87.4,81.5,82.91,1,1,0,74.6,8,Filipino,Moderate Risk,No Recommendation,N/A,Instructional,Classroom Summative,,,,92.2,In Progress,Progressing,Active,Reviewed
CNHS-SYN-2526-0180,SY 2025-2026,Grade 7,Term 3,82.8,77.8,82.0,80.5,76.6,84.6,79.7,80.3,80.54,0,0,0,76.6,8,Mapeh,Moderate Risk,No Recommendation,N/A,Instructional,Classroom Summative,,,,96.9,N/A,N/A,Active,Reviewed
CNHS-SYN-2526-0181,SY 2025-2026,Grade 8,Term 1,75.2,72.4,72.2,74.4,66.4,68.5,71.1,69.1,71.16,7,1,6,66.4,8,Mapeh,High Risk,ARAL Program (RA 12028),Plus,Instructional,Phil-IRI BOSY English,19.1,,,65.5,In Progress,Progressing,In Progress,Approved
CNHS-SYN-2526-0181,SY 2025-2026,Grade 8,Term 2,72.9,75.5,68.9,74.7,72.8,66.3,71.6,67.0,71.21,7,1,6,66.3,8,Araling Panlipunan,High Risk,ARAL Program (RA 12028),Plus,Instructional,Phil-IRI BOSY English,18.3,21.4,,60.5,In Progress,Progressing,In Progress,Approved
CNHS-SYN-2526-0181,SY 2025-2026,Grade 8,Term 3,85.6,77.4,70.2,78.1,66.0,68.3,83.2,70.9,74.96,4,0,4,66.0,8,Mapeh,High Risk,ARAL Program (RA 12028),Plus,Instructional,Phil-IRI BOSY English,25.3,31.4,39.8,56.9,Promoted,Improved,Completed / Exited,Approved
CNHS-SYN-2526-0182,SY 2025-2026,Grade 9,Term 1,72.7,77.1,76.2,77.1,73.2,79.1,77.6,80.4,76.68,2,1,1,72.7,8,English,High Risk,Classroom Remediation,N/A,N/A,English Diagnostic Assessment,21.7,,,76.3,In Progress,Progressing,In Progress,Approved
CNHS-SYN-2526-0182,SY 2025-2026,Grade 9,Term 2,77.4,82.2,76.4,83.6,84.0,81.2,74.3,69.5,78.58,2,0,2,69.5,8,Values Education,High Risk,Classroom Remediation,N/A,N/A,Values Education Diagnostic Assessment,15.4,20.7,,73.7,In Progress,Progressing,In Progress,Approved
CNHS-SYN-2526-0182,SY 2025-2026,Grade 9,Term 3,76.3,80.1,74.8,77.8,82.6,,83.2,82.8,79.66,1,0,1,74.8,7,Mathematics,Moderate Risk,Classroom Remediation,N/A,N/A,Mathematics Diagnostic Assessment,23.5,29.2,34.7,76.4,Improved,Improved,Completed,Approved
CNHS-SYN-2526-0183,SY 2025-2026,Grade 10,Term 1,89.8,91.5,89.4,92.1,84.7,88.4,89.7,86.3,88.99,0,0,0,84.7,8,Mapeh,Low Risk,No Recommendation,N/A,Independent,Classroom Summative,,,,92.6,In Progress,Progressing,Active,Reviewed
CNHS-SYN-2526-0183,SY 2025-2026,Grade 10,Term 2,93.2,90.8,91.5,85.4,85.4,92.8,90.5,83.9,89.19,0,0,0,83.9,8,Values Education,Low Risk,No Recommendation,N/A,Independent,Classroom Summative,,,,82.5,In Progress,Progressing,Active,Reviewed
CNHS-SYN-2526-0183,SY 2025-2026,Grade 10,Term 3,87.8,93.9,89.5,88.4,75.9,86.4,89.3,89.8,87.62,0,0,0,75.9,8,Mapeh,Low Risk,No Recommendation,N/A,Independent,Classroom Summative,,,,91.2,N/A,N/A,Active,Reviewed
CNHS-SYN-2526-0184,SY 2025-2026,Grade 7,Term 1,64.0,67.0,78.6,71.6,73.6,70.6,65.5,76.4,70.91,6,2,4,64.0,8,English,High Risk,ARAL Program (RA 12028),Plus,Instructional,Phil-IRI BOSY English,21.3,,,66.7,In Progress,Progressing,In Progress,Approved
CNHS-SYN-2526-0184,SY 2025-2026,Grade 7,Term 2,73.3,73.3,69.5,76.6,67.8,73.9,73.3,76.5,73.03,6,2,4,67.8,8,Mapeh,High Risk,ARAL Program (RA 12028),Plus,Instructional,Phil-IRI BOSY English,21.8,27.3,,53.6,In Progress,Progressing,In Progress,Approved
CNHS-SYN-2526-0184,SY 2025-2026,Grade 7,Term 3,73.5,86.5,70.5,78.6,70.8,74.4,75.1,79.5,76.11,4,1,3,70.5,8,Mathematics,High Risk,ARAL Program (RA 12028),Plus,Instructional,Phil-IRI BOSY English,21.9,25.9,34.2,55.0,Promoted,Improved,Completed / Exited,Approved
CNHS-SYN-2526-0185,SY 2025-2026,Grade 8,Term 1,80.2,77.1,79.1,80.2,79.5,76.3,88.2,83.0,80.45,0,0,0,76.3,8,Araling Panlipunan,Moderate Risk,No Recommendation,N/A,Instructional,Classroom Summative,,,,95.0,In Progress,Progressing,Active,Reviewed
CNHS-SYN-2526-0185,SY 2025-2026,Grade 8,Term 2,82.9,82.1,83.4,82.4,84.5,84.9,82.5,81.0,82.96,0,0,0,81.0,8,Values Education,Moderate Risk,No Recommendation,N/A,Instructional,Classroom Summative,,,,90.1,In Progress,Progressing,Active,Reviewed
CNHS-SYN-2526-0185,SY 2025-2026,Grade 8,Term 3,82.6,82.7,78.2,78.6,80.4,79.9,76.0,79.2,79.7,0,0,0,76.0,8,Tle,Moderate Risk,No Recommendation,N/A,Instructional,Classroom Summative,,,,97.1,N/A,N/A,Active,Reviewed
CNHS-SYN-2526-0186,SY 2025-2026,Grade 9,Term 1,66.4,64.6,64.1,66.7,67.0,72.5,67.1,71.5,67.49,8,2,6,64.1,8,Mathematics,High Risk,ARAL Program (RA 12028),Plus,Instructional,Phil-IRI BOSY English,18.5,,,64.0,In Progress,Progressing,In Progress,Approved
CNHS-SYN-2526-0186,SY 2025-2026,Grade 9,Term 2,73.0,66.9,61.0,71.7,67.6,65.5,67.0,61.9,66.83,8,2,6,61.0,8,Mathematics,High Risk,ARAL Program (RA 12028),Plus,Instructional,Phil-IRI BOSY English,26.7,33.2,,61.5,In Progress,Progressing,In Progress,Approved
CNHS-SYN-2526-0186,SY 2025-2026,Grade 9,Term 3,71.7,73.8,67.8,66.5,62.5,74.5,67.1,66.8,68.84,8,2,6,62.5,8,Mapeh,High Risk,ARAL Program (RA 12028),Plus,Instructional,Phil-IRI BOSY English,19.8,26.8,32.6,49.5,Promoted,Improved,Completed / Exited,Approved
CNHS-SYN-2526-0187,SY 2025-2026,Grade 10,Term 1,71.4,67.3,67.2,71.5,66.8,70.2,71.4,63.4,68.65,8,2,6,63.4,8,Values Education,High Risk,ARAL Program (RA 12028),Plus,Instructional,Phil-IRI BOSY English,23.9,,,64.3,In Progress,Progressing,In Progress,Approved
CNHS-SYN-2526-0187,SY 2025-2026,Grade 10,Term 2,71.6,75.7,70.5,68.5,71.1,68.8,73.6,64.8,70.57,7,1,6,64.8,8,Values Education,High Risk,ARAL Program (RA 12028),Plus,Instructional,Phil-IRI BOSY English,18.8,25.3,,66.6,In Progress,Progressing,In Progress,Approved
CNHS-SYN-2526-0187,SY 2025-2026,Grade 10,Term 3,80.9,66.7,67.8,69.9,72.7,68.0,65.7,68.5,70.03,7,1,6,65.7,8,Tle,High Risk,ARAL Program (RA 12028),Plus,Instructional,Phil-IRI BOSY English,20.6,24.7,32.2,49.8,Promoted,Improved,Completed / Exited,Approved
CNHS-SYN-2526-0188,SY 2025-2026,Grade 7,Term 1,88.9,95.4,99.0,91.1,95.2,94.4,87.8,90.3,92.76,0,0,0,87.8,8,Tle,Low Risk,No Recommendation,N/A,Independent,Classroom Summative,,,,100.0,In Progress,Progressing,Active,Reviewed
CNHS-SYN-2526-0188,SY 2025-2026,Grade 7,Term 2,86.6,90.9,88.5,88.6,87.2,89.1,92.4,89.8,89.14,0,0,0,86.6,8,English,Low Risk,No Recommendation,N/A,Independent,Classroom Summative,,,,89.0,In Progress,Progressing,Active,Reviewed
CNHS-SYN-2526-0188,SY 2025-2026,Grade 7,Term 3,85.6,92.7,93.0,91.3,87.1,91.2,88.4,85.7,89.38,0,0,0,85.6,8,English,Low Risk,No Recommendation,N/A,Independent,Classroom Summative,,,,95.3,N/A,N/A,Active,Reviewed
CNHS-SYN-2526-0189,SY 2025-2026,Grade 8,Term 1,65.6,60.9,64.8,60.0,65.5,67.0,65.0,73.7,65.31,8,2,6,60.0,8,Science,High Risk,ARAL Program (RA 12028),Plus,Instructional,Phil-IRI BOSY English,26.6,,,69.9,In Progress,Progressing,In Progress,Approved
CNHS-SYN-2526-0189,SY 2025-2026,Grade 8,Term 2,75.2,64.7,70.9,71.2,66.3,61.1,61.5,67.4,67.29,7,1,6,61.1,8,Araling Panlipunan,High Risk,ARAL Program (RA 12028),Plus,Instructional,Phil-IRI BOSY English,25.9,33.4,,59.4,In Progress,Progressing,In Progress,Approved
CNHS-SYN-2526-0189,SY 2025-2026,Grade 8,Term 3,83.4,71.2,65.1,62.9,62.8,72.7,62.8,71.0,68.99,7,1,6,62.8,8,Mapeh,High Risk,ARAL Program (RA 12028),Plus,Instructional,Phil-IRI BOSY English,18.0,24.5,30.0,55.7,Promoted,Improved,Completed / Exited,Approved
CNHS-SYN-2526-0190,SY 2025-2026,Grade 9,Term 1,66.6,65.7,60.0,60.9,62.8,66.3,60.0,65.5,63.48,8,2,6,60.0,8,Mathematics,High Risk,ARAL Program (RA 12028),Plus,Instructional,Phil-IRI BOSY English,21.7,,,63.6,In Progress,Progressing,In Progress,Approved
CNHS-SYN-2526-0190,SY 2025-2026,Grade 9,Term 2,62.6,66.3,65.0,71.2,65.4,67.8,60.0,66.5,65.6,8,2,6,60.0,8,Tle,High Risk,ARAL Program (RA 12028),Plus,Instructional,Phil-IRI BOSY English,24.2,30.8,,65.2,In Progress,Progressing,In Progress,Approved
CNHS-SYN-2526-0190,SY 2025-2026,Grade 9,Term 3,76.8,81.7,62.8,66.9,66.6,64.8,64.8,64.6,68.62,6,0,6,62.8,8,Mathematics,High Risk,ARAL Program (RA 12028),Plus,Instructional,Phil-IRI BOSY English,26.6,34.1,40.0,51.2,Promoted,Improved,Completed / Exited,Approved
CNHS-SYN-2526-0191,SY 2025-2026,Grade 10,Term 1,94.6,99.0,90.9,91.0,89.7,99.0,89.9,95.6,93.71,0,0,0,89.7,8,Mapeh,Low Risk,No Recommendation,N/A,Independent,Classroom Summative,,,,91.4,In Progress,Progressing,Active,Reviewed
CNHS-SYN-2526-0191,SY 2025-2026,Grade 10,Term 2,90.8,90.8,99.0,88.3,94.9,93.8,94.9,95.2,93.46,0,0,0,88.3,8,Science,Low Risk,No Recommendation,N/A,Independent,Classroom Summative,,,,88.1,In Progress,Progressing,Active,Reviewed
CNHS-SYN-2526-0191,SY 2025-2026,Grade 10,Term 3,99.0,93.7,84.6,95.9,89.2,95.2,98.9,93.4,93.74,0,0,0,84.6,8,Mathematics,Low Risk,No Recommendation,N/A,Independent,Classroom Summative,,,,92.6,N/A,N/A,Active,Reviewed
CNHS-SYN-2526-0192,SY 2025-2026,Grade 7,Term 1,76.8,82.1,74.9,85.9,86.1,78.8,79.9,82.4,80.86,1,0,1,74.9,8,Mathematics,Moderate Risk,Classroom Remediation,N/A,N/A,Mathematics Diagnostic Assessment,19.9,,,76.9,In Progress,Progressing,In Progress,Approved
CNHS-SYN-2526-0192,SY 2025-2026,Grade 7,Term 2,77.6,68.0,75.9,74.6,81.3,81.6,80.0,79.2,77.28,2,1,1,68.0,8,Filipino,High Risk,Classroom Remediation,N/A,N/A,Filipino Diagnostic Assessment,18.6,25.4,,88.6,In Progress,Progressing,In Progress,Approved
CNHS-SYN-2526-0192,SY 2025-2026,Grade 7,Term 3,70.8,76.0,73.7,78.3,77.7,76.7,81.8,73.2,76.03,3,1,2,70.8,8,English,High Risk,Classroom Remediation,N/A,N/A,English Diagnostic Assessment,19.8,24.7,31.5,77.8,Improved,Improved,Completed,Approved
CNHS-SYN-2526-0193,SY 2025-2026,Grade 8,Term 1,80.7,75.7,77.2,74.6,76.8,79.7,75.2,78.9,77.35,1,0,1,74.6,8,Science,Moderate Risk,Classroom Remediation,N/A,N/A,Science Diagnostic Assessment,18.5,,,78.3,In Progress,Progressing,In Progress,Approved
CNHS-SYN-2526-0193,SY 2025-2026,Grade 8,Term 2,82.6,71.9,71.3,74.4,71.3,71.3,79.4,76.8,74.88,5,1,4,71.3,8,Mathematics,High Risk,Classroom Remediation,N/A,N/A,Mathematics Diagnostic Assessment,23.4,27.9,,74.3,In Progress,Progressing,In Progress,Approved
CNHS-SYN-2526-0193,SY 2025-2026,Grade 8,Term 3,71.2,79.7,76.4,85.0,74.8,80.2,81.2,74.8,77.91,3,1,2,71.2,8,English,High Risk,Classroom Remediation,N/A,N/A,English Diagnostic Assessment,23.3,27.9,32.6,72.4,Improved,Improved,Completed,Approved
CNHS-SYN-2526-0194,SY 2025-2026,Grade 9,Term 1,71.9,74.3,77.8,77.9,81.1,82.9,89.7,80.5,79.51,2,2,0,71.9,8,English,High Risk,No Recommendation,N/A,Instructional,Classroom Summative,,,,88.7,In Progress,Progressing,Active,Reviewed
CNHS-SYN-2526-0194,SY 2025-2026,Grade 9,Term 2,72.0,77.3,73.4,80.7,77.5,72.8,87.5,78.4,77.45,3,1,2,72.0,8,English,High Risk,Classroom Remediation,N/A,N/A,English Diagnostic Assessment,18.2,24.3,,74.3,In Progress,Progressing,In Progress,Approved
CNHS-SYN-2526-0194,SY 2025-2026,Grade 9,Term 3,76.5,80.1,82.1,83.7,80.2,82.7,83.6,81.4,81.29,0,0,0,76.5,8,English,Moderate Risk,No Recommendation,N/A,Instructional,Classroom Summative,,,,86.2,N/A,N/A,Active,Reviewed
CNHS-SYN-2526-0195,SY 2025-2026,Grade 10,Term 1,60.0,69.4,63.9,67.6,64.8,60.0,65.8,67.7,64.9,8,2,6,60.0,8,English,High Risk,ARAL Program (RA 12028),Plus,Instructional,Phil-IRI BOSY English,26.0,,,74.0,In Progress,Progressing,In Progress,Approved
CNHS-SYN-2526-0195,SY 2025-2026,Grade 10,Term 2,63.3,64.5,66.5,63.1,72.7,66.6,68.2,65.3,66.28,8,2,6,63.1,8,Science,High Risk,ARAL Program (RA 12028),Plus,Instructional,Phil-IRI BOSY English,19.8,24.8,,57.6,In Progress,Progressing,In Progress,Approved
CNHS-SYN-2526-0195,SY 2025-2026,Grade 10,Term 3,77.7,72.8,64.0,62.9,67.8,66.9,66.0,66.1,68.02,7,1,6,62.9,8,Science,High Risk,ARAL Program (RA 12028),Plus,Instructional,Phil-IRI BOSY English,18.3,23.3,31.9,66.2,Promoted,Improved,Completed / Exited,Approved
CNHS-SYN-2526-0196,SY 2025-2026,Grade 7,Term 1,76.1,83.1,83.0,82.7,86.4,86.3,79.6,82.2,82.42,0,0,0,76.1,8,English,Moderate Risk,No Recommendation,N/A,Instructional,Classroom Summative,,,,92.4,In Progress,Progressing,Active,Reviewed
CNHS-SYN-2526-0196,SY 2025-2026,Grade 7,Term 2,78.2,80.7,75.3,83.0,74.6,82.0,76.5,78.0,78.54,1,0,1,74.6,8,Mapeh,Moderate Risk,Classroom Remediation,N/A,N/A,Mapeh Diagnostic Assessment,20.7,26.5,,74.1,In Progress,Progressing,In Progress,Approved
CNHS-SYN-2526-0196,SY 2025-2026,Grade 7,Term 3,87.4,75.6,85.0,79.4,77.7,83.9,85.2,85.1,82.41,0,0,0,75.6,8,Filipino,Moderate Risk,No Recommendation,N/A,Instructional,Classroom Summative,,,,92.5,N/A,N/A,Active,Reviewed
CNHS-SYN-2526-0197,SY 2025-2026,Grade 8,Term 1,80.5,70.6,75.9,70.8,77.4,82.9,74.4,76.8,76.16,3,1,2,70.6,8,Filipino,High Risk,Classroom Remediation,N/A,N/A,Filipino Diagnostic Assessment,17.7,,,63.5,In Progress,Progressing,In Progress,Approved
CNHS-SYN-2526-0197,SY 2025-2026,Grade 8,Term 2,73.2,81.6,80.5,77.8,79.8,77.2,78.5,75.0,77.95,1,1,0,73.2,8,English,Moderate Risk,No Recommendation,N/A,Instructional,Classroom Summative,,,,89.5,In Progress,Progressing,Active,Reviewed
CNHS-SYN-2526-0197,SY 2025-2026,Grade 8,Term 3,82.2,83.2,82.0,74.7,72.5,81.4,78.5,77.6,79.01,2,0,2,72.5,8,Mapeh,High Risk,Classroom Remediation,N/A,N/A,Mapeh Diagnostic Assessment,20.7,27.6,35.3,84.9,Improved,Improved,Completed,Approved
CNHS-SYN-2526-0198,SY 2025-2026,Grade 9,Term 1,98.2,86.1,88.4,93.8,90.6,98.1,85.2,84.2,90.58,0,0,0,84.2,8,Values Education,Low Risk,No Recommendation,N/A,Independent,Classroom Summative,,,,87.2,In Progress,Progressing,Active,Reviewed
CNHS-SYN-2526-0198,SY 2025-2026,Grade 9,Term 2,88.8,89.3,92.8,90.6,90.0,86.5,93.0,99.0,91.25,0,0,0,86.5,8,Araling Panlipunan,Low Risk,No Recommendation,N/A,Independent,Classroom Summative,,,,92.4,In Progress,Progressing,Active,Reviewed
CNHS-SYN-2526-0198,SY 2025-2026,Grade 9,Term 3,84.4,87.1,87.8,86.0,88.1,95.3,93.1,87.5,88.66,0,0,0,84.4,8,English,Low Risk,No Recommendation,N/A,Independent,Classroom Summative,,,,97.3,N/A,N/A,Active,Reviewed
CNHS-SYN-2526-0199,SY 2025-2026,Grade 10,Term 1,78.4,84.9,87.6,89.0,84.0,82.7,89.0,84.2,84.97,0,0,0,78.4,8,English,Low Risk,No Recommendation,N/A,Independent,Classroom Summative,,,,87.6,In Progress,Progressing,Active,Reviewed
CNHS-SYN-2526-0199,SY 2025-2026,Grade 10,Term 2,82.7,91.2,89.1,89.8,83.9,82.9,91.5,80.0,86.39,0,0,0,80.0,8,Values Education,Low Risk,No Recommendation,N/A,Independent,Classroom Summative,,,,97.3,In Progress,Progressing,Active,Reviewed
CNHS-SYN-2526-0199,SY 2025-2026,Grade 10,Term 3,91.6,85.4,84.8,85.2,80.9,82.2,88.7,88.7,85.94,0,0,0,80.9,8,Mapeh,Low Risk,No Recommendation,N/A,Independent,Classroom Summative,,,,94.7,N/A,N/A,Active,Reviewed
CNHS-SYN-2526-0200,SY 2025-2026,Grade 7,Term 1,81.3,83.3,75.6,80.4,80.7,79.9,82.6,83.4,80.9,0,0,0,75.6,8,Mathematics,Moderate Risk,No Recommendation,N/A,Instructional,Classroom Summative,,,,91.3,In Progress,Progressing,Active,Reviewed
CNHS-SYN-2526-0200,SY 2025-2026,Grade 7,Term 2,76.4,83.7,82.2,76.8,80.1,73.9,81.0,80.1,79.28,1,0,1,73.9,8,Araling Panlipunan,Moderate Risk,Classroom Remediation,N/A,N/A,Araling Panlipunan Diagnostic Assessment,18.8,23.9,,88.9,In Progress,Progressing,In Progress,Approved
CNHS-SYN-2526-0200,SY 2025-2026,Grade 7,Term 3,83.7,79.2,76.2,75.4,79.2,78.1,78.0,79.6,78.67,0,0,0,75.4,8,Science,Moderate Risk,No Recommendation,N/A,Instructional,Classroom Summative,,,,93.9,N/A,N/A,Active,Reviewed
CNHS-SYN-2526-0201,SY 2025-2026,Grade 8,Term 1,88.3,81.8,74.8,83.4,83.9,81.2,76.8,88.7,82.36,1,0,1,74.8,8,Mathematics,Moderate Risk,Classroom Remediation,N/A,N/A,Mathematics Diagnostic Assessment,19.7,,,86.5,In Progress,Progressing,In Progress,Approved
CNHS-SYN-2526-0201,SY 2025-2026,Grade 8,Term 2,83.2,78.7,85.7,79.2,82.3,76.5,77.6,81.9,80.64,0,0,0,76.5,8,Araling Panlipunan,Moderate Risk,No Recommendation,N/A,Instructional,Classroom Summative,,,,85.2,In Progress,Progressing,Active,Reviewed
CNHS-SYN-2526-0201,SY 2025-2026,Grade 8,Term 3,82.9,77.6,86.4,80.3,77.2,82.0,78.0,86.8,81.4,0,0,0,77.2,8,Mapeh,Moderate Risk,No Recommendation,N/A,Instructional,Classroom Summative,,,,91.4,N/A,N/A,Active,Reviewed
CNHS-SYN-2526-0202,SY 2025-2026,Grade 9,Term 1,60.0,60.0,67.9,66.9,60.0,62.3,61.2,71.9,63.78,8,2,6,60.0,8,English,High Risk,ARAL Program (RA 12028),Plus,Instructional,Phil-IRI BOSY English,25.1,,,63.1,In Progress,Progressing,In Progress,Approved
CNHS-SYN-2526-0202,SY 2025-2026,Grade 9,Term 2,67.7,69.1,64.9,64.1,63.6,63.1,65.7,66.4,65.58,8,2,6,63.1,8,Araling Panlipunan,High Risk,ARAL Program (RA 12028),Plus,Instructional,Phil-IRI BOSY English,20.8,25.4,,67.0,In Progress,Progressing,In Progress,Approved
CNHS-SYN-2526-0202,SY 2025-2026,Grade 9,Term 3,74.8,72.9,60.8,60.3,70.0,65.5,62.1,64.1,66.31,8,2,6,60.3,8,Science,High Risk,ARAL Program (RA 12028),Plus,Instructional,Phil-IRI BOSY English,26.6,34.1,40.0,55.8,Promoted,Improved,Completed / Exited,Approved
CNHS-SYN-2526-0203,SY 2025-2026,Grade 10,Term 1,93.9,92.7,94.0,91.0,91.9,96.2,86.2,89.5,91.93,0,0,0,86.2,8,Tle,Low Risk,No Recommendation,N/A,Independent,Classroom Summative,,,,93.9,In Progress,Progressing,Active,Reviewed
CNHS-SYN-2526-0203,SY 2025-2026,Grade 10,Term 2,94.7,99.0,95.9,95.4,89.7,86.9,89.6,93.7,93.11,0,0,0,86.9,8,Araling Panlipunan,Low Risk,No Recommendation,N/A,Independent,Classroom Summative,,,,93.6,In Progress,Progressing,Active,Reviewed
CNHS-SYN-2526-0203,SY 2025-2026,Grade 10,Term 3,92.0,91.4,92.7,93.8,94.3,86.9,93.9,88.3,91.66,0,0,0,86.9,8,Araling Panlipunan,Low Risk,No Recommendation,N/A,Independent,Classroom Summative,,,,91.2,N/A,N/A,Active,Reviewed
CNHS-SYN-2526-0204,SY 2025-2026,Grade 7,Term 1,74.2,77.4,78.9,77.2,77.5,83.7,76.8,81.5,78.4,1,1,0,74.2,8,English,Moderate Risk,No Recommendation,N/A,Instructional,Classroom Summative,,,,86.4,In Progress,Progressing,Active,Reviewed
CNHS-SYN-2526-0204,SY 2025-2026,Grade 7,Term 2,79.8,72.0,82.5,77.2,79.2,74.0,79.7,82.9,78.41,2,1,1,72.0,8,Filipino,High Risk,Classroom Remediation,N/A,N/A,Filipino Diagnostic Assessment,15.6,21.3,,65.8,In Progress,Progressing,In Progress,Approved
CNHS-SYN-2526-0204,SY 2025-2026,Grade 7,Term 3,85.8,79.8,82.8,78.6,71.8,81.9,77.0,81.4,79.89,1,0,1,71.8,8,Mapeh,Moderate Risk,Classroom Remediation,N/A,N/A,Mapeh Diagnostic Assessment,14.4,19.0,26.7,72.1,Needs Further Intervention,Limited Improvement,Needs Further Support,Approved
CNHS-SYN-2526-0205,SY 2025-2026,Grade 8,Term 1,63.5,68.5,61.5,60.0,71.0,69.5,64.9,60.1,64.88,8,2,6,60.0,8,Science,High Risk,ARAL Program (RA 12028),Plus,Instructional,Phil-IRI BOSY English,24.7,,,66.9,In Progress,Progressing,In Progress,Approved
CNHS-SYN-2526-0205,SY 2025-2026,Grade 8,Term 2,66.9,69.3,65.2,60.0,62.0,60.0,60.0,72.2,64.45,8,2,6,60.0,8,Science,High Risk,ARAL Program (RA 12028),Plus,Instructional,Phil-IRI BOSY English,21.7,26.5,,64.3,In Progress,Progressing,In Progress,Approved
CNHS-SYN-2526-0205,SY 2025-2026,Grade 8,Term 3,75.3,78.4,60.0,66.2,61.1,66.8,63.1,65.5,67.05,6,0,6,60.0,8,Mathematics,High Risk,ARAL Program (RA 12028),Plus,Instructional,Phil-IRI BOSY English,19.4,25.3,31.1,50.5,Promoted,Improved,Completed / Exited,Approved
CNHS-SYN-2526-0206,SY 2025-2026,Grade 9,Term 1,74.2,65.3,67.8,73.0,72.4,77.9,73.4,76.9,72.61,6,2,4,65.3,8,Filipino,High Risk,ARAL Program (RA 12028),Plus,Instructional,Phil-IRI BOSY English,23.9,,,67.7,In Progress,Progressing,In Progress,Approved
CNHS-SYN-2526-0206,SY 2025-2026,Grade 9,Term 2,71.0,77.9,71.7,69.7,76.3,70.1,74.2,72.4,72.91,6,1,5,69.7,8,Science,High Risk,ARAL Program (RA 12028),Plus,Instructional,Phil-IRI BOSY English,23.8,27.1,,60.0,In Progress,Progressing,In Progress,Approved
CNHS-SYN-2526-0206,SY 2025-2026,Grade 9,Term 3,84.4,78.4,71.2,70.4,75.4,70.9,75.7,73.3,74.96,4,0,4,70.4,8,Science,High Risk,ARAL Program (RA 12028),Plus,Instructional,Phil-IRI BOSY English,26.2,31.3,39.6,52.6,Promoted,Improved,Completed / Exited,Approved
CNHS-SYN-2526-0207,SY 2025-2026,Grade 10,Term 1,79.8,75.3,74.7,72.2,74.3,76.3,78.4,78.0,76.12,3,0,3,72.2,8,Science,High Risk,Classroom Remediation,N/A,N/A,Science Diagnostic Assessment,17.2,,,84.7,In Progress,Progressing,In Progress,Approved
CNHS-SYN-2526-0207,SY 2025-2026,Grade 10,Term 2,80.8,76.0,76.6,78.1,80.6,78.0,69.7,83.1,77.86,1,0,1,69.7,8,Tle,High Risk,Classroom Remediation,N/A,N/A,Tle Diagnostic Assessment,18.9,24.6,,76.6,In Progress,Progressing,In Progress,Approved
CNHS-SYN-2526-0207,SY 2025-2026,Grade 10,Term 3,76.3,77.9,71.5,70.6,76.6,72.9,75.6,69.7,73.89,4,0,4,69.7,8,Values Education,High Risk,Classroom Remediation,N/A,N/A,Values Education Diagnostic Assessment,14.7,19.7,27.6,72.2,Needs Further Intervention,Limited Improvement,Needs Further Support,Approved
CNHS-SYN-2526-0208,SY 2025-2026,Grade 7,Term 1,70.0,74.8,70.2,64.0,71.4,78.7,65.4,70.7,70.65,7,2,5,64.0,8,Science,High Risk,ARAL Program (RA 12028),Plus,Instructional,Phil-IRI BOSY English,20.3,,,66.1,In Progress,Progressing,In Progress,Approved
CNHS-SYN-2526-0208,SY 2025-2026,Grade 7,Term 2,77.9,74.2,62.1,71.7,78.8,72.4,73.3,68.9,72.41,6,1,5,62.1,8,Mathematics,High Risk,ARAL Program (RA 12028),Plus,Instructional,Phil-IRI BOSY English,19.9,24.6,,64.0,In Progress,Progressing,In Progress,Approved
CNHS-SYN-2526-0208,SY 2025-2026,Grade 7,Term 3,77.2,76.2,64.9,70.8,69.4,64.7,70.4,69.3,70.36,6,0,6,64.7,8,Araling Panlipunan,High Risk,ARAL Program (RA 12028),Plus,Instructional,Phil-IRI BOSY English,18.5,24.2,28.4,57.5,Promoted,Improved,Completed / Exited,Approved
CNHS-SYN-2526-0209,SY 2025-2026,Grade 8,Term 1,82.7,78.9,76.9,80.8,79.1,87.0,79.5,80.6,80.69,0,0,0,76.9,8,Mathematics,Moderate Risk,No Recommendation,N/A,Instructional,Classroom Summative,,,,91.2,In Progress,Progressing,Active,Reviewed
CNHS-SYN-2526-0209,SY 2025-2026,Grade 8,Term 2,83.3,83.7,83.5,82.0,81.6,81.2,78.5,82.1,81.99,0,0,0,78.5,8,Tle,Moderate Risk,No Recommendation,N/A,Instructional,Classroom Summative,,,,96.8,In Progress,Progressing,Active,Reviewed
CNHS-SYN-2526-0209,SY 2025-2026,Grade 8,Term 3,82.3,84.5,77.1,79.8,84.6,86.8,77.7,78.9,81.46,0,0,0,77.1,8,Mathematics,Moderate Risk,No Recommendation,N/A,Instructional,Classroom Summative,,,,92.4,N/A,N/A,Active,Reviewed
CNHS-SYN-2526-0210,SY 2025-2026,Grade 9,Term 1,66.3,67.9,60.2,65.0,70.1,65.9,64.5,70.5,66.3,8,2,6,60.2,8,Mathematics,High Risk,ARAL Program (RA 12028),Plus,Instructional,Phil-IRI BOSY English,23.1,,,62.2,In Progress,Progressing,In Progress,Approved
CNHS-SYN-2526-0210,SY 2025-2026,Grade 9,Term 2,69.6,63.3,60.0,68.3,60.0,62.4,60.0,68.1,63.96,8,2,6,60.0,8,Mathematics,High Risk,ARAL Program (RA 12028),Plus,Instructional,Phil-IRI BOSY English,20.3,26.9,,52.3,In Progress,Progressing,In Progress,Approved
CNHS-SYN-2526-0210,SY 2025-2026,Grade 9,Term 3,74.0,71.9,69.2,68.8,63.6,69.3,60.0,63.4,67.53,8,2,6,60.0,8,Tle,High Risk,ARAL Program (RA 12028),Plus,Instructional,Phil-IRI BOSY English,19.2,24.2,29.1,52.0,Promoted,Improved,Completed / Exited,Approved
CNHS-SYN-2526-0211,SY 2025-2026,Grade 10,Term 1,65.8,67.5,62.1,65.7,70.6,61.5,73.1,60.6,65.86,8,2,6,60.6,8,Values Education,High Risk,ARAL Program (RA 12028),Plus,Instructional,Phil-IRI BOSY English,20.8,,,63.8,In Progress,Progressing,In Progress,Approved
CNHS-SYN-2526-0211,SY 2025-2026,Grade 10,Term 2,68.0,69.1,60.0,66.1,66.0,70.1,71.1,65.2,66.95,8,2,6,60.0,8,Mathematics,High Risk,ARAL Program (RA 12028),Plus,Instructional,Phil-IRI BOSY English,18.6,24.4,,55.1,In Progress,Progressing,In Progress,Approved
CNHS-SYN-2526-0211,SY 2025-2026,Grade 10,Term 3,72.0,78.0,61.3,70.1,63.3,66.8,66.8,68.6,68.36,7,1,6,61.3,8,Mathematics,High Risk,ARAL Program (RA 12028),Plus,Instructional,Phil-IRI BOSY English,23.4,30.4,37.4,50.0,Promoted,Improved,Completed / Exited,Approved
CNHS-SYN-2526-0212,SY 2025-2026,Grade 7,Term 1,91.2,87.1,87.8,88.1,94.4,88.6,83.6,83.7,88.06,0,0,0,83.6,8,Tle,Low Risk,No Recommendation,N/A,Independent,Classroom Summative,,,,87.5,In Progress,Progressing,Active,Reviewed
CNHS-SYN-2526-0212,SY 2025-2026,Grade 7,Term 2,82.7,91.5,91.7,87.0,89.7,89.3,90.9,90.9,89.21,0,0,0,82.7,8,English,Low Risk,No Recommendation,N/A,Independent,Classroom Summative,,,,91.6,In Progress,Progressing,Active,Reviewed
CNHS-SYN-2526-0212,SY 2025-2026,Grade 7,Term 3,88.0,91.0,87.3,88.7,91.5,88.8,94.6,93.0,90.36,0,0,0,87.3,8,Mathematics,Low Risk,No Recommendation,N/A,Independent,Classroom Summative,,,,91.2,N/A,N/A,Active,Reviewed
CNHS-SYN-2526-0213,SY 2025-2026,Grade 8,Term 1,75.3,75.0,79.0,81.8,76.1,85.3,77.2,71.0,77.59,1,0,1,71.0,8,Values Education,Moderate Risk,Classroom Remediation,N/A,N/A,Values Education Diagnostic Assessment,17.0,,,76.5,In Progress,Progressing,In Progress,Approved
CNHS-SYN-2526-0213,SY 2025-2026,Grade 8,Term 2,73.7,72.6,79.5,78.8,80.9,74.9,81.0,70.8,76.53,4,2,2,70.8,8,Values Education,High Risk,Classroom Remediation,N/A,N/A,Values Education Diagnostic Assessment,17.7,23.2,,75.0,In Progress,Progressing,In Progress,Approved
CNHS-SYN-2526-0213,SY 2025-2026,Grade 8,Term 3,72.5,73.5,78.5,,74.1,70.8,73.9,80.9,74.89,5,2,3,70.8,7,Araling Panlipunan,High Risk,Classroom Remediation,N/A,N/A,Araling Panlipunan Diagnostic Assessment,17.4,22.7,28.6,85.1,Improved,Improved,Completed,Approved
CNHS-SYN-2526-0214,SY 2025-2026,Grade 9,Term 1,91.0,88.2,94.1,91.2,93.7,85.8,89.7,83.7,89.67,0,0,0,83.7,8,Values Education,Low Risk,No Recommendation,N/A,Independent,Classroom Summative,,,,91.9,In Progress,Progressing,Active,Reviewed
CNHS-SYN-2526-0214,SY 2025-2026,Grade 9,Term 2,90.6,88.9,89.2,84.9,91.6,94.4,86.2,90.6,89.55,0,0,0,84.9,8,Science,Low Risk,No Recommendation,N/A,Independent,Classroom Summative,,,,92.0,In Progress,Progressing,Active,Reviewed
CNHS-SYN-2526-0214,SY 2025-2026,Grade 9,Term 3,83.4,84.3,87.1,79.9,94.1,89.9,88.3,79.7,85.84,0,0,0,79.7,8,Values Education,Low Risk,No Recommendation,N/A,Independent,Classroom Summative,,,,92.0,N/A,N/A,Active,Reviewed
CNHS-SYN-2526-0215,SY 2025-2026,Grade 10,Term 1,78.8,83.4,77.0,76.7,85.1,79.6,83.8,76.7,80.14,0,0,0,76.7,8,Science,Moderate Risk,No Recommendation,N/A,Instructional,Classroom Summative,,,,93.1,In Progress,Progressing,Active,Reviewed
CNHS-SYN-2526-0215,SY 2025-2026,Grade 10,Term 2,80.3,79.1,76.4,79.5,77.7,83.3,78.6,73.5,78.55,1,0,1,73.5,8,Values Education,Moderate Risk,Classroom Remediation,N/A,N/A,Values Education Diagnostic Assessment,21.5,26.3,,79.5,In Progress,Progressing,In Progress,Approved
CNHS-SYN-2526-0215,SY 2025-2026,Grade 10,Term 3,79.1,78.3,80.1,80.1,68.6,78.2,81.2,86.0,78.95,1,0,1,68.6,8,Mapeh,High Risk,Classroom Remediation,N/A,N/A,Mapeh Diagnostic Assessment,23.7,29.6,37.1,85.6,Improved,Improved,Completed,Approved
CNHS-SYN-2526-0216,SY 2025-2026,Grade 7,Term 1,77.9,75.1,74.1,78.3,78.5,74.5,73.8,79.8,76.5,3,0,3,73.8,8,Tle,High Risk,Classroom Remediation,N/A,N/A,Tle Diagnostic Assessment,20.5,,,80.4,In Progress,Progressing,In Progress,Approved
CNHS-SYN-2526-0216,SY 2025-2026,Grade 7,Term 2,76.7,78.9,86.6,79.9,77.3,83.5,79.3,81.7,80.49,0,0,0,76.7,8,English,Moderate Risk,Classroom Remediation,N/A,N/A,English Diagnostic Assessment,19.6,24.7,,69.6,In Progress,Progressing,In Progress,Approved
CNHS-SYN-2526-0216,SY 2025-2026,Grade 7,Term 3,80.0,85.8,75.5,84.5,82.9,81.6,88.5,88.5,83.41,0,0,0,75.5,8,Mathematics,Moderate Risk,Classroom Remediation,N/A,N/A,Mathematics Diagnostic Assessment,14.3,20.8,28.2,80.3,Improved,Improved,Completed,Approved
CNHS-SYN-2526-0217,SY 2025-2026,Grade 8,Term 1,75.3,83.7,79.6,76.6,87.4,83.1,79.8,76.7,80.28,0,0,0,75.3,8,English,Moderate Risk,Classroom Remediation,N/A,N/A,English Diagnostic Assessment,15.3,,,75.4,In Progress,Progressing,In Progress,Approved
CNHS-SYN-2526-0217,SY 2025-2026,Grade 8,Term 2,81.7,88.6,86.1,80.5,80.0,82.6,84.2,91.9,84.45,0,0,0,80.0,8,Mapeh,Low Risk,Classroom Remediation,N/A,N/A,Mapeh Diagnostic Assessment,17.9,23.6,,75.1,In Progress,Progressing,In Progress,Approved
CNHS-SYN-2526-0217,SY 2025-2026,Grade 8,Term 3,87.1,84.3,89.9,94.7,91.8,97.7,83.2,93.7,90.3,0,0,0,83.2,8,Tle,Low Risk,Classroom Remediation,N/A,N/A,Tle Diagnostic Assessment,20.2,26.8,33.2,81.9,Improved,Improved,Completed,Approved
CNHS-SYN-2526-0218,SY 2025-2026,Grade 9,Term 1,90.1,93.0,93.2,,83.8,90.4,90.6,91.7,90.4,0,0,0,83.8,7,Mapeh,Low Risk,No Recommendation,N/A,Independent,Classroom Summative,,,,94.8,In Progress,Progressing,Active,Reviewed
CNHS-SYN-2526-0218,SY 2025-2026,Grade 9,Term 2,90.7,88.8,89.8,85.4,91.7,82.5,84.2,86.8,87.49,0,0,0,82.5,8,Araling Panlipunan,Low Risk,No Recommendation,N/A,Independent,Classroom Summative,,,,96.2,In Progress,Progressing,Active,Reviewed
CNHS-SYN-2526-0218,SY 2025-2026,Grade 9,Term 3,84.2,96.1,96.4,83.4,78.1,87.8,92.6,94.5,89.14,0,0,0,78.1,8,Mapeh,Low Risk,No Recommendation,N/A,Independent,Classroom Summative,,,,99.0,N/A,N/A,Active,Reviewed
CNHS-SYN-2526-0219,SY 2025-2026,Grade 10,Term 1,68.2,66.8,60.0,69.5,68.1,60.0,60.0,70.2,65.35,8,2,6,60.0,8,Mathematics,High Risk,Classroom Remediation,N/A,N/A,Mathematics Diagnostic Assessment,20.8,,,77.6,In Progress,Progressing,In Progress,Approved
CNHS-SYN-2526-0219,SY 2025-2026,Grade 10,Term 2,60.0,70.5,67.7,64.7,64.9,67.5,61.6,67.4,65.54,8,2,6,60.0,8,English,High Risk,Classroom Remediation,N/A,N/A,English Diagnostic Assessment,21.5,28.5,,86.2,In Progress,Progressing,In Progress,Approved
CNHS-SYN-2526-0219,SY 2025-2026,Grade 10,Term 3,63.2,63.8,60.0,63.7,67.9,66.8,60.0,66.9,64.04,8,2,6,60.0,8,Mathematics,High Risk,Classroom Remediation,N/A,N/A,Mathematics Diagnostic Assessment,16.5,21.4,27.4,73.0,Needs Further Intervention,Limited Improvement,Needs Further Support,Approved
CNHS-SYN-2526-0220,SY 2025-2026,Grade 7,Term 1,95.8,90.1,92.7,82.5,82.6,94.8,89.4,89.4,89.66,0,0,0,82.5,8,Science,Low Risk,No Recommendation,N/A,Independent,Classroom Summative,,,,92.4,In Progress,Progressing,Active,Reviewed
CNHS-SYN-2526-0220,SY 2025-2026,Grade 7,Term 2,85.5,94.8,99.0,91.0,86.5,78.9,82.3,95.2,89.15,0,0,0,78.9,8,Araling Panlipunan,Low Risk,No Recommendation,N/A,Independent,Classroom Summative,,,,90.5,In Progress,Progressing,Active,Reviewed
CNHS-SYN-2526-0220,SY 2025-2026,Grade 7,Term 3,92.7,96.0,88.3,87.4,89.3,86.5,86.7,90.7,89.7,0,0,0,86.5,8,Araling Panlipunan,Low Risk,No Recommendation,N/A,Independent,Classroom Summative,,,,100.0,N/A,N/A,Active,Reviewed
CNHS-SYN-2526-0221,SY 2025-2026,Grade 8,Term 1,62.2,66.7,69.3,67.4,76.9,73.0,72.0,70.3,69.73,7,2,5,62.2,8,English,High Risk,Classroom Remediation,N/A,N/A,English Diagnostic Assessment,22.3,,,75.2,In Progress,Progressing,In Progress,Approved
CNHS-SYN-2526-0221,SY 2025-2026,Grade 8,Term 2,67.4,70.1,61.9,65.2,67.6,66.5,70.7,81.0,68.8,7,2,5,61.9,8,Mathematics,High Risk,Classroom Remediation,N/A,N/A,Mathematics Diagnostic Assessment,21.1,27.7,,73.3,In Progress,Progressing,In Progress,Approved
CNHS-SYN-2526-0221,SY 2025-2026,Grade 8,Term 3,67.0,66.9,64.7,75.2,64.3,66.8,69.8,70.8,68.19,7,2,5,64.3,8,Mapeh,High Risk,Classroom Remediation,N/A,N/A,Mapeh Diagnostic Assessment,14.5,21.1,25.3,82.6,Needs Further Intervention,Limited Improvement,Needs Further Support,Approved
CNHS-SYN-2526-0222,SY 2025-2026,Grade 9,Term 1,99.0,85.9,96.9,97.8,91.2,91.8,89.3,91.5,92.93,0,0,0,85.9,8,Filipino,Low Risk,No Recommendation,N/A,Independent,Classroom Summative,,,,89.3,In Progress,Progressing,Active,Reviewed
CNHS-SYN-2526-0222,SY 2025-2026,Grade 9,Term 2,93.6,95.4,93.8,99.0,92.0,94.9,91.2,91.2,93.89,0,0,0,91.2,8,Tle,Low Risk,No Recommendation,N/A,Independent,Classroom Summative,,,,85.7,In Progress,Progressing,Active,Reviewed
CNHS-SYN-2526-0222,SY 2025-2026,Grade 9,Term 3,91.7,97.3,99.0,86.4,91.4,88.1,92.5,97.9,93.04,0,0,0,86.4,8,Science,Low Risk,No Recommendation,N/A,Independent,Classroom Summative,,,,91.8,N/A,N/A,Active,Reviewed
CNHS-SYN-2526-0223,SY 2025-2026,Grade 10,Term 1,73.9,78.9,79.2,70.9,77.1,75.9,78.6,79.7,76.78,2,1,1,70.9,8,Science,High Risk,Classroom Remediation,N/A,N/A,Science Diagnostic Assessment,19.2,,,71.4,In Progress,Progressing,In Progress,Approved
CNHS-SYN-2526-0223,SY 2025-2026,Grade 10,Term 2,68.1,78.4,73.0,82.5,80.7,81.3,84.6,76.8,78.17,2,1,1,68.1,8,English,High Risk,Classroom Remediation,N/A,N/A,English Diagnostic Assessment,21.0,25.1,,77.5,In Progress,Progressing,In Progress,Approved
CNHS-SYN-2526-0223,SY 2025-2026,Grade 10,Term 3,82.5,86.1,78.8,86.1,82.4,84.8,83.3,81.9,83.24,0,0,0,78.8,8,Mathematics,Moderate Risk,Classroom Remediation,N/A,N/A,Mathematics Diagnostic Assessment,21.7,28.4,32.7,74.9,Improved,Improved,Completed,Approved
CNHS-SYN-2526-0224,SY 2025-2026,Grade 7,Term 1,89.6,97.5,95.0,86.7,88.7,94.7,93.9,85.9,91.5,0,0,0,85.9,8,Values Education,Low Risk,No Recommendation,N/A,Independent,Classroom Summative,,,,92.8,In Progress,Progressing,Active,Reviewed
CNHS-SYN-2526-0224,SY 2025-2026,Grade 7,Term 2,88.8,99.0,94.1,89.9,94.9,88.7,94.2,83.5,91.64,0,0,0,83.5,8,Values Education,Low Risk,No Recommendation,N/A,Independent,Classroom Summative,,,,96.2,In Progress,Progressing,Active,Reviewed
CNHS-SYN-2526-0224,SY 2025-2026,Grade 7,Term 3,97.1,87.7,89.6,92.4,87.7,89.1,93.7,88.0,90.66,0,0,0,87.7,8,Filipino,Low Risk,No Recommendation,N/A,Independent,Classroom Summative,,,,86.8,N/A,N/A,Active,Reviewed
CNHS-SYN-2526-0225,SY 2025-2026,Grade 8,Term 1,74.6,76.7,63.8,71.3,66.5,69.1,77.5,68.5,71.0,6,1,5,63.8,8,Mathematics,High Risk,Classroom Remediation,N/A,N/A,Mathematics Diagnostic Assessment,19.7,,,75.8,In Progress,Progressing,In Progress,Approved
CNHS-SYN-2526-0225,SY 2025-2026,Grade 8,Term 2,67.9,65.4,71.5,75.1,64.7,78.7,64.6,75.5,70.42,5,2,3,64.6,8,Tle,High Risk,Classroom Remediation,N/A,N/A,Tle Diagnostic Assessment,19.6,24.4,,79.0,In Progress,Progressing,In Progress,Approved
CNHS-SYN-2526-0225,SY 2025-2026,Grade 8,Term 3,64.4,67.1,64.9,65.5,67.0,65.7,68.6,72.0,66.9,8,2,6,64.4,8,English,High Risk,Classroom Remediation,N/A,N/A,English Diagnostic Assessment,16.5,21.5,29.3,78.0,Improved,Improved,Completed,Approved
CNHS-SYN-2526-0226,SY 2025-2026,Grade 9,Term 1,89.6,95.1,83.9,94.1,90.9,89.1,90.1,90.4,90.4,0,0,0,83.9,8,Mathematics,Low Risk,No Recommendation,N/A,Independent,Classroom Summative,,,,100.0,In Progress,Progressing,Active,Reviewed
CNHS-SYN-2526-0226,SY 2025-2026,Grade 9,Term 2,97.5,90.3,93.9,93.7,87.3,86.0,90.8,94.2,91.71,0,0,0,86.0,8,Araling Panlipunan,Low Risk,No Recommendation,N/A,Independent,Classroom Summative,,,,89.1,In Progress,Progressing,Active,Reviewed
CNHS-SYN-2526-0226,SY 2025-2026,Grade 9,Term 3,94.9,92.8,97.1,85.4,99.0,84.9,82.9,90.8,90.97,0,0,0,82.9,8,Tle,Low Risk,No Recommendation,N/A,Independent,Classroom Summative,,,,91.8,N/A,N/A,Active,Reviewed
CNHS-SYN-2526-0227,SY 2025-2026,Grade 10,Term 1,84.4,79.2,76.0,72.3,78.4,74.0,73.7,81.2,77.4,3,0,3,72.3,8,Science,High Risk,Classroom Remediation,N/A,N/A,Science Diagnostic Assessment,20.9,,,72.8,In Progress,Progressing,In Progress,Approved
CNHS-SYN-2526-0227,SY 2025-2026,Grade 10,Term 2,87.4,80.3,75.8,78.4,84.0,80.7,82.2,83.5,81.54,0,0,0,75.8,8,Mathematics,Moderate Risk,Classroom Remediation,N/A,N/A,Mathematics Diagnostic Assessment,20.3,24.4,,75.9,In Progress,Progressing,In Progress,Approved
CNHS-SYN-2526-0227,SY 2025-2026,Grade 10,Term 3,82.8,86.6,87.1,90.6,87.3,79.6,80.8,87.9,85.34,0,0,0,79.6,8,Araling Panlipunan,Low Risk,Classroom Remediation,N/A,N/A,Araling Panlipunan Diagnostic Assessment,18.4,24.0,30.4,78.8,Improved,Improved,Completed,Approved
CNHS-SYN-2526-0228,SY 2025-2026,Grade 7,Term 1,83.6,72.4,79.8,77.1,78.9,81.8,76.1,81.2,78.86,1,1,0,72.4,8,Filipino,Moderate Risk,Classroom Remediation,N/A,N/A,Filipino Diagnostic Assessment,20.7,,,74.2,In Progress,Progressing,In Progress,Approved
CNHS-SYN-2526-0228,SY 2025-2026,Grade 7,Term 2,84.7,81.0,83.8,84.0,82.6,78.3,81.5,81.2,82.14,0,0,0,78.3,8,Araling Panlipunan,Moderate Risk,Classroom Remediation,N/A,N/A,Araling Panlipunan Diagnostic Assessment,21.1,25.3,,84.7,In Progress,Progressing,In Progress,Approved
CNHS-SYN-2526-0228,SY 2025-2026,Grade 7,Term 3,87.6,91.3,84.2,89.7,86.7,96.4,82.9,91.0,88.72,0,0,0,82.9,8,Tle,Low Risk,Classroom Remediation,N/A,N/A,Tle Diagnostic Assessment,16.0,22.1,27.7,74.5,Needs Further Intervention,Limited Improvement,Needs Further Support,Approved
CNHS-SYN-2526-0229,SY 2025-2026,Grade 8,Term 1,85.0,95.0,89.1,90.1,99.0,85.7,86.7,89.5,90.01,0,0,0,85.0,8,English,Low Risk,No Recommendation,N/A,Independent,Classroom Summative,,,,95.5,In Progress,Progressing,Active,Reviewed
CNHS-SYN-2526-0229,SY 2025-2026,Grade 8,Term 2,89.0,93.8,87.2,82.3,88.6,83.3,95.6,83.4,87.9,0,0,0,82.3,8,Science,Low Risk,No Recommendation,N/A,Independent,Classroom Summative,,,,93.7,In Progress,Progressing,Active,Reviewed
CNHS-SYN-2526-0229,SY 2025-2026,Grade 8,Term 3,88.8,85.1,99.0,85.6,88.8,88.7,92.4,91.4,89.97,0,0,0,85.1,8,Filipino,Low Risk,No Recommendation,N/A,Independent,Classroom Summative,,,,90.7,N/A,N/A,Active,Reviewed
CNHS-SYN-2526-0230,SY 2025-2026,Grade 9,Term 1,85.5,88.5,82.8,80.7,82.4,82.0,84.3,82.0,83.53,0,0,0,80.7,8,Science,Low Risk,No Recommendation,N/A,Independent,Classroom Summative,,,,88.9,In Progress,Progressing,Active,Reviewed
CNHS-SYN-2526-0230,SY 2025-2026,Grade 9,Term 2,84.9,86.9,91.4,86.8,85.5,80.2,81.3,80.8,84.72,0,0,0,80.2,8,Araling Panlipunan,Low Risk,No Recommendation,N/A,Independent,Classroom Summative,,,,94.1,In Progress,Progressing,Active,Reviewed
CNHS-SYN-2526-0230,SY 2025-2026,Grade 9,Term 3,85.1,86.2,84.1,82.4,87.7,84.8,94.2,90.9,86.93,0,0,0,82.4,8,Science,Low Risk,No Recommendation,N/A,Independent,Classroom Summative,,,,94.7,N/A,N/A,Active,Reviewed
CNHS-SYN-2526-0231,SY 2025-2026,Grade 10,Term 1,78.7,78.2,87.4,73.9,86.9,78.8,74.0,76.6,79.31,2,0,2,73.9,8,Science,High Risk,Classroom Remediation,N/A,N/A,Science Diagnostic Assessment,14.6,,,83.7,In Progress,Progressing,In Progress,Approved
CNHS-SYN-2526-0231,SY 2025-2026,Grade 10,Term 2,77.9,75.2,96.2,81.9,84.2,82.8,80.7,86.1,83.12,0,0,0,75.2,8,Filipino,Moderate Risk,Classroom Remediation,N/A,N/A,Filipino Diagnostic Assessment,14.0,19.5,,69.6,In Progress,Progressing,In Progress,Approved
CNHS-SYN-2526-0231,SY 2025-2026,Grade 10,Term 3,85.5,96.0,83.5,86.4,93.4,94.0,86.1,90.1,89.38,0,0,0,83.5,8,Mathematics,Low Risk,Classroom Remediation,N/A,N/A,Mathematics Diagnostic Assessment,19.9,24.0,28.7,63.9,Improved,Improved,Completed,Approved
CNHS-SYN-2526-0232,SY 2025-2026,Grade 7,Term 1,75.9,76.8,80.9,81.6,78.2,82.9,78.8,77.1,79.03,0,0,0,75.9,8,English,Moderate Risk,Classroom Remediation,N/A,N/A,English Diagnostic Assessment,17.2,,,72.9,In Progress,Progressing,In Progress,Approved
CNHS-SYN-2526-0232,SY 2025-2026,Grade 7,Term 2,72.9,89.8,86.3,84.6,79.8,81.1,86.6,77.2,82.29,1,1,0,72.9,8,English,Moderate Risk,Classroom Remediation,N/A,N/A,English Diagnostic Assessment,21.8,26.1,,75.7,In Progress,Progressing,In Progress,Approved
CNHS-SYN-2526-0232,SY 2025-2026,Grade 7,Term 3,86.5,83.6,83.7,88.4,91.4,84.5,76.4,86.9,85.18,0,0,0,76.4,8,Tle,Low Risk,Classroom Remediation,N/A,N/A,Tle Diagnostic Assessment,20.1,24.2,29.3,82.8,Improved,Improved,Completed,Approved
CNHS-SYN-2526-0233,SY 2025-2026,Grade 8,Term 1,71.0,70.9,78.6,69.4,77.7,75.8,79.7,75.2,74.79,3,2,1,69.4,8,Science,High Risk,Classroom Remediation,N/A,N/A,Science Diagnostic Assessment,14.6,,,80.4,In Progress,Progressing,In Progress,Approved
CNHS-SYN-2526-0233,SY 2025-2026,Grade 8,Term 2,78.8,79.8,77.9,72.2,83.2,,82.9,84.4,79.89,1,0,1,72.2,7,Science,Moderate Risk,Classroom Remediation,N/A,N/A,Science Diagnostic Assessment,15.7,21.1,,85.8,In Progress,Progressing,In Progress,Approved
CNHS-SYN-2526-0233,SY 2025-2026,Grade 8,Term 3,86.6,86.5,78.4,80.5,80.8,84.2,70.4,85.8,81.65,1,0,1,70.4,8,Tle,Moderate Risk,Classroom Remediation,N/A,N/A,Tle Diagnostic Assessment,20.1,25.7,31.7,80.6,Improved,Improved,Completed,Approved
CNHS-SYN-2526-0234,SY 2025-2026,Grade 9,Term 1,76.3,74.8,71.9,77.5,78.6,71.0,70.3,79.3,74.96,4,1,3,70.3,8,Tle,High Risk,Classroom Remediation,N/A,N/A,Tle Diagnostic Assessment,15.8,,,81.7,In Progress,Progressing,In Progress,Approved
CNHS-SYN-2526-0234,SY 2025-2026,Grade 9,Term 2,84.2,71.7,82.8,84.5,81.2,78.4,81.5,84.6,81.11,1,1,0,71.7,8,Filipino,Moderate Risk,Classroom Remediation,N/A,N/A,Filipino Diagnostic Assessment,16.0,22.1,,92.5,In Progress,Progressing,In Progress,Approved
CNHS-SYN-2526-0234,SY 2025-2026,Grade 9,Term 3,89.6,84.9,74.3,85.2,82.5,80.8,82.4,80.5,82.53,1,0,1,74.3,8,Mathematics,Moderate Risk,Classroom Remediation,N/A,N/A,Mathematics Diagnostic Assessment,19.9,24.0,28.4,75.1,Improved,Improved,Completed,Approved
CNHS-SYN-2526-0235,SY 2025-2026,Grade 10,Term 1,82.5,73.5,80.7,77.6,75.1,77.4,76.3,76.7,77.47,1,1,0,73.5,8,Filipino,Moderate Risk,Classroom Remediation,N/A,N/A,Filipino Diagnostic Assessment,21.1,,,82.2,In Progress,Progressing,In Progress,Approved
CNHS-SYN-2526-0235,SY 2025-2026,Grade 10,Term 2,74.1,83.2,72.3,79.6,85.6,71.6,77.9,78.5,77.85,3,1,2,71.6,8,Araling Panlipunan,High Risk,Classroom Remediation,N/A,N/A,Araling Panlipunan Diagnostic Assessment,18.6,24.0,,71.9,In Progress,Progressing,In Progress,Approved
CNHS-SYN-2526-0235,SY 2025-2026,Grade 10,Term 3,80.9,78.4,81.3,84.7,86.8,81.8,88.9,77.8,82.57,0,0,0,77.8,8,Values Education,Moderate Risk,Classroom Remediation,N/A,N/A,Values Education Diagnostic Assessment,14.1,21.1,27.5,81.2,Needs Further Intervention,Limited Improvement,Needs Further Support,Approved
CNHS-SYN-2526-0236,SY 2025-2026,Grade 7,Term 1,99.0,97.0,97.6,80.2,91.7,96.9,96.2,87.6,93.28,0,0,0,80.2,8,Science,Low Risk,No Recommendation,N/A,Independent,Classroom Summative,,,,81.9,In Progress,Progressing,Active,Reviewed
CNHS-SYN-2526-0236,SY 2025-2026,Grade 7,Term 2,96.6,87.4,98.0,97.2,90.6,94.6,91.6,93.5,93.69,0,0,0,87.4,8,Filipino,Low Risk,No Recommendation,N/A,Independent,Classroom Summative,,,,94.5,In Progress,Progressing,Active,Reviewed
CNHS-SYN-2526-0236,SY 2025-2026,Grade 7,Term 3,88.4,87.6,93.0,91.6,93.6,89.9,99.0,93.1,92.03,0,0,0,87.6,8,Filipino,Low Risk,No Recommendation,N/A,Independent,Classroom Summative,,,,92.8,N/A,N/A,Active,Reviewed
CNHS-SYN-2526-0237,SY 2025-2026,Grade 8,Term 1,68.1,74.9,74.8,78.7,76.4,78.7,71.4,76.3,74.91,4,2,2,68.1,8,English,High Risk,Classroom Remediation,N/A,N/A,English Diagnostic Assessment,15.1,,,79.7,In Progress,Progressing,In Progress,Approved
CNHS-SYN-2526-0237,SY 2025-2026,Grade 8,Term 2,73.4,81.3,73.5,74.3,80.6,82.7,78.9,75.8,77.56,3,1,2,73.4,8,English,High Risk,Classroom Remediation,N/A,N/A,English Diagnostic Assessment,15.7,19.7,,93.3,In Progress,Progressing,In Progress,Approved
CNHS-SYN-2526-0237,SY 2025-2026,Grade 8,Term 3,80.1,79.4,82.7,81.9,81.0,81.9,83.5,81.4,81.49,0,0,0,79.4,8,Filipino,Moderate Risk,Classroom Remediation,N/A,N/A,Filipino Diagnostic Assessment,19.6,24.1,31.0,84.6,Improved,Improved,Completed,Approved
CNHS-SYN-2526-0238,SY 2025-2026,Grade 9,Term 1,73.9,72.9,80.0,78.8,75.4,70.2,78.6,73.7,75.44,4,2,2,70.2,8,Araling Panlipunan,High Risk,Classroom Remediation,N/A,N/A,Araling Panlipunan Diagnostic Assessment,20.3,,,80.6,In Progress,Progressing,In Progress,Approved
CNHS-SYN-2526-0238,SY 2025-2026,Grade 9,Term 2,80.7,72.7,84.7,78.1,83.0,85.2,76.3,76.7,79.68,1,1,0,72.7,8,Filipino,Moderate Risk,Classroom Remediation,N/A,N/A,Filipino Diagnostic Assessment,14.1,19.4,,80.4,In Progress,Progressing,In Progress,Approved
CNHS-SYN-2526-0238,SY 2025-2026,Grade 9,Term 3,75.8,87.3,80.5,84.7,87.8,91.9,82.3,84.7,84.38,0,0,0,75.8,8,English,Low Risk,Classroom Remediation,N/A,N/A,English Diagnostic Assessment,16.1,22.3,29.0,91.8,Improved,Improved,Completed,Approved
CNHS-SYN-2526-0239,SY 2025-2026,Grade 10,Term 1,61.5,60.9,60.0,65.1,65.8,65.8,60.2,60.0,62.41,8,2,6,60.0,8,Mathematics,High Risk,Classroom Remediation,N/A,N/A,Mathematics Diagnostic Assessment,14.4,,,88.0,In Progress,Progressing,In Progress,Approved
CNHS-SYN-2526-0239,SY 2025-2026,Grade 10,Term 2,60.0,64.7,65.2,67.1,62.7,69.2,64.1,64.6,64.7,8,2,6,60.0,8,English,High Risk,Classroom Remediation,N/A,N/A,English Diagnostic Assessment,23.5,30.2,,79.2,In Progress,Progressing,In Progress,Approved
CNHS-SYN-2526-0239,SY 2025-2026,Grade 10,Term 3,63.2,62.3,64.8,63.3,60.0,66.3,60.8,60.0,62.59,8,2,6,60.0,8,Mapeh,High Risk,Classroom Remediation,N/A,N/A,Mapeh Diagnostic Assessment,16.7,22.7,30.2,76.1,Improved,Improved,Completed,Approved
CNHS-SYN-2526-0240,SY 2025-2026,Grade 7,Term 1,63.3,64.2,,71.4,67.0,74.3,61.3,60.0,65.93,7,2,5,60.0,7,Values Education,High Risk,Classroom Remediation,N/A,N/A,Values Education Diagnostic Assessment,15.0,,,76.8,In Progress,Progressing,In Progress,Approved
CNHS-SYN-2526-0240,SY 2025-2026,Grade 7,Term 2,62.2,60.0,60.0,68.6,69.5,68.8,63.8,60.0,64.11,8,2,6,60.0,8,Filipino,High Risk,Classroom Remediation,N/A,N/A,Filipino Diagnostic Assessment,17.6,21.6,,77.9,In Progress,Progressing,In Progress,Approved
CNHS-SYN-2526-0240,SY 2025-2026,Grade 7,Term 3,60.0,60.0,66.1,60.6,64.4,68.3,68.1,67.6,64.39,8,2,6,60.0,8,English,High Risk,Classroom Remediation,N/A,N/A,English Diagnostic Assessment,20.6,26.7,33.7,68.8,Improved,Improved,Completed,Approved
CNHS-SYN-2526-0241,SY 2025-2026,Grade 8,Term 1,85.6,86.2,91.2,84.9,86.4,89.3,79.8,84.5,85.99,0,0,0,79.8,8,Tle,Low Risk,No Recommendation,N/A,Independent,Classroom Summative,,,,92.3,In Progress,Progressing,Active,Reviewed
CNHS-SYN-2526-0241,SY 2025-2026,Grade 8,Term 2,91.7,79.6,80.0,88.7,89.1,84.9,87.3,88.6,86.24,0,0,0,79.6,8,Filipino,Low Risk,No Recommendation,N/A,Independent,Classroom Summative,,,,89.2,In Progress,Progressing,Active,Reviewed
CNHS-SYN-2526-0241,SY 2025-2026,Grade 8,Term 3,86.6,89.5,82.1,84.9,84.7,87.3,85.6,83.5,85.53,0,0,0,82.1,8,Mathematics,Low Risk,No Recommendation,N/A,Independent,Classroom Summative,,,,89.8,N/A,N/A,Active,Reviewed
CNHS-SYN-2526-0242,SY 2025-2026,Grade 9,Term 1,64.0,65.1,66.4,74.5,63.2,60.0,62.0,63.4,64.83,8,2,6,60.0,8,Araling Panlipunan,High Risk,Classroom Remediation,N/A,N/A,Araling Panlipunan Diagnostic Assessment,15.3,,,80.5,In Progress,Progressing,In Progress,Approved
CNHS-SYN-2526-0242,SY 2025-2026,Grade 9,Term 2,71.3,61.3,60.0,70.4,60.0,63.2,68.3,65.8,65.04,8,2,6,60.0,8,Mathematics,High Risk,Classroom Remediation,N/A,N/A,Mathematics Diagnostic Assessment,19.0,23.4,,78.1,In Progress,Progressing,In Progress,Approved
CNHS-SYN-2526-0242,SY 2025-2026,Grade 9,Term 3,60.0,60.0,60.9,67.8,67.6,63.0,60.0,67.9,63.4,8,2,6,60.0,8,English,High Risk,Classroom Remediation,N/A,N/A,English Diagnostic Assessment,19.5,26.1,32.5,78.8,Improved,Improved,Completed,Approved
CNHS-SYN-2526-0243,SY 2025-2026,Grade 10,Term 1,60.0,61.8,60.0,77.2,76.4,71.9,70.9,64.1,67.79,6,2,4,60.0,8,English,High Risk,Classroom Remediation,N/A,N/A,English Diagnostic Assessment,22.1,,,69.2,In Progress,Progressing,In Progress,Approved
CNHS-SYN-2526-0243,SY 2025-2026,Grade 10,Term 2,71.8,66.0,60.0,66.6,65.2,69.8,71.2,68.3,67.36,8,2,6,60.0,8,Mathematics,High Risk,Classroom Remediation,N/A,N/A,Mathematics Diagnostic Assessment,14.1,18.7,,93.2,In Progress,Progressing,In Progress,Approved
CNHS-SYN-2526-0243,SY 2025-2026,Grade 10,Term 3,64.0,62.7,62.8,69.5,63.5,71.5,62.7,71.0,65.96,8,2,6,62.7,8,Filipino,High Risk,Classroom Remediation,N/A,N/A,Filipino Diagnostic Assessment,19.4,25.1,30.5,72.6,Improved,Improved,Completed,Approved
CNHS-SYN-2526-0244,SY 2025-2026,Grade 7,Term 1,69.2,63.9,76.5,70.1,64.4,67.0,65.2,71.6,68.49,7,2,5,63.9,8,Filipino,High Risk,Classroom Remediation,N/A,N/A,Filipino Diagnostic Assessment,16.2,,,84.2,In Progress,Progressing,In Progress,Approved
CNHS-SYN-2526-0244,SY 2025-2026,Grade 7,Term 2,71.4,68.0,67.2,71.6,63.9,61.1,70.2,64.4,67.23,8,2,6,61.1,8,Araling Panlipunan,High Risk,Classroom Remediation,N/A,N/A,Araling Panlipunan Diagnostic Assessment,19.2,23.2,,82.2,In Progress,Progressing,In Progress,Approved
CNHS-SYN-2526-0244,SY 2025-2026,Grade 7,Term 3,66.7,64.1,68.0,66.0,67.6,78.9,69.2,70.2,68.84,7,2,5,64.1,8,Filipino,High Risk,Classroom Remediation,N/A,N/A,Filipino Diagnostic Assessment,23.3,29.0,35.3,79.1,Improved,Improved,Completed,Approved
CNHS-SYN-2526-0245,SY 2025-2026,Grade 8,Term 1,78.2,71.0,73.3,75.2,68.5,78.7,71.6,73.5,73.75,5,1,4,68.5,8,Mapeh,High Risk,Classroom Remediation,N/A,N/A,Mapeh Diagnostic Assessment,19.1,,,77.7,In Progress,Progressing,In Progress,Approved
CNHS-SYN-2526-0245,SY 2025-2026,Grade 8,Term 2,78.2,81.7,80.0,80.2,76.7,83.7,,83.3,80.54,0,0,0,76.7,7,Mapeh,Moderate Risk,Classroom Remediation,N/A,N/A,Mapeh Diagnostic Assessment,16.8,22.3,,80.2,In Progress,Progressing,In Progress,Approved
CNHS-SYN-2526-0245,SY 2025-2026,Grade 8,Term 3,82.1,84.9,86.9,79.1,83.3,87.8,82.3,84.6,83.88,0,0,0,79.1,8,Science,Low Risk,Classroom Remediation,N/A,N/A,Science Diagnostic Assessment,17.7,24.0,30.1,79.5,Improved,Improved,Completed,Approved
CNHS-SYN-2526-0246,SY 2025-2026,Grade 9,Term 1,81.6,88.8,80.2,76.2,79.8,78.7,81.7,80.1,80.89,0,0,0,76.2,8,Science,Moderate Risk,Classroom Remediation,N/A,N/A,Science Diagnostic Assessment,19.7,,,78.4,In Progress,Progressing,In Progress,Approved
CNHS-SYN-2526-0246,SY 2025-2026,Grade 9,Term 2,88.1,85.1,86.4,87.0,81.4,82.4,90.2,83.4,85.5,0,0,0,81.4,8,Mapeh,Low Risk,Classroom Remediation,N/A,N/A,Mapeh Diagnostic Assessment,23.5,28.8,,87.2,In Progress,Progressing,In Progress,Approved
CNHS-SYN-2526-0246,SY 2025-2026,Grade 9,Term 3,94.1,92.1,93.5,85.7,91.8,79.8,88.6,91.5,89.64,0,0,0,79.8,8,Araling Panlipunan,Low Risk,Classroom Remediation,N/A,N/A,Araling Panlipunan Diagnostic Assessment,18.1,24.9,29.6,83.7,Improved,Improved,Completed,Approved
CNHS-SYN-2526-0247,SY 2025-2026,Grade 10,Term 1,79.7,84.8,79.2,76.3,77.4,78.1,84.9,80.4,80.1,0,0,0,76.3,8,Science,Moderate Risk,Classroom Remediation,N/A,N/A,Science Diagnostic Assessment,14.7,,,80.8,In Progress,Progressing,In Progress,Approved
CNHS-SYN-2526-0247,SY 2025-2026,Grade 10,Term 2,88.5,83.6,88.1,78.2,82.0,89.1,81.5,88.2,84.9,0,0,0,78.2,8,Science,Low Risk,Classroom Remediation,N/A,N/A,Science Diagnostic Assessment,23.3,27.4,,74.7,In Progress,Progressing,In Progress,Approved
CNHS-SYN-2526-0247,SY 2025-2026,Grade 10,Term 3,85.0,86.7,93.6,88.6,87.2,93.1,94.7,93.1,90.25,0,0,0,85.0,8,English,Low Risk,Classroom Remediation,N/A,N/A,English Diagnostic Assessment,18.0,24.5,31.2,76.7,Improved,Improved,Completed,Approved
CNHS-SYN-2526-0248,SY 2025-2026,Grade 7,Term 1,77.0,75.0,72.0,80.5,75.2,83.5,71.5,76.4,76.39,2,0,2,71.5,8,Tle,High Risk,Classroom Remediation,N/A,N/A,Tle Diagnostic Assessment,14.6,,,78.7,In Progress,Progressing,In Progress,Approved
CNHS-SYN-2526-0248,SY 2025-2026,Grade 7,Term 2,76.1,72.4,80.2,72.8,84.1,74.8,78.5,75.3,76.78,3,1,2,72.4,8,Filipino,High Risk,Classroom Remediation,N/A,N/A,Filipino Diagnostic Assessment,15.4,21.2,,80.0,In Progress,Progressing,In Progress,Approved
CNHS-SYN-2526-0248,SY 2025-2026,Grade 7,Term 3,83.1,80.8,90.5,81.2,78.1,85.0,90.7,85.3,84.34,0,0,0,78.1,8,Mapeh,Low Risk,Classroom Remediation,N/A,N/A,Mapeh Diagnostic Assessment,20.4,24.6,32.5,77.0,Improved,Improved,Completed,Approved
CNHS-SYN-2526-0249,SY 2025-2026,Grade 8,Term 1,79.1,77.8,81.2,71.2,73.2,76.4,71.7,75.8,75.8,3,0,3,71.2,8,Science,High Risk,Classroom Remediation,N/A,N/A,Science Diagnostic Assessment,22.2,,,79.5,In Progress,Progressing,In Progress,Approved
CNHS-SYN-2526-0249,SY 2025-2026,Grade 8,Term 2,80.2,84.4,82.1,75.4,72.5,82.5,75.8,77.9,78.85,1,0,1,72.5,8,Mapeh,Moderate Risk,Classroom Remediation,N/A,N/A,Mapeh Diagnostic Assessment,21.6,28.4,,83.2,In Progress,Progressing,In Progress,Approved
CNHS-SYN-2526-0249,SY 2025-2026,Grade 8,Term 3,83.2,82.9,85.3,84.1,85.6,92.2,82.6,83.7,84.95,0,0,0,82.6,8,Tle,Low Risk,Classroom Remediation,N/A,N/A,Tle Diagnostic Assessment,21.8,26.1,32.0,82.8,Improved,Improved,Completed,Approved
CNHS-SYN-2526-0250,SY 2025-2026,Grade 9,Term 1,94.0,92.9,97.5,93.6,96.8,98.0,94.5,90.6,94.74,0,0,0,90.6,8,Values Education,Low Risk,No Recommendation,N/A,Independent,Classroom Summative,,,,93.9,In Progress,Progressing,Active,Reviewed
CNHS-SYN-2526-0250,SY 2025-2026,Grade 9,Term 2,99.0,96.2,96.6,93.8,92.2,91.6,93.8,94.7,94.74,0,0,0,91.6,8,Araling Panlipunan,Low Risk,No Recommendation,N/A,Independent,Classroom Summative,,,,93.2,In Progress,Progressing,Active,Reviewed
CNHS-SYN-2526-0250,SY 2025-2026,Grade 9,Term 3,93.1,93.6,88.6,99.0,90.5,96.5,93.7,93.8,93.6,0,0,0,88.6,8,Mathematics,Low Risk,No Recommendation,N/A,Independent,Classroom Summative,,,,88.8,N/A,N/A,Active,Reviewed
CNHS-SYN-2526-0251,SY 2025-2026,Grade 10,Term 1,87.2,80.0,84.2,83.1,78.2,82.1,85.2,80.9,82.61,0,0,0,78.2,8,Mapeh,Moderate Risk,Classroom Remediation,N/A,N/A,Mapeh Diagnostic Assessment,19.2,,,80.5,In Progress,Progressing,In Progress,Approved
CNHS-SYN-2526-0251,SY 2025-2026,Grade 10,Term 2,84.1,85.1,89.9,92.3,91.4,87.9,82.8,79.2,86.59,0,0,0,79.2,8,Values Education,Low Risk,Classroom Remediation,N/A,N/A,Values Education Diagnostic Assessment,16.5,21.8,,84.7,In Progress,Progressing,In Progress,Approved
CNHS-SYN-2526-0251,SY 2025-2026,Grade 10,Term 3,89.9,92.0,87.4,91.1,95.3,98.5,89.9,97.7,92.72,0,0,0,87.4,8,Mathematics,Low Risk,Classroom Remediation,N/A,N/A,Mathematics Diagnostic Assessment,15.4,19.5,24.2,79.2,Needs Further Intervention,Limited Improvement,Needs Further Support,Approved
CNHS-SYN-2526-0252,SY 2025-2026,Grade 7,Term 1,88.6,96.7,93.1,85.5,84.5,85.9,91.9,90.8,89.62,0,0,0,84.5,8,Mapeh,Low Risk,No Recommendation,N/A,Independent,Classroom Summative,,,,90.7,In Progress,Progressing,Active,Reviewed
CNHS-SYN-2526-0252,SY 2025-2026,Grade 7,Term 2,88.9,96.3,87.9,90.5,83.5,87.4,93.7,86.8,89.38,0,0,0,83.5,8,Mapeh,Low Risk,No Recommendation,N/A,Independent,Classroom Summative,,,,82.7,In Progress,Progressing,Active,Reviewed
CNHS-SYN-2526-0252,SY 2025-2026,Grade 7,Term 3,90.4,91.9,97.1,85.0,92.4,93.9,86.8,88.2,90.71,0,0,0,85.0,8,Science,Low Risk,No Recommendation,N/A,Independent,Classroom Summative,,,,86.1,N/A,N/A,Active,Reviewed
CNHS-SYN-2526-0253,SY 2025-2026,Grade 8,Term 1,81.5,82.3,78.1,86.0,85.2,82.6,76.5,75.8,81.0,0,0,0,75.8,8,Values Education,Moderate Risk,Classroom Remediation,N/A,N/A,Values Education Diagnostic Assessment,20.4,,,84.4,In Progress,Progressing,In Progress,Approved
CNHS-SYN-2526-0253,SY 2025-2026,Grade 8,Term 2,86.1,80.9,83.5,86.6,80.5,82.8,87.9,89.2,84.69,0,0,0,80.5,8,Mapeh,Low Risk,Classroom Remediation,N/A,N/A,Mapeh Diagnostic Assessment,17.0,21.6,,76.4,In Progress,Progressing,In Progress,Approved
CNHS-SYN-2526-0253,SY 2025-2026,Grade 8,Term 3,86.5,85.0,92.4,84.1,92.6,82.0,93.4,85.3,87.66,0,0,0,82.0,8,Araling Panlipunan,Low Risk,Classroom Remediation,N/A,N/A,Araling Panlipunan Diagnostic Assessment,22.6,29.3,34.2,76.8,Improved,Improved,Completed,Approved
CNHS-SYN-2526-0254,SY 2025-2026,Grade 9,Term 1,95.7,92.0,94.9,89.4,93.4,85.0,89.0,89.5,91.11,0,0,0,85.0,8,Araling Panlipunan,Low Risk,No Recommendation,N/A,Independent,Classroom Summative,,,,93.3,In Progress,Progressing,Active,Reviewed
CNHS-SYN-2526-0254,SY 2025-2026,Grade 9,Term 2,86.1,88.8,82.6,79.1,91.7,86.9,87.4,91.7,86.79,0,0,0,79.1,8,Science,Low Risk,No Recommendation,N/A,Independent,Classroom Summative,,,,94.1,In Progress,Progressing,Active,Reviewed
CNHS-SYN-2526-0254,SY 2025-2026,Grade 9,Term 3,,90.6,90.5,89.4,83.3,92.2,78.6,86.1,87.24,0,0,0,78.6,7,Tle,Low Risk,No Recommendation,N/A,Independent,Classroom Summative,,,,88.8,N/A,N/A,Active,Reviewed
CNHS-SYN-2526-0255,SY 2025-2026,Grade 10,Term 1,74.7,82.7,79.0,72.9,81.1,82.5,84.6,80.4,79.74,2,1,1,72.9,8,Science,High Risk,Classroom Remediation,N/A,N/A,Science Diagnostic Assessment,15.2,,,78.0,In Progress,Progressing,In Progress,Approved
CNHS-SYN-2526-0255,SY 2025-2026,Grade 10,Term 2,87.2,86.5,83.4,83.7,82.2,90.5,88.3,86.5,86.04,0,0,0,82.2,8,Mapeh,Low Risk,Classroom Remediation,N/A,N/A,Mapeh Diagnostic Assessment,23.5,29.2,,83.0,In Progress,Progressing,In Progress,Approved
CNHS-SYN-2526-0255,SY 2025-2026,Grade 10,Term 3,90.5,80.4,88.0,92.1,92.2,93.4,90.2,83.7,88.81,0,0,0,80.4,8,Filipino,Low Risk,Classroom Remediation,N/A,N/A,Filipino Diagnostic Assessment,16.2,21.8,28.1,73.9,Improved,Improved,Completed,Approved
CNHS-SYN-2526-0256,SY 2025-2026,Grade 7,Term 1,60.0,60.0,60.0,64.8,74.6,72.5,61.4,66.0,64.91,8,2,6,60.0,8,English,High Risk,Classroom Remediation,N/A,N/A,English Diagnostic Assessment,22.3,,,77.1,In Progress,Progressing,In Progress,Approved
CNHS-SYN-2526-0256,SY 2025-2026,Grade 7,Term 2,62.4,64.0,63.0,65.5,61.0,60.0,60.0,68.0,62.99,8,2,6,60.0,8,Araling Panlipunan,High Risk,Classroom Remediation,N/A,N/A,Araling Panlipunan Diagnostic Assessment,17.4,24.1,,86.3,In Progress,Progressing,In Progress,Approved
CNHS-SYN-2526-0256,SY 2025-2026,Grade 7,Term 3,60.0,64.1,68.7,61.5,65.7,67.6,65.8,66.8,65.02,8,2,6,60.0,8,English,High Risk,Classroom Remediation,N/A,N/A,English Diagnostic Assessment,23.3,30.2,37.3,82.6,Improved,Improved,Completed,Approved
CNHS-SYN-2526-0257,SY 2025-2026,Grade 8,Term 1,81.6,75.5,75.6,78.9,73.2,69.8,77.1,74.3,75.75,3,0,3,69.8,8,Araling Panlipunan,High Risk,Classroom Remediation,N/A,N/A,Araling Panlipunan Diagnostic Assessment,19.5,,,83.1,In Progress,Progressing,In Progress,Approved
CNHS-SYN-2526-0257,SY 2025-2026,Grade 8,Term 2,68.9,87.9,79.1,71.6,79.0,74.0,76.2,82.9,77.45,3,1,2,68.9,8,English,High Risk,Classroom Remediation,N/A,N/A,English Diagnostic Assessment,14.8,20.0,,71.7,In Progress,Progressing,In Progress,Approved
CNHS-SYN-2526-0257,SY 2025-2026,Grade 8,Term 3,80.9,83.0,83.4,85.4,93.9,82.2,84.9,82.5,84.53,0,0,0,80.9,8,English,Low Risk,Classroom Remediation,N/A,N/A,English Diagnostic Assessment,20.6,26.7,31.5,83.3,Improved,Improved,Completed,Approved
CNHS-SYN-2526-0258,SY 2025-2026,Grade 9,Term 1,66.7,67.4,69.8,63.3,72.1,71.0,76.1,74.7,70.14,7,2,5,63.3,8,Science,High Risk,Classroom Remediation,N/A,N/A,Science Diagnostic Assessment,15.6,,,73.9,In Progress,Progressing,In Progress,Approved
CNHS-SYN-2526-0258,SY 2025-2026,Grade 9,Term 2,68.2,66.5,65.6,74.2,73.8,78.1,77.2,82.6,73.28,5,2,3,65.6,8,Mathematics,High Risk,Classroom Remediation,N/A,N/A,Mathematics Diagnostic Assessment,19.2,23.5,,78.6,In Progress,Progressing,In Progress,Approved
CNHS-SYN-2526-0258,SY 2025-2026,Grade 9,Term 3,73.7,66.5,73.0,73.8,73.5,70.3,77.7,81.2,73.71,6,2,4,66.5,8,Filipino,High Risk,Classroom Remediation,N/A,N/A,Filipino Diagnostic Assessment,17.2,22.3,27.2,68.6,Needs Further Intervention,Limited Improvement,Needs Further Support,Approved
CNHS-SYN-2526-0259,SY 2025-2026,Grade 10,Term 1,80.6,86.6,85.7,93.5,88.9,82.5,85.3,93.4,87.06,0,0,0,80.6,8,English,Low Risk,No Recommendation,N/A,Independent,Classroom Summative,,,,88.3,In Progress,Progressing,Active,Reviewed
CNHS-SYN-2526-0259,SY 2025-2026,Grade 10,Term 2,86.9,87.1,85.6,80.3,84.5,92.7,85.6,86.8,86.19,0,0,0,80.3,8,Science,Low Risk,No Recommendation,N/A,Independent,Classroom Summative,,,,100.0,In Progress,Progressing,Active,Reviewed
CNHS-SYN-2526-0259,SY 2025-2026,Grade 10,Term 3,88.0,92.4,85.3,86.1,87.2,84.1,86.3,90.7,87.51,0,0,0,84.1,8,Araling Panlipunan,Low Risk,No Recommendation,N/A,Independent,Classroom Summative,,,,92.0,N/A,N/A,Active,Reviewed
CNHS-SYN-2526-0260,SY 2025-2026,Grade 7,Term 1,93.6,86.2,91.0,93.9,99.0,94.7,97.0,87.6,92.88,0,0,0,86.2,8,Filipino,Low Risk,No Recommendation,N/A,Independent,Classroom Summative,,,,96.9,In Progress,Progressing,Active,Reviewed
CNHS-SYN-2526-0260,SY 2025-2026,Grade 7,Term 2,90.7,98.1,95.4,93.5,91.1,88.5,99.0,95.0,93.91,0,0,0,88.5,8,Araling Panlipunan,Low Risk,No Recommendation,N/A,Independent,Classroom Summative,,,,90.3,In Progress,Progressing,Active,Reviewed
CNHS-SYN-2526-0260,SY 2025-2026,Grade 7,Term 3,94.4,94.9,,95.4,89.3,86.6,92.8,85.5,91.27,0,0,0,85.5,7,Values Education,Low Risk,No Recommendation,N/A,Independent,Classroom Summative,,,,94.0,N/A,N/A,Active,Reviewed
CNHS-SYN-2526-0261,SY 2025-2026,Grade 8,Term 1,67.9,60.9,73.4,70.8,70.4,62.9,70.9,74.0,68.9,8,2,6,60.9,8,Filipino,High Risk,Classroom Remediation,N/A,N/A,Filipino Diagnostic Assessment,17.1,,,86.0,In Progress,Progressing,In Progress,Approved
CNHS-SYN-2526-0261,SY 2025-2026,Grade 8,Term 2,66.7,66.7,69.9,70.9,60.1,69.9,65.2,77.1,68.31,7,2,5,60.1,8,Mapeh,High Risk,Classroom Remediation,N/A,N/A,Mapeh Diagnostic Assessment,16.5,21.4,,74.7,In Progress,Progressing,In Progress,Approved
CNHS-SYN-2526-0261,SY 2025-2026,Grade 8,Term 3,74.3,63.8,60.0,74.7,76.6,77.3,74.8,75.4,72.11,5,2,3,60.0,8,Mathematics,High Risk,Classroom Remediation,N/A,N/A,Mathematics Diagnostic Assessment,21.4,25.8,33.0,77.3,Improved,Improved,Completed,Approved
CNHS-SYN-2526-0262,SY 2025-2026,Grade 9,Term 1,88.5,81.0,81.8,77.7,84.1,88.6,75.5,83.4,82.58,0,0,0,75.5,8,Tle,Moderate Risk,Classroom Remediation,N/A,N/A,Tle Diagnostic Assessment,16.3,,,76.8,In Progress,Progressing,In Progress,Approved
CNHS-SYN-2526-0262,SY 2025-2026,Grade 9,Term 2,88.8,81.8,86.3,82.6,82.8,86.3,88.6,82.8,85.0,0,0,0,81.8,8,Filipino,Low Risk,Classroom Remediation,N/A,N/A,Filipino Diagnostic Assessment,15.3,20.5,,83.9,In Progress,Progressing,In Progress,Approved
CNHS-SYN-2526-0262,SY 2025-2026,Grade 9,Term 3,93.4,87.6,94.9,94.9,97.2,83.9,92.6,88.0,91.56,0,0,0,83.9,8,Araling Panlipunan,Low Risk,Classroom Remediation,N/A,N/A,Araling Panlipunan Diagnostic Assessment,21.3,27.2,33.2,72.7,Improved,Improved,Completed,Approved
CNHS-SYN-2526-0263,SY 2025-2026,Grade 10,Term 1,94.4,94.9,95.2,97.1,93.7,87.0,90.4,93.3,93.25,0,0,0,87.0,8,Araling Panlipunan,Low Risk,No Recommendation,N/A,Independent,Classroom Summative,,,,97.2,In Progress,Progressing,Active,Reviewed
CNHS-SYN-2526-0263,SY 2025-2026,Grade 10,Term 2,99.0,95.5,97.4,86.8,94.4,88.3,92.4,99.0,94.1,0,0,0,86.8,8,Science,Low Risk,No Recommendation,N/A,Independent,Classroom Summative,,,,88.5,In Progress,Progressing,Active,Reviewed
CNHS-SYN-2526-0263,SY 2025-2026,Grade 10,Term 3,96.6,92.9,90.5,99.0,96.9,94.0,91.1,91.4,94.05,0,0,0,90.5,8,Mathematics,Low Risk,No Recommendation,N/A,Independent,Classroom Summative,,,,93.2,N/A,N/A,Active,Reviewed
CNHS-SYN-2526-0264,SY 2025-2026,Grade 7,Term 1,69.9,67.4,68.6,66.6,63.4,69.4,74.0,65.7,68.12,8,2,6,63.4,8,Mapeh,High Risk,Classroom Remediation,N/A,N/A,Mapeh Diagnostic Assessment,23.7,,,76.1,In Progress,Progressing,In Progress,Approved
CNHS-SYN-2526-0264,SY 2025-2026,Grade 7,Term 2,65.3,60.0,63.4,69.2,69.2,72.9,75.7,74.4,68.76,7,2,5,60.0,8,Filipino,High Risk,Classroom Remediation,N/A,N/A,Filipino Diagnostic Assessment,22.8,27.7,,80.9,In Progress,Progressing,In Progress,Approved
CNHS-SYN-2526-0264,SY 2025-2026,Grade 7,Term 3,68.9,68.1,65.1,71.5,73.3,71.8,68.2,65.0,68.99,8,2,6,65.0,8,Values Education,High Risk,Classroom Remediation,N/A,N/A,Values Education Diagnostic Assessment,14.7,21.4,26.6,70.9,Needs Further Intervention,Limited Improvement,Needs Further Support,Approved
CNHS-SYN-2526-0265,SY 2025-2026,Grade 8,Term 1,64.8,63.1,68.2,71.4,66.4,68.9,71.7,66.8,67.66,8,2,6,63.1,8,Filipino,High Risk,Classroom Remediation,N/A,N/A,Filipino Diagnostic Assessment,21.0,,,76.3,In Progress,Progressing,In Progress,Approved
CNHS-SYN-2526-0265,SY 2025-2026,Grade 8,Term 2,72.7,60.5,66.8,78.4,71.5,68.4,69.2,71.6,69.89,7,2,5,60.5,8,Filipino,High Risk,Classroom Remediation,N/A,N/A,Filipino Diagnostic Assessment,18.2,24.2,,78.5,In Progress,Progressing,In Progress,Approved
CNHS-SYN-2526-0265,SY 2025-2026,Grade 8,Term 3,60.4,64.2,64.3,74.1,67.8,71.4,63.4,70.4,67.0,8,2,6,60.4,8,English,High Risk,Classroom Remediation,N/A,N/A,English Diagnostic Assessment,23.4,29.6,34.0,77.4,Improved,Improved,Completed,Approved
CNHS-SYN-2526-0266,SY 2025-2026,Grade 9,Term 1,61.6,60.0,65.1,64.9,63.5,69.1,62.4,66.0,64.08,8,2,6,60.0,8,Filipino,High Risk,Classroom Remediation,N/A,N/A,Filipino Diagnostic Assessment,17.4,,,81.2,In Progress,Progressing,In Progress,Approved
CNHS-SYN-2526-0266,SY 2025-2026,Grade 9,Term 2,68.3,61.8,62.9,61.2,66.0,63.5,63.6,64.3,63.95,8,2,6,61.2,8,Science,High Risk,Classroom Remediation,N/A,N/A,Science Diagnostic Assessment,19.4,25.9,,62.9,In Progress,Progressing,In Progress,Approved
CNHS-SYN-2526-0266,SY 2025-2026,Grade 9,Term 3,60.2,60.0,68.9,62.9,62.5,64.5,62.3,63.1,63.05,8,2,6,60.0,8,Filipino,High Risk,Classroom Remediation,N/A,N/A,Filipino Diagnostic Assessment,16.9,23.5,30.4,75.9,Improved,Improved,Completed,Approved
CNHS-SYN-2526-0267,SY 2025-2026,Grade 10,Term 1,63.8,72.5,72.3,75.2,72.5,73.9,80.1,70.1,72.55,6,2,4,63.8,8,English,High Risk,Classroom Remediation,N/A,N/A,English Diagnostic Assessment,20.2,,,73.4,In Progress,Progressing,In Progress,Approved
CNHS-SYN-2526-0267,SY 2025-2026,Grade 10,Term 2,66.6,68.2,74.1,66.2,63.5,80.0,72.6,,70.17,6,2,4,63.5,7,Mapeh,High Risk,Classroom Remediation,N/A,N/A,Mapeh Diagnostic Assessment,20.9,26.0,,66.6,In Progress,Progressing,In Progress,Approved
CNHS-SYN-2526-0267,SY 2025-2026,Grade 10,Term 3,68.3,68.0,68.0,69.1,67.4,64.1,71.9,70.1,68.36,8,2,6,64.1,8,Araling Panlipunan,High Risk,Classroom Remediation,N/A,N/A,Araling Panlipunan Diagnostic Assessment,14.0,20.6,25.8,75.7,Needs Further Intervention,Limited Improvement,Needs Further Support,Approved
CNHS-SYN-2526-0268,SY 2025-2026,Grade 7,Term 1,87.4,,95.7,92.4,94.8,91.6,91.8,83.1,90.97,0,0,0,83.1,7,Values Education,Low Risk,No Recommendation,N/A,Independent,Classroom Summative,,,,91.1,In Progress,Progressing,Active,Reviewed
CNHS-SYN-2526-0268,SY 2025-2026,Grade 7,Term 2,95.5,88.6,92.1,91.2,94.9,89.7,93.6,83.4,91.12,0,0,0,83.4,8,Values Education,Low Risk,No Recommendation,N/A,Independent,Classroom Summative,,,,82.9,In Progress,Progressing,Active,Reviewed
CNHS-SYN-2526-0268,SY 2025-2026,Grade 7,Term 3,93.8,93.3,94.6,87.6,88.0,89.8,96.0,97.0,92.51,0,0,0,87.6,8,Science,Low Risk,No Recommendation,N/A,Independent,Classroom Summative,,,,93.3,N/A,N/A,Active,Reviewed
CNHS-SYN-2526-0269,SY 2025-2026,Grade 8,Term 1,60.4,63.6,60.0,70.6,68.7,72.2,60.0,74.1,66.2,8,2,6,60.0,8,Mathematics,High Risk,Classroom Remediation,N/A,N/A,Mathematics Diagnostic Assessment,22.5,,,79.1,In Progress,Progressing,In Progress,Approved
CNHS-SYN-2526-0269,SY 2025-2026,Grade 8,Term 2,63.3,61.1,60.0,71.0,69.7,71.9,68.1,60.0,65.64,8,2,6,60.0,8,Mathematics,High Risk,Classroom Remediation,N/A,N/A,Mathematics Diagnostic Assessment,23.0,29.4,,72.5,In Progress,Progressing,In Progress,Approved
CNHS-SYN-2526-0269,SY 2025-2026,Grade 8,Term 3,68.1,66.1,65.5,64.0,67.2,61.1,66.0,60.0,64.75,8,2,6,60.0,8,Values Education,High Risk,Classroom Remediation,N/A,N/A,Values Education Diagnostic Assessment,21.8,26.5,31.0,71.8,Improved,Improved,Completed,Approved
CNHS-SYN-2526-0270,SY 2025-2026,Grade 9,Term 1,75.6,77.9,74.4,79.8,70.5,80.5,77.1,76.0,76.47,2,0,2,70.5,8,Mapeh,High Risk,Classroom Remediation,N/A,N/A,Mapeh Diagnostic Assessment,15.9,,,79.4,In Progress,Progressing,In Progress,Approved
CNHS-SYN-2526-0270,SY 2025-2026,Grade 9,Term 2,76.6,76.2,83.4,76.2,82.0,79.0,76.6,76.8,78.35,0,0,0,76.2,8,Filipino,Moderate Risk,Classroom Remediation,N/A,N/A,Filipino Diagnostic Assessment,17.0,21.6,,74.9,In Progress,Progressing,In Progress,Approved
CNHS-SYN-2526-0270,SY 2025-2026,Grade 9,Term 3,88.8,84.4,84.1,86.2,82.6,82.5,88.7,76.6,84.24,0,0,0,76.6,8,Values Education,Low Risk,Classroom Remediation,N/A,N/A,Values Education Diagnostic Assessment,19.8,24.8,30.2,80.5,Improved,Improved,Completed,Approved
CNHS-SYN-2526-0271,SY 2025-2026,Grade 10,Term 1,83.6,75.7,83.0,77.5,79.8,73.7,76.8,75.7,78.22,1,0,1,73.7,8,Araling Panlipunan,Moderate Risk,Classroom Remediation,N/A,N/A,Araling Panlipunan Diagnostic Assessment,17.9,,,73.3,In Progress,Progressing,In Progress,Approved
CNHS-SYN-2526-0271,SY 2025-2026,Grade 10,Term 2,83.5,87.0,83.7,83.6,76.0,87.5,76.2,82.1,82.45,0,0,0,76.0,8,Mapeh,Moderate Risk,Classroom Remediation,N/A,N/A,Mapeh Diagnostic Assessment,22.4,28.9,,78.6,In Progress,Progressing,In Progress,Approved
CNHS-SYN-2526-0271,SY 2025-2026,Grade 10,Term 3,94.2,85.0,80.3,91.2,90.2,91.9,90.2,91.8,89.35,0,0,0,80.3,8,Mathematics,Low Risk,Classroom Remediation,N/A,N/A,Mathematics Diagnostic Assessment,18.3,23.9,28.2,82.0,Improved,Improved,Completed,Approved
CNHS-SYN-2526-0272,SY 2025-2026,Grade 7,Term 1,81.6,80.9,75.7,71.9,77.6,88.2,76.5,76.7,78.64,1,0,1,71.9,8,Science,Moderate Risk,Classroom Remediation,N/A,N/A,Science Diagnostic Assessment,17.1,,,85.1,In Progress,Progressing,In Progress,Approved
CNHS-SYN-2526-0272,SY 2025-2026,Grade 7,Term 2,85.0,78.3,84.1,77.8,86.2,78.5,79.8,83.5,81.65,0,0,0,77.8,8,Science,Moderate Risk,Classroom Remediation,N/A,N/A,Science Diagnostic Assessment,18.1,24.8,,80.0,In Progress,Progressing,In Progress,Approved
CNHS-SYN-2526-0272,SY 2025-2026,Grade 7,Term 3,88.8,94.8,82.7,85.8,81.5,89.8,89.8,87.3,87.56,0,0,0,81.5,8,Mapeh,Low Risk,Classroom Remediation,N/A,N/A,Mapeh Diagnostic Assessment,14.7,20.5,27.5,77.4,Needs Further Intervention,Limited Improvement,Needs Further Support,Approved
CNHS-SYN-2526-0273,SY 2025-2026,Grade 8,Term 1,64.3,61.4,66.6,67.2,74.8,70.5,65.0,70.3,67.51,8,2,6,61.4,8,Filipino,High Risk,Classroom Remediation,N/A,N/A,Filipino Diagnostic Assessment,19.8,,,77.5,In Progress,Progressing,In Progress,Approved
CNHS-SYN-2526-0273,SY 2025-2026,Grade 8,Term 2,64.9,61.1,67.4,69.1,72.5,67.4,65.7,70.6,67.34,8,2,6,61.1,8,Filipino,High Risk,Classroom Remediation,N/A,N/A,Filipino Diagnostic Assessment,21.4,26.9,,79.9,In Progress,Progressing,In Progress,Approved
CNHS-SYN-2526-0273,SY 2025-2026,Grade 8,Term 3,62.7,65.1,66.6,65.2,72.7,69.7,63.8,74.9,67.59,8,2,6,62.7,8,English,High Risk,Classroom Remediation,N/A,N/A,English Diagnostic Assessment,16.0,22.5,30.4,87.1,Improved,Improved,Completed,Approved
CNHS-SYN-2526-0274,SY 2025-2026,Grade 9,Term 1,96.8,97.6,99.0,91.0,96.9,99.0,93.2,92.7,95.78,0,0,0,91.0,8,Science,Low Risk,No Recommendation,N/A,Independent,Classroom Summative,,,,89.4,In Progress,Progressing,Active,Reviewed
CNHS-SYN-2526-0274,SY 2025-2026,Grade 9,Term 2,90.2,99.0,94.4,94.1,91.5,99.0,97.4,93.0,94.82,0,0,0,90.2,8,English,Low Risk,No Recommendation,N/A,Independent,Classroom Summative,,,,90.6,In Progress,Progressing,Active,Reviewed
CNHS-SYN-2526-0274,SY 2025-2026,Grade 9,Term 3,97.7,96.2,96.6,94.8,97.0,93.8,95.8,90.0,95.24,0,0,0,90.0,8,Values Education,Low Risk,No Recommendation,N/A,Independent,Classroom Summative,,,,90.9,N/A,N/A,Active,Reviewed
CNHS-SYN-2526-0275,SY 2025-2026,Grade 10,Term 1,74.6,70.9,77.0,69.8,83.4,79.6,79.0,69.5,75.47,4,2,2,69.5,8,Values Education,High Risk,Classroom Remediation,N/A,N/A,Values Education Diagnostic Assessment,23.5,,,83.2,In Progress,Progressing,In Progress,Approved
CNHS-SYN-2526-0275,SY 2025-2026,Grade 10,Term 2,83.6,81.5,82.4,75.9,82.8,80.4,74.5,78.3,79.92,1,0,1,74.5,8,Tle,Moderate Risk,Classroom Remediation,N/A,N/A,Tle Diagnostic Assessment,22.3,28.1,,71.5,In Progress,Progressing,In Progress,Approved
CNHS-SYN-2526-0275,SY 2025-2026,Grade 10,Term 3,84.3,80.4,83.6,86.2,83.2,83.2,86.8,88.9,84.58,0,0,0,80.4,8,Filipino,Low Risk,Classroom Remediation,N/A,N/A,Filipino Diagnostic Assessment,16.8,21.6,28.5,68.7,Improved,Improved,Completed,Approved
CNHS-SYN-2526-0276,SY 2025-2026,Grade 7,Term 1,95.1,93.8,90.8,81.3,91.5,89.2,90.3,96.4,91.05,0,0,0,81.3,8,Science,Low Risk,No Recommendation,N/A,Independent,Classroom Summative,,,,80.5,In Progress,Progressing,Active,Reviewed
CNHS-SYN-2526-0276,SY 2025-2026,Grade 7,Term 2,86.3,92.4,91.4,83.8,83.0,87.2,83.7,90.7,87.31,0,0,0,83.0,8,Mapeh,Low Risk,No Recommendation,N/A,Independent,Classroom Summative,,,,89.5,In Progress,Progressing,Active,Reviewed
CNHS-SYN-2526-0276,SY 2025-2026,Grade 7,Term 3,87.4,91.5,91.5,89.5,89.4,88.4,84.5,85.7,88.49,0,0,0,84.5,8,Tle,Low Risk,No Recommendation,N/A,Independent,Classroom Summative,,,,100.0,N/A,N/A,Active,Reviewed
CNHS-SYN-2526-0277,SY 2025-2026,Grade 8,Term 1,67.7,62.1,61.7,68.9,72.9,71.3,65.1,65.5,66.9,8,2,6,61.7,8,Mathematics,High Risk,Classroom Remediation,N/A,N/A,Mathematics Diagnostic Assessment,21.7,,,79.0,In Progress,Progressing,In Progress,Approved
CNHS-SYN-2526-0277,SY 2025-2026,Grade 8,Term 2,63.2,60.0,62.9,60.0,63.3,63.4,66.8,73.2,64.1,8,2,6,60.0,8,Filipino,High Risk,Classroom Remediation,N/A,N/A,Filipino Diagnostic Assessment,16.3,23.1,,87.3,In Progress,Progressing,In Progress,Approved
CNHS-SYN-2526-0277,SY 2025-2026,Grade 8,Term 3,60.4,60.2,65.3,65.7,66.5,64.7,63.3,72.1,64.77,8,2,6,60.2,8,Filipino,High Risk,Classroom Remediation,N/A,N/A,Filipino Diagnostic Assessment,15.8,20.7,25.1,73.8,Needs Further Intervention,Limited Improvement,Needs Further Support,Approved
CNHS-SYN-2526-0278,SY 2025-2026,Grade 9,Term 1,87.9,99.0,92.1,93.0,88.8,88.4,98.7,83.3,91.4,0,0,0,83.3,8,Values Education,Low Risk,No Recommendation,N/A,Independent,Classroom Summative,,,,87.2,In Progress,Progressing,Active,Reviewed
CNHS-SYN-2526-0278,SY 2025-2026,Grade 9,Term 2,92.1,91.2,87.8,91.1,80.7,89.7,90.6,85.6,88.6,0,0,0,80.7,8,Mapeh,Low Risk,No Recommendation,N/A,Independent,Classroom Summative,,,,89.6,In Progress,Progressing,Active,Reviewed
CNHS-SYN-2526-0278,SY 2025-2026,Grade 9,Term 3,92.8,91.4,91.4,96.2,99.0,94.0,95.4,97.9,94.76,0,0,0,91.4,8,Filipino,Low Risk,No Recommendation,N/A,Independent,Classroom Summative,,,,98.3,N/A,N/A,Active,Reviewed
CNHS-SYN-2526-0279,SY 2025-2026,Grade 10,Term 1,63.2,60.0,60.0,65.0,60.0,64.2,64.7,64.9,62.75,8,2,6,60.0,8,Filipino,High Risk,Classroom Remediation,N/A,N/A,Filipino Diagnostic Assessment,22.7,,,72.0,In Progress,Progressing,In Progress,Approved
CNHS-SYN-2526-0279,SY 2025-2026,Grade 10,Term 2,61.3,66.4,66.7,61.0,62.0,60.2,61.6,60.0,62.4,8,2,6,60.0,8,Values Education,High Risk,Classroom Remediation,N/A,N/A,Values Education Diagnostic Assessment,19.4,25.5,,76.9,In Progress,Progressing,In Progress,Approved
CNHS-SYN-2526-0279,SY 2025-2026,Grade 10,Term 3,66.2,60.0,60.5,60.8,60.0,66.3,63.7,64.4,62.74,8,2,6,60.0,8,Filipino,High Risk,Classroom Remediation,N/A,N/A,Filipino Diagnostic Assessment,21.4,27.5,34.7,79.1,Improved,Improved,Completed,Approved
CNHS-SYN-2526-0280,SY 2025-2026,Grade 7,Term 1,73.8,74.9,68.2,75.1,74.4,71.0,79.5,81.5,74.8,5,2,3,68.2,8,Mathematics,High Risk,Classroom Remediation,N/A,N/A,Mathematics Diagnostic Assessment,17.9,,,72.6,In Progress,Progressing,In Progress,Approved
CNHS-SYN-2526-0280,SY 2025-2026,Grade 7,Term 2,79.8,82.6,78.6,83.0,89.9,81.6,80.8,77.5,81.72,0,0,0,77.5,8,Values Education,Moderate Risk,Classroom Remediation,N/A,N/A,Values Education Diagnostic Assessment,15.5,20.8,,70.9,In Progress,Progressing,In Progress,Approved
CNHS-SYN-2526-0280,SY 2025-2026,Grade 7,Term 3,91.5,78.0,78.1,87.3,73.6,82.8,85.2,84.2,82.59,1,0,1,73.6,8,Mapeh,Moderate Risk,Classroom Remediation,N/A,N/A,Mapeh Diagnostic Assessment,21.2,25.8,33.6,73.9,Improved,Improved,Completed,Approved
CNHS-SYN-2526-0281,SY 2025-2026,Grade 8,Term 1,83.9,90.8,85.0,92.5,85.0,84.1,88.6,85.0,86.86,0,0,0,83.9,8,English,Low Risk,No Recommendation,N/A,Independent,Classroom Summative,,,,95.9,In Progress,Progressing,Active,Reviewed
CNHS-SYN-2526-0281,SY 2025-2026,Grade 8,Term 2,90.2,90.2,88.8,80.9,89.3,88.3,91.3,90.1,88.64,0,0,0,80.9,8,Science,Low Risk,No Recommendation,N/A,Independent,Classroom Summative,,,,96.1,In Progress,Progressing,Active,Reviewed
CNHS-SYN-2526-0281,SY 2025-2026,Grade 8,Term 3,88.5,90.7,86.7,89.5,86.2,94.3,95.8,91.2,90.36,0,0,0,86.2,8,Mapeh,Low Risk,No Recommendation,N/A,Independent,Classroom Summative,,,,85.8,N/A,N/A,Active,Reviewed
CNHS-SYN-2526-0282,SY 2025-2026,Grade 9,Term 1,80.5,91.7,94.3,90.3,89.5,86.1,81.8,85.5,87.46,0,0,0,80.5,8,English,Low Risk,No Recommendation,N/A,Independent,Classroom Summative,,,,90.6,In Progress,Progressing,Active,Reviewed
CNHS-SYN-2526-0282,SY 2025-2026,Grade 9,Term 2,85.3,91.5,90.4,81.8,84.2,83.2,85.5,89.6,86.44,0,0,0,81.8,8,Science,Low Risk,No Recommendation,N/A,Independent,Classroom Summative,,,,96.4,In Progress,Progressing,Active,Reviewed
CNHS-SYN-2526-0282,SY 2025-2026,Grade 9,Term 3,87.5,96.4,87.0,84.8,87.5,83.9,78.0,84.2,86.16,0,0,0,78.0,8,Tle,Low Risk,No Recommendation,N/A,Independent,Classroom Summative,,,,85.6,N/A,N/A,Active,Reviewed
CNHS-SYN-2526-0283,SY 2025-2026,Grade 10,Term 1,75.8,73.8,75.5,73.9,77.0,77.2,73.4,78.1,75.59,3,1,2,73.4,8,Tle,High Risk,Classroom Remediation,N/A,N/A,Tle Diagnostic Assessment,18.1,,,76.6,In Progress,Progressing,In Progress,Approved
CNHS-SYN-2526-0283,SY 2025-2026,Grade 10,Term 2,77.0,76.6,75.8,78.4,74.6,,87.9,82.3,78.94,1,0,1,74.6,7,Mapeh,Moderate Risk,Classroom Remediation,N/A,N/A,Mapeh Diagnostic Assessment,22.8,28.6,,74.8,In Progress,Progressing,In Progress,Approved
CNHS-SYN-2526-0283,SY 2025-2026,Grade 10,Term 3,83.2,88.0,81.6,80.6,81.5,87.6,79.8,84.8,83.39,0,0,0,79.8,8,Tle,Moderate Risk,Classroom Remediation,N/A,N/A,Tle Diagnostic Assessment,18.2,22.5,27.0,78.8,Needs Further Intervention,Limited Improvement,Needs Further Support,Approved
CNHS-SYN-2526-0284,SY 2025-2026,Grade 7,Term 1,63.4,60.0,62.9,67.5,60.0,60.0,68.1,70.6,64.06,8,2,6,60.0,8,Filipino,High Risk,Classroom Remediation,N/A,N/A,Filipino Diagnostic Assessment,19.1,,,79.5,In Progress,Progressing,In Progress,Approved
CNHS-SYN-2526-0284,SY 2025-2026,Grade 7,Term 2,60.0,60.0,62.2,63.9,60.0,67.6,62.8,62.8,62.41,8,2,6,60.0,8,English,High Risk,Classroom Remediation,N/A,N/A,English Diagnostic Assessment,20.6,24.7,,71.0,In Progress,Progressing,In Progress,Approved
CNHS-SYN-2526-0284,SY 2025-2026,Grade 7,Term 3,61.9,63.4,60.0,60.0,65.2,61.4,60.0,68.3,62.53,8,2,6,60.0,8,Mathematics,High Risk,Classroom Remediation,N/A,N/A,Mathematics Diagnostic Assessment,16.2,22.1,28.7,76.9,Improved,Improved,Completed,Approved
CNHS-SYN-2526-0285,SY 2025-2026,Grade 8,Term 1,87.4,78.8,85.6,80.9,86.3,85.3,88.3,89.6,85.28,0,0,0,78.8,8,Filipino,Low Risk,No Recommendation,N/A,Independent,Classroom Summative,,,,95.4,In Progress,Progressing,Active,Reviewed
CNHS-SYN-2526-0285,SY 2025-2026,Grade 8,Term 2,84.6,97.3,80.9,83.3,89.0,88.4,87.3,88.1,87.36,0,0,0,80.9,8,Mathematics,Low Risk,No Recommendation,N/A,Independent,Classroom Summative,,,,98.4,In Progress,Progressing,Active,Reviewed
CNHS-SYN-2526-0285,SY 2025-2026,Grade 8,Term 3,85.2,91.0,77.7,86.4,83.1,87.7,86.6,86.8,85.56,0,0,0,77.7,8,Mathematics,Low Risk,No Recommendation,N/A,Independent,Classroom Summative,,,,91.8,N/A,N/A,Active,Reviewed
CNHS-SYN-2526-0286,SY 2025-2026,Grade 9,Term 1,72.1,74.3,79.7,91.0,87.1,68.6,80.8,84.3,79.74,3,2,1,68.6,8,Araling Panlipunan,High Risk,Classroom Remediation,N/A,N/A,Araling Panlipunan Diagnostic Assessment,15.5,,,72.3,In Progress,Progressing,In Progress,Approved
CNHS-SYN-2526-0286,SY 2025-2026,Grade 9,Term 2,88.2,80.0,76.8,81.5,83.3,82.3,88.0,91.3,83.92,0,0,0,76.8,8,Mathematics,Low Risk,Classroom Remediation,N/A,N/A,Mathematics Diagnostic Assessment,16.1,21.7,,75.9,In Progress,Progressing,In Progress,Approved
CNHS-SYN-2526-0286,SY 2025-2026,Grade 9,Term 3,80.3,84.6,83.2,83.8,90.5,88.3,94.5,87.0,86.53,0,0,0,80.3,8,English,Low Risk,Classroom Remediation,N/A,N/A,English Diagnostic Assessment,21.5,27.8,33.2,78.8,Improved,Improved,Completed,Approved
CNHS-SYN-2526-0287,SY 2025-2026,Grade 10,Term 1,91.2,94.0,91.7,80.8,87.3,83.6,86.6,82.4,87.2,0,0,0,80.8,8,Science,Low Risk,No Recommendation,N/A,Independent,Classroom Summative,,,,90.6,In Progress,Progressing,Active,Reviewed
CNHS-SYN-2526-0287,SY 2025-2026,Grade 10,Term 2,88.6,86.9,88.2,86.4,87.1,87.6,84.4,85.8,86.88,0,0,0,84.4,8,Tle,Low Risk,No Recommendation,N/A,Independent,Classroom Summative,,,,92.6,In Progress,Progressing,Active,Reviewed
CNHS-SYN-2526-0287,SY 2025-2026,Grade 10,Term 3,85.9,86.1,85.7,83.7,86.3,83.5,84.9,,85.16,0,0,0,83.5,7,Araling Panlipunan,Low Risk,No Recommendation,N/A,Independent,Classroom Summative,,,,91.2,N/A,N/A,Active,Reviewed
CNHS-SYN-2526-0288,SY 2025-2026,Grade 7,Term 1,92.9,84.2,95.8,88.8,80.0,89.8,87.4,86.8,88.21,0,0,0,80.0,8,Mapeh,Low Risk,No Recommendation,N/A,Independent,Classroom Summative,,,,91.5,In Progress,Progressing,Active,Reviewed
CNHS-SYN-2526-0288,SY 2025-2026,Grade 7,Term 2,87.9,82.4,96.7,88.1,86.1,84.5,92.1,83.8,87.7,0,0,0,82.4,8,Filipino,Low Risk,No Recommendation,N/A,Independent,Classroom Summative,,,,89.7,In Progress,Progressing,Active,Reviewed
CNHS-SYN-2526-0288,SY 2025-2026,Grade 7,Term 3,87.7,85.4,89.1,89.1,90.0,85.9,88.7,92.6,88.56,0,0,0,85.4,8,Filipino,Low Risk,No Recommendation,N/A,Independent,Classroom Summative,,,,92.0,N/A,N/A,Active,Reviewed
CNHS-SYN-2526-0289,SY 2025-2026,Grade 8,Term 1,64.9,75.1,72.8,63.9,65.7,74.0,70.4,77.6,70.55,6,1,5,63.9,8,Science,High Risk,Classroom Remediation,N/A,N/A,Science Diagnostic Assessment,20.5,,,71.6,In Progress,Progressing,In Progress,Approved
CNHS-SYN-2526-0289,SY 2025-2026,Grade 8,Term 2,75.0,71.5,65.8,74.8,80.6,70.7,73.8,69.9,72.76,6,1,5,65.8,8,Mathematics,High Risk,Classroom Remediation,N/A,N/A,Mathematics Diagnostic Assessment,16.2,20.2,,87.0,In Progress,Progressing,In Progress,Approved
CNHS-SYN-2526-0289,SY 2025-2026,Grade 8,Term 3,62.6,68.7,74.2,70.6,70.9,68.3,67.9,64.3,68.44,8,2,6,62.6,8,English,High Risk,Classroom Remediation,N/A,N/A,English Diagnostic Assessment,16.4,23.1,29.4,75.6,Improved,Improved,Completed,Approved
CNHS-SYN-2526-0290,SY 2025-2026,Grade 9,Term 1,80.0,83.9,79.8,76.6,78.6,70.9,78.5,77.5,78.22,1,0,1,70.9,8,Araling Panlipunan,Moderate Risk,Classroom Remediation,N/A,N/A,Araling Panlipunan Diagnostic Assessment,16.0,,,83.5,In Progress,Progressing,In Progress,Approved
CNHS-SYN-2526-0290,SY 2025-2026,Grade 9,Term 2,80.4,82.3,84.3,84.2,88.1,79.1,87.4,87.9,84.21,0,0,0,79.1,8,Araling Panlipunan,Low Risk,Classroom Remediation,N/A,N/A,Araling Panlipunan Diagnostic Assessment,17.2,22.9,,79.8,In Progress,Progressing,In Progress,Approved
CNHS-SYN-2526-0290,SY 2025-2026,Grade 9,Term 3,85.7,83.6,94.2,88.4,87.2,83.1,84.7,89.6,87.06,0,0,0,83.1,8,Araling Panlipunan,Low Risk,Classroom Remediation,N/A,N/A,Araling Panlipunan Diagnostic Assessment,17.4,23.6,31.4,73.6,Improved,Improved,Completed,Approved
CNHS-SYN-2526-0291,SY 2025-2026,Grade 10,Term 1,71.9,63.6,69.1,68.0,74.7,60.0,69.3,64.9,67.69,8,2,6,60.0,8,Araling Panlipunan,High Risk,Classroom Remediation,N/A,N/A,Araling Panlipunan Diagnostic Assessment,16.8,,,82.0,In Progress,Progressing,In Progress,Approved
CNHS-SYN-2526-0291,SY 2025-2026,Grade 10,Term 2,69.3,64.5,68.2,60.9,64.9,71.4,68.0,69.3,67.06,8,2,6,60.9,8,Science,High Risk,Classroom Remediation,N/A,N/A,Science Diagnostic Assessment,22.7,29.0,,78.7,In Progress,Progressing,In Progress,Approved
CNHS-SYN-2526-0291,SY 2025-2026,Grade 10,Term 3,71.3,60.0,68.5,66.2,68.3,72.7,69.3,72.7,68.62,8,2,6,60.0,8,Filipino,High Risk,Classroom Remediation,N/A,N/A,Filipino Diagnostic Assessment,16.0,22.3,28.8,77.1,Improved,Improved,Completed,Approved
CNHS-SYN-2526-0292,SY 2025-2026,Grade 7,Term 1,69.6,72.1,71.0,68.3,73.1,79.3,72.6,75.2,72.65,6,2,4,68.3,8,Science,High Risk,Classroom Remediation,N/A,N/A,Science Diagnostic Assessment,21.8,,,81.8,In Progress,Progressing,In Progress,Approved
CNHS-SYN-2526-0292,SY 2025-2026,Grade 7,Term 2,64.1,70.5,68.1,70.1,76.8,68.7,66.1,74.8,69.9,7,2,5,64.1,8,English,High Risk,Classroom Remediation,N/A,N/A,English Diagnostic Assessment,15.0,21.0,,80.4,In Progress,Progressing,In Progress,Approved
CNHS-SYN-2526-0292,SY 2025-2026,Grade 7,Term 3,67.8,64.0,64.1,70.5,66.5,72.9,69.8,72.4,68.5,8,2,6,64.0,8,Filipino,High Risk,Classroom Remediation,N/A,N/A,Filipino Diagnostic Assessment,17.2,21.8,27.5,78.9,Needs Further Intervention,Limited Improvement,Needs Further Support,Approved
CNHS-SYN-2526-0293,SY 2025-2026,Grade 8,Term 1,90.2,82.8,85.5,81.6,88.9,80.3,82.2,88.1,84.95,0,0,0,80.3,8,Araling Panlipunan,Low Risk,No Recommendation,N/A,Independent,Classroom Summative,,,,88.3,In Progress,Progressing,Active,Reviewed
CNHS-SYN-2526-0293,SY 2025-2026,Grade 8,Term 2,91.6,91.7,89.6,89.3,85.0,85.1,83.3,86.6,87.78,0,0,0,83.3,8,Tle,Low Risk,No Recommendation,N/A,Independent,Classroom Summative,,,,90.3,In Progress,Progressing,Active,Reviewed
CNHS-SYN-2526-0293,SY 2025-2026,Grade 8,Term 3,90.3,92.7,88.3,93.1,83.1,78.6,88.8,82.8,87.21,0,0,0,78.6,8,Araling Panlipunan,Low Risk,No Recommendation,N/A,Independent,Classroom Summative,,,,84.9,N/A,N/A,Active,Reviewed
CNHS-SYN-2526-0294,SY 2025-2026,Grade 9,Term 1,84.8,82.6,73.3,83.4,81.4,80.6,80.9,81.8,81.1,1,0,1,73.3,8,Mathematics,Moderate Risk,Classroom Remediation,N/A,N/A,Mathematics Diagnostic Assessment,19.4,,,72.9,In Progress,Progressing,In Progress,Approved
CNHS-SYN-2526-0294,SY 2025-2026,Grade 9,Term 2,84.6,75.9,88.9,84.9,86.7,81.6,86.3,85.5,84.3,0,0,0,75.9,8,Filipino,Low Risk,Classroom Remediation,N/A,N/A,Filipino Diagnostic Assessment,15.0,19.1,,71.9,In Progress,Progressing,In Progress,Approved
CNHS-SYN-2526-0294,SY 2025-2026,Grade 9,Term 3,89.8,91.4,84.0,85.0,94.8,82.7,88.2,88.1,88.0,0,0,0,82.7,8,Araling Panlipunan,Low Risk,Classroom Remediation,N/A,N/A,Araling Panlipunan Diagnostic Assessment,22.4,26.6,34.0,73.3,Improved,Improved,Completed,Approved
CNHS-SYN-2526-0295,SY 2025-2026,Grade 10,Term 1,74.9,77.0,73.4,78.9,88.5,79.9,77.3,75.1,78.12,2,1,1,73.4,8,Mathematics,High Risk,Classroom Remediation,N/A,N/A,Mathematics Diagnostic Assessment,19.6,,,84.1,In Progress,Progressing,In Progress,Approved
CNHS-SYN-2526-0295,SY 2025-2026,Grade 10,Term 2,81.4,83.9,80.1,81.7,79.6,76.9,82.9,79.6,80.76,0,0,0,76.9,8,Araling Panlipunan,Moderate Risk,Classroom Remediation,N/A,N/A,Araling Panlipunan Diagnostic Assessment,19.8,25.3,,74.6,In Progress,Progressing,In Progress,Approved
CNHS-SYN-2526-0295,SY 2025-2026,Grade 10,Term 3,90.1,82.7,80.6,76.1,90.1,90.4,88.1,81.4,84.94,0,0,0,76.1,8,Science,Low Risk,Classroom Remediation,N/A,N/A,Science Diagnostic Assessment,20.4,25.0,32.7,73.7,Improved,Improved,Completed,Approved
CNHS-SYN-2526-0296,SY 2025-2026,Grade 7,Term 1,92.0,89.1,92.5,81.2,94.1,83.2,90.8,86.5,88.67,0,0,0,81.2,8,Science,Low Risk,No Recommendation,N/A,Independent,Classroom Summative,,,,89.9,In Progress,Progressing,Active,Reviewed
CNHS-SYN-2526-0296,SY 2025-2026,Grade 7,Term 2,88.8,90.8,91.5,91.9,93.3,89.0,94.5,88.0,90.97,0,0,0,88.0,8,Values Education,Low Risk,No Recommendation,N/A,Independent,Classroom Summative,,,,93.7,In Progress,Progressing,Active,Reviewed
CNHS-SYN-2526-0296,SY 2025-2026,Grade 7,Term 3,87.6,90.5,91.6,87.5,89.3,91.1,87.5,75.9,87.62,0,0,0,75.9,8,Values Education,Low Risk,No Recommendation,N/A,Independent,Classroom Summative,,,,90.8,N/A,N/A,Active,Reviewed
CNHS-SYN-2526-0297,SY 2025-2026,Grade 8,Term 1,84.6,84.8,90.7,95.1,90.3,91.5,85.5,87.4,88.74,0,0,0,84.6,8,English,Low Risk,No Recommendation,N/A,Independent,Classroom Summative,,,,89.4,In Progress,Progressing,Active,Reviewed
CNHS-SYN-2526-0297,SY 2025-2026,Grade 8,Term 2,85.8,91.0,93.0,87.3,82.2,85.8,81.2,87.3,86.7,0,0,0,81.2,8,Tle,Low Risk,No Recommendation,N/A,Independent,Classroom Summative,,,,90.9,In Progress,Progressing,Active,Reviewed
CNHS-SYN-2526-0297,SY 2025-2026,Grade 8,Term 3,88.5,89.2,89.6,82.2,86.0,88.6,93.3,85.9,87.91,0,0,0,82.2,8,Science,Low Risk,No Recommendation,N/A,Independent,Classroom Summative,,,,95.5,N/A,N/A,Active,Reviewed
CNHS-SYN-2526-0298,SY 2025-2026,Grade 9,Term 1,85.3,73.4,86.2,80.6,82.9,76.2,80.9,83.2,81.09,1,1,0,73.4,8,Filipino,Moderate Risk,Classroom Remediation,N/A,N/A,Filipino Diagnostic Assessment,16.8,,,82.9,In Progress,Progressing,In Progress,Approved
CNHS-SYN-2526-0298,SY 2025-2026,Grade 9,Term 2,79.4,78.5,89.3,85.1,81.3,83.2,75.9,81.3,81.75,0,0,0,75.9,8,Tle,Moderate Risk,Classroom Remediation,N/A,N/A,Tle Diagnostic Assessment,23.3,27.8,,77.6,In Progress,Progressing,In Progress,Approved
CNHS-SYN-2526-0298,SY 2025-2026,Grade 9,Term 3,89.0,84.9,86.2,95.9,93.2,85.2,89.2,87.8,88.92,0,0,0,84.9,8,Filipino,Low Risk,Classroom Remediation,N/A,N/A,Filipino Diagnostic Assessment,23.9,28.7,34.0,73.5,Improved,Improved,Completed,Approved
CNHS-SYN-2526-0299,SY 2025-2026,Grade 10,Term 1,85.9,93.2,88.6,85.6,86.8,89.6,88.4,85.3,87.92,0,0,0,85.3,8,Values Education,Low Risk,No Recommendation,N/A,Independent,Classroom Summative,,,,91.8,In Progress,Progressing,Active,Reviewed
CNHS-SYN-2526-0299,SY 2025-2026,Grade 10,Term 2,85.6,89.0,91.8,90.4,87.2,90.8,84.2,84.3,87.91,0,0,0,84.2,8,Tle,Low Risk,No Recommendation,N/A,Independent,Classroom Summative,,,,98.0,In Progress,Progressing,Active,Reviewed
CNHS-SYN-2526-0299,SY 2025-2026,Grade 10,Term 3,90.8,89.1,95.6,87.0,97.1,86.1,84.1,87.5,89.66,0,0,0,84.1,8,Tle,Low Risk,No Recommendation,N/A,Independent,Classroom Summative,,,,88.8,N/A,N/A,Active,Reviewed
CNHS-SYN-2526-0300,SY 2025-2026,Grade 7,Term 1,83.2,89.6,80.6,80.7,84.3,90.7,83.8,87.0,84.99,0,0,0,80.6,8,Mathematics,Low Risk,No Recommendation,N/A,Independent,Classroom Summative,,,,97.2,In Progress,Progressing,Active,Reviewed
CNHS-SYN-2526-0300,SY 2025-2026,Grade 7,Term 2,79.2,88.5,86.5,89.0,82.0,85.4,84.9,81.3,84.6,0,0,0,79.2,8,English,Low Risk,No Recommendation,N/A,Independent,Classroom Summative,,,,89.7,In Progress,Progressing,Active,Reviewed
CNHS-SYN-2526-0300,SY 2025-2026,Grade 7,Term 3,86.0,82.5,86.0,77.8,83.8,89.4,88.1,85.0,84.82,0,0,0,77.8,8,Science,Low Risk,No Recommendation,N/A,Independent,Classroom Summative,,,,88.7,N/A,N/A,Active,Reviewed
CNHS-SYN-2526-0301,SY 2025-2026,Grade 8,Term 1,79.0,76.7,79.1,82.0,92.1,81.8,79.5,79.3,81.19,0,0,0,76.7,8,Filipino,Moderate Risk,Classroom Remediation,N/A,N/A,Filipino Diagnostic Assessment,15.1,,,72.4,In Progress,Progressing,In Progress,Approved
CNHS-SYN-2526-0301,SY 2025-2026,Grade 8,Term 2,92.1,85.5,92.7,87.4,86.1,82.4,91.1,95.4,89.09,0,0,0,82.4,8,Araling Panlipunan,Low Risk,Classroom Remediation,N/A,N/A,Araling Panlipunan Diagnostic Assessment,21.8,27.7,,85.0,In Progress,Progressing,In Progress,Approved
CNHS-SYN-2526-0301,SY 2025-2026,Grade 8,Term 3,,83.9,89.1,80.8,93.1,88.4,89.0,85.4,87.1,0,0,0,80.8,7,Science,Low Risk,Classroom Remediation,N/A,N/A,Science Diagnostic Assessment,22.3,26.5,33.0,75.4,Improved,Improved,Completed,Approved
CNHS-SYN-2526-0302,SY 2025-2026,Grade 9,Term 1,60.0,70.0,64.7,77.0,74.9,67.0,71.9,66.6,69.01,7,2,5,60.0,8,English,High Risk,Classroom Remediation,N/A,N/A,English Diagnostic Assessment,18.9,,,78.4,In Progress,Progressing,In Progress,Approved
CNHS-SYN-2526-0302,SY 2025-2026,Grade 9,Term 2,75.3,63.9,60.0,63.3,74.9,68.7,69.6,66.8,67.81,7,1,6,60.0,8,Mathematics,High Risk,Classroom Remediation,N/A,N/A,Mathematics Diagnostic Assessment,15.7,22.0,,80.2,In Progress,Progressing,In Progress,Approved
CNHS-SYN-2526-0302,SY 2025-2026,Grade 9,Term 3,66.7,63.6,60.0,62.8,81.1,74.9,74.3,66.3,68.71,7,2,5,60.0,8,Mathematics,High Risk,Classroom Remediation,N/A,N/A,Mathematics Diagnostic Assessment,18.2,22.5,26.7,84.6,Needs Further Intervention,Limited Improvement,Needs Further Support,Approved
CNHS-SYN-2526-0303,SY 2025-2026,Grade 10,Term 1,66.6,69.2,72.9,73.1,72.5,68.9,69.3,67.0,69.94,8,2,6,66.6,8,English,High Risk,Classroom Remediation,N/A,N/A,English Diagnostic Assessment,20.4,,,79.4,In Progress,Progressing,In Progress,Approved
CNHS-SYN-2526-0303,SY 2025-2026,Grade 10,Term 2,72.1,61.6,70.3,78.1,73.7,64.0,74.2,68.5,70.31,7,2,5,61.6,8,Filipino,High Risk,Classroom Remediation,N/A,N/A,Filipino Diagnostic Assessment,21.0,25.0,,78.0,In Progress,Progressing,In Progress,Approved
CNHS-SYN-2526-0303,SY 2025-2026,Grade 10,Term 3,66.7,68.0,66.6,73.5,72.2,65.1,75.5,70.8,69.8,7,2,5,65.1,8,Araling Panlipunan,High Risk,Classroom Remediation,N/A,N/A,Araling Panlipunan Diagnostic Assessment,20.6,27.3,34.6,76.5,Improved,Improved,Completed,Approved
CNHS-SYN-2526-0304,SY 2025-2026,Grade 7,Term 1,85.2,83.1,78.9,79.5,81.9,79.1,77.9,73.6,79.9,1,0,1,73.6,8,Values Education,Moderate Risk,Classroom Remediation,N/A,N/A,Values Education Diagnostic Assessment,23.9,,,80.0,In Progress,Progressing,In Progress,Approved
CNHS-SYN-2526-0304,SY 2025-2026,Grade 7,Term 2,82.9,83.8,92.3,82.8,81.7,91.9,83.7,82.9,85.25,0,0,0,81.7,8,Mapeh,Low Risk,Classroom Remediation,N/A,N/A,Mapeh Diagnostic Assessment,23.8,28.3,,85.1,In Progress,Progressing,In Progress,Approved
CNHS-SYN-2526-0304,SY 2025-2026,Grade 7,Term 3,92.9,89.1,88.9,89.2,87.8,89.6,89.7,83.0,88.78,0,0,0,83.0,8,Values Education,Low Risk,Classroom Remediation,N/A,N/A,Values Education Diagnostic Assessment,22.3,26.9,34.6,73.4,Improved,Improved,Completed,Approved
CNHS-SYN-2526-0305,SY 2025-2026,Grade 8,Term 1,69.3,77.3,84.0,78.5,75.8,76.5,67.0,75.1,75.44,2,1,1,67.0,8,Tle,High Risk,Classroom Remediation,N/A,N/A,Tle Diagnostic Assessment,20.7,,,69.8,In Progress,Progressing,In Progress,Approved
CNHS-SYN-2526-0305,SY 2025-2026,Grade 8,Term 2,88.1,76.5,82.6,74.1,86.7,85.8,82.3,81.3,82.17,1,0,1,74.1,8,Science,Moderate Risk,Classroom Remediation,N/A,N/A,Science Diagnostic Assessment,16.5,22.6,,70.6,In Progress,Progressing,In Progress,Approved
CNHS-SYN-2526-0305,SY 2025-2026,Grade 8,Term 3,86.0,84.3,87.8,80.9,87.2,89.5,84.1,83.3,85.39,0,0,0,80.9,8,Science,Low Risk,Classroom Remediation,N/A,N/A,Science Diagnostic Assessment,20.2,27.0,33.1,70.0,Improved,Improved,Completed,Approved
CNHS-SYN-2526-0306,SY 2025-2026,Grade 9,Term 1,60.0,60.0,70.3,70.6,67.7,65.4,64.7,69.9,66.08,8,2,6,60.0,8,English,High Risk,Classroom Remediation,N/A,N/A,English Diagnostic Assessment,15.9,,,71.1,In Progress,Progressing,In Progress,Approved
CNHS-SYN-2526-0306,SY 2025-2026,Grade 9,Term 2,64.2,66.4,64.1,67.1,70.4,75.1,69.7,73.7,68.84,7,2,5,64.1,8,Mathematics,High Risk,Classroom Remediation,N/A,N/A,Mathematics Diagnostic Assessment,23.4,27.9,,77.0,In Progress,Progressing,In Progress,Approved
CNHS-SYN-2526-0306,SY 2025-2026,Grade 9,Term 3,67.9,68.8,66.1,72.6,66.8,72.6,73.1,71.8,69.96,8,2,6,66.1,8,Mathematics,High Risk,Classroom Remediation,N/A,N/A,Mathematics Diagnostic Assessment,14.4,19.0,23.1,79.5,Needs Further Intervention,Limited Improvement,Needs Further Support,Approved
CNHS-SYN-2526-0307,SY 2025-2026,Grade 10,Term 1,92.9,89.8,94.0,91.2,87.7,93.2,87.9,99.0,91.96,0,0,0,87.7,8,Mapeh,Low Risk,No Recommendation,N/A,Independent,Classroom Summative,,,,87.3,In Progress,Progressing,Active,Reviewed
CNHS-SYN-2526-0307,SY 2025-2026,Grade 10,Term 2,88.8,97.3,92.0,85.5,94.4,89.3,93.5,94.7,91.94,0,0,0,85.5,8,Science,Low Risk,No Recommendation,N/A,Independent,Classroom Summative,,,,100.0,In Progress,Progressing,Active,Reviewed
CNHS-SYN-2526-0307,SY 2025-2026,Grade 10,Term 3,85.8,89.4,92.6,99.0,98.1,96.1,87.8,88.2,92.12,0,0,0,85.8,8,English,Low Risk,No Recommendation,N/A,Independent,Classroom Summative,,,,88.9,N/A,N/A,Active,Reviewed
CNHS-SYN-2526-0308,SY 2025-2026,Grade 7,Term 1,60.0,61.3,60.0,64.3,63.2,63.0,66.4,66.4,63.08,8,2,6,60.0,8,English,High Risk,Classroom Remediation,N/A,N/A,English Diagnostic Assessment,14.4,,,77.0,In Progress,Progressing,In Progress,Approved
CNHS-SYN-2526-0308,SY 2025-2026,Grade 7,Term 2,60.0,60.0,62.1,73.0,65.3,60.9,69.2,63.6,64.26,8,2,6,60.0,8,English,High Risk,Classroom Remediation,N/A,N/A,English Diagnostic Assessment,18.3,23.0,,85.0,In Progress,Progressing,In Progress,Approved
CNHS-SYN-2526-0308,SY 2025-2026,Grade 7,Term 3,60.0,60.0,68.7,66.2,74.6,64.4,66.6,73.1,66.7,8,2,6,60.0,8,English,High Risk,Classroom Remediation,N/A,N/A,English Diagnostic Assessment,16.3,21.7,27.1,74.0,Needs Further Intervention,Limited Improvement,Needs Further Support,Approved
CNHS-SYN-2526-0309,SY 2025-2026,Grade 8,Term 1,72.6,68.7,68.5,73.8,70.6,66.6,63.8,66.1,68.84,8,2,6,63.8,8,Tle,High Risk,Classroom Remediation,N/A,N/A,Tle Diagnostic Assessment,18.0,,,78.1,In Progress,Progressing,In Progress,Approved
CNHS-SYN-2526-0309,SY 2025-2026,Grade 8,Term 2,66.7,71.0,67.8,64.8,61.1,71.1,64.9,71.9,67.41,8,2,6,61.1,8,Mapeh,High Risk,Classroom Remediation,N/A,N/A,Mapeh Diagnostic Assessment,23.6,28.9,,83.1,In Progress,Progressing,In Progress,Approved
CNHS-SYN-2526-0309,SY 2025-2026,Grade 8,Term 3,60.0,61.1,61.9,70.5,70.1,60.0,67.2,71.6,65.3,8,2,6,60.0,8,English,High Risk,Classroom Remediation,N/A,N/A,English Diagnostic Assessment,22.3,27.5,32.7,72.7,Improved,Improved,Completed,Approved
CNHS-SYN-2526-0310,SY 2025-2026,Grade 9,Term 1,68.0,72.1,68.4,66.2,73.9,72.5,74.0,66.9,70.25,8,2,6,66.2,8,Science,High Risk,Classroom Remediation,N/A,N/A,Science Diagnostic Assessment,14.5,,,76.6,In Progress,Progressing,In Progress,Approved
CNHS-SYN-2526-0310,SY 2025-2026,Grade 9,Term 2,63.9,72.0,65.5,81.0,69.5,78.8,71.2,78.3,72.53,5,2,3,63.9,8,English,High Risk,Classroom Remediation,N/A,N/A,English Diagnostic Assessment,15.3,20.6,,83.5,In Progress,Progressing,In Progress,Approved
CNHS-SYN-2526-0310,SY 2025-2026,Grade 9,Term 3,65.7,68.0,74.9,69.1,74.3,71.1,72.8,72.3,71.03,8,2,6,65.7,8,English,High Risk,Classroom Remediation,N/A,N/A,English Diagnostic Assessment,17.5,21.9,28.0,85.9,Improved,Improved,Completed,Approved
CNHS-SYN-2526-0311,SY 2025-2026,Grade 10,Term 1,77.3,65.3,69.4,72.4,69.8,67.0,67.9,68.8,69.74,7,1,6,65.3,8,Filipino,High Risk,Classroom Remediation,N/A,N/A,Filipino Diagnostic Assessment,16.3,,,78.5,In Progress,Progressing,In Progress,Approved
CNHS-SYN-2526-0311,SY 2025-2026,Grade 10,Term 2,72.1,68.0,72.5,65.9,75.7,71.0,70.8,68.2,70.53,7,2,5,65.9,8,Science,High Risk,Classroom Remediation,N/A,N/A,Science Diagnostic Assessment,17.4,21.7,,73.2,In Progress,Progressing,In Progress,Approved
CNHS-SYN-2526-0311,SY 2025-2026,Grade 10,Term 3,63.2,65.7,67.4,69.6,70.5,75.1,76.0,79.0,70.81,5,2,3,63.2,8,English,High Risk,Classroom Remediation,N/A,N/A,English Diagnostic Assessment,20.0,26.4,30.7,82.3,Improved,Improved,Completed,Approved
CNHS-SYN-2526-0312,SY 2025-2026,Grade 7,Term 1,89.9,91.1,91.2,84.1,96.0,93.1,88.8,95.4,91.2,0,0,0,84.1,8,Science,Low Risk,No Recommendation,N/A,Independent,Classroom Summative,,,,84.6,In Progress,Progressing,Active,Reviewed
CNHS-SYN-2526-0312,SY 2025-2026,Grade 7,Term 2,95.6,86.4,91.6,91.0,91.7,93.5,92.5,92.3,91.83,0,0,0,86.4,8,Filipino,Low Risk,No Recommendation,N/A,Independent,Classroom Summative,,,,93.2,In Progress,Progressing,Active,Reviewed
CNHS-SYN-2526-0312,SY 2025-2026,Grade 7,Term 3,85.5,97.8,86.8,88.8,84.9,87.2,90.2,88.0,88.65,0,0,0,84.9,8,Mapeh,Low Risk,No Recommendation,N/A,Independent,Classroom Summative,,,,92.9,N/A,N/A,Active,Reviewed
CNHS-SYN-2526-0313,SY 2025-2026,Grade 8,Term 1,61.5,63.3,67.0,68.9,63.3,70.5,63.9,72.7,66.39,8,2,6,61.5,8,English,High Risk,Classroom Remediation,N/A,N/A,English Diagnostic Assessment,17.7,,,78.8,In Progress,Progressing,In Progress,Approved
CNHS-SYN-2526-0313,SY 2025-2026,Grade 8,Term 2,65.2,61.4,60.0,69.7,68.6,67.9,68.6,65.0,65.8,8,2,6,60.0,8,Mathematics,High Risk,Classroom Remediation,N/A,N/A,Mathematics Diagnostic Assessment,15.2,21.6,,83.9,In Progress,Progressing,In Progress,Approved
CNHS-SYN-2526-0313,SY 2025-2026,Grade 8,Term 3,64.9,63.9,60.0,71.8,70.6,65.3,61.8,62.9,65.15,8,2,6,60.0,8,Mathematics,High Risk,Classroom Remediation,N/A,N/A,Mathematics Diagnostic Assessment,14.1,21.0,26.6,82.8,Needs Further Intervention,Limited Improvement,Needs Further Support,Approved
CNHS-SYN-2526-0314,SY 2025-2026,Grade 9,Term 1,89.8,95.5,99.0,88.7,86.9,81.6,92.8,87.2,90.19,0,0,0,81.6,8,Araling Panlipunan,Low Risk,No Recommendation,N/A,Independent,Classroom Summative,,,,89.0,In Progress,Progressing,Active,Reviewed
CNHS-SYN-2526-0314,SY 2025-2026,Grade 9,Term 2,99.0,94.2,87.4,90.3,92.5,88.5,92.7,92.6,92.15,0,0,0,87.4,8,Mathematics,Low Risk,No Recommendation,N/A,Independent,Classroom Summative,,,,91.9,In Progress,Progressing,Active,Reviewed
CNHS-SYN-2526-0314,SY 2025-2026,Grade 9,Term 3,86.5,90.9,92.2,81.9,90.1,89.0,84.2,88.0,87.85,0,0,0,81.9,8,Science,Low Risk,No Recommendation,N/A,Independent,Classroom Summative,,,,99.7,N/A,N/A,Active,Reviewed
CNHS-SYN-2526-0315,SY 2025-2026,Grade 10,Term 1,95.6,90.3,89.6,86.4,90.9,94.9,94.3,97.0,92.38,0,0,0,86.4,8,Science,Low Risk,No Recommendation,N/A,Independent,Classroom Summative,,,,83.8,In Progress,Progressing,Active,Reviewed
CNHS-SYN-2526-0315,SY 2025-2026,Grade 10,Term 2,88.1,85.7,93.4,87.8,88.7,89.7,92.1,84.7,88.78,0,0,0,84.7,8,Values Education,Low Risk,No Recommendation,N/A,Independent,Classroom Summative,,,,92.0,In Progress,Progressing,Active,Reviewed
CNHS-SYN-2526-0315,SY 2025-2026,Grade 10,Term 3,97.7,92.8,87.7,82.0,94.4,87.7,86.0,83.7,89.0,0,0,0,82.0,8,Science,Low Risk,No Recommendation,N/A,Independent,Classroom Summative,,,,88.2,N/A,N/A,Active,Reviewed
CNHS-SYN-2526-0316,SY 2025-2026,Grade 7,Term 1,70.5,60.0,62.8,66.3,61.5,66.0,68.7,66.0,65.22,8,2,6,60.0,8,Filipino,High Risk,Classroom Remediation,N/A,N/A,Filipino Diagnostic Assessment,15.1,,,82.6,In Progress,Progressing,In Progress,Approved
CNHS-SYN-2526-0316,SY 2025-2026,Grade 7,Term 2,63.8,66.5,60.0,68.8,69.9,63.0,76.1,66.4,66.81,7,2,5,60.0,8,Mathematics,High Risk,Classroom Remediation,N/A,N/A,Mathematics Diagnostic Assessment,21.7,25.9,,80.7,In Progress,Progressing,In Progress,Approved
CNHS-SYN-2526-0316,SY 2025-2026,Grade 7,Term 3,60.0,67.6,66.0,62.3,65.0,67.7,64.1,64.3,64.62,8,2,6,60.0,8,English,High Risk,Classroom Remediation,N/A,N/A,English Diagnostic Assessment,20.1,24.4,30.5,68.1,Improved,Improved,Completed,Approved
CNHS-SYN-2526-0317,SY 2025-2026,Grade 8,Term 1,74.9,83.2,81.1,79.9,75.7,78.4,82.5,80.8,79.56,1,1,0,74.9,8,English,Moderate Risk,Classroom Remediation,N/A,N/A,English Diagnostic Assessment,22.1,,,74.2,In Progress,Progressing,In Progress,Approved
CNHS-SYN-2526-0317,SY 2025-2026,Grade 8,Term 2,85.3,81.7,95.8,86.0,89.0,88.6,84.4,91.2,87.75,0,0,0,81.7,8,Filipino,Low Risk,Classroom Remediation,N/A,N/A,Filipino Diagnostic Assessment,23.4,28.7,,80.0,In Progress,Progressing,In Progress,Approved
CNHS-SYN-2526-0317,SY 2025-2026,Grade 8,Term 3,82.7,89.2,93.0,89.9,92.7,92.0,90.8,88.3,89.82,0,0,0,82.7,8,English,Low Risk,Classroom Remediation,N/A,N/A,English Diagnostic Assessment,22.4,26.9,33.3,77.1,Improved,Improved,Completed,Approved
CNHS-SYN-2526-0318,SY 2025-2026,Grade 9,Term 1,97.4,95.9,99.0,92.4,91.3,94.3,89.2,92.0,93.94,0,0,0,89.2,8,Tle,Low Risk,No Recommendation,N/A,Independent,Classroom Summative,,,,86.2,In Progress,Progressing,Active,Reviewed
CNHS-SYN-2526-0318,SY 2025-2026,Grade 9,Term 2,92.0,89.8,93.0,92.9,96.6,88.1,90.1,88.4,91.36,0,0,0,88.1,8,Araling Panlipunan,Low Risk,No Recommendation,N/A,Independent,Classroom Summative,,,,89.6,In Progress,Progressing,Active,Reviewed
CNHS-SYN-2526-0318,SY 2025-2026,Grade 9,Term 3,90.7,93.9,95.3,87.3,96.7,95.3,87.9,96.4,92.94,0,0,0,87.3,8,Science,Low Risk,No Recommendation,N/A,Independent,Classroom Summative,,,,91.4,N/A,N/A,Active,Reviewed
CNHS-SYN-2526-0319,SY 2025-2026,Grade 10,Term 1,90.7,83.9,92.4,88.0,92.6,91.4,88.1,93.6,90.09,0,0,0,83.9,8,Filipino,Low Risk,No Recommendation,N/A,Independent,Classroom Summative,,,,92.7,In Progress,Progressing,Active,Reviewed
CNHS-SYN-2526-0319,SY 2025-2026,Grade 10,Term 2,91.5,98.8,87.5,88.2,84.6,92.4,87.2,87.6,89.72,0,0,0,84.6,8,Mapeh,Low Risk,No Recommendation,N/A,Independent,Classroom Summative,,,,92.2,In Progress,Progressing,Active,Reviewed
CNHS-SYN-2526-0319,SY 2025-2026,Grade 10,Term 3,92.3,87.0,81.3,91.3,81.1,92.9,95.8,88.9,88.82,0,0,0,81.1,8,Mapeh,Low Risk,No Recommendation,N/A,Independent,Classroom Summative,,,,91.9,N/A,N/A,Active,Reviewed
CNHS-SYN-2526-0320,SY 2025-2026,Grade 7,Term 1,72.5,67.8,63.8,69.7,72.3,68.1,78.9,66.4,69.94,7,2,5,63.8,8,Mathematics,High Risk,Classroom Remediation,N/A,N/A,Mathematics Diagnostic Assessment,18.5,,,83.1,In Progress,Progressing,In Progress,Approved
CNHS-SYN-2526-0320,SY 2025-2026,Grade 7,Term 2,66.2,67.0,60.0,71.1,69.6,68.2,69.9,66.8,67.35,8,2,6,60.0,8,Mathematics,High Risk,Classroom Remediation,N/A,N/A,Mathematics Diagnostic Assessment,16.7,23.0,,82.6,In Progress,Progressing,In Progress,Approved
CNHS-SYN-2526-0320,SY 2025-2026,Grade 7,Term 3,61.8,73.8,64.1,68.5,72.0,60.5,67.5,66.1,66.79,8,2,6,60.5,8,Araling Panlipunan,High Risk,Classroom Remediation,N/A,N/A,Araling Panlipunan Diagnostic Assessment,23.2,29.9,37.4,83.3,Improved,Improved,Completed,Approved
CNHS-SYN-2526-0321,SY 2025-2026,Grade 8,Term 1,68.3,65.6,60.9,65.1,68.9,70.4,68.6,72.2,67.5,8,2,6,60.9,8,Mathematics,High Risk,Classroom Remediation,N/A,N/A,Mathematics Diagnostic Assessment,18.5,,,72.5,In Progress,Progressing,In Progress,Approved
CNHS-SYN-2526-0321,SY 2025-2026,Grade 8,Term 2,68.6,60.0,62.6,68.4,75.3,67.7,67.5,70.9,67.62,7,2,5,60.0,8,Filipino,High Risk,Classroom Remediation,N/A,N/A,Filipino Diagnostic Assessment,18.3,25.3,,78.6,In Progress,Progressing,In Progress,Approved
CNHS-SYN-2526-0321,SY 2025-2026,Grade 8,Term 3,66.0,69.4,73.4,77.4,67.7,75.2,73.0,74.7,72.1,6,2,4,66.0,8,English,High Risk,Classroom Remediation,N/A,N/A,English Diagnostic Assessment,18.1,24.7,30.0,85.8,Improved,Improved,Completed,Approved
CNHS-SYN-2526-0322,SY 2025-2026,Grade 9,Term 1,91.4,88.5,97.3,86.7,89.9,90.1,96.7,89.5,91.26,0,0,0,86.7,8,Science,Low Risk,No Recommendation,N/A,Independent,Classroom Summative,,,,92.8,In Progress,Progressing,Active,Reviewed
CNHS-SYN-2526-0322,SY 2025-2026,Grade 9,Term 2,96.6,96.4,93.9,85.1,91.0,91.8,93.1,89.0,92.11,0,0,0,85.1,8,Science,Low Risk,No Recommendation,N/A,Independent,Classroom Summative,,,,92.1,In Progress,Progressing,Active,Reviewed
CNHS-SYN-2526-0322,SY 2025-2026,Grade 9,Term 3,89.3,91.1,99.0,94.6,96.1,87.8,89.2,89.2,92.04,0,0,0,87.8,8,Araling Panlipunan,Low Risk,No Recommendation,N/A,Independent,Classroom Summative,,,,91.3,N/A,N/A,Active,Reviewed
CNHS-SYN-2526-0323,SY 2025-2026,Grade 10,Term 1,81.3,70.8,76.9,81.9,75.6,74.2,80.1,72.4,76.65,3,1,2,70.8,8,Filipino,High Risk,Classroom Remediation,N/A,N/A,Filipino Diagnostic Assessment,14.6,,,76.1,In Progress,Progressing,In Progress,Approved
CNHS-SYN-2526-0323,SY 2025-2026,Grade 10,Term 2,71.8,76.8,80.0,83.8,76.7,80.4,78.0,74.8,77.79,2,1,1,71.8,8,English,High Risk,Classroom Remediation,N/A,N/A,English Diagnostic Assessment,18.7,24.4,,80.7,In Progress,Progressing,In Progress,Approved
CNHS-SYN-2526-0323,SY 2025-2026,Grade 10,Term 3,72.9,78.1,84.0,82.5,74.3,73.5,76.8,75.7,77.22,3,1,2,72.9,8,English,High Risk,Classroom Remediation,N/A,N/A,English Diagnostic Assessment,21.9,28.8,36.0,77.1,Improved,Improved,Completed,Approved
CNHS-SYN-2526-0324,SY 2025-2026,Grade 7,Term 1,60.4,63.2,64.2,60.0,66.2,74.0,60.0,66.5,64.31,8,2,6,60.0,8,Science,High Risk,Classroom Remediation,N/A,N/A,Science Diagnostic Assessment,20.9,,,71.1,In Progress,Progressing,In Progress,Approved
CNHS-SYN-2526-0324,SY 2025-2026,Grade 7,Term 2,68.7,60.0,64.0,75.0,63.7,68.0,70.9,70.7,67.62,7,2,5,60.0,8,Filipino,High Risk,Classroom Remediation,N/A,N/A,Filipino Diagnostic Assessment,22.1,26.9,,74.2,In Progress,Progressing,In Progress,Approved
CNHS-SYN-2526-0324,SY 2025-2026,Grade 7,Term 3,61.4,65.1,68.5,69.3,63.2,64.5,67.5,71.7,66.4,8,2,6,61.4,8,English,High Risk,Classroom Remediation,N/A,N/A,English Diagnostic Assessment,17.8,22.2,26.6,78.8,Needs Further Intervention,Limited Improvement,Needs Further Support,Approved
CNHS-SYN-2526-0325,SY 2025-2026,Grade 8,Term 1,60.0,72.6,69.1,71.6,65.8,67.2,75.0,77.7,69.88,6,2,4,60.0,8,English,High Risk,Classroom Remediation,N/A,N/A,English Diagnostic Assessment,18.6,,,87.3,In Progress,Progressing,In Progress,Approved
CNHS-SYN-2526-0325,SY 2025-2026,Grade 8,Term 2,65.8,72.6,70.3,70.7,76.3,71.9,70.4,76.3,71.79,6,2,4,65.8,8,English,High Risk,Classroom Remediation,N/A,N/A,English Diagnostic Assessment,15.9,21.4,,75.8,In Progress,Progressing,In Progress,Approved
CNHS-SYN-2526-0325,SY 2025-2026,Grade 8,Term 3,69.4,68.5,68.7,73.2,71.8,73.5,69.7,76.8,71.45,7,2,5,68.5,8,Filipino,High Risk,Classroom Remediation,N/A,N/A,Filipino Diagnostic Assessment,23.1,30.1,37.6,83.1,Improved,Improved,Completed,Approved
CNHS-SYN-2526-0326,SY 2025-2026,Grade 9,Term 1,92.5,85.7,98.4,78.6,89.5,84.2,94.5,88.0,88.92,0,0,0,78.6,8,Science,Low Risk,No Recommendation,N/A,Independent,Classroom Summative,,,,90.9,In Progress,Progressing,Active,Reviewed
CNHS-SYN-2526-0326,SY 2025-2026,Grade 9,Term 2,85.3,86.9,87.8,84.0,88.1,88.6,83.0,80.4,85.51,0,0,0,80.4,8,Values Education,Low Risk,No Recommendation,N/A,Independent,Classroom Summative,,,,94.1,In Progress,Progressing,Active,Reviewed
CNHS-SYN-2526-0326,SY 2025-2026,Grade 9,Term 3,91.1,90.4,95.4,91.0,97.7,99.0,80.0,78.2,90.35,0,0,0,78.2,8,Values Education,Low Risk,No Recommendation,N/A,Independent,Classroom Summative,,,,94.0,N/A,N/A,Active,Reviewed
CNHS-SYN-2526-0327,SY 2025-2026,Grade 10,Term 1,74.2,75.5,80.3,74.5,75.3,78.7,75.6,80.9,76.88,2,1,1,74.2,8,English,High Risk,Classroom Remediation,N/A,N/A,English Diagnostic Assessment,14.5,,,73.7,In Progress,Progressing,In Progress,Approved
CNHS-SYN-2526-0327,SY 2025-2026,Grade 10,Term 2,81.7,84.0,74.4,82.4,66.9,80.7,73.0,80.3,77.93,3,0,3,66.9,8,Mapeh,High Risk,Classroom Remediation,N/A,N/A,Mapeh Diagnostic Assessment,21.5,27.1,,87.1,In Progress,Progressing,In Progress,Approved
CNHS-SYN-2526-0327,SY 2025-2026,Grade 10,Term 3,75.9,84.8,75.4,82.4,69.9,75.3,74.3,82.6,77.57,2,0,2,69.9,8,Mapeh,High Risk,Classroom Remediation,N/A,N/A,Mapeh Diagnostic Assessment,18.9,25.4,31.7,82.7,Improved,Improved,Completed,Approved
CNHS-SYN-2526-0328,SY 2025-2026,Grade 7,Term 1,82.9,89.2,89.2,85.3,88.0,86.8,88.4,81.1,86.36,0,0,0,81.1,8,Values Education,Low Risk,No Recommendation,N/A,Independent,Classroom Summative,,,,96.1,In Progress,Progressing,Active,Reviewed
CNHS-SYN-2526-0328,SY 2025-2026,Grade 7,Term 2,88.7,89.8,87.3,90.0,86.7,81.8,89.7,79.9,86.74,0,0,0,79.9,8,Values Education,Low Risk,No Recommendation,N/A,Independent,Classroom Summative,,,,90.5,In Progress,Progressing,Active,Reviewed
CNHS-SYN-2526-0328,SY 2025-2026,Grade 7,Term 3,85.6,88.1,84.9,88.4,86.6,83.9,91.8,87.2,87.06,0,0,0,83.9,8,Araling Panlipunan,Low Risk,No Recommendation,N/A,Independent,Classroom Summative,,,,97.7,N/A,N/A,Active,Reviewed
CNHS-SYN-2526-0329,SY 2025-2026,Grade 8,Term 1,95.7,99.0,97.9,79.8,97.1,97.3,92.4,97.5,94.59,0,0,0,79.8,8,Science,Low Risk,No Recommendation,N/A,Independent,Classroom Summative,,,,89.3,In Progress,Progressing,Active,Reviewed
CNHS-SYN-2526-0329,SY 2025-2026,Grade 8,Term 2,99.0,89.8,96.3,93.0,90.3,94.8,98.8,98.6,95.08,0,0,0,89.8,8,Filipino,Low Risk,No Recommendation,N/A,Independent,Classroom Summative,,,,85.2,In Progress,Progressing,Active,Reviewed
CNHS-SYN-2526-0329,SY 2025-2026,Grade 8,Term 3,89.5,95.5,96.4,91.6,99.0,94.0,,97.5,94.79,0,0,0,89.5,7,English,Low Risk,No Recommendation,N/A,Independent,Classroom Summative,,,,88.2,N/A,N/A,Active,Reviewed
CNHS-SYN-2526-0330,SY 2025-2026,Grade 9,Term 1,89.5,88.2,96.0,91.3,95.5,89.6,91.9,91.1,91.64,0,0,0,88.2,8,Filipino,Low Risk,No Recommendation,N/A,Independent,Classroom Summative,,,,91.4,In Progress,Progressing,Active,Reviewed
CNHS-SYN-2526-0330,SY 2025-2026,Grade 9,Term 2,87.0,93.7,93.5,93.8,92.5,89.4,96.1,93.4,92.42,0,0,0,87.0,8,English,Low Risk,No Recommendation,N/A,Independent,Classroom Summative,,,,97.8,In Progress,Progressing,Active,Reviewed
CNHS-SYN-2526-0330,SY 2025-2026,Grade 9,Term 3,91.2,93.3,93.6,85.3,85.4,84.7,89.4,88.5,88.92,0,0,0,84.7,8,Araling Panlipunan,Low Risk,No Recommendation,N/A,Independent,Classroom Summative,,,,92.6,N/A,N/A,Active,Reviewed
CNHS-SYN-2526-0331,SY 2025-2026,Grade 10,Term 1,60.3,65.7,65.8,66.3,63.8,65.4,66.6,70.5,65.55,8,2,6,60.3,8,English,High Risk,Classroom Remediation,N/A,N/A,English Diagnostic Assessment,17.7,,,76.5,In Progress,Progressing,In Progress,Approved
CNHS-SYN-2526-0331,SY 2025-2026,Grade 10,Term 2,60.0,60.8,62.9,60.0,63.2,73.7,68.8,65.8,64.4,8,2,6,60.0,8,English,High Risk,Classroom Remediation,N/A,N/A,English Diagnostic Assessment,22.6,27.6,,77.4,In Progress,Progressing,In Progress,Approved
CNHS-SYN-2526-0331,SY 2025-2026,Grade 10,Term 3,60.0,61.5,70.9,68.3,61.6,76.8,62.3,66.3,65.96,7,2,5,60.0,8,English,High Risk,Classroom Remediation,N/A,N/A,English Diagnostic Assessment,15.2,20.5,27.8,84.5,Needs Further Intervention,Limited Improvement,Needs Further Support,Approved
CNHS-SYN-2526-0332,SY 2025-2026,Grade 7,Term 1,79.7,79.8,78.9,80.2,79.1,84.1,88.7,80.5,81.38,0,0,0,78.9,8,Mathematics,Moderate Risk,No Recommendation,N/A,Instructional,Classroom Summative,,,,93.0,In Progress,Progressing,Active,Reviewed
CNHS-SYN-2526-0332,SY 2025-2026,Grade 7,Term 2,76.1,81.8,81.1,78.1,83.4,79.9,75.9,81.2,79.69,0,0,0,75.9,8,Tle,Moderate Risk,No Recommendation,N/A,Instructional,Classroom Summative,,,,95.8,In Progress,Progressing,Active,Reviewed
CNHS-SYN-2526-0332,SY 2025-2026,Grade 7,Term 3,82.0,78.3,77.5,79.8,81.3,81.7,81.0,79.4,80.12,0,0,0,77.5,8,Mathematics,Moderate Risk,No Recommendation,N/A,Instructional,Classroom Summative,,,,89.3,N/A,N/A,Active,Reviewed
CNHS-SYN-2526-0333,SY 2025-2026,Grade 8,Term 1,65.6,61.1,60.0,61.4,67.7,60.0,60.0,67.7,62.94,8,2,6,60.0,8,Mathematics,High Risk,Classroom Remediation,N/A,N/A,Mathematics Diagnostic Assessment,19.3,,,80.4,In Progress,Progressing,In Progress,Approved
CNHS-SYN-2526-0333,SY 2025-2026,Grade 8,Term 2,60.0,60.4,64.4,64.5,62.7,60.0,67.0,65.8,63.1,8,2,6,60.0,8,English,High Risk,Classroom Remediation,N/A,N/A,English Diagnostic Assessment,21.1,25.5,,78.5,In Progress,Progressing,In Progress,Approved
CNHS-SYN-2526-0333,SY 2025-2026,Grade 8,Term 3,69.1,65.4,62.6,,65.7,65.7,70.7,61.9,65.87,7,2,5,61.9,7,Values Education,High Risk,Classroom Remediation,N/A,N/A,Values Education Diagnostic Assessment,14.9,21.2,25.5,69.5,Needs Further Intervention,Limited Improvement,Needs Further Support,Approved
CNHS-SYN-2526-0334,SY 2025-2026,Grade 9,Term 1,94.3,89.1,91.0,87.9,86.0,83.2,85.3,95.8,89.07,0,0,0,83.2,8,Araling Panlipunan,Low Risk,No Recommendation,N/A,Independent,Classroom Summative,,,,94.1,In Progress,Progressing,Active,Reviewed
CNHS-SYN-2526-0334,SY 2025-2026,Grade 9,Term 2,96.7,93.0,91.1,92.2,90.0,96.5,99.0,97.5,94.5,0,0,0,90.0,8,Mapeh,Low Risk,No Recommendation,N/A,Independent,Classroom Summative,,,,90.3,In Progress,Progressing,Active,Reviewed
CNHS-SYN-2526-0334,SY 2025-2026,Grade 9,Term 3,92.9,94.8,85.4,84.7,96.9,89.4,85.7,87.3,89.64,0,0,0,84.7,8,Science,Low Risk,No Recommendation,N/A,Independent,Classroom Summative,,,,88.7,N/A,N/A,Active,Reviewed
CNHS-SYN-2526-0335,SY 2025-2026,Grade 10,Term 1,68.9,65.9,64.3,75.0,71.5,73.7,66.8,69.3,69.42,7,2,5,64.3,8,Mathematics,High Risk,Classroom Remediation,N/A,N/A,Mathematics Diagnostic Assessment,20.6,,,80.0,In Progress,Progressing,In Progress,Approved
CNHS-SYN-2526-0335,SY 2025-2026,Grade 10,Term 2,62.0,69.6,67.6,68.3,70.9,67.7,66.5,71.3,67.99,8,2,6,62.0,8,English,High Risk,Classroom Remediation,N/A,N/A,English Diagnostic Assessment,14.5,19.9,,75.2,In Progress,Progressing,In Progress,Approved
CNHS-SYN-2526-0335,SY 2025-2026,Grade 10,Term 3,73.4,68.5,66.5,65.4,72.1,66.7,66.5,72.2,68.91,8,2,6,65.4,8,Science,High Risk,Classroom Remediation,N/A,N/A,Science Diagnostic Assessment,21.1,27.8,35.4,76.3,Improved,Improved,Completed,Approved
CNHS-SYN-2526-0336,SY 2025-2026,Grade 7,Term 1,82.9,68.8,79.3,75.3,82.0,90.8,82.1,82.6,80.47,1,1,0,68.8,8,Filipino,High Risk,No Recommendation,N/A,Instructional,Classroom Summative,,,,92.1,In Progress,Progressing,Active,Reviewed
CNHS-SYN-2526-0336,SY 2025-2026,Grade 7,Term 2,80.9,85.4,84.6,84.1,82.4,81.6,86.7,81.6,83.41,0,0,0,80.9,8,English,Moderate Risk,No Recommendation,N/A,Instructional,Classroom Summative,,,,87.8,In Progress,Progressing,Active,Reviewed
CNHS-SYN-2526-0336,SY 2025-2026,Grade 7,Term 3,87.5,83.6,78.8,85.0,80.4,83.1,81.0,82.5,82.74,0,0,0,78.8,8,Mathematics,Moderate Risk,No Recommendation,N/A,Instructional,Classroom Summative,,,,94.1,N/A,N/A,Active,Reviewed
CNHS-SYN-2526-0337,SY 2025-2026,Grade 8,Term 1,60.0,68.8,65.6,62.4,62.0,64.0,63.5,69.9,64.53,8,2,6,60.0,8,English,High Risk,Classroom Remediation,N/A,N/A,English Diagnostic Assessment,22.8,,,78.3,In Progress,Progressing,In Progress,Approved
CNHS-SYN-2526-0337,SY 2025-2026,Grade 8,Term 2,64.0,64.8,64.3,61.8,62.2,63.7,62.0,60.0,62.85,8,2,6,60.0,8,Values Education,High Risk,Classroom Remediation,N/A,N/A,Values Education Diagnostic Assessment,14.3,20.8,,77.1,In Progress,Progressing,In Progress,Approved
CNHS-SYN-2526-0337,SY 2025-2026,Grade 8,Term 3,63.1,60.0,60.0,66.9,60.0,63.9,63.6,64.4,62.74,8,2,6,60.0,8,Filipino,High Risk,Classroom Remediation,N/A,N/A,Filipino Diagnostic Assessment,23.8,30.7,36.0,65.4,Improved,Improved,Completed,Approved
CNHS-SYN-2526-0338,SY 2025-2026,Grade 9,Term 1,69.8,69.0,65.4,66.9,65.0,71.5,66.7,65.1,67.43,8,2,6,65.0,8,Mapeh,High Risk,Classroom Remediation,N/A,N/A,Mapeh Diagnostic Assessment,21.3,,,74.8,In Progress,Progressing,In Progress,Approved
CNHS-SYN-2526-0338,SY 2025-2026,Grade 9,Term 2,62.7,70.8,66.3,66.9,67.7,70.2,64.2,70.1,67.36,8,2,6,62.7,8,English,High Risk,Classroom Remediation,N/A,N/A,English Diagnostic Assessment,21.4,27.6,,74.0,In Progress,Progressing,In Progress,Approved
CNHS-SYN-2526-0338,SY 2025-2026,Grade 9,Term 3,60.2,65.6,61.4,73.8,66.5,74.9,65.1,67.9,66.92,8,2,6,60.2,8,English,High Risk,Classroom Remediation,N/A,N/A,English Diagnostic Assessment,17.4,22.3,29.6,75.2,Improved,Improved,Completed,Approved
CNHS-SYN-2526-0339,SY 2025-2026,Grade 10,Term 1,71.6,66.2,61.7,61.0,81.9,72.5,71.0,71.5,69.67,7,2,5,61.0,8,Science,High Risk,Classroom Remediation,N/A,N/A,Science Diagnostic Assessment,18.7,,,74.2,In Progress,Progressing,In Progress,Approved
CNHS-SYN-2526-0339,SY 2025-2026,Grade 10,Term 2,62.4,65.3,66.1,78.6,69.7,65.6,70.2,71.5,68.67,7,2,5,62.4,8,English,High Risk,Classroom Remediation,N/A,N/A,English Diagnostic Assessment,20.5,26.7,,74.0,In Progress,Progressing,In Progress,Approved
CNHS-SYN-2526-0339,SY 2025-2026,Grade 10,Term 3,65.2,60.7,66.9,71.6,66.8,78.2,73.6,63.2,68.28,7,2,5,60.7,8,Filipino,High Risk,Classroom Remediation,N/A,N/A,Filipino Diagnostic Assessment,15.1,22.1,27.4,86.1,Needs Further Intervention,Limited Improvement,Needs Further Support,Approved
CNHS-SYN-2526-0340,SY 2025-2026,Grade 7,Term 1,66.2,66.0,75.6,69.3,75.1,63.5,80.6,68.3,70.57,5,2,3,63.5,8,Araling Panlipunan,High Risk,Classroom Remediation,N/A,N/A,Araling Panlipunan Diagnostic Assessment,19.4,,,82.4,In Progress,Progressing,In Progress,Approved
CNHS-SYN-2526-0340,SY 2025-2026,Grade 7,Term 2,64.1,64.2,69.3,69.4,75.4,72.6,69.5,72.2,69.59,7,2,5,64.1,8,English,High Risk,Classroom Remediation,N/A,N/A,English Diagnostic Assessment,19.8,26.1,,79.0,In Progress,Progressing,In Progress,Approved
CNHS-SYN-2526-0340,SY 2025-2026,Grade 7,Term 3,72.8,70.4,67.1,69.3,71.4,68.0,75.9,65.4,70.04,7,2,5,65.4,8,Values Education,High Risk,Classroom Remediation,N/A,N/A,Values Education Diagnostic Assessment,23.7,29.7,36.1,77.6,Improved,Improved,Completed,Approved
CNHS-SYN-2526-0341,SY 2025-2026,Grade 8,Term 1,62.5,64.9,65.0,73.0,68.7,61.3,66.1,62.0,65.44,8,2,6,61.3,8,Araling Panlipunan,High Risk,Classroom Remediation,N/A,N/A,Araling Panlipunan Diagnostic Assessment,21.4,,,77.7,In Progress,Progressing,In Progress,Approved
CNHS-SYN-2526-0341,SY 2025-2026,Grade 8,Term 2,60.0,60.0,70.4,65.5,60.9,66.1,73.0,66.7,65.33,8,2,6,60.0,8,English,High Risk,Classroom Remediation,N/A,N/A,English Diagnostic Assessment,21.5,26.2,,72.3,In Progress,Progressing,In Progress,Approved
CNHS-SYN-2526-0341,SY 2025-2026,Grade 8,Term 3,60.0,62.0,60.0,63.9,68.8,60.9,60.0,63.7,62.41,8,2,6,60.0,8,English,High Risk,Classroom Remediation,N/A,N/A,English Diagnostic Assessment,19.4,26.2,33.5,81.0,Improved,Improved,Completed,Approved
CNHS-SYN-2526-0342,SY 2025-2026,Grade 9,Term 1,84.1,89.2,81.4,77.8,84.2,81.9,82.1,84.6,83.16,0,0,0,77.8,8,Science,Moderate Risk,No Recommendation,N/A,Instructional,Classroom Summative,,,,92.1,In Progress,Progressing,Active,Reviewed
CNHS-SYN-2526-0342,SY 2025-2026,Grade 9,Term 2,83.1,91.6,86.4,86.0,83.2,78.6,87.2,83.2,84.91,0,0,0,78.6,8,Araling Panlipunan,Low Risk,No Recommendation,N/A,Independent,Classroom Summative,,,,91.0,In Progress,Progressing,Active,Reviewed
CNHS-SYN-2526-0342,SY 2025-2026,Grade 9,Term 3,79.5,87.6,84.4,83.4,82.5,79.9,74.1,77.0,81.05,1,0,1,74.1,8,Tle,Moderate Risk,Classroom Remediation,N/A,N/A,Tle Diagnostic Assessment,15.1,20.3,27.8,77.4,Needs Further Intervention,Limited Improvement,Needs Further Support,Approved
CNHS-SYN-2526-0343,SY 2025-2026,Grade 10,Term 1,79.0,84.1,80.3,80.0,72.8,75.9,83.8,71.2,78.39,2,0,2,71.2,8,Values Education,High Risk,Classroom Remediation,N/A,N/A,Values Education Diagnostic Assessment,20.8,,,87.5,In Progress,Progressing,In Progress,Approved
CNHS-SYN-2526-0343,SY 2025-2026,Grade 10,Term 2,85.4,,80.5,76.9,80.0,76.8,79.1,86.7,80.77,0,0,0,76.8,7,Araling Panlipunan,Moderate Risk,No Recommendation,N/A,Instructional,Classroom Summative,,,,86.5,In Progress,Progressing,Active,Reviewed
CNHS-SYN-2526-0343,SY 2025-2026,Grade 10,Term 3,80.3,76.7,80.9,73.0,82.2,75.2,79.6,78.1,78.25,1,0,1,73.0,8,Science,Moderate Risk,Classroom Remediation,N/A,N/A,Science Diagnostic Assessment,21.7,28.2,32.6,85.1,Improved,Improved,Completed,Approved
CNHS-SYN-2526-0344,SY 2025-2026,Grade 7,Term 1,92.6,89.2,90.8,93.4,94.2,86.4,85.8,85.2,89.7,0,0,0,85.2,8,Values Education,Low Risk,No Recommendation,N/A,Independent,Classroom Summative,,,,88.3,In Progress,Progressing,Active,Reviewed
CNHS-SYN-2526-0344,SY 2025-2026,Grade 7,Term 2,93.8,92.7,89.3,95.1,83.0,95.5,90.1,80.5,90.0,0,0,0,80.5,8,Values Education,Low Risk,No Recommendation,N/A,Independent,Classroom Summative,,,,95.9,In Progress,Progressing,Active,Reviewed
CNHS-SYN-2526-0344,SY 2025-2026,Grade 7,Term 3,88.8,86.7,85.2,98.5,85.1,83.8,89.9,82.3,87.54,0,0,0,82.3,8,Values Education,Low Risk,No Recommendation,N/A,Independent,Classroom Summative,,,,96.0,N/A,N/A,Active,Reviewed
CNHS-SYN-2526-0345,SY 2025-2026,Grade 8,Term 1,61.1,60.0,61.1,62.9,62.5,69.5,68.4,61.6,63.39,8,2,6,60.0,8,Filipino,High Risk,Classroom Remediation,N/A,N/A,Filipino Diagnostic Assessment,23.2,,,77.2,In Progress,Progressing,In Progress,Approved
CNHS-SYN-2526-0345,SY 2025-2026,Grade 8,Term 2,61.7,60.9,61.6,70.0,67.2,68.7,67.7,68.9,65.84,8,2,6,60.9,8,Filipino,High Risk,Classroom Remediation,N/A,N/A,Filipino Diagnostic Assessment,18.6,25.6,,74.7,In Progress,Progressing,In Progress,Approved
CNHS-SYN-2526-0345,SY 2025-2026,Grade 8,Term 3,64.7,64.2,71.1,61.5,67.6,62.6,67.4,64.5,65.45,8,2,6,61.5,8,Science,High Risk,Classroom Remediation,N/A,N/A,Science Diagnostic Assessment,17.7,22.7,29.3,78.8,Improved,Improved,Completed,Approved
CNHS-SYN-2526-0346,SY 2025-2026,Grade 9,Term 1,66.3,74.4,65.4,65.5,75.3,66.6,61.4,64.8,67.46,7,2,5,61.4,8,Tle,High Risk,Classroom Remediation,N/A,N/A,Tle Diagnostic Assessment,18.7,,,83.9,In Progress,Progressing,In Progress,Approved
CNHS-SYN-2526-0346,SY 2025-2026,Grade 9,Term 2,68.0,67.9,61.6,71.3,73.3,69.4,69.5,62.7,67.96,8,2,6,61.6,8,Mathematics,High Risk,Classroom Remediation,N/A,N/A,Mathematics Diagnostic Assessment,15.0,21.7,,77.2,In Progress,Progressing,In Progress,Approved
CNHS-SYN-2526-0346,SY 2025-2026,Grade 9,Term 3,63.8,64.1,67.8,68.9,71.8,69.3,64.3,65.8,66.97,8,2,6,63.8,8,English,High Risk,Classroom Remediation,N/A,N/A,English Diagnostic Assessment,14.1,19.6,26.8,82.2,Needs Further Intervention,Limited Improvement,Needs Further Support,Approved
CNHS-SYN-2526-0347,SY 2025-2026,Grade 10,Term 1,99.0,86.3,93.9,87.9,91.3,94.0,95.4,91.1,92.36,0,0,0,86.3,8,Filipino,Low Risk,No Recommendation,N/A,Independent,Classroom Summative,,,,89.4,In Progress,Progressing,Active,Reviewed
CNHS-SYN-2526-0347,SY 2025-2026,Grade 10,Term 2,93.7,96.7,93.6,89.2,90.2,95.4,87.0,87.6,91.68,0,0,0,87.0,8,Tle,Low Risk,No Recommendation,N/A,Independent,Classroom Summative,,,,90.2,In Progress,Progressing,Active,Reviewed
CNHS-SYN-2526-0347,SY 2025-2026,Grade 10,Term 3,86.9,98.1,87.9,90.6,88.9,90.2,87.8,94.2,90.58,0,0,0,86.9,8,English,Low Risk,No Recommendation,N/A,Independent,Classroom Summative,,,,95.9,N/A,N/A,Active,Reviewed
CNHS-SYN-2526-0348,SY 2025-2026,Grade 7,Term 1,99.0,95.7,95.5,94.5,95.0,94.0,88.9,96.0,94.82,0,0,0,88.9,8,Tle,Low Risk,No Recommendation,N/A,Independent,Classroom Summative,,,,97.7,In Progress,Progressing,Active,Reviewed
CNHS-SYN-2526-0348,SY 2025-2026,Grade 7,Term 2,99.0,95.1,89.3,99.0,88.7,94.1,91.7,91.0,93.49,0,0,0,88.7,8,Mapeh,Low Risk,No Recommendation,N/A,Independent,Classroom Summative,,,,93.0,In Progress,Progressing,Active,Reviewed
CNHS-SYN-2526-0348,SY 2025-2026,Grade 7,Term 3,95.8,90.5,93.5,89.7,92.0,92.3,99.0,91.7,93.06,0,0,0,89.7,8,Science,Low Risk,No Recommendation,N/A,Independent,Classroom Summative,,,,97.6,N/A,N/A,Active,Reviewed
CNHS-SYN-2526-0349,SY 2025-2026,Grade 8,Term 1,99.0,94.0,87.3,93.1,96.6,92.4,88.2,87.8,92.3,0,0,0,87.3,8,Mathematics,Low Risk,No Recommendation,N/A,Independent,Classroom Summative,,,,98.1,In Progress,Progressing,Active,Reviewed
CNHS-SYN-2526-0349,SY 2025-2026,Grade 8,Term 2,93.5,87.1,95.8,92.4,90.0,87.7,87.6,96.2,91.29,0,0,0,87.1,8,Filipino,Low Risk,No Recommendation,N/A,Independent,Classroom Summative,,,,93.9,In Progress,Progressing,Active,Reviewed
CNHS-SYN-2526-0349,SY 2025-2026,Grade 8,Term 3,94.8,95.1,92.4,91.0,96.5,97.5,86.9,91.0,93.15,0,0,0,86.9,8,Tle,Low Risk,No Recommendation,N/A,Independent,Classroom Summative,,,,99.5,N/A,N/A,Active,Reviewed
CNHS-SYN-2526-0350,SY 2025-2026,Grade 9,Term 1,98.9,97.8,89.8,94.4,96.2,92.1,91.2,85.9,93.29,0,0,0,85.9,8,Values Education,Low Risk,No Recommendation,N/A,Independent,Classroom Summative,,,,92.8,In Progress,Progressing,Active,Reviewed
CNHS-SYN-2526-0350,SY 2025-2026,Grade 9,Term 2,91.0,93.4,95.5,90.0,92.2,85.2,97.6,92.3,92.15,0,0,0,85.2,8,Araling Panlipunan,Low Risk,No Recommendation,N/A,Independent,Classroom Summative,,,,82.2,In Progress,Progressing,Active,Reviewed
CNHS-SYN-2526-0350,SY 2025-2026,Grade 9,Term 3,98.8,96.9,95.7,95.7,95.7,93.0,91.2,90.6,94.7,0,0,0,90.6,8,Values Education,Low Risk,No Recommendation,N/A,Independent,Classroom Summative,,,,97.6,N/A,N/A,Active,Reviewed
CNHS-SYN-2526-0351,SY 2025-2026,Grade 10,Term 1,,83.7,83.4,73.5,85.5,76.4,75.8,68.1,78.06,2,0,2,68.1,7,Values Education,High Risk,Classroom Remediation,N/A,N/A,Values Education Diagnostic Assessment,18.3,,,87.0,In Progress,Progressing,In Progress,Approved
CNHS-SYN-2526-0351,SY 2025-2026,Grade 10,Term 2,79.3,86.2,72.5,82.9,69.5,77.5,74.2,74.9,77.12,4,0,4,69.5,8,Mapeh,High Risk,Classroom Remediation,N/A,N/A,Mapeh Diagnostic Assessment,23.2,28.5,,78.6,In Progress,Progressing,In Progress,Approved
CNHS-SYN-2526-0351,SY 2025-2026,Grade 10,Term 3,81.7,78.3,81.3,70.8,75.0,79.5,78.1,73.3,77.25,2,0,2,70.8,8,Science,High Risk,Classroom Remediation,N/A,N/A,Science Diagnostic Assessment,21.9,26.1,33.3,78.0,Improved,Improved,Completed,Approved
CNHS-SYN-2526-0352,SY 2025-2026,Grade 7,Term 1,77.9,76.1,83.0,80.5,83.3,81.6,77.1,72.9,79.05,1,0,1,72.9,8,Values Education,Moderate Risk,Classroom Remediation,N/A,N/A,Values Education Diagnostic Assessment,23.6,,,82.9,In Progress,Progressing,In Progress,Approved
CNHS-SYN-2526-0352,SY 2025-2026,Grade 7,Term 2,86.5,74.6,85.0,85.9,78.6,81.4,84.5,79.3,81.97,1,1,0,74.6,8,Filipino,Moderate Risk,No Recommendation,N/A,Instructional,Classroom Summative,,,,89.5,In Progress,Progressing,Active,Reviewed
CNHS-SYN-2526-0352,SY 2025-2026,Grade 7,Term 3,68.2,78.0,75.8,75.2,81.2,73.7,82.7,81.4,77.03,2,1,1,68.2,8,English,High Risk,Classroom Remediation,N/A,N/A,English Diagnostic Assessment,17.8,24.3,28.5,78.9,Improved,Improved,Completed,Approved
CNHS-SYN-2526-0353,SY 2025-2026,Grade 8,Term 1,65.7,64.6,60.0,66.0,69.4,68.9,62.1,60.0,64.59,8,2,6,60.0,8,Mathematics,High Risk,Classroom Remediation,N/A,N/A,Mathematics Diagnostic Assessment,15.8,,,75.0,In Progress,Progressing,In Progress,Approved
CNHS-SYN-2526-0353,SY 2025-2026,Grade 8,Term 2,60.0,60.0,61.6,60.0,68.7,63.8,74.3,60.0,63.55,8,2,6,60.0,8,English,High Risk,Classroom Remediation,N/A,N/A,English Diagnostic Assessment,20.2,26.5,,75.9,In Progress,Progressing,In Progress,Approved
CNHS-SYN-2526-0353,SY 2025-2026,Grade 8,Term 3,60.3,60.0,60.0,64.4,64.5,60.0,73.6,63.3,63.26,8,2,6,60.0,8,Filipino,High Risk,Classroom Remediation,N/A,N/A,Filipino Diagnostic Assessment,18.5,23.8,30.9,78.0,Improved,Improved,Completed,Approved
CNHS-SYN-2526-0354,SY 2025-2026,Grade 9,Term 1,76.4,77.3,75.7,80.5,77.8,75.8,75.7,76.0,76.9,0,0,0,75.7,8,Mathematics,Moderate Risk,No Recommendation,N/A,Instructional,Classroom Summative,,,,91.8,In Progress,Progressing,Active,Reviewed
CNHS-SYN-2526-0354,SY 2025-2026,Grade 9,Term 2,74.2,79.5,80.0,83.6,74.1,79.1,68.8,79.8,77.39,3,1,2,68.8,8,Tle,High Risk,Classroom Remediation,N/A,N/A,Tle Diagnostic Assessment,23.6,30.3,,74.2,In Progress,Progressing,In Progress,Approved
CNHS-SYN-2526-0354,SY 2025-2026,Grade 9,Term 3,74.5,79.3,72.9,76.3,75.0,79.8,79.9,69.1,75.85,3,1,2,69.1,8,Values Education,High Risk,Classroom Remediation,N/A,N/A,Values Education Diagnostic Assessment,16.0,20.5,25.7,79.9,Needs Further Intervention,Limited Improvement,Needs Further Support,Approved
CNHS-SYN-2526-0355,SY 2025-2026,Grade 10,Term 1,69.7,81.4,76.9,72.9,73.0,77.1,80.8,72.5,75.54,4,1,3,69.7,8,English,High Risk,Classroom Remediation,N/A,N/A,English Diagnostic Assessment,22.8,,,86.7,In Progress,Progressing,In Progress,Approved
CNHS-SYN-2526-0355,SY 2025-2026,Grade 10,Term 2,70.0,72.7,79.4,78.0,73.9,80.9,81.1,78.4,76.8,3,2,1,70.0,8,English,High Risk,Classroom Remediation,N/A,N/A,English Diagnostic Assessment,21.8,27.0,,84.6,In Progress,Progressing,In Progress,Approved
CNHS-SYN-2526-0355,SY 2025-2026,Grade 10,Term 3,82.4,74.7,77.1,81.8,84.9,83.3,70.1,75.8,78.76,2,1,1,70.1,8,Tle,High Risk,Classroom Remediation,N/A,N/A,Tle Diagnostic Assessment,16.0,22.4,27.4,86.1,Needs Further Intervention,Limited Improvement,Needs Further Support,Approved
CNHS-SYN-2526-0356,SY 2025-2026,Grade 7,Term 1,77.8,82.5,74.7,67.7,71.8,74.1,75.6,78.9,75.39,4,0,4,67.7,8,Science,High Risk,Classroom Remediation,N/A,N/A,Science Diagnostic Assessment,15.0,,,75.2,In Progress,Progressing,In Progress,Approved
CNHS-SYN-2526-0356,SY 2025-2026,Grade 7,Term 2,76.3,81.5,74.3,76.8,76.0,81.4,77.6,82.4,78.29,1,0,1,74.3,8,Mathematics,Moderate Risk,Classroom Remediation,N/A,N/A,Mathematics Diagnostic Assessment,14.0,19.7,,77.7,In Progress,Progressing,In Progress,Approved
CNHS-SYN-2526-0356,SY 2025-2026,Grade 7,Term 3,85.6,75.3,77.8,72.9,72.4,75.0,76.4,76.6,76.5,2,0,2,72.4,8,Mapeh,High Risk,Classroom Remediation,N/A,N/A,Mapeh Diagnostic Assessment,23.6,28.9,34.6,71.2,Improved,Improved,Completed,Approved
CNHS-SYN-2526-0357,SY 2025-2026,Grade 8,Term 1,60.0,66.5,66.5,65.7,70.0,64.1,63.0,70.9,65.84,8,2,6,60.0,8,English,High Risk,Classroom Remediation,N/A,N/A,English Diagnostic Assessment,20.7,,,77.6,In Progress,Progressing,In Progress,Approved
CNHS-SYN-2526-0357,SY 2025-2026,Grade 8,Term 2,65.4,66.1,62.8,67.1,65.4,60.6,61.5,62.8,63.96,8,2,6,60.6,8,Araling Panlipunan,High Risk,Classroom Remediation,N/A,N/A,Araling Panlipunan Diagnostic Assessment,17.3,24.2,,80.1,In Progress,Progressing,In Progress,Approved
CNHS-SYN-2526-0357,SY 2025-2026,Grade 8,Term 3,64.1,64.6,67.0,60.0,62.3,61.3,69.9,72.1,65.16,8,2,6,60.0,8,Science,High Risk,Classroom Remediation,N/A,N/A,Science Diagnostic Assessment,18.7,23.5,30.9,80.5,Improved,Improved,Completed,Approved
CNHS-SYN-2526-0358,SY 2025-2026,Grade 9,Term 1,72.8,69.9,72.4,72.1,70.0,68.0,70.8,73.2,71.15,8,2,6,68.0,8,Araling Panlipunan,High Risk,Classroom Remediation,N/A,N/A,Araling Panlipunan Diagnostic Assessment,15.7,,,84.0,In Progress,Progressing,In Progress,Approved
CNHS-SYN-2526-0358,SY 2025-2026,Grade 9,Term 2,66.0,73.5,81.2,78.2,72.9,75.8,66.9,,73.5,4,2,2,66.0,7,English,High Risk,Classroom Remediation,N/A,N/A,English Diagnostic Assessment,16.0,21.6,,78.8,In Progress,Progressing,In Progress,Approved
CNHS-SYN-2526-0358,SY 2025-2026,Grade 9,Term 3,70.2,70.4,66.3,73.5,73.1,70.6,75.0,76.4,71.94,6,2,4,66.3,8,Mathematics,High Risk,Classroom Remediation,N/A,N/A,Mathematics Diagnostic Assessment,16.2,21.3,26.7,78.5,Needs Further Intervention,Limited Improvement,Needs Further Support,Approved
CNHS-SYN-2526-0359,SY 2025-2026,Grade 10,Term 1,95.7,90.4,91.7,97.5,89.9,85.1,94.6,91.1,92.0,0,0,0,85.1,8,Araling Panlipunan,Low Risk,No Recommendation,N/A,Independent,Classroom Summative,,,,93.0,In Progress,Progressing,Active,Reviewed
CNHS-SYN-2526-0359,SY 2025-2026,Grade 10,Term 2,91.4,97.6,87.2,88.2,87.0,81.8,94.0,88.3,89.44,0,0,0,81.8,8,Araling Panlipunan,Low Risk,No Recommendation,N/A,Independent,Classroom Summative,,,,93.6,In Progress,Progressing,Active,Reviewed
CNHS-SYN-2526-0359,SY 2025-2026,Grade 10,Term 3,93.9,89.7,90.3,90.9,94.2,90.3,87.7,85.7,90.34,0,0,0,85.7,8,Values Education,Low Risk,No Recommendation,N/A,Independent,Classroom Summative,,,,89.8,N/A,N/A,Active,Reviewed
CNHS-SYN-2526-0360,SY 2025-2026,Grade 7,Term 1,93.5,99.0,93.7,96.1,86.4,83.3,89.7,93.2,91.86,0,0,0,83.3,8,Araling Panlipunan,Low Risk,No Recommendation,N/A,Independent,Classroom Summative,,,,96.8,In Progress,Progressing,Active,Reviewed
CNHS-SYN-2526-0360,SY 2025-2026,Grade 7,Term 2,81.2,96.3,92.0,83.5,92.6,90.4,91.2,93.7,90.11,0,0,0,81.2,8,English,Low Risk,No Recommendation,N/A,Independent,Classroom Summative,,,,86.1,In Progress,Progressing,Active,Reviewed
CNHS-SYN-2526-0360,SY 2025-2026,Grade 7,Term 3,90.7,84.8,93.3,95.3,84.8,87.0,86.2,87.9,88.75,0,0,0,84.8,8,Filipino,Low Risk,No Recommendation,N/A,Independent,Classroom Summative,,,,90.2,N/A,N/A,Active,Reviewed
CNHS-SYN-2526-0361,SY 2025-2026,Grade 8,Term 1,80.4,80.7,80.8,75.2,72.9,71.9,71.5,75.9,76.16,3,0,3,71.5,8,Tle,High Risk,Classroom Remediation,N/A,N/A,Tle Diagnostic Assessment,20.2,,,77.5,In Progress,Progressing,In Progress,Approved
CNHS-SYN-2526-0361,SY 2025-2026,Grade 8,Term 2,72.3,77.8,76.0,76.4,77.3,78.3,78.3,72.5,76.11,2,1,1,72.3,8,English,High Risk,Classroom Remediation,N/A,N/A,English Diagnostic Assessment,21.8,26.1,,79.7,In Progress,Progressing,In Progress,Approved
CNHS-SYN-2526-0361,SY 2025-2026,Grade 8,Term 3,79.2,70.7,79.9,76.0,73.8,73.7,71.9,68.9,74.26,5,1,4,68.9,8,Values Education,High Risk,Classroom Remediation,N/A,N/A,Values Education Diagnostic Assessment,17.5,23.7,30.5,81.8,Improved,Improved,Completed,Approved
CNHS-SYN-2526-0362,SY 2025-2026,Grade 9,Term 1,66.3,60.0,63.7,73.2,74.2,75.0,71.2,60.4,68.0,7,2,5,60.0,8,Filipino,High Risk,Classroom Remediation,N/A,N/A,Filipino Diagnostic Assessment,19.6,,,76.8,In Progress,Progressing,In Progress,Approved
CNHS-SYN-2526-0362,SY 2025-2026,Grade 9,Term 2,61.9,67.0,68.3,75.7,70.3,69.5,69.7,71.0,69.17,7,2,5,61.9,8,English,High Risk,Classroom Remediation,N/A,N/A,English Diagnostic Assessment,14.5,20.2,,69.8,In Progress,Progressing,In Progress,Approved
CNHS-SYN-2526-0362,SY 2025-2026,Grade 9,Term 3,73.7,60.0,65.9,73.3,69.4,64.1,71.1,69.7,68.4,8,2,6,60.0,8,Filipino,High Risk,Classroom Remediation,N/A,N/A,Filipino Diagnostic Assessment,19.3,23.3,29.5,90.2,Improved,Improved,Completed,Approved
CNHS-SYN-2526-0363,SY 2025-2026,Grade 10,Term 1,66.8,74.8,73.7,69.6,72.0,76.5,71.8,76.3,72.69,6,2,4,66.8,8,English,High Risk,Classroom Remediation,N/A,N/A,English Diagnostic Assessment,19.2,,,76.6,In Progress,Progressing,In Progress,Approved
CNHS-SYN-2526-0363,SY 2025-2026,Grade 10,Term 2,72.0,74.0,75.9,82.2,75.3,70.7,79.9,80.3,76.29,3,2,1,70.7,8,Araling Panlipunan,High Risk,Classroom Remediation,N/A,N/A,Araling Panlipunan Diagnostic Assessment,22.9,28.1,,67.7,In Progress,Progressing,In Progress,Approved
CNHS-SYN-2526-0363,SY 2025-2026,Grade 10,Term 3,75.6,77.0,80.4,72.4,76.2,76.3,75.6,75.7,76.15,1,0,1,72.4,8,Science,Moderate Risk,Classroom Remediation,N/A,N/A,Science Diagnostic Assessment,23.2,29.4,34.4,74.2,Improved,Improved,Completed,Approved
CNHS-SYN-2526-0364,SY 2025-2026,Grade 7,Term 1,74.6,76.4,74.0,75.3,77.0,80.9,73.6,70.6,75.3,4,1,3,70.6,8,Values Education,High Risk,Classroom Remediation,N/A,N/A,Values Education Diagnostic Assessment,22.5,,,83.8,In Progress,Progressing,In Progress,Approved
CNHS-SYN-2526-0364,SY 2025-2026,Grade 7,Term 2,65.1,76.2,77.1,74.2,72.7,72.9,74.0,74.1,73.29,6,1,5,65.1,8,English,High Risk,Classroom Remediation,N/A,N/A,English Diagnostic Assessment,22.0,28.1,,69.3,In Progress,Progressing,In Progress,Approved
CNHS-SYN-2526-0364,SY 2025-2026,Grade 7,Term 3,79.3,73.8,73.1,74.8,76.1,,77.3,71.4,75.11,4,1,3,71.4,7,Values Education,High Risk,Classroom Remediation,N/A,N/A,Values Education Diagnostic Assessment,21.5,27.7,34.3,81.4,Improved,Improved,Completed,Approved
CNHS-SYN-2526-0365,SY 2025-2026,Grade 8,Term 1,63.3,62.5,68.3,68.5,76.9,72.7,68.4,70.1,68.84,7,2,5,62.5,8,Filipino,High Risk,Classroom Remediation,N/A,N/A,Filipino Diagnostic Assessment,21.6,,,71.0,In Progress,Progressing,In Progress,Approved
CNHS-SYN-2526-0365,SY 2025-2026,Grade 8,Term 2,60.0,65.7,70.9,69.8,76.2,71.0,76.6,75.8,70.75,5,2,3,60.0,8,English,High Risk,Classroom Remediation,N/A,N/A,English Diagnostic Assessment,17.1,21.1,,79.4,In Progress,Progressing,In Progress,Approved
CNHS-SYN-2526-0365,SY 2025-2026,Grade 8,Term 3,69.4,61.6,76.4,68.1,63.2,69.8,61.4,66.9,67.1,7,2,5,61.4,8,Tle,High Risk,Classroom Remediation,N/A,N/A,Tle Diagnostic Assessment,14.2,20.8,27.8,73.5,Needs Further Intervention,Limited Improvement,Needs Further Support,Approved
CNHS-SYN-2526-0366,SY 2025-2026,Grade 9,Term 1,75.1,66.7,66.1,65.7,64.7,63.9,63.7,73.6,67.44,7,1,6,63.7,8,Tle,High Risk,Classroom Remediation,N/A,N/A,Tle Diagnostic Assessment,15.2,,,76.7,In Progress,Progressing,In Progress,Approved
CNHS-SYN-2526-0366,SY 2025-2026,Grade 9,Term 2,64.2,69.4,63.5,69.4,64.2,69.2,65.3,65.9,66.39,8,2,6,63.5,8,Mathematics,High Risk,Classroom Remediation,N/A,N/A,Mathematics Diagnostic Assessment,19.0,24.6,,77.2,In Progress,Progressing,In Progress,Approved
CNHS-SYN-2526-0366,SY 2025-2026,Grade 9,Term 3,62.8,71.1,69.0,65.3,64.3,71.0,67.4,66.2,67.14,8,2,6,62.8,8,English,High Risk,Classroom Remediation,N/A,N/A,English Diagnostic Assessment,16.9,20.9,28.3,84.3,Improved,Improved,Completed,Approved
CNHS-SYN-2526-0367,SY 2025-2026,Grade 10,Term 1,84.7,84.8,86.5,85.2,90.5,80.5,82.0,81.8,84.5,0,0,0,80.5,8,Araling Panlipunan,Low Risk,No Recommendation,N/A,Independent,Classroom Summative,,,,84.0,In Progress,Progressing,Active,Reviewed
CNHS-SYN-2526-0367,SY 2025-2026,Grade 10,Term 2,86.2,76.6,83.5,77.0,85.2,79.5,78.1,83.4,81.19,0,0,0,76.6,8,Filipino,Moderate Risk,No Recommendation,N/A,Instructional,Classroom Summative,,,,89.7,In Progress,Progressing,Active,Reviewed
CNHS-SYN-2526-0367,SY 2025-2026,Grade 10,Term 3,81.4,83.9,79.6,78.7,82.8,84.8,88.5,78.4,82.26,0,0,0,78.4,8,Values Education,Moderate Risk,No Recommendation,N/A,Instructional,Classroom Summative,,,,96.7,N/A,N/A,Active,Reviewed
CNHS-SYN-2526-0368,SY 2025-2026,Grade 7,Term 1,92.4,91.7,93.3,98.5,87.0,98.3,90.0,93.6,93.1,0,0,0,87.0,8,Mapeh,Low Risk,No Recommendation,N/A,Independent,Classroom Summative,,,,93.3,In Progress,Progressing,Active,Reviewed
CNHS-SYN-2526-0368,SY 2025-2026,Grade 7,Term 2,93.6,97.6,91.6,94.4,91.4,95.7,86.7,88.2,92.4,0,0,0,86.7,8,Tle,Low Risk,No Recommendation,N/A,Independent,Classroom Summative,,,,91.8,In Progress,Progressing,Active,Reviewed
CNHS-SYN-2526-0368,SY 2025-2026,Grade 7,Term 3,88.6,92.0,87.9,98.2,88.3,87.1,93.3,99.0,91.8,0,0,0,87.1,8,Araling Panlipunan,Low Risk,No Recommendation,N/A,Independent,Classroom Summative,,,,91.8,N/A,N/A,Active,Reviewed
CNHS-SYN-2526-0369,SY 2025-2026,Grade 8,Term 1,94.7,87.4,90.6,97.0,96.5,93.0,83.5,86.4,91.14,0,0,0,83.5,8,Tle,Low Risk,No Recommendation,N/A,Independent,Classroom Summative,,,,91.3,In Progress,Progressing,Active,Reviewed
CNHS-SYN-2526-0369,SY 2025-2026,Grade 8,Term 2,87.9,91.9,99.0,92.9,92.1,87.2,84.7,86.3,90.25,0,0,0,84.7,8,Tle,Low Risk,No Recommendation,N/A,Independent,Classroom Summative,,,,92.3,In Progress,Progressing,Active,Reviewed
CNHS-SYN-2526-0369,SY 2025-2026,Grade 8,Term 3,94.4,89.0,93.7,97.1,99.0,94.3,90.6,94.2,94.04,0,0,0,89.0,8,Filipino,Low Risk,No Recommendation,N/A,Independent,Classroom Summative,,,,84.0,N/A,N/A,Active,Reviewed
CNHS-SYN-2526-0370,SY 2025-2026,Grade 9,Term 1,70.1,64.4,67.6,72.1,70.9,71.5,68.7,72.8,69.76,8,2,6,64.4,8,Filipino,High Risk,Classroom Remediation,N/A,N/A,Filipino Diagnostic Assessment,20.1,,,82.4,In Progress,Progressing,In Progress,Approved
CNHS-SYN-2526-0370,SY 2025-2026,Grade 9,Term 2,79.6,73.7,68.4,66.3,68.9,68.7,72.0,67.2,70.6,7,1,6,66.3,8,Science,High Risk,Classroom Remediation,N/A,N/A,Science Diagnostic Assessment,14.5,20.0,,73.8,In Progress,Progressing,In Progress,Approved
CNHS-SYN-2526-0370,SY 2025-2026,Grade 9,Term 3,63.8,66.3,65.7,70.0,67.5,67.8,70.0,74.0,68.14,8,2,6,63.8,8,English,High Risk,Classroom Remediation,N/A,N/A,English Diagnostic Assessment,20.3,25.1,31.7,80.4,Improved,Improved,Completed,Approved
CNHS-SYN-2526-0371,SY 2025-2026,Grade 10,Term 1,69.0,67.5,64.6,66.1,74.6,68.3,64.3,74.8,68.65,8,2,6,64.3,8,Tle,High Risk,Classroom Remediation,N/A,N/A,Tle Diagnostic Assessment,17.8,,,84.1,In Progress,Progressing,In Progress,Approved
CNHS-SYN-2526-0371,SY 2025-2026,Grade 10,Term 2,61.1,61.3,65.9,71.2,69.4,73.9,75.7,72.5,68.88,7,2,5,61.1,8,English,High Risk,Classroom Remediation,N/A,N/A,English Diagnostic Assessment,20.5,25.3,,72.9,In Progress,Progressing,In Progress,Approved
CNHS-SYN-2526-0371,SY 2025-2026,Grade 10,Term 3,62.2,67.0,69.3,65.5,71.6,67.8,67.1,68.8,67.41,8,2,6,62.2,8,English,High Risk,Classroom Remediation,N/A,N/A,English Diagnostic Assessment,18.3,25.0,31.9,75.8,Improved,Improved,Completed,Approved
CNHS-SYN-2526-0372,SY 2025-2026,Grade 7,Term 1,60.0,68.4,70.2,68.2,63.8,70.8,63.8,62.3,65.94,8,2,6,60.0,8,English,High Risk,Classroom Remediation,N/A,N/A,English Diagnostic Assessment,21.0,,,74.1,In Progress,Progressing,In Progress,Approved
CNHS-SYN-2526-0372,SY 2025-2026,Grade 7,Term 2,63.1,60.0,63.7,60.5,60.4,64.7,69.3,66.9,63.57,8,2,6,60.0,8,Filipino,High Risk,Classroom Remediation,N/A,N/A,Filipino Diagnostic Assessment,16.6,21.1,,75.2,In Progress,Progressing,In Progress,Approved
CNHS-SYN-2526-0372,SY 2025-2026,Grade 7,Term 3,66.6,68.2,60.2,62.3,62.9,60.0,63.2,70.3,64.21,8,2,6,60.0,8,Araling Panlipunan,High Risk,Classroom Remediation,N/A,N/A,Araling Panlipunan Diagnostic Assessment,17.4,23.6,29.4,75.8,Improved,Improved,Completed,Approved
CNHS-SYN-2526-0373,SY 2025-2026,Grade 8,Term 1,60.0,60.0,68.3,67.9,70.2,60.8,68.7,62.2,64.76,8,2,6,60.0,8,English,High Risk,Classroom Remediation,N/A,N/A,English Diagnostic Assessment,19.3,,,81.6,In Progress,Progressing,In Progress,Approved
CNHS-SYN-2526-0373,SY 2025-2026,Grade 8,Term 2,65.3,67.7,60.0,72.1,73.6,64.6,60.0,60.5,65.47,8,2,6,60.0,8,Mathematics,High Risk,Classroom Remediation,N/A,N/A,Mathematics Diagnostic Assessment,24.0,29.9,,75.5,In Progress,Progressing,In Progress,Approved
CNHS-SYN-2526-0373,SY 2025-2026,Grade 8,Term 3,60.0,60.0,66.4,65.7,74.4,68.6,69.4,65.1,66.2,8,2,6,60.0,8,English,High Risk,Classroom Remediation,N/A,N/A,English Diagnostic Assessment,23.6,29.1,33.9,76.1,Improved,Improved,Completed,Approved
CNHS-SYN-2526-0374,SY 2025-2026,Grade 9,Term 1,93.3,91.2,95.3,87.8,93.2,97.3,91.8,93.8,92.96,0,0,0,87.8,8,Science,Low Risk,No Recommendation,N/A,Independent,Classroom Summative,,,,99.6,In Progress,Progressing,Active,Reviewed
CNHS-SYN-2526-0374,SY 2025-2026,Grade 9,Term 2,93.6,94.9,91.6,87.6,85.9,95.8,86.7,93.7,91.22,0,0,0,85.9,8,Mapeh,Low Risk,No Recommendation,N/A,Independent,Classroom Summative,,,,95.7,In Progress,Progressing,Active,Reviewed
CNHS-SYN-2526-0374,SY 2025-2026,Grade 9,Term 3,90.0,88.9,93.2,89.5,85.8,98.5,87.5,86.7,90.01,0,0,0,85.8,8,Mapeh,Low Risk,No Recommendation,N/A,Independent,Classroom Summative,,,,97.0,N/A,N/A,Active,Reviewed
CNHS-SYN-2526-0375,SY 2025-2026,Grade 10,Term 1,60.0,68.8,64.0,61.7,63.4,64.9,65.3,66.3,64.3,8,2,6,60.0,8,English,High Risk,Classroom Remediation,N/A,N/A,English Diagnostic Assessment,23.7,,,74.7,In Progress,Progressing,In Progress,Approved
CNHS-SYN-2526-0375,SY 2025-2026,Grade 10,Term 2,63.5,60.9,62.6,69.3,60.0,61.9,69.5,71.9,64.95,8,2,6,60.0,8,Mapeh,High Risk,Classroom Remediation,N/A,N/A,Mapeh Diagnostic Assessment,16.5,21.0,,84.4,In Progress,Progressing,In Progress,Approved
CNHS-SYN-2526-0375,SY 2025-2026,Grade 10,Term 3,62.0,64.5,65.4,66.7,60.9,63.2,62.5,60.0,63.15,8,2,6,60.0,8,Values Education,High Risk,Classroom Remediation,N/A,N/A,Values Education Diagnostic Assessment,23.3,29.7,34.9,80.8,Improved,Improved,Completed,Approved
CNHS-SYN-2526-0376,SY 2025-2026,Grade 7,Term 1,62.9,61.6,64.2,62.8,63.6,63.4,64.5,68.3,63.91,8,2,6,61.6,8,Filipino,High Risk,Classroom Remediation,N/A,N/A,Filipino Diagnostic Assessment,21.1,,,80.8,In Progress,Progressing,In Progress,Approved
CNHS-SYN-2526-0376,SY 2025-2026,Grade 7,Term 2,65.5,61.4,68.3,63.1,60.0,71.8,60.7,67.4,64.78,8,2,6,60.0,8,Mapeh,High Risk,Classroom Remediation,N/A,N/A,Mapeh Diagnostic Assessment,16.5,20.8,,84.2,In Progress,Progressing,In Progress,Approved
CNHS-SYN-2526-0376,SY 2025-2026,Grade 7,Term 3,63.4,72.3,68.0,62.1,66.0,65.1,64.7,60.0,65.2,8,2,6,60.0,8,Values Education,High Risk,Classroom Remediation,N/A,N/A,Values Education Diagnostic Assessment,16.5,22.4,27.0,74.2,Needs Further Intervention,Limited Improvement,Needs Further Support,Approved
CNHS-SYN-2526-0377,SY 2025-2026,Grade 8,Term 1,65.2,69.3,72.4,71.5,73.6,73.9,65.4,71.2,70.31,8,2,6,65.2,8,English,High Risk,Classroom Remediation,N/A,N/A,English Diagnostic Assessment,16.9,,,70.6,In Progress,Progressing,In Progress,Approved
CNHS-SYN-2526-0377,SY 2025-2026,Grade 8,Term 2,63.4,65.1,68.7,70.3,73.6,65.8,65.6,71.6,68.01,8,2,6,63.4,8,English,High Risk,Classroom Remediation,N/A,N/A,English Diagnostic Assessment,14.5,21.5,,85.7,In Progress,Progressing,In Progress,Approved
CNHS-SYN-2526-0377,SY 2025-2026,Grade 8,Term 3,63.7,71.9,66.6,62.4,65.9,65.6,68.2,71.1,66.93,8,2,6,62.4,8,Science,High Risk,Classroom Remediation,N/A,N/A,Science Diagnostic Assessment,19.7,25.3,33.1,71.7,Improved,Improved,Completed,Approved
CNHS-SYN-2526-0378,SY 2025-2026,Grade 9,Term 1,70.4,75.3,79.8,76.9,75.7,72.9,75.3,77.3,75.45,2,1,1,70.4,8,English,High Risk,Classroom Remediation,N/A,N/A,English Diagnostic Assessment,19.2,,,74.3,In Progress,Progressing,In Progress,Approved
CNHS-SYN-2526-0378,SY 2025-2026,Grade 9,Term 2,78.0,78.6,75.1,80.9,77.0,74.1,70.1,80.8,76.83,2,0,2,70.1,8,Tle,High Risk,Classroom Remediation,N/A,N/A,Tle Diagnostic Assessment,23.8,28.1,,71.6,In Progress,Progressing,In Progress,Approved
CNHS-SYN-2526-0378,SY 2025-2026,Grade 9,Term 3,63.8,78.9,77.4,75.4,70.1,74.6,75.7,78.1,74.25,3,1,2,63.8,8,English,High Risk,Classroom Remediation,N/A,N/A,English Diagnostic Assessment,14.7,19.9,27.2,81.2,Needs Further Intervention,Limited Improvement,Needs Further Support,Approved
CNHS-SYN-2526-0379,SY 2025-2026,Grade 10,Term 1,78.0,83.5,71.1,83.6,76.8,83.1,79.2,73.7,78.62,2,0,2,71.1,8,Mathematics,High Risk,Classroom Remediation,N/A,N/A,Mathematics Diagnostic Assessment,23.5,,,74.9,In Progress,Progressing,In Progress,Approved
CNHS-SYN-2526-0379,SY 2025-2026,Grade 10,Term 2,79.5,83.9,69.1,89.9,79.5,81.0,76.9,78.7,79.81,1,0,1,69.1,8,Mathematics,High Risk,Classroom Remediation,N/A,N/A,Mathematics Diagnostic Assessment,23.4,29.5,,70.2,In Progress,Progressing,In Progress,Approved
CNHS-SYN-2526-0379,SY 2025-2026,Grade 10,Term 3,78.7,75.4,73.8,86.6,74.9,74.2,77.9,75.6,77.14,3,0,3,73.8,8,Mathematics,High Risk,Classroom Remediation,N/A,N/A,Mathematics Diagnostic Assessment,17.4,22.3,27.4,77.4,Needs Further Intervention,Limited Improvement,Needs Further Support,Approved
CNHS-SYN-2526-0380,SY 2025-2026,Grade 7,Term 1,82.8,76.4,83.7,83.3,83.6,81.2,78.4,78.2,80.95,0,0,0,76.4,8,Filipino,Moderate Risk,No Recommendation,N/A,Instructional,Classroom Summative,,,,83.3,In Progress,Progressing,Active,Reviewed
CNHS-SYN-2526-0380,SY 2025-2026,Grade 7,Term 2,79.8,77.9,82.6,77.9,81.1,72.9,73.7,68.5,76.8,3,0,3,68.5,8,Values Education,High Risk,Classroom Remediation,N/A,N/A,Values Education Diagnostic Assessment,19.9,25.1,,79.7,In Progress,Progressing,In Progress,Approved
CNHS-SYN-2526-0380,SY 2025-2026,Grade 7,Term 3,75.2,71.2,89.5,78.3,74.1,75.7,77.7,77.7,77.43,2,1,1,71.2,8,Filipino,High Risk,Classroom Remediation,N/A,N/A,Filipino Diagnostic Assessment,16.6,22.4,30.1,80.1,Improved,Improved,Completed,Approved
CNHS-SYN-2526-0381,SY 2025-2026,Grade 8,Term 1,88.3,78.4,89.9,92.3,91.6,87.6,94.8,86.4,88.66,0,0,0,78.4,8,Filipino,Low Risk,No Recommendation,N/A,Independent,Classroom Summative,,,,90.1,In Progress,Progressing,Active,Reviewed
CNHS-SYN-2526-0381,SY 2025-2026,Grade 8,Term 2,83.8,90.8,91.8,90.4,86.3,87.7,79.3,89.5,87.45,0,0,0,79.3,8,Tle,Low Risk,No Recommendation,N/A,Independent,Classroom Summative,,,,87.6,In Progress,Progressing,Active,Reviewed
CNHS-SYN-2526-0381,SY 2025-2026,Grade 8,Term 3,87.9,87.3,97.7,83.7,89.3,83.6,85.7,89.1,88.04,0,0,0,83.6,8,Araling Panlipunan,Low Risk,No Recommendation,N/A,Independent,Classroom Summative,,,,92.0,N/A,N/A,Active,Reviewed
CNHS-SYN-2526-0382,SY 2025-2026,Grade 9,Term 1,75.9,77.8,78.2,79.8,78.5,79.1,75.9,72.9,77.26,1,0,1,72.9,8,Values Education,Moderate Risk,Classroom Remediation,N/A,N/A,Values Education Diagnostic Assessment,17.3,,,84.0,In Progress,Progressing,In Progress,Approved
CNHS-SYN-2526-0382,SY 2025-2026,Grade 9,Term 2,73.0,81.1,68.5,76.3,83.0,80.1,75.9,69.4,75.91,3,1,2,68.5,8,Mathematics,High Risk,Classroom Remediation,N/A,N/A,Mathematics Diagnostic Assessment,14.7,19.5,,68.7,In Progress,Progressing,In Progress,Approved
CNHS-SYN-2526-0382,SY 2025-2026,Grade 9,Term 3,77.5,71.1,79.0,75.5,78.4,74.9,70.9,75.5,75.35,3,1,2,70.9,8,Tle,High Risk,Classroom Remediation,N/A,N/A,Tle Diagnostic Assessment,17.9,24.2,30.1,77.0,Improved,Improved,Completed,Approved
CNHS-SYN-2526-0383,SY 2025-2026,Grade 10,Term 1,91.6,87.9,97.0,88.0,91.3,99.0,94.2,97.4,93.3,0,0,0,87.9,8,Filipino,Low Risk,No Recommendation,N/A,Independent,Classroom Summative,,,,96.3,In Progress,Progressing,Active,Reviewed
CNHS-SYN-2526-0383,SY 2025-2026,Grade 10,Term 2,93.9,95.3,99.0,89.9,91.0,87.4,94.5,88.7,92.46,0,0,0,87.4,8,Araling Panlipunan,Low Risk,No Recommendation,N/A,Independent,Classroom Summative,,,,85.4,In Progress,Progressing,Active,Reviewed
CNHS-SYN-2526-0383,SY 2025-2026,Grade 10,Term 3,96.0,91.2,95.5,90.9,88.8,89.4,87.6,94.3,91.71,0,0,0,87.6,8,Tle,Low Risk,No Recommendation,N/A,Independent,Classroom Summative,,,,90.9,N/A,N/A,Active,Reviewed
CNHS-SYN-2526-0384,SY 2025-2026,Grade 7,Term 1,75.3,65.9,70.2,74.3,73.0,69.4,79.3,76.9,73.04,5,1,4,65.9,8,Filipino,High Risk,Classroom Remediation,N/A,N/A,Filipino Diagnostic Assessment,17.4,,,76.7,In Progress,Progressing,In Progress,Approved
CNHS-SYN-2526-0384,SY 2025-2026,Grade 7,Term 2,76.0,71.0,75.4,80.4,80.8,81.1,77.0,76.0,77.21,1,1,0,71.0,8,Filipino,Moderate Risk,No Recommendation,N/A,Instructional,Classroom Summative,,,,84.8,In Progress,Progressing,Active,Reviewed
CNHS-SYN-2526-0384,SY 2025-2026,Grade 7,Term 3,68.8,73.5,74.6,81.5,81.1,73.1,79.1,73.9,75.7,5,2,3,68.8,8,English,High Risk,Classroom Remediation,N/A,N/A,English Diagnostic Assessment,19.7,24.4,32.3,83.1,Improved,Improved,Completed,Approved
CNHS-SYN-2526-0385,SY 2025-2026,Grade 8,Term 1,74.2,80.8,87.7,81.2,85.7,83.0,87.1,83.6,82.91,1,1,0,74.2,8,English,Moderate Risk,No Recommendation,N/A,Instructional,Classroom Summative,,,,92.2,In Progress,Progressing,Active,Reviewed
CNHS-SYN-2526-0385,SY 2025-2026,Grade 8,Term 2,88.8,84.4,81.8,91.9,87.5,86.1,84.1,85.8,86.3,0,0,0,81.8,8,Mathematics,Low Risk,No Recommendation,N/A,Independent,Classroom Summative,,,,83.3,In Progress,Progressing,Active,Reviewed
CNHS-SYN-2526-0385,SY 2025-2026,Grade 8,Term 3,84.0,81.7,80.3,82.1,76.6,75.7,87.9,84.7,81.62,0,0,0,75.7,8,Araling Panlipunan,Moderate Risk,No Recommendation,N/A,Instructional,Classroom Summative,,,,89.7,N/A,N/A,Active,Reviewed
CNHS-SYN-2526-0386,SY 2025-2026,Grade 9,Term 1,83.5,88.3,84.9,80.9,80.6,83.2,83.9,87.6,84.11,0,0,0,80.6,8,Mapeh,Low Risk,No Recommendation,N/A,Independent,Classroom Summative,,,,94.1,In Progress,Progressing,Active,Reviewed
CNHS-SYN-2526-0386,SY 2025-2026,Grade 9,Term 2,91.9,87.8,89.1,85.9,84.7,94.0,77.1,79.0,86.19,0,0,0,77.1,8,Tle,Low Risk,No Recommendation,N/A,Independent,Classroom Summative,,,,90.9,In Progress,Progressing,Active,Reviewed
CNHS-SYN-2526-0386,SY 2025-2026,Grade 9,Term 3,83.2,84.7,82.9,90.0,91.3,93.0,80.1,81.0,85.78,0,0,0,80.1,8,Tle,Low Risk,No Recommendation,N/A,Independent,Classroom Summative,,,,97.2,N/A,N/A,Active,Reviewed
CNHS-SYN-2526-0387,SY 2025-2026,Grade 10,Term 1,70.6,77.2,76.7,72.3,79.4,75.4,78.0,76.6,75.78,2,1,1,70.6,8,English,High Risk,Classroom Remediation,N/A,N/A,English Diagnostic Assessment,20.4,,,79.8,In Progress,Progressing,In Progress,Approved
CNHS-SYN-2526-0387,SY 2025-2026,Grade 10,Term 2,,79.2,75.0,79.7,70.2,76.6,76.0,82.9,77.09,1,0,1,70.2,7,Mapeh,Moderate Risk,Classroom Remediation,N/A,N/A,Mapeh Diagnostic Assessment,23.8,27.9,,90.4,In Progress,Progressing,In Progress,Approved
CNHS-SYN-2526-0387,SY 2025-2026,Grade 10,Term 3,72.4,75.4,78.0,70.7,75.0,78.7,77.4,67.9,74.44,3,1,2,67.9,8,Values Education,High Risk,Classroom Remediation,N/A,N/A,Values Education Diagnostic Assessment,15.8,22.3,29.1,73.1,Improved,Improved,Completed,Approved
CNHS-SYN-2526-0388,SY 2025-2026,Grade 7,Term 1,60.0,64.4,62.1,63.6,60.0,71.6,63.1,71.5,64.54,8,2,6,60.0,8,English,High Risk,Classroom Remediation,N/A,N/A,English Diagnostic Assessment,17.6,,,77.7,In Progress,Progressing,In Progress,Approved
CNHS-SYN-2526-0388,SY 2025-2026,Grade 7,Term 2,60.0,60.0,65.6,60.0,63.0,63.5,65.4,71.1,63.58,8,2,6,60.0,8,English,High Risk,Classroom Remediation,N/A,N/A,English Diagnostic Assessment,19.4,23.7,,77.0,In Progress,Progressing,In Progress,Approved
CNHS-SYN-2526-0388,SY 2025-2026,Grade 7,Term 3,60.0,60.0,64.2,68.8,66.8,69.5,69.3,66.0,65.58,8,2,6,60.0,8,English,High Risk,Classroom Remediation,N/A,N/A,English Diagnostic Assessment,18.3,23.4,29.4,75.4,Improved,Improved,Completed,Approved
CNHS-SYN-2526-0389,SY 2025-2026,Grade 8,Term 1,87.1,75.7,78.5,78.7,81.9,86.7,83.9,76.9,81.18,0,0,0,75.7,8,Filipino,Moderate Risk,No Recommendation,N/A,Instructional,Classroom Summative,,,,94.5,In Progress,Progressing,Active,Reviewed
CNHS-SYN-2526-0389,SY 2025-2026,Grade 8,Term 2,77.9,73.6,73.9,82.4,82.9,77.0,78.9,82.6,78.65,2,1,1,73.6,8,Filipino,High Risk,Classroom Remediation,N/A,N/A,Filipino Diagnostic Assessment,20.5,26.0,,72.4,In Progress,Progressing,In Progress,Approved
CNHS-SYN-2526-0389,SY 2025-2026,Grade 8,Term 3,78.4,82.1,66.9,78.6,76.4,71.3,78.2,77.3,76.15,2,0,2,66.9,8,Mathematics,High Risk,Classroom Remediation,N/A,N/A,Mathematics Diagnostic Assessment,16.7,22.5,27.9,74.5,Needs Further Intervention,Limited Improvement,Needs Further Support,Approved
CNHS-SYN-2526-0390,SY 2025-2026,Grade 9,Term 1,87.5,91.9,91.6,85.5,77.0,84.7,85.5,83.8,85.94,0,0,0,77.0,8,Mapeh,Low Risk,No Recommendation,N/A,Independent,Classroom Summative,,,,95.3,In Progress,Progressing,Active,Reviewed
CNHS-SYN-2526-0390,SY 2025-2026,Grade 9,Term 2,88.8,92.9,83.6,86.2,79.7,85.7,83.3,92.6,86.6,0,0,0,79.7,8,Mapeh,Low Risk,No Recommendation,N/A,Independent,Classroom Summative,,,,96.1,In Progress,Progressing,Active,Reviewed
CNHS-SYN-2526-0390,SY 2025-2026,Grade 9,Term 3,87.2,84.9,85.4,88.5,94.7,89.1,85.9,86.7,87.8,0,0,0,84.9,8,Filipino,Low Risk,No Recommendation,N/A,Independent,Classroom Summative,,,,100.0,N/A,N/A,Active,Reviewed
CNHS-SYN-2526-0391,SY 2025-2026,Grade 10,Term 1,68.8,65.1,63.6,74.0,70.0,73.7,76.5,72.0,70.46,7,2,5,63.6,8,Mathematics,High Risk,Classroom Remediation,N/A,N/A,Mathematics Diagnostic Assessment,19.0,,,76.6,In Progress,Progressing,In Progress,Approved
CNHS-SYN-2526-0391,SY 2025-2026,Grade 10,Term 2,73.0,61.6,63.9,74.3,68.8,69.5,74.2,67.0,69.04,8,2,6,61.6,8,Filipino,High Risk,Classroom Remediation,N/A,N/A,Filipino Diagnostic Assessment,15.0,21.8,,74.5,In Progress,Progressing,In Progress,Approved
CNHS-SYN-2526-0391,SY 2025-2026,Grade 10,Term 3,62.2,65.7,71.4,66.6,67.3,65.1,68.4,71.3,67.25,8,2,6,62.2,8,English,High Risk,Classroom Remediation,N/A,N/A,English Diagnostic Assessment,22.9,29.2,34.5,81.5,Improved,Improved,Completed,Approved
CNHS-SYN-2526-0392,SY 2025-2026,Grade 7,Term 1,96.5,95.7,99.0,91.6,97.1,94.6,97.9,93.1,95.69,0,0,0,91.6,8,Science,Low Risk,No Recommendation,N/A,Independent,Classroom Summative,,,,94.9,In Progress,Progressing,Active,Reviewed
CNHS-SYN-2526-0392,SY 2025-2026,Grade 7,Term 2,95.7,91.0,99.0,96.9,93.6,92.1,95.4,96.6,95.04,0,0,0,91.0,8,Filipino,Low Risk,No Recommendation,N/A,Independent,Classroom Summative,,,,93.5,In Progress,Progressing,Active,Reviewed
CNHS-SYN-2526-0392,SY 2025-2026,Grade 7,Term 3,96.9,84.9,96.8,96.7,96.3,97.1,92.6,89.8,93.89,0,0,0,84.9,8,Filipino,Low Risk,No Recommendation,N/A,Independent,Classroom Summative,,,,96.4,N/A,N/A,Active,Reviewed
CNHS-SYN-2526-0393,SY 2025-2026,Grade 8,Term 1,72.3,74.8,79.0,81.6,85.6,78.0,75.5,75.3,77.76,2,2,0,72.3,8,English,High Risk,No Recommendation,N/A,Instructional,Classroom Summative,,,,100.0,In Progress,Progressing,Active,Reviewed
CNHS-SYN-2526-0393,SY 2025-2026,Grade 8,Term 2,81.3,82.7,77.6,78.9,81.7,76.9,77.8,76.2,79.14,0,0,0,76.2,8,Values Education,Moderate Risk,No Recommendation,N/A,Instructional,Classroom Summative,,,,88.7,In Progress,Progressing,Active,Reviewed
CNHS-SYN-2526-0393,SY 2025-2026,Grade 8,Term 3,76.5,78.5,75.2,80.1,80.1,78.2,75.6,79.3,77.94,0,0,0,75.2,8,Mathematics,Moderate Risk,No Recommendation,N/A,Instructional,Classroom Summative,,,,92.2,N/A,N/A,Active,Reviewed
CNHS-SYN-2526-0394,SY 2025-2026,Grade 9,Term 1,95.9,91.2,98.9,92.3,91.2,90.5,91.7,94.5,93.28,0,0,0,90.5,8,Araling Panlipunan,Low Risk,No Recommendation,N/A,Independent,Classroom Summative,,,,91.8,In Progress,Progressing,Active,Reviewed
CNHS-SYN-2526-0394,SY 2025-2026,Grade 9,Term 2,91.4,91.2,92.5,94.6,95.4,96.0,92.8,94.3,93.53,0,0,0,91.2,8,Filipino,Low Risk,No Recommendation,N/A,Independent,Classroom Summative,,,,85.0,In Progress,Progressing,Active,Reviewed
CNHS-SYN-2526-0394,SY 2025-2026,Grade 9,Term 3,93.4,92.8,90.2,90.5,93.3,88.3,90.0,99.0,92.19,0,0,0,88.3,8,Araling Panlipunan,Low Risk,No Recommendation,N/A,Independent,Classroom Summative,,,,91.3,N/A,N/A,Active,Reviewed
CNHS-SYN-2526-0395,SY 2025-2026,Grade 10,Term 1,77.7,80.8,79.7,79.6,69.9,74.5,77.3,79.0,77.31,2,0,2,69.9,8,Mapeh,High Risk,Classroom Remediation,N/A,N/A,Mapeh Diagnostic Assessment,16.2,,,78.5,In Progress,Progressing,In Progress,Approved
CNHS-SYN-2526-0395,SY 2025-2026,Grade 10,Term 2,74.2,76.1,72.7,75.7,68.6,73.4,75.0,79.3,74.38,4,1,3,68.6,8,Mapeh,High Risk,Classroom Remediation,N/A,N/A,Mapeh Diagnostic Assessment,16.1,20.3,,79.2,In Progress,Progressing,In Progress,Approved
CNHS-SYN-2526-0395,SY 2025-2026,Grade 10,Term 3,68.9,72.9,80.5,76.1,75.9,76.4,69.7,75.1,74.44,3,2,1,68.9,8,English,High Risk,Classroom Remediation,N/A,N/A,English Diagnostic Assessment,18.4,25.1,30.9,71.7,Improved,Improved,Completed,Approved
CNHS-SYN-2526-0396,SY 2025-2026,Grade 7,Term 1,77.1,74.1,79.5,78.8,78.1,73.3,79.0,75.9,76.97,2,1,1,73.3,8,Araling Panlipunan,High Risk,Classroom Remediation,N/A,N/A,Araling Panlipunan Diagnostic Assessment,21.4,,,81.3,In Progress,Progressing,In Progress,Approved
CNHS-SYN-2526-0396,SY 2025-2026,Grade 7,Term 2,76.2,77.0,80.0,76.3,83.3,69.8,76.8,81.2,77.58,1,0,1,69.8,8,Araling Panlipunan,High Risk,Classroom Remediation,N/A,N/A,Araling Panlipunan Diagnostic Assessment,21.9,27.6,,71.5,In Progress,Progressing,In Progress,Approved
CNHS-SYN-2526-0396,SY 2025-2026,Grade 7,Term 3,71.8,73.5,72.3,72.1,74.1,82.9,76.7,78.1,75.19,5,2,3,71.8,8,English,High Risk,Classroom Remediation,N/A,N/A,English Diagnostic Assessment,15.8,22.4,29.7,86.6,Improved,Improved,Completed,Approved
CNHS-SYN-2526-0397,SY 2025-2026,Grade 8,Term 1,98.5,93.2,93.4,89.0,94.0,86.9,91.1,99.0,93.14,0,0,0,86.9,8,Araling Panlipunan,Low Risk,No Recommendation,N/A,Independent,Classroom Summative,,,,92.9,In Progress,Progressing,Active,Reviewed
CNHS-SYN-2526-0397,SY 2025-2026,Grade 8,Term 2,92.2,90.2,90.4,91.1,89.7,91.6,88.7,98.8,91.59,0,0,0,88.7,8,Tle,Low Risk,No Recommendation,N/A,Independent,Classroom Summative,,,,94.3,In Progress,Progressing,Active,Reviewed
CNHS-SYN-2526-0397,SY 2025-2026,Grade 8,Term 3,88.4,94.9,94.1,92.4,86.6,87.7,97.4,87.6,91.14,0,0,0,86.6,8,Mapeh,Low Risk,No Recommendation,N/A,Independent,Classroom Summative,,,,88.2,N/A,N/A,Active,Reviewed
CNHS-SYN-2526-0398,SY 2025-2026,Grade 9,Term 1,75.1,78.9,78.8,73.9,78.2,73.7,80.9,81.6,77.64,2,0,2,73.7,8,Araling Panlipunan,High Risk,Classroom Remediation,N/A,N/A,Araling Panlipunan Diagnostic Assessment,15.9,,,73.3,In Progress,Progressing,In Progress,Approved
CNHS-SYN-2526-0398,SY 2025-2026,Grade 9,Term 2,79.6,72.7,77.6,75.9,75.5,77.3,81.9,82.7,77.9,1,1,0,72.7,8,Filipino,Moderate Risk,No Recommendation,N/A,Instructional,Classroom Summative,,,,93.3,In Progress,Progressing,Active,Reviewed
CNHS-SYN-2526-0398,SY 2025-2026,Grade 9,Term 3,76.2,67.8,79.9,69.2,70.6,77.7,79.4,76.5,74.66,3,1,2,67.8,8,Filipino,High Risk,Classroom Remediation,N/A,N/A,Filipino Diagnostic Assessment,14.1,20.8,25.9,84.9,Needs Further Intervention,Limited Improvement,Needs Further Support,Approved
CNHS-SYN-2526-0399,SY 2025-2026,Grade 10,Term 1,89.7,86.1,93.2,87.5,90.4,92.8,83.8,86.7,88.78,0,0,0,83.8,8,Tle,Low Risk,No Recommendation,N/A,Independent,Classroom Summative,,,,91.8,In Progress,Progressing,Active,Reviewed
CNHS-SYN-2526-0399,SY 2025-2026,Grade 10,Term 2,89.9,90.8,90.6,85.9,89.6,90.9,90.5,92.2,90.05,0,0,0,85.9,8,Science,Low Risk,No Recommendation,N/A,Independent,Classroom Summative,,,,94.7,In Progress,Progressing,Active,Reviewed
CNHS-SYN-2526-0399,SY 2025-2026,Grade 10,Term 3,89.3,85.5,98.5,93.3,87.9,92.8,96.0,98.6,92.74,0,0,0,85.5,8,Filipino,Low Risk,No Recommendation,N/A,Independent,Classroom Summative,,,,96.2,N/A,N/A,Active,Reviewed
CNHS-SYN-2526-0400,SY 2025-2026,Grade 7,Term 1,87.4,81.9,77.5,77.0,88.6,84.1,83.8,80.7,82.62,0,0,0,77.0,8,Science,Moderate Risk,No Recommendation,N/A,Instructional,Classroom Summative,,,,88.1,In Progress,Progressing,Active,Reviewed
CNHS-SYN-2526-0400,SY 2025-2026,Grade 7,Term 2,82.5,76.2,79.8,79.5,69.0,80.7,78.5,81.2,78.42,1,0,1,69.0,8,Mapeh,High Risk,Classroom Remediation,N/A,N/A,Mapeh Diagnostic Assessment,18.9,23.8,,80.5,In Progress,Progressing,In Progress,Approved
CNHS-SYN-2526-0400,SY 2025-2026,Grade 7,Term 3,84.4,82.7,82.4,84.9,72.3,90.4,88.4,82.9,83.55,1,0,1,72.3,8,Mapeh,Moderate Risk,Classroom Remediation,N/A,N/A,Mapeh Diagnostic Assessment,23.7,28.5,35.1,71.6,Improved,Improved,Completed,Approved
CNHS-SYN-2526-0401,SY 2025-2026,Grade 8,Term 1,87.0,85.4,92.8,83.9,90.2,81.5,84.5,84.6,86.24,0,0,0,81.5,8,Araling Panlipunan,Low Risk,No Recommendation,N/A,Independent,Classroom Summative,,,,93.5,In Progress,Progressing,Active,Reviewed
CNHS-SYN-2526-0401,SY 2025-2026,Grade 8,Term 2,90.0,88.2,90.9,82.0,87.2,92.1,78.9,87.6,87.11,0,0,0,78.9,8,Tle,Low Risk,No Recommendation,N/A,Independent,Classroom Summative,,,,97.8,In Progress,Progressing,Active,Reviewed
CNHS-SYN-2526-0401,SY 2025-2026,Grade 8,Term 3,90.1,87.5,90.0,82.7,84.1,80.3,91.6,87.4,86.71,0,0,0,80.3,8,Araling Panlipunan,Low Risk,No Recommendation,N/A,Independent,Classroom Summative,,,,93.1,N/A,N/A,Active,Reviewed
CNHS-SYN-2526-0402,SY 2025-2026,Grade 9,Term 1,69.5,67.0,65.3,71.8,73.1,73.8,76.3,74.3,71.39,7,2,5,65.3,8,Mathematics,High Risk,Classroom Remediation,N/A,N/A,Mathematics Diagnostic Assessment,22.7,,,71.6,In Progress,Progressing,In Progress,Approved
CNHS-SYN-2526-0402,SY 2025-2026,Grade 9,Term 2,75.4,65.7,73.8,67.1,73.2,60.0,67.7,68.9,68.97,7,1,6,60.0,8,Araling Panlipunan,High Risk,Classroom Remediation,N/A,N/A,Araling Panlipunan Diagnostic Assessment,14.6,20.8,,84.1,In Progress,Progressing,In Progress,Approved
CNHS-SYN-2526-0402,SY 2025-2026,Grade 9,Term 3,74.8,68.3,67.1,64.2,76.6,72.3,69.2,62.8,69.41,7,2,5,62.8,8,Values Education,High Risk,Classroom Remediation,N/A,N/A,Values Education Diagnostic Assessment,20.1,26.3,33.7,79.8,Improved,Improved,Completed,Approved
CNHS-SYN-2526-0403,SY 2025-2026,Grade 10,Term 1,78.9,76.2,80.2,78.9,82.8,77.8,78.1,76.4,78.66,0,0,0,76.2,8,Filipino,Moderate Risk,No Recommendation,N/A,Instructional,Classroom Summative,,,,98.8,In Progress,Progressing,Active,Reviewed
CNHS-SYN-2526-0403,SY 2025-2026,Grade 10,Term 2,76.0,80.6,72.7,69.2,78.3,79.0,77.1,71.5,75.55,3,0,3,69.2,8,Science,High Risk,Classroom Remediation,N/A,N/A,Science Diagnostic Assessment,15.5,20.1,,76.7,In Progress,Progressing,In Progress,Approved
CNHS-SYN-2526-0403,SY 2025-2026,Grade 10,Term 3,80.6,79.7,72.7,78.1,81.1,72.8,77.8,82.9,78.21,2,0,2,72.7,8,Mathematics,High Risk,Classroom Remediation,N/A,N/A,Mathematics Diagnostic Assessment,14.8,20.1,27.2,76.3,Needs Further Intervention,Limited Improvement,Needs Further Support,Approved
CNHS-SYN-2526-0404,SY 2025-2026,Grade 7,Term 1,66.2,67.3,60.3,65.3,70.3,66.1,60.2,71.3,65.88,8,2,6,60.2,8,Tle,High Risk,Classroom Remediation,N/A,N/A,Tle Diagnostic Assessment,14.7,,,80.5,In Progress,Progressing,In Progress,Approved
CNHS-SYN-2526-0404,SY 2025-2026,Grade 7,Term 2,64.0,60.0,60.0,72.5,67.4,71.0,70.1,68.8,66.72,8,2,6,60.0,8,Filipino,High Risk,Classroom Remediation,N/A,N/A,Filipino Diagnostic Assessment,17.6,24.0,,87.5,In Progress,Progressing,In Progress,Approved
CNHS-SYN-2526-0404,SY 2025-2026,Grade 7,Term 3,60.0,60.0,67.8,63.1,74.5,71.7,72.7,69.9,67.46,8,2,6,60.0,8,English,High Risk,Classroom Remediation,N/A,N/A,English Diagnostic Assessment,17.2,21.6,27.9,85.9,Needs Further Intervention,Limited Improvement,Needs Further Support,Approved
CNHS-SYN-2526-0405,SY 2025-2026,Grade 8,Term 1,73.1,79.6,81.0,75.7,72.6,80.3,66.9,76.8,75.75,3,1,2,66.9,8,Tle,High Risk,Classroom Remediation,N/A,N/A,Tle Diagnostic Assessment,23.3,,,75.3,In Progress,Progressing,In Progress,Approved
CNHS-SYN-2526-0405,SY 2025-2026,Grade 8,Term 2,77.7,69.5,79.0,67.1,76.2,75.2,,76.6,74.47,2,1,1,67.1,7,Science,High Risk,Classroom Remediation,N/A,N/A,Science Diagnostic Assessment,23.4,28.7,,79.5,In Progress,Progressing,In Progress,Approved
CNHS-SYN-2526-0405,SY 2025-2026,Grade 8,Term 3,72.0,72.7,76.5,74.3,79.5,75.4,76.5,69.4,74.54,4,2,2,69.4,8,Values Education,High Risk,Classroom Remediation,N/A,N/A,Values Education Diagnostic Assessment,22.6,29.4,36.2,81.5,Improved,Improved,Completed,Approved
CNHS-SYN-2526-0406,SY 2025-2026,Grade 9,Term 1,72.6,74.0,71.5,80.5,71.4,66.6,65.3,65.4,70.91,7,2,5,65.3,8,Tle,High Risk,Classroom Remediation,N/A,N/A,Tle Diagnostic Assessment,19.5,,,82.2,In Progress,Progressing,In Progress,Approved
CNHS-SYN-2526-0406,SY 2025-2026,Grade 9,Term 2,69.6,69.5,69.5,77.9,66.1,73.4,71.5,75.3,71.6,6,2,4,66.1,8,Mapeh,High Risk,Classroom Remediation,N/A,N/A,Mapeh Diagnostic Assessment,20.3,24.7,,78.0,In Progress,Progressing,In Progress,Approved
CNHS-SYN-2526-0406,SY 2025-2026,Grade 9,Term 3,77.3,70.5,71.9,71.6,74.4,69.8,72.8,72.2,72.56,7,1,6,69.8,8,Araling Panlipunan,High Risk,Classroom Remediation,N/A,N/A,Araling Panlipunan Diagnostic Assessment,19.5,25.1,29.6,85.8,Improved,Improved,Completed,Approved
CNHS-SYN-2526-0407,SY 2025-2026,Grade 10,Term 1,77.7,86.2,78.0,81.8,78.9,81.8,79.0,76.8,80.03,0,0,0,76.8,8,Values Education,Moderate Risk,No Recommendation,N/A,Instructional,Classroom Summative,,,,98.2,In Progress,Progressing,Active,Reviewed
CNHS-SYN-2526-0407,SY 2025-2026,Grade 10,Term 2,82.5,75.5,85.2,76.4,83.0,82.2,82.4,87.4,81.83,0,0,0,75.5,8,Filipino,Moderate Risk,No Recommendation,N/A,Instructional,Classroom Summative,,,,94.4,In Progress,Progressing,Active,Reviewed
CNHS-SYN-2526-0407,SY 2025-2026,Grade 10,Term 3,85.7,78.0,77.9,78.8,81.3,74.3,82.2,74.3,79.06,2,0,2,74.3,8,Araling Panlipunan,High Risk,Classroom Remediation,N/A,N/A,Araling Panlipunan Diagnostic Assessment,19.5,24.5,30.8,76.5,Improved,Improved,Completed,Approved
CNHS-SYN-2526-0408,SY 2025-2026,Grade 7,Term 1,76.5,88.3,87.9,81.4,89.4,79.1,83.0,77.1,82.84,0,0,0,76.5,8,English,Moderate Risk,No Recommendation,N/A,Instructional,Classroom Summative,,,,85.4,In Progress,Progressing,Active,Reviewed
CNHS-SYN-2526-0408,SY 2025-2026,Grade 7,Term 2,74.5,77.7,88.1,86.0,82.7,86.3,81.8,83.9,82.62,1,1,0,74.5,8,English,Moderate Risk,No Recommendation,N/A,Instructional,Classroom Summative,,,,91.0,In Progress,Progressing,Active,Reviewed
CNHS-SYN-2526-0408,SY 2025-2026,Grade 7,Term 3,77.2,82.1,85.8,82.7,86.2,81.4,82.7,83.7,82.72,0,0,0,77.2,8,English,Moderate Risk,No Recommendation,N/A,Instructional,Classroom Summative,,,,90.8,N/A,N/A,Active,Reviewed
CNHS-SYN-2526-0409,SY 2025-2026,Grade 8,Term 1,80.1,79.2,79.3,71.5,67.6,82.6,79.3,77.4,77.12,2,0,2,67.6,8,Mapeh,High Risk,Classroom Remediation,N/A,N/A,Mapeh Diagnostic Assessment,16.4,,,73.6,In Progress,Progressing,In Progress,Approved
CNHS-SYN-2526-0409,SY 2025-2026,Grade 8,Term 2,73.0,66.5,79.0,82.0,82.3,80.2,76.9,75.3,76.9,2,2,0,66.5,8,Filipino,High Risk,No Recommendation,N/A,Instructional,Classroom Summative,,,,91.3,In Progress,Progressing,Active,Reviewed
CNHS-SYN-2526-0409,SY 2025-2026,Grade 8,Term 3,72.2,83.1,71.2,76.7,69.8,78.7,77.5,76.1,75.66,3,1,2,69.8,8,Mapeh,High Risk,Classroom Remediation,N/A,N/A,Mapeh Diagnostic Assessment,20.3,25.9,30.5,87.8,Improved,Improved,Completed,Approved
CNHS-SYN-2526-0410,SY 2025-2026,Grade 9,Term 1,89.7,99.0,86.7,88.4,83.6,75.9,83.8,96.4,87.94,0,0,0,75.9,8,Araling Panlipunan,Low Risk,No Recommendation,N/A,Independent,Classroom Summative,,,,98.6,In Progress,Progressing,Active,Reviewed
CNHS-SYN-2526-0410,SY 2025-2026,Grade 9,Term 2,88.4,80.4,83.4,88.5,87.9,86.9,84.8,90.7,86.38,0,0,0,80.4,8,Filipino,Low Risk,No Recommendation,N/A,Independent,Classroom Summative,,,,93.2,In Progress,Progressing,Active,Reviewed
CNHS-SYN-2526-0410,SY 2025-2026,Grade 9,Term 3,90.6,88.3,84.3,85.2,94.4,91.4,91.0,83.8,88.62,0,0,0,83.8,8,Values Education,Low Risk,No Recommendation,N/A,Independent,Classroom Summative,,,,96.4,N/A,N/A,Active,Reviewed
CNHS-SYN-2526-0411,SY 2025-2026,Grade 10,Term 1,71.1,72.3,64.4,66.8,74.8,67.2,76.9,69.4,70.36,7,2,5,64.4,8,Mathematics,High Risk,Classroom Remediation,N/A,N/A,Mathematics Diagnostic Assessment,14.1,,,76.1,In Progress,Progressing,In Progress,Approved
CNHS-SYN-2526-0411,SY 2025-2026,Grade 10,Term 2,72.1,71.1,71.5,70.6,68.0,69.8,68.1,75.7,70.86,7,2,5,68.0,8,Mapeh,High Risk,Classroom Remediation,N/A,N/A,Mapeh Diagnostic Assessment,21.6,26.2,,78.7,In Progress,Progressing,In Progress,Approved
CNHS-SYN-2526-0411,SY 2025-2026,Grade 10,Term 3,67.1,73.8,65.1,68.5,68.9,64.6,71.1,66.8,68.24,8,2,6,64.6,8,Araling Panlipunan,High Risk,Classroom Remediation,N/A,N/A,Araling Panlipunan Diagnostic Assessment,20.2,24.6,29.4,75.1,Improved,Improved,Completed,Approved
CNHS-SYN-2526-0412,SY 2025-2026,Grade 7,Term 1,84.9,74.8,77.5,79.2,76.0,77.4,76.4,77.1,77.91,1,1,0,74.8,8,Filipino,Moderate Risk,No Recommendation,N/A,Instructional,Classroom Summative,,,,90.0,In Progress,Progressing,Active,Reviewed
CNHS-SYN-2526-0412,SY 2025-2026,Grade 7,Term 2,75.5,67.6,81.1,84.9,77.0,78.9,80.6,71.0,77.08,2,1,1,67.6,8,Filipino,High Risk,Classroom Remediation,N/A,N/A,Filipino Diagnostic Assessment,22.0,27.8,,82.5,In Progress,Progressing,In Progress,Approved
CNHS-SYN-2526-0412,SY 2025-2026,Grade 7,Term 3,74.7,84.2,73.1,80.9,78.8,77.9,77.2,73.6,77.55,3,1,2,73.1,8,Mathematics,High Risk,Classroom Remediation,N/A,N/A,Mathematics Diagnostic Assessment,22.6,26.8,33.1,79.8,Improved,Improved,Completed,Approved
CNHS-SYN-2526-0413,SY 2025-2026,Grade 8,Term 1,75.8,81.9,81.1,81.3,77.8,75.2,77.1,71.7,77.74,1,0,1,71.7,8,Values Education,Moderate Risk,Classroom Remediation,N/A,N/A,Values Education Diagnostic Assessment,15.1,,,80.7,In Progress,Progressing,In Progress,Approved
CNHS-SYN-2526-0413,SY 2025-2026,Grade 8,Term 2,77.1,75.2,75.0,77.6,75.6,78.6,72.8,81.7,76.7,1,0,1,72.8,8,Tle,Moderate Risk,Classroom Remediation,N/A,N/A,Tle Diagnostic Assessment,23.2,27.9,,82.0,In Progress,Progressing,In Progress,Approved
CNHS-SYN-2526-0413,SY 2025-2026,Grade 8,Term 3,68.9,75.2,83.2,80.9,86.3,85.7,80.1,77.9,79.78,1,1,0,68.9,8,English,High Risk,No Recommendation,N/A,Instructional,Classroom Summative,,,,90.1,N/A,N/A,Active,Reviewed
CNHS-SYN-2526-0414,SY 2025-2026,Grade 9,Term 1,86.9,83.9,81.1,85.7,83.0,81.4,81.2,80.8,83.0,0,0,0,80.8,8,Values Education,Moderate Risk,No Recommendation,N/A,Instructional,Classroom Summative,,,,92.6,In Progress,Progressing,Active,Reviewed
CNHS-SYN-2526-0414,SY 2025-2026,Grade 9,Term 2,77.2,77.0,83.6,83.3,80.4,77.1,86.6,85.8,81.38,0,0,0,77.0,8,Filipino,Moderate Risk,No Recommendation,N/A,Instructional,Classroom Summative,,,,97.4,In Progress,Progressing,Active,Reviewed
CNHS-SYN-2526-0414,SY 2025-2026,Grade 9,Term 3,79.3,80.9,86.9,88.2,85.6,82.6,76.1,73.5,81.64,1,0,1,73.5,8,Values Education,Moderate Risk,Classroom Remediation,N/A,N/A,Values Education Diagnostic Assessment,17.4,22.8,28.9,75.2,Improved,Improved,Completed,Approved
CNHS-SYN-2526-0415,SY 2025-2026,Grade 10,Term 1,88.7,72.3,80.2,74.7,78.2,79.4,82.2,77.8,79.19,2,1,1,72.3,8,Filipino,High Risk,Classroom Remediation,N/A,N/A,Filipino Diagnostic Assessment,22.9,,,79.4,In Progress,Progressing,In Progress,Approved
CNHS-SYN-2526-0415,SY 2025-2026,Grade 10,Term 2,79.8,77.8,77.2,83.6,82.9,84.5,80.3,84.3,81.3,0,0,0,77.2,8,Mathematics,Moderate Risk,No Recommendation,N/A,Instructional,Classroom Summative,,,,91.2,In Progress,Progressing,Active,Reviewed
CNHS-SYN-2526-0415,SY 2025-2026,Grade 10,Term 3,82.8,81.4,76.9,74.7,78.0,76.1,85.8,81.9,79.7,1,0,1,74.7,8,Science,Moderate Risk,Classroom Remediation,N/A,N/A,Science Diagnostic Assessment,23.5,28.9,36.8,77.2,Improved,Improved,Completed,Approved
CNHS-SYN-2526-0416,SY 2025-2026,Grade 7,Term 1,74.2,86.6,85.6,79.7,81.9,82.0,80.9,75.2,80.76,1,1,0,74.2,8,English,Moderate Risk,No Recommendation,N/A,Instructional,Classroom Summative,,,,88.6,In Progress,Progressing,Active,Reviewed
CNHS-SYN-2526-0416,SY 2025-2026,Grade 7,Term 2,87.1,87.3,79.3,76.6,81.5,82.1,82.8,70.3,80.88,1,0,1,70.3,8,Values Education,Moderate Risk,Classroom Remediation,N/A,N/A,Values Education Diagnostic Assessment,20.8,26.2,,74.4,In Progress,Progressing,In Progress,Approved
CNHS-SYN-2526-0416,SY 2025-2026,Grade 7,Term 3,83.8,81.8,80.7,82.2,79.9,82.0,83.3,81.8,81.94,0,0,0,79.9,8,Mapeh,Moderate Risk,No Recommendation,N/A,Instructional,Classroom Summative,,,,97.6,N/A,N/A,Active,Reviewed
CNHS-SYN-2526-0417,SY 2025-2026,Grade 8,Term 1,67.3,74.1,69.9,65.2,70.8,72.7,72.7,74.7,70.92,8,2,6,65.2,8,Science,High Risk,Classroom Remediation,N/A,N/A,Science Diagnostic Assessment,15.4,,,74.9,In Progress,Progressing,In Progress,Approved
CNHS-SYN-2526-0417,SY 2025-2026,Grade 8,Term 2,67.8,71.7,72.1,75.8,71.0,78.5,75.2,73.0,73.14,5,2,3,67.8,8,English,High Risk,Classroom Remediation,N/A,N/A,English Diagnostic Assessment,17.0,21.2,,81.7,In Progress,Progressing,In Progress,Approved
CNHS-SYN-2526-0417,SY 2025-2026,Grade 8,Term 3,69.2,68.4,67.1,64.7,78.2,71.7,70.8,69.8,69.99,7,2,5,64.7,8,Science,High Risk,Classroom Remediation,N/A,N/A,Science Diagnostic Assessment,22.7,26.8,32.0,77.3,Improved,Improved,Completed,Approved
CNHS-SYN-2526-0418,SY 2025-2026,Grade 9,Term 1,83.0,79.0,81.0,80.2,81.3,70.9,75.6,81.4,79.05,1,0,1,70.9,8,Araling Panlipunan,Moderate Risk,Classroom Remediation,N/A,N/A,Araling Panlipunan Diagnostic Assessment,21.8,,,86.0,In Progress,Progressing,In Progress,Approved
CNHS-SYN-2526-0418,SY 2025-2026,Grade 9,Term 2,83.0,72.5,81.9,86.4,90.3,81.0,73.6,80.8,81.19,2,1,1,72.5,8,Filipino,High Risk,Classroom Remediation,N/A,N/A,Filipino Diagnostic Assessment,18.1,24.6,,79.9,In Progress,Progressing,In Progress,Approved
CNHS-SYN-2526-0418,SY 2025-2026,Grade 9,Term 3,70.0,76.1,78.5,77.6,73.9,77.1,80.4,78.8,76.55,2,1,1,70.0,8,English,High Risk,Classroom Remediation,N/A,N/A,English Diagnostic Assessment,22.3,26.4,32.2,73.1,Improved,Improved,Completed,Approved
CNHS-SYN-2526-0419,SY 2025-2026,Grade 10,Term 1,75.6,77.2,80.4,70.2,77.3,67.1,74.9,81.4,75.51,3,0,3,67.1,8,Araling Panlipunan,High Risk,Classroom Remediation,N/A,N/A,Araling Panlipunan Diagnostic Assessment,21.5,,,79.6,In Progress,Progressing,In Progress,Approved
CNHS-SYN-2526-0419,SY 2025-2026,Grade 10,Term 2,67.2,68.1,76.5,70.9,76.1,76.4,73.6,82.9,73.96,4,2,2,67.2,8,English,High Risk,Classroom Remediation,N/A,N/A,English Diagnostic Assessment,15.9,22.0,,77.0,In Progress,Progressing,In Progress,Approved
CNHS-SYN-2526-0419,SY 2025-2026,Grade 10,Term 3,73.6,77.5,73.5,82.5,72.6,76.5,74.7,73.8,75.59,5,1,4,72.6,8,Mapeh,High Risk,Classroom Remediation,N/A,N/A,Mapeh Diagnostic Assessment,18.3,23.3,29.5,78.2,Improved,Improved,Completed,Approved
CNHS-SYN-2526-0420,SY 2025-2026,Grade 7,Term 1,83.4,79.3,79.3,77.4,76.8,75.2,72.6,76.0,77.5,1,0,1,72.6,8,Tle,Moderate Risk,Classroom Remediation,N/A,N/A,Tle Diagnostic Assessment,15.5,,,84.2,In Progress,Progressing,In Progress,Approved
CNHS-SYN-2526-0420,SY 2025-2026,Grade 7,Term 2,75.5,80.4,78.8,79.1,79.8,79.1,82.0,78.7,79.17,0,0,0,75.5,8,English,Moderate Risk,No Recommendation,N/A,Instructional,Classroom Summative,,,,92.2,In Progress,Progressing,Active,Reviewed
CNHS-SYN-2526-0420,SY 2025-2026,Grade 7,Term 3,72.4,81.8,80.7,79.0,77.8,70.4,71.0,85.4,77.31,3,1,2,70.4,8,Araling Panlipunan,High Risk,Classroom Remediation,N/A,N/A,Araling Panlipunan Diagnostic Assessment,23.3,28.8,36.6,81.4,Improved,Improved,Completed,Approved
CNHS-SYN-2526-0421,SY 2025-2026,Grade 8,Term 1,81.4,79.5,78.0,87.9,88.6,78.2,77.9,80.9,81.55,0,0,0,77.9,8,Tle,Moderate Risk,No Recommendation,N/A,Instructional,Classroom Summative,,,,91.3,In Progress,Progressing,Active,Reviewed
CNHS-SYN-2526-0421,SY 2025-2026,Grade 8,Term 2,84.2,82.0,82.3,92.0,80.2,88.9,88.1,84.4,85.26,0,0,0,80.2,8,Mapeh,Low Risk,No Recommendation,N/A,Independent,Classroom Summative,,,,92.1,In Progress,Progressing,Active,Reviewed
CNHS-SYN-2526-0421,SY 2025-2026,Grade 8,Term 3,80.2,82.3,78.5,85.4,86.3,87.0,80.8,78.1,82.32,0,0,0,78.1,8,Values Education,Moderate Risk,No Recommendation,N/A,Instructional,Classroom Summative,,,,99.0,N/A,N/A,Active,Reviewed
CNHS-SYN-2526-0422,SY 2025-2026,Grade 9,Term 1,84.2,81.2,84.8,84.5,83.8,84.7,79.0,78.8,82.62,0,0,0,78.8,8,Values Education,Moderate Risk,No Recommendation,N/A,Instructional,Classroom Summative,,,,91.9,In Progress,Progressing,Active,Reviewed
CNHS-SYN-2526-0422,SY 2025-2026,Grade 9,Term 2,79.5,82.6,86.8,87.2,88.1,77.2,77.8,81.3,82.56,0,0,0,77.2,8,Araling Panlipunan,Moderate Risk,No Recommendation,N/A,Instructional,Classroom Summative,,,,91.0,In Progress,Progressing,Active,Reviewed
CNHS-SYN-2526-0422,SY 2025-2026,Grade 9,Term 3,79.4,80.4,85.1,77.1,91.8,82.5,86.6,80.1,82.88,0,0,0,77.1,8,Science,Moderate Risk,No Recommendation,N/A,Instructional,Classroom Summative,,,,92.4,N/A,N/A,Active,Reviewed
CNHS-SYN-2526-0423,SY 2025-2026,Grade 10,Term 1,71.1,67.8,65.2,77.5,77.1,61.4,70.4,72.6,70.39,6,2,4,61.4,8,Araling Panlipunan,High Risk,Classroom Remediation,N/A,N/A,Araling Panlipunan Diagnostic Assessment,15.0,,,89.4,In Progress,Progressing,In Progress,Approved
CNHS-SYN-2526-0423,SY 2025-2026,Grade 10,Term 2,71.1,65.9,67.0,74.7,66.6,68.1,68.8,71.2,69.17,8,2,6,65.9,8,Filipino,High Risk,Classroom Remediation,N/A,N/A,Filipino Diagnostic Assessment,22.3,26.9,,88.1,In Progress,Progressing,In Progress,Approved
CNHS-SYN-2526-0423,SY 2025-2026,Grade 10,Term 3,68.5,72.4,71.8,75.0,72.0,70.7,74.1,79.7,73.03,6,2,4,68.5,8,English,High Risk,Classroom Remediation,N/A,N/A,English Diagnostic Assessment,18.3,22.3,28.5,78.2,Improved,Improved,Completed,Approved
CNHS-SYN-2526-0424,SY 2025-2026,Grade 7,Term 1,93.8,90.9,91.9,93.5,92.6,91.5,93.9,90.7,92.35,0,0,0,90.7,8,Values Education,Low Risk,No Recommendation,N/A,Independent,Classroom Summative,,,,90.5,In Progress,Progressing,Active,Reviewed
CNHS-SYN-2526-0424,SY 2025-2026,Grade 7,Term 2,82.9,92.8,96.2,93.6,91.8,93.7,83.6,89.4,90.5,0,0,0,82.9,8,English,Low Risk,No Recommendation,N/A,Independent,Classroom Summative,,,,90.6,In Progress,Progressing,Active,Reviewed
CNHS-SYN-2526-0424,SY 2025-2026,Grade 7,Term 3,96.6,94.5,95.3,89.1,85.9,90.6,94.3,91.5,92.22,0,0,0,85.9,8,Mapeh,Low Risk,No Recommendation,N/A,Independent,Classroom Summative,,,,92.4,N/A,N/A,Active,Reviewed
CNHS-SYN-2526-0425,SY 2025-2026,Grade 8,Term 1,84.1,83.0,82.1,90.2,84.0,78.9,83.5,80.3,83.26,0,0,0,78.9,8,Araling Panlipunan,Moderate Risk,No Recommendation,N/A,Instructional,Classroom Summative,,,,93.1,In Progress,Progressing,Active,Reviewed
CNHS-SYN-2526-0425,SY 2025-2026,Grade 8,Term 2,82.3,75.0,81.4,81.2,77.4,80.6,83.2,81.5,80.33,0,0,0,75.0,8,Filipino,Moderate Risk,No Recommendation,N/A,Instructional,Classroom Summative,,,,90.9,In Progress,Progressing,Active,Reviewed
CNHS-SYN-2526-0425,SY 2025-2026,Grade 8,Term 3,78.9,81.6,81.5,79.8,79.7,81.7,85.3,82.6,81.39,0,0,0,78.9,8,English,Moderate Risk,No Recommendation,N/A,Instructional,Classroom Summative,,,,96.5,N/A,N/A,Active,Reviewed
CNHS-SYN-2526-0426,SY 2025-2026,Grade 9,Term 1,84.4,86.7,88.1,78.6,84.3,82.0,89.1,76.1,83.66,0,0,0,76.1,8,Values Education,Low Risk,No Recommendation,N/A,Independent,Classroom Summative,,,,84.8,In Progress,Progressing,Active,Reviewed
CNHS-SYN-2526-0426,SY 2025-2026,Grade 9,Term 2,82.4,90.9,82.3,82.1,83.9,81.2,83.1,83.2,83.64,0,0,0,81.2,8,Araling Panlipunan,Low Risk,No Recommendation,N/A,Independent,Classroom Summative,,,,91.6,In Progress,Progressing,Active,Reviewed
CNHS-SYN-2526-0426,SY 2025-2026,Grade 9,Term 3,84.8,85.6,87.7,83.0,83.1,84.7,79.3,79.1,83.41,0,0,0,79.1,8,Values Education,Moderate Risk,No Recommendation,N/A,Instructional,Classroom Summative,,,,86.9,N/A,N/A,Active,Reviewed
CNHS-SYN-2526-0427,SY 2025-2026,Grade 10,Term 1,85.6,84.1,94.8,81.7,80.6,86.6,86.8,88.4,86.07,0,0,0,80.6,8,Mapeh,Low Risk,No Recommendation,N/A,Independent,Classroom Summative,,,,88.9,In Progress,Progressing,Active,Reviewed
CNHS-SYN-2526-0427,SY 2025-2026,Grade 10,Term 2,85.8,94.6,90.3,88.9,83.4,90.3,89.0,86.5,88.6,0,0,0,83.4,8,Mapeh,Low Risk,No Recommendation,N/A,Independent,Classroom Summative,,,,92.4,In Progress,Progressing,Active,Reviewed
CNHS-SYN-2526-0427,SY 2025-2026,Grade 10,Term 3,94.7,83.7,83.4,83.2,84.1,85.7,89.6,87.6,86.5,0,0,0,83.2,8,Science,Low Risk,No Recommendation,N/A,Independent,Classroom Summative,,,,93.1,N/A,N/A,Active,Reviewed
CNHS-SYN-2526-0428,SY 2025-2026,Grade 7,Term 1,64.7,67.8,67.2,70.0,68.6,66.9,74.1,70.9,68.78,8,2,6,64.7,8,English,High Risk,Classroom Remediation,N/A,N/A,English Diagnostic Assessment,22.3,,,72.6,In Progress,Progressing,In Progress,Approved
CNHS-SYN-2526-0428,SY 2025-2026,Grade 7,Term 2,66.9,65.3,66.2,66.2,64.9,72.8,63.2,72.0,67.19,8,2,6,63.2,8,Tle,High Risk,Classroom Remediation,N/A,N/A,Tle Diagnostic Assessment,17.1,21.4,,72.5,In Progress,Progressing,In Progress,Approved
CNHS-SYN-2526-0428,SY 2025-2026,Grade 7,Term 3,62.1,69.1,69.9,69.0,66.5,67.3,66.7,61.0,66.45,8,2,6,61.0,8,Values Education,High Risk,Classroom Remediation,N/A,N/A,Values Education Diagnostic Assessment,22.7,28.7,33.4,78.3,Improved,Improved,Completed,Approved
CNHS-SYN-2526-0429,SY 2025-2026,Grade 8,Term 1,69.3,60.7,69.5,71.0,61.6,69.6,66.8,68.2,67.09,8,2,6,60.7,8,Filipino,High Risk,Classroom Remediation,N/A,N/A,Filipino Diagnostic Assessment,21.8,,,67.2,In Progress,Progressing,In Progress,Approved
CNHS-SYN-2526-0429,SY 2025-2026,Grade 8,Term 2,69.4,67.5,62.6,71.5,73.6,67.4,63.5,62.0,67.19,8,2,6,62.0,8,Values Education,High Risk,Classroom Remediation,N/A,N/A,Values Education Diagnostic Assessment,21.8,27.9,,80.8,In Progress,Progressing,In Progress,Approved
CNHS-SYN-2526-0429,SY 2025-2026,Grade 8,Term 3,70.1,69.1,70.3,67.4,65.7,68.0,67.7,61.8,67.51,8,2,6,61.8,8,Values Education,High Risk,Classroom Remediation,N/A,N/A,Values Education Diagnostic Assessment,17.1,23.3,30.1,78.7,Improved,Improved,Completed,Approved
CNHS-SYN-2526-0430,SY 2025-2026,Grade 9,Term 1,78.1,75.3,81.2,76.9,75.3,75.2,80.0,79.5,77.69,0,0,0,75.2,8,Araling Panlipunan,Moderate Risk,No Recommendation,N/A,Instructional,Classroom Summative,,,,90.8,In Progress,Progressing,Active,Reviewed
CNHS-SYN-2526-0430,SY 2025-2026,Grade 9,Term 2,76.8,83.8,82.9,79.3,72.4,75.4,74.5,78.8,77.99,2,0,2,72.4,8,Mapeh,High Risk,Classroom Remediation,N/A,N/A,Mapeh Diagnostic Assessment,18.6,23.9,,79.2,In Progress,Progressing,In Progress,Approved
CNHS-SYN-2526-0430,SY 2025-2026,Grade 9,Term 3,80.1,67.7,72.0,77.6,84.1,86.2,77.0,78.0,77.84,2,1,1,67.7,8,Filipino,High Risk,Classroom Remediation,N/A,N/A,Filipino Diagnostic Assessment,22.1,26.7,33.6,77.9,Improved,Improved,Completed,Approved
CNHS-SYN-2526-0431,SY 2025-2026,Grade 10,Term 1,60.0,65.2,66.5,61.2,69.4,70.5,75.9,63.2,66.49,7,2,5,60.0,8,English,High Risk,Classroom Remediation,N/A,N/A,English Diagnostic Assessment,20.9,,,72.7,In Progress,Progressing,In Progress,Approved
CNHS-SYN-2526-0431,SY 2025-2026,Grade 10,Term 2,67.0,67.0,65.4,73.7,66.9,60.9,67.6,70.4,67.36,8,2,6,60.9,8,Araling Panlipunan,High Risk,Classroom Remediation,N/A,N/A,Araling Panlipunan Diagnostic Assessment,16.8,21.8,,75.9,In Progress,Progressing,In Progress,Approved
CNHS-SYN-2526-0431,SY 2025-2026,Grade 10,Term 3,72.8,60.0,67.4,73.4,73.4,71.1,71.2,64.3,69.2,8,2,6,60.0,8,Filipino,High Risk,Classroom Remediation,N/A,N/A,Filipino Diagnostic Assessment,21.4,26.0,32.4,75.5,Improved,Improved,Completed,Approved
CNHS-SYN-2526-0432,SY 2025-2026,Grade 7,Term 1,70.0,69.7,64.3,72.6,66.6,73.6,70.2,71.5,69.81,8,2,6,64.3,8,Mathematics,High Risk,Classroom Remediation,N/A,N/A,Mathematics Diagnostic Assessment,15.2,,,72.3,In Progress,Progressing,In Progress,Approved
CNHS-SYN-2526-0432,SY 2025-2026,Grade 7,Term 2,70.9,65.4,65.9,69.7,76.5,72.2,71.4,75.1,70.89,6,2,4,65.4,8,Filipino,High Risk,Classroom Remediation,N/A,N/A,Filipino Diagnostic Assessment,16.2,23.1,,77.2,In Progress,Progressing,In Progress,Approved
CNHS-SYN-2526-0432,SY 2025-2026,Grade 7,Term 3,66.2,64.5,63.6,66.2,71.4,69.0,71.6,71.9,68.05,8,2,6,63.6,8,Mathematics,High Risk,Classroom Remediation,N/A,N/A,Mathematics Diagnostic Assessment,20.0,24.8,32.6,73.6,Improved,Improved,Completed,Approved
CNHS-SYN-2526-0433,SY 2025-2026,Grade 8,Term 1,95.6,96.7,96.7,95.0,99.0,88.2,91.9,89.1,94.03,0,0,0,88.2,8,Araling Panlipunan,Low Risk,No Recommendation,N/A,Independent,Classroom Summative,,,,89.4,In Progress,Progressing,Active,Reviewed
CNHS-SYN-2526-0433,SY 2025-2026,Grade 8,Term 2,99.0,92.1,99.0,99.0,99.0,99.0,99.0,93.8,97.49,0,0,0,92.1,8,Filipino,Low Risk,No Recommendation,N/A,Independent,Classroom Summative,,,,90.7,In Progress,Progressing,Active,Reviewed
CNHS-SYN-2526-0433,SY 2025-2026,Grade 8,Term 3,93.7,94.0,,93.1,95.5,90.6,87.0,93.9,92.54,0,0,0,87.0,7,Tle,Low Risk,No Recommendation,N/A,Independent,Classroom Summative,,,,91.4,N/A,N/A,Active,Reviewed
CNHS-SYN-2526-0434,SY 2025-2026,Grade 9,Term 1,77.4,76.2,77.3,70.6,77.1,79.2,79.7,70.4,75.99,2,0,2,70.4,8,Values Education,High Risk,Classroom Remediation,N/A,N/A,Values Education Diagnostic Assessment,23.1,,,74.1,In Progress,Progressing,In Progress,Approved
CNHS-SYN-2526-0434,SY 2025-2026,Grade 9,Term 2,70.8,73.9,73.6,79.5,79.8,71.6,78.8,78.4,75.8,4,2,2,70.8,8,English,High Risk,Classroom Remediation,N/A,N/A,English Diagnostic Assessment,15.4,22.2,,69.4,In Progress,Progressing,In Progress,Approved
CNHS-SYN-2526-0434,SY 2025-2026,Grade 9,Term 3,77.1,79.1,82.9,73.1,73.6,74.9,76.9,76.2,76.72,3,0,3,73.1,8,Science,High Risk,Classroom Remediation,N/A,N/A,Science Diagnostic Assessment,18.7,25.0,30.9,77.3,Improved,Improved,Completed,Approved
CNHS-SYN-2526-0435,SY 2025-2026,Grade 10,Term 1,69.3,72.9,70.4,71.2,77.0,73.0,75.0,74.6,72.93,6,2,4,69.3,8,English,High Risk,Classroom Remediation,N/A,N/A,English Diagnostic Assessment,20.4,,,85.4,In Progress,Progressing,In Progress,Approved
CNHS-SYN-2526-0435,SY 2025-2026,Grade 10,Term 2,67.2,76.2,64.1,67.4,74.8,,72.9,71.3,70.56,6,1,5,64.1,7,Mathematics,High Risk,Classroom Remediation,N/A,N/A,Mathematics Diagnostic Assessment,23.2,28.2,,86.1,In Progress,Progressing,In Progress,Approved
CNHS-SYN-2526-0435,SY 2025-2026,Grade 10,Term 3,67.9,67.1,67.7,77.6,74.5,64.1,63.9,68.4,68.9,7,2,5,63.9,8,Tle,High Risk,Classroom Remediation,N/A,N/A,Tle Diagnostic Assessment,21.5,26.4,32.0,85.0,Improved,Improved,Completed,Approved
CNHS-SYN-2526-0436,SY 2025-2026,Grade 7,Term 1,79.7,80.6,80.6,72.2,78.0,80.7,81.0,83.8,79.58,1,0,1,72.2,8,Science,Moderate Risk,Classroom Remediation,N/A,N/A,Science Diagnostic Assessment,15.3,,,78.7,In Progress,Progressing,In Progress,Approved
CNHS-SYN-2526-0436,SY 2025-2026,Grade 7,Term 2,83.2,79.8,79.6,82.9,81.9,84.0,88.4,81.9,82.71,0,0,0,79.6,8,Mathematics,Moderate Risk,No Recommendation,N/A,Instructional,Classroom Summative,,,,94.0,In Progress,Progressing,Active,Reviewed
CNHS-SYN-2526-0436,SY 2025-2026,Grade 7,Term 3,81.9,82.5,84.1,72.3,85.1,86.5,81.3,81.4,81.89,1,0,1,72.3,8,Science,Moderate Risk,Classroom Remediation,N/A,N/A,Science Diagnostic Assessment,15.3,21.7,27.0,81.6,Needs Further Intervention,Limited Improvement,Needs Further Support,Approved
CNHS-SYN-2526-0437,SY 2025-2026,Grade 8,Term 1,79.5,83.6,77.8,83.7,74.0,77.6,75.1,83.2,79.31,1,0,1,74.0,8,Mapeh,Moderate Risk,Classroom Remediation,N/A,N/A,Mapeh Diagnostic Assessment,14.1,,,77.8,In Progress,Progressing,In Progress,Approved
CNHS-SYN-2526-0437,SY 2025-2026,Grade 8,Term 2,76.7,79.1,74.6,78.1,86.3,75.7,81.1,79.8,78.92,1,0,1,74.6,8,Mathematics,Moderate Risk,Classroom Remediation,N/A,N/A,Mathematics Diagnostic Assessment,20.5,24.8,,81.5,In Progress,Progressing,In Progress,Approved
CNHS-SYN-2526-0437,SY 2025-2026,Grade 8,Term 3,82.6,75.0,73.7,84.8,78.2,81.3,74.6,79.2,78.68,2,0,2,73.7,8,Mathematics,High Risk,Classroom Remediation,N/A,N/A,Mathematics Diagnostic Assessment,14.1,19.1,24.3,76.5,Needs Further Intervention,Limited Improvement,Needs Further Support,Approved
CNHS-SYN-2526-0438,SY 2025-2026,Grade 9,Term 1,60.0,62.5,60.0,67.5,64.1,63.3,64.2,74.8,64.55,8,2,6,60.0,8,English,High Risk,Classroom Remediation,N/A,N/A,English Diagnostic Assessment,21.9,,,70.0,In Progress,Progressing,In Progress,Approved
CNHS-SYN-2526-0438,SY 2025-2026,Grade 9,Term 2,60.0,63.4,60.3,63.6,68.2,61.3,64.2,60.0,62.62,8,2,6,60.0,8,English,High Risk,Classroom Remediation,N/A,N/A,English Diagnostic Assessment,22.1,26.7,,77.0,In Progress,Progressing,In Progress,Approved
CNHS-SYN-2526-0438,SY 2025-2026,Grade 9,Term 3,60.0,60.0,67.6,63.3,60.0,61.8,60.0,60.0,61.59,8,2,6,60.0,8,English,High Risk,Classroom Remediation,N/A,N/A,English Diagnostic Assessment,21.1,25.2,32.7,75.3,Improved,Improved,Completed,Approved
CNHS-SYN-2526-0439,SY 2025-2026,Grade 10,Term 1,92.5,92.0,98.0,94.5,81.8,93.3,85.3,90.9,91.04,0,0,0,81.8,8,Mapeh,Low Risk,No Recommendation,N/A,Independent,Classroom Summative,,,,90.6,In Progress,Progressing,Active,Reviewed
CNHS-SYN-2526-0439,SY 2025-2026,Grade 10,Term 2,96.0,96.9,92.2,89.0,92.1,86.1,90.4,97.7,92.55,0,0,0,86.1,8,Araling Panlipunan,Low Risk,No Recommendation,N/A,Independent,Classroom Summative,,,,90.6,In Progress,Progressing,Active,Reviewed
CNHS-SYN-2526-0439,SY 2025-2026,Grade 10,Term 3,91.7,99.0,93.1,90.4,88.2,92.3,93.4,88.7,92.1,0,0,0,88.2,8,Mapeh,Low Risk,No Recommendation,N/A,Independent,Classroom Summative,,,,93.1,N/A,N/A,Active,Reviewed
CNHS-SYN-2526-0440,SY 2025-2026,Grade 7,Term 1,,92.3,92.9,89.2,88.9,91.9,94.3,88.2,91.1,0,0,0,88.2,7,Values Education,Low Risk,No Recommendation,N/A,Independent,Classroom Summative,,,,93.4,In Progress,Progressing,Active,Reviewed
CNHS-SYN-2526-0440,SY 2025-2026,Grade 7,Term 2,85.0,88.1,87.4,91.1,87.4,89.0,86.2,89.4,87.95,0,0,0,85.0,8,English,Low Risk,No Recommendation,N/A,Independent,Classroom Summative,,,,95.0,In Progress,Progressing,Active,Reviewed
CNHS-SYN-2526-0440,SY 2025-2026,Grade 7,Term 3,93.7,92.4,91.7,82.8,89.2,87.9,92.0,93.5,90.4,0,0,0,82.8,8,Science,Low Risk,No Recommendation,N/A,Independent,Classroom Summative,,,,97.1,N/A,N/A,Active,Reviewed
CNHS-SYN-2526-0441,SY 2025-2026,Grade 8,Term 1,77.1,85.4,82.4,78.6,76.6,84.7,80.2,79.5,80.56,0,0,0,76.6,8,Mapeh,Moderate Risk,No Recommendation,N/A,Instructional,Classroom Summative,,,,95.5,In Progress,Progressing,Active,Reviewed
CNHS-SYN-2526-0441,SY 2025-2026,Grade 8,Term 2,80.3,81.6,81.9,81.6,76.4,86.6,74.4,80.6,80.42,1,0,1,74.4,8,Tle,Moderate Risk,Classroom Remediation,N/A,N/A,Tle Diagnostic Assessment,18.9,24.9,,75.1,In Progress,Progressing,In Progress,Approved
CNHS-SYN-2526-0441,SY 2025-2026,Grade 8,Term 3,78.6,79.4,76.3,79.3,84.9,74.1,76.0,82.8,78.93,1,0,1,74.1,8,Araling Panlipunan,Moderate Risk,Classroom Remediation,N/A,N/A,Araling Panlipunan Diagnostic Assessment,14.3,19.6,27.4,75.4,Needs Further Intervention,Limited Improvement,Needs Further Support,Approved
CNHS-SYN-2526-0442,SY 2025-2026,Grade 9,Term 1,84.9,84.3,94.6,86.2,87.4,82.2,87.6,92.1,87.41,0,0,0,82.2,8,Araling Panlipunan,Low Risk,No Recommendation,N/A,Independent,Classroom Summative,,,,91.6,In Progress,Progressing,Active,Reviewed
CNHS-SYN-2526-0442,SY 2025-2026,Grade 9,Term 2,83.5,88.4,89.6,84.7,91.3,92.2,86.6,91.6,88.49,0,0,0,83.5,8,English,Low Risk,No Recommendation,N/A,Independent,Classroom Summative,,,,96.6,In Progress,Progressing,Active,Reviewed
CNHS-SYN-2526-0442,SY 2025-2026,Grade 9,Term 3,97.9,85.3,92.1,93.9,84.8,86.4,86.3,88.1,89.35,0,0,0,84.8,8,Mapeh,Low Risk,No Recommendation,N/A,Independent,Classroom Summative,,,,91.2,N/A,N/A,Active,Reviewed
CNHS-SYN-2526-0443,SY 2025-2026,Grade 10,Term 1,70.3,63.8,68.6,74.5,69.0,65.2,72.7,76.1,70.03,7,2,5,63.8,8,Filipino,High Risk,Classroom Remediation,N/A,N/A,Filipino Diagnostic Assessment,20.3,,,69.3,In Progress,Progressing,In Progress,Approved
CNHS-SYN-2526-0443,SY 2025-2026,Grade 10,Term 2,69.8,64.2,61.3,62.3,74.0,65.9,70.6,71.5,67.45,8,2,6,61.3,8,Mathematics,High Risk,Classroom Remediation,N/A,N/A,Mathematics Diagnostic Assessment,19.4,25.8,,74.2,In Progress,Progressing,In Progress,Approved
CNHS-SYN-2526-0443,SY 2025-2026,Grade 10,Term 3,64.7,67.7,65.8,70.9,73.6,70.6,66.0,60.5,67.47,8,2,6,60.5,8,Values Education,High Risk,Classroom Remediation,N/A,N/A,Values Education Diagnostic Assessment,20.1,26.5,31.6,78.4,Improved,Improved,Completed,Approved
CNHS-SYN-2526-0444,SY 2025-2026,Grade 7,Term 1,94.6,88.9,87.1,87.9,89.7,87.2,85.7,91.4,89.06,0,0,0,85.7,8,Tle,Low Risk,No Recommendation,N/A,Independent,Classroom Summative,,,,85.9,In Progress,Progressing,Active,Reviewed
CNHS-SYN-2526-0444,SY 2025-2026,Grade 7,Term 2,85.8,89.4,87.4,88.8,92.1,92.0,87.1,84.5,88.39,0,0,0,84.5,8,Values Education,Low Risk,No Recommendation,N/A,Independent,Classroom Summative,,,,94.6,In Progress,Progressing,Active,Reviewed
CNHS-SYN-2526-0444,SY 2025-2026,Grade 7,Term 3,93.9,91.7,96.2,96.6,87.8,95.7,88.7,93.8,93.05,0,0,0,87.8,8,Mapeh,Low Risk,No Recommendation,N/A,Independent,Classroom Summative,,,,84.1,N/A,N/A,Active,Reviewed
CNHS-SYN-2526-0445,SY 2025-2026,Grade 8,Term 1,89.7,80.4,86.6,88.6,83.5,82.6,81.7,84.8,84.74,0,0,0,80.4,8,Filipino,Low Risk,No Recommendation,N/A,Independent,Classroom Summative,,,,93.8,In Progress,Progressing,Active,Reviewed
CNHS-SYN-2526-0445,SY 2025-2026,Grade 8,Term 2,83.1,81.2,76.8,86.3,77.5,85.2,85.7,78.1,81.74,0,0,0,76.8,8,Mathematics,Moderate Risk,No Recommendation,N/A,Instructional,Classroom Summative,,,,100.0,In Progress,Progressing,Active,Reviewed
CNHS-SYN-2526-0445,SY 2025-2026,Grade 8,Term 3,81.1,76.5,86.4,79.6,75.0,84.8,79.0,84.0,80.8,0,0,0,75.0,8,Mapeh,Moderate Risk,No Recommendation,N/A,Instructional,Classroom Summative,,,,94.8,N/A,N/A,Active,Reviewed
CNHS-SYN-2526-0446,SY 2025-2026,Grade 9,Term 1,94.4,90.3,90.3,83.2,82.9,85.9,84.6,91.4,87.88,0,0,0,82.9,8,Mapeh,Low Risk,No Recommendation,N/A,Independent,Classroom Summative,,,,87.1,In Progress,Progressing,Active,Reviewed
CNHS-SYN-2526-0446,SY 2025-2026,Grade 9,Term 2,85.4,92.6,86.6,85.1,90.3,82.4,77.1,82.6,85.26,0,0,0,77.1,8,Tle,Low Risk,No Recommendation,N/A,Independent,Classroom Summative,,,,91.0,In Progress,Progressing,Active,Reviewed
CNHS-SYN-2526-0446,SY 2025-2026,Grade 9,Term 3,82.5,92.8,87.9,87.6,87.7,80.8,87.2,89.7,87.03,0,0,0,80.8,8,Araling Panlipunan,Low Risk,No Recommendation,N/A,Independent,Classroom Summative,,,,94.9,N/A,N/A,Active,Reviewed
CNHS-SYN-2526-0447,SY 2025-2026,Grade 10,Term 1,97.8,97.2,87.7,90.2,91.4,94.0,83.7,81.6,90.45,0,0,0,81.6,8,Values Education,Low Risk,No Recommendation,N/A,Independent,Classroom Summative,,,,81.9,In Progress,Progressing,Active,Reviewed
CNHS-SYN-2526-0447,SY 2025-2026,Grade 10,Term 2,93.3,95.1,96.5,87.9,91.1,93.0,85.7,94.1,92.09,0,0,0,85.7,8,Tle,Low Risk,No Recommendation,N/A,Independent,Classroom Summative,,,,89.6,In Progress,Progressing,Active,Reviewed
CNHS-SYN-2526-0447,SY 2025-2026,Grade 10,Term 3,93.3,92.1,94.7,89.0,91.3,87.9,86.7,91.1,90.76,0,0,0,86.7,8,Tle,Low Risk,No Recommendation,N/A,Independent,Classroom Summative,,,,95.2,N/A,N/A,Active,Reviewed
CNHS-SYN-2526-0448,SY 2025-2026,Grade 7,Term 1,60.0,61.2,62.4,67.5,66.0,69.0,61.5,63.9,63.94,8,2,6,60.0,8,English,High Risk,Classroom Remediation,N/A,N/A,English Diagnostic Assessment,15.1,,,77.0,In Progress,Progressing,In Progress,Approved
CNHS-SYN-2526-0448,SY 2025-2026,Grade 7,Term 2,61.9,66.0,63.6,60.2,63.1,65.4,68.4,75.1,65.46,7,2,5,60.2,8,Science,High Risk,Classroom Remediation,N/A,N/A,Science Diagnostic Assessment,17.4,22.9,,75.4,In Progress,Progressing,In Progress,Approved
CNHS-SYN-2526-0448,SY 2025-2026,Grade 7,Term 3,65.5,60.0,64.8,63.5,65.0,71.3,60.4,66.5,64.62,8,2,6,60.0,8,Filipino,High Risk,Classroom Remediation,N/A,N/A,Filipino Diagnostic Assessment,14.1,21.0,28.8,76.9,Improved,Improved,Completed,Approved
CNHS-SYN-2526-0449,SY 2025-2026,Grade 8,Term 1,82.6,79.5,83.8,83.2,87.7,80.3,78.0,75.3,81.3,0,0,0,75.3,8,Values Education,Moderate Risk,No Recommendation,N/A,Instructional,Classroom Summative,,,,94.6,In Progress,Progressing,Active,Reviewed
CNHS-SYN-2526-0449,SY 2025-2026,Grade 8,Term 2,79.2,88.7,86.6,75.8,78.1,80.6,76.9,80.8,80.84,0,0,0,75.8,8,Science,Moderate Risk,No Recommendation,N/A,Instructional,Classroom Summative,,,,86.5,In Progress,Progressing,Active,Reviewed
CNHS-SYN-2526-0449,SY 2025-2026,Grade 8,Term 3,83.1,86.6,82.7,80.9,78.5,84.5,76.5,82.1,81.86,0,0,0,76.5,8,Tle,Moderate Risk,No Recommendation,N/A,Instructional,Classroom Summative,,,,96.5,N/A,N/A,Active,Reviewed
CNHS-SYN-2526-0450,SY 2025-2026,Grade 9,Term 1,75.9,82.6,78.7,77.7,78.1,83.3,76.8,77.1,78.77,0,0,0,75.9,8,English,Moderate Risk,No Recommendation,N/A,Instructional,Classroom Summative,,,,91.3,In Progress,Progressing,Active,Reviewed
CNHS-SYN-2526-0450,SY 2025-2026,Grade 9,Term 2,84.7,79.4,80.4,81.8,86.7,86.4,85.8,78.7,82.99,0,0,0,78.7,8,Values Education,Moderate Risk,No Recommendation,N/A,Instructional,Classroom Summative,,,,95.0,In Progress,Progressing,Active,Reviewed
CNHS-SYN-2526-0450,SY 2025-2026,Grade 9,Term 3,86.4,85.5,80.5,84.1,84.1,81.8,81.9,81.6,83.24,0,0,0,80.5,8,Mathematics,Moderate Risk,No Recommendation,N/A,Instructional,Classroom Summative,,,,89.3,N/A,N/A,Active,Reviewed
CNHS-SYN-2526-0451,SY 2025-2026,Grade 10,Term 1,97.5,99.0,99.0,99.0,90.9,88.2,97.7,99.0,96.29,0,0,0,88.2,8,Araling Panlipunan,Low Risk,No Recommendation,N/A,Independent,Classroom Summative,,,,93.9,In Progress,Progressing,Active,Reviewed
CNHS-SYN-2526-0451,SY 2025-2026,Grade 10,Term 2,86.5,95.9,96.2,99.0,99.0,97.6,91.6,89.9,94.46,0,0,0,86.5,8,English,Low Risk,No Recommendation,N/A,Independent,Classroom Summative,,,,88.8,In Progress,Progressing,Active,Reviewed
CNHS-SYN-2526-0451,SY 2025-2026,Grade 10,Term 3,99.0,87.6,96.3,95.3,93.1,90.3,85.7,91.8,92.39,0,0,0,85.7,8,Tle,Low Risk,No Recommendation,N/A,Independent,Classroom Summative,,,,96.4,N/A,N/A,Active,Reviewed
CNHS-SYN-2526-0452,SY 2025-2026,Grade 7,Term 1,70.8,88.1,77.7,68.1,76.4,75.7,76.6,77.8,76.4,2,1,1,68.1,8,Science,High Risk,Classroom Remediation,N/A,N/A,Science Diagnostic Assessment,16.9,,,84.0,In Progress,Progressing,In Progress,Approved
CNHS-SYN-2526-0452,SY 2025-2026,Grade 7,Term 2,78.7,79.7,73.8,79.5,80.2,78.4,80.8,80.5,78.95,1,0,1,73.8,8,Mathematics,Moderate Risk,Classroom Remediation,N/A,N/A,Mathematics Diagnostic Assessment,21.5,27.1,,80.1,In Progress,Progressing,In Progress,Approved
CNHS-SYN-2526-0452,SY 2025-2026,Grade 7,Term 3,87.6,84.5,79.2,76.4,76.4,81.4,79.8,76.9,80.28,0,0,0,76.4,8,Science,Moderate Risk,No Recommendation,N/A,Instructional,Classroom Summative,,,,92.2,N/A,N/A,Active,Reviewed
CNHS-SYN-2526-0453,SY 2025-2026,Grade 8,Term 1,85.7,84.8,80.4,81.2,89.0,80.7,84.8,80.3,83.36,0,0,0,80.3,8,Values Education,Moderate Risk,No Recommendation,N/A,Instructional,Classroom Summative,,,,87.1,In Progress,Progressing,Active,Reviewed
CNHS-SYN-2526-0453,SY 2025-2026,Grade 8,Term 2,82.5,83.7,82.4,86.4,83.4,78.7,84.2,82.5,82.97,0,0,0,78.7,8,Araling Panlipunan,Moderate Risk,No Recommendation,N/A,Instructional,Classroom Summative,,,,93.9,In Progress,Progressing,Active,Reviewed
CNHS-SYN-2526-0453,SY 2025-2026,Grade 8,Term 3,81.2,78.5,80.0,87.5,87.3,82.6,82.0,76.1,81.9,0,0,0,76.1,8,Values Education,Moderate Risk,No Recommendation,N/A,Instructional,Classroom Summative,,,,96.1,N/A,N/A,Active,Reviewed
CNHS-SYN-2526-0454,SY 2025-2026,Grade 9,Term 1,69.7,65.2,66.4,70.9,65.3,66.1,69.2,73.8,68.33,8,2,6,65.2,8,Filipino,High Risk,Classroom Remediation,N/A,N/A,Filipino Diagnostic Assessment,18.8,,,69.3,In Progress,Progressing,In Progress,Approved
CNHS-SYN-2526-0454,SY 2025-2026,Grade 9,Term 2,75.1,75.6,69.1,71.8,68.3,67.6,66.0,68.2,70.21,6,0,6,66.0,8,Tle,High Risk,Classroom Remediation,N/A,N/A,Tle Diagnostic Assessment,17.1,24.0,,70.6,In Progress,Progressing,In Progress,Approved
CNHS-SYN-2526-0454,SY 2025-2026,Grade 9,Term 3,73.6,62.1,65.1,69.5,,62.6,65.4,62.5,65.83,7,2,5,62.1,7,Filipino,High Risk,Classroom Remediation,N/A,N/A,Filipino Diagnostic Assessment,17.5,23.3,28.5,82.7,Improved,Improved,Completed,Approved
CNHS-SYN-2526-0455,SY 2025-2026,Grade 10,Term 1,71.5,64.8,60.0,67.8,62.0,69.2,63.3,63.9,65.31,8,2,6,60.0,8,Mathematics,High Risk,Classroom Remediation,N/A,N/A,Mathematics Diagnostic Assessment,20.2,,,75.0,In Progress,Progressing,In Progress,Approved
CNHS-SYN-2526-0455,SY 2025-2026,Grade 10,Term 2,67.4,70.0,60.0,67.5,65.2,60.0,61.8,64.9,64.6,8,2,6,60.0,8,Mathematics,High Risk,Classroom Remediation,N/A,N/A,Mathematics Diagnostic Assessment,19.7,24.9,,78.1,In Progress,Progressing,In Progress,Approved
CNHS-SYN-2526-0455,SY 2025-2026,Grade 10,Term 3,62.5,64.6,66.8,71.3,66.6,63.5,68.5,69.1,66.61,8,2,6,62.5,8,English,High Risk,Classroom Remediation,N/A,N/A,English Diagnostic Assessment,23.2,30.1,35.9,76.0,Improved,Improved,Completed,Approved
CNHS-SYN-2526-0456,SY 2025-2026,Grade 7,Term 1,60.0,63.7,63.1,65.5,63.4,67.9,63.0,62.1,63.59,8,2,6,60.0,8,English,High Risk,Classroom Remediation,N/A,N/A,English Diagnostic Assessment,21.5,,,87.3,In Progress,Progressing,In Progress,Approved
CNHS-SYN-2526-0456,SY 2025-2026,Grade 7,Term 2,60.0,68.4,65.1,65.0,65.1,73.3,60.0,65.3,65.28,8,2,6,60.0,8,English,High Risk,Classroom Remediation,N/A,N/A,English Diagnostic Assessment,16.8,21.6,,78.9,In Progress,Progressing,In Progress,Approved
CNHS-SYN-2526-0456,SY 2025-2026,Grade 7,Term 3,60.1,60.0,65.0,67.3,62.3,71.9,69.8,67.8,65.52,8,2,6,60.0,8,Filipino,High Risk,Classroom Remediation,N/A,N/A,Filipino Diagnostic Assessment,20.3,26.3,30.7,82.0,Improved,Improved,Completed,Approved
CNHS-SYN-2526-0457,SY 2025-2026,Grade 8,Term 1,91.7,89.7,97.5,86.4,86.9,85.3,86.9,95.6,90.0,0,0,0,85.3,8,Araling Panlipunan,Low Risk,No Recommendation,N/A,Independent,Classroom Summative,,,,91.7,In Progress,Progressing,Active,Reviewed
CNHS-SYN-2526-0457,SY 2025-2026,Grade 8,Term 2,93.9,91.9,86.3,99.0,96.2,92.1,87.2,89.8,92.05,0,0,0,86.3,8,Mathematics,Low Risk,No Recommendation,N/A,Independent,Classroom Summative,,,,92.4,In Progress,Progressing,Active,Reviewed
CNHS-SYN-2526-0457,SY 2025-2026,Grade 8,Term 3,93.2,90.6,85.3,99.0,91.6,92.5,89.0,84.4,90.7,0,0,0,84.4,8,Values Education,Low Risk,No Recommendation,N/A,Independent,Classroom Summative,,,,90.7,N/A,N/A,Active,Reviewed
CNHS-SYN-2526-0458,SY 2025-2026,Grade 9,Term 1,95.1,89.5,92.3,87.5,77.9,84.9,82.0,86.4,86.95,0,0,0,77.9,8,Mapeh,Low Risk,No Recommendation,N/A,Independent,Classroom Summative,,,,94.4,In Progress,Progressing,Active,Reviewed
CNHS-SYN-2526-0458,SY 2025-2026,Grade 9,Term 2,91.9,92.7,94.4,78.8,80.7,97.2,89.5,86.4,88.95,0,0,0,78.8,8,Science,Low Risk,No Recommendation,N/A,Independent,Classroom Summative,,,,91.8,In Progress,Progressing,Active,Reviewed
CNHS-SYN-2526-0458,SY 2025-2026,Grade 9,Term 3,80.2,84.8,87.5,82.6,83.1,95.7,84.5,86.6,85.62,0,0,0,80.2,8,English,Low Risk,No Recommendation,N/A,Independent,Classroom Summative,,,,94.4,N/A,N/A,Active,Reviewed
CNHS-SYN-2526-0459,SY 2025-2026,Grade 10,Term 1,68.2,67.9,69.9,73.7,74.2,73.7,73.0,72.0,71.58,8,2,6,67.9,8,Filipino,High Risk,Classroom Remediation,N/A,N/A,Filipino Diagnostic Assessment,18.5,,,79.4,In Progress,Progressing,In Progress,Approved
CNHS-SYN-2526-0459,SY 2025-2026,Grade 10,Term 2,71.2,73.3,72.8,73.0,75.5,70.4,73.3,69.2,72.34,7,2,5,69.2,8,Values Education,High Risk,Classroom Remediation,N/A,N/A,Values Education Diagnostic Assessment,22.2,26.7,,82.8,In Progress,Progressing,In Progress,Approved
CNHS-SYN-2526-0459,SY 2025-2026,Grade 10,Term 3,65.5,69.0,71.0,73.4,67.5,74.2,64.3,69.0,69.24,8,2,6,64.3,8,Tle,High Risk,Classroom Remediation,N/A,N/A,Tle Diagnostic Assessment,22.1,28.8,36.6,85.4,Improved,Improved,Completed,Approved
CNHS-SYN-2526-0460,SY 2025-2026,Grade 7,Term 1,74.1,77.2,67.3,74.5,72.5,72.5,72.2,69.9,72.53,7,1,6,67.3,8,Mathematics,High Risk,Classroom Remediation,N/A,N/A,Mathematics Diagnostic Assessment,16.2,,,76.9,In Progress,Progressing,In Progress,Approved
CNHS-SYN-2526-0460,SY 2025-2026,Grade 7,Term 2,65.8,69.9,68.9,68.3,71.8,71.1,74.9,65.8,69.56,8,2,6,65.8,8,English,High Risk,Classroom Remediation,N/A,N/A,English Diagnostic Assessment,14.5,20.7,,75.0,In Progress,Progressing,In Progress,Approved
CNHS-SYN-2526-0460,SY 2025-2026,Grade 7,Term 3,68.5,68.5,68.2,67.1,74.3,76.5,63.6,65.0,68.96,7,2,5,63.6,8,Tle,High Risk,Classroom Remediation,N/A,N/A,Tle Diagnostic Assessment,15.0,21.9,26.9,86.2,Needs Further Intervention,Limited Improvement,Needs Further Support,Approved
CNHS-SYN-2526-0461,SY 2025-2026,Grade 8,Term 1,73.7,80.6,81.2,84.3,83.2,77.4,89.8,82.8,81.62,1,1,0,73.7,8,English,Moderate Risk,No Recommendation,N/A,Instructional,Classroom Summative,,,,88.0,In Progress,Progressing,Active,Reviewed
CNHS-SYN-2526-0461,SY 2025-2026,Grade 8,Term 2,70.4,70.8,74.1,82.9,79.4,75.0,76.9,76.4,75.74,3,2,1,70.4,8,English,High Risk,Classroom Remediation,N/A,N/A,English Diagnostic Assessment,22.0,26.9,,73.8,In Progress,Progressing,In Progress,Approved
CNHS-SYN-2526-0461,SY 2025-2026,Grade 8,Term 3,82.9,75.4,73.9,80.8,77.6,79.0,72.7,80.7,77.88,2,0,2,72.7,8,Tle,High Risk,Classroom Remediation,N/A,N/A,Tle Diagnostic Assessment,23.3,28.9,35.6,91.4,Improved,Improved,Completed,Approved
CNHS-SYN-2526-0462,SY 2025-2026,Grade 9,Term 1,69.5,61.1,62.2,69.9,70.4,71.4,68.1,73.6,68.28,8,2,6,61.1,8,Filipino,High Risk,Classroom Remediation,N/A,N/A,Filipino Diagnostic Assessment,23.7,,,83.9,In Progress,Progressing,In Progress,Approved
CNHS-SYN-2526-0462,SY 2025-2026,Grade 9,Term 2,64.7,63.9,60.8,61.8,69.2,69.4,65.5,66.4,65.21,8,2,6,60.8,8,Mathematics,High Risk,Classroom Remediation,N/A,N/A,Mathematics Diagnostic Assessment,23.4,30.0,,80.0,In Progress,Progressing,In Progress,Approved
CNHS-SYN-2526-0462,SY 2025-2026,Grade 9,Term 3,64.0,63.3,66.2,74.2,74.6,66.9,71.7,69.9,68.85,8,2,6,63.3,8,Filipino,High Risk,Classroom Remediation,N/A,N/A,Filipino Diagnostic Assessment,19.1,24.8,29.1,85.8,Improved,Improved,Completed,Approved
CNHS-SYN-2526-0463,SY 2025-2026,Grade 10,Term 1,60.8,64.7,66.2,66.1,70.7,66.4,67.0,68.8,66.34,8,2,6,60.8,8,English,High Risk,Classroom Remediation,N/A,N/A,English Diagnostic Assessment,15.1,,,79.5,In Progress,Progressing,In Progress,Approved
CNHS-SYN-2526-0463,SY 2025-2026,Grade 10,Term 2,62.3,73.8,74.3,67.2,78.6,73.0,66.6,60.0,69.47,7,2,5,60.0,8,Values Education,High Risk,Classroom Remediation,N/A,N/A,Values Education Diagnostic Assessment,20.3,24.5,,72.3,In Progress,Progressing,In Progress,Approved
CNHS-SYN-2526-0463,SY 2025-2026,Grade 10,Term 3,63.6,68.1,65.0,67.8,63.1,69.6,64.8,72.9,66.86,8,2,6,63.1,8,Mapeh,High Risk,Classroom Remediation,N/A,N/A,Mapeh Diagnostic Assessment,14.4,21.4,26.6,75.8,Needs Further Intervention,Limited Improvement,Needs Further Support,Approved
CNHS-SYN-2526-0464,SY 2025-2026,Grade 7,Term 1,83.3,67.7,79.9,76.7,86.3,86.0,83.4,77.0,80.04,1,1,0,67.7,8,Filipino,High Risk,No Recommendation,N/A,Instructional,Classroom Summative,,,,91.0,In Progress,Progressing,Active,Reviewed
CNHS-SYN-2526-0464,SY 2025-2026,Grade 7,Term 2,88.4,82.3,83.0,80.0,87.5,84.3,87.6,82.5,84.45,0,0,0,80.0,8,Science,Low Risk,No Recommendation,N/A,Independent,Classroom Summative,,,,94.4,In Progress,Progressing,Active,Reviewed
CNHS-SYN-2526-0464,SY 2025-2026,Grade 7,Term 3,87.0,85.3,81.5,74.4,85.1,76.1,82.0,81.4,81.6,1,0,1,74.4,8,Science,Moderate Risk,Classroom Remediation,N/A,N/A,Science Diagnostic Assessment,23.3,28.3,35.4,81.8,Improved,Improved,Completed,Approved
CNHS-SYN-2526-0465,SY 2025-2026,Grade 8,Term 1,91.7,95.5,96.4,78.2,85.8,89.0,85.2,74.4,87.03,1,0,1,74.4,8,Values Education,Moderate Risk,Classroom Remediation,N/A,N/A,Values Education Diagnostic Assessment,22.8,,,78.2,In Progress,Progressing,In Progress,Approved
CNHS-SYN-2526-0465,SY 2025-2026,Grade 8,Term 2,91.1,87.9,97.0,89.5,85.8,84.7,88.4,93.7,89.76,0,0,0,84.7,8,Araling Panlipunan,Low Risk,No Recommendation,N/A,Independent,Classroom Summative,,,,94.4,In Progress,Progressing,Active,Reviewed
CNHS-SYN-2526-0465,SY 2025-2026,Grade 8,Term 3,90.1,97.7,93.1,86.4,92.2,92.3,87.6,84.6,90.5,0,0,0,84.6,8,Values Education,Low Risk,No Recommendation,N/A,Independent,Classroom Summative,,,,92.3,N/A,N/A,Active,Reviewed
CNHS-SYN-2526-0466,SY 2025-2026,Grade 9,Term 1,67.0,73.5,76.0,75.9,73.2,74.5,72.5,67.7,72.54,6,2,4,67.0,8,English,High Risk,Classroom Remediation,N/A,N/A,English Diagnostic Assessment,18.1,,,72.6,In Progress,Progressing,In Progress,Approved
CNHS-SYN-2526-0466,SY 2025-2026,Grade 9,Term 2,68.6,66.8,70.5,70.0,77.7,72.0,73.0,73.0,71.45,7,2,5,66.8,8,Filipino,High Risk,Classroom Remediation,N/A,N/A,Filipino Diagnostic Assessment,14.1,18.3,,72.3,In Progress,Progressing,In Progress,Approved
CNHS-SYN-2526-0466,SY 2025-2026,Grade 9,Term 3,62.3,,75.6,73.6,74.8,66.7,69.8,63.3,69.44,6,1,5,62.3,7,English,High Risk,Classroom Remediation,N/A,N/A,English Diagnostic Assessment,16.4,20.8,25.8,70.4,Needs Further Intervention,Limited Improvement,Needs Further Support,Approved
CNHS-SYN-2526-0467,SY 2025-2026,Grade 10,Term 1,92.6,91.1,94.7,85.9,99.0,94.2,97.1,91.8,93.3,0,0,0,85.9,8,Science,Low Risk,No Recommendation,N/A,Independent,Classroom Summative,,,,97.7,In Progress,Progressing,Active,Reviewed
CNHS-SYN-2526-0467,SY 2025-2026,Grade 10,Term 2,90.1,96.0,96.8,94.0,90.5,93.1,89.9,96.9,93.41,0,0,0,89.9,8,Tle,Low Risk,No Recommendation,N/A,Independent,Classroom Summative,,,,91.9,In Progress,Progressing,Active,Reviewed
CNHS-SYN-2526-0467,SY 2025-2026,Grade 10,Term 3,92.3,99.0,89.8,87.5,93.3,92.6,98.0,96.2,93.59,0,0,0,87.5,8,Science,Low Risk,No Recommendation,N/A,Independent,Classroom Summative,,,,94.0,N/A,N/A,Active,Reviewed
CNHS-SYN-2526-0468,SY 2025-2026,Grade 7,Term 1,90.4,79.1,88.0,91.3,89.3,88.1,89.5,91.3,88.38,0,0,0,79.1,8,Filipino,Low Risk,No Recommendation,N/A,Independent,Classroom Summative,,,,93.8,In Progress,Progressing,Active,Reviewed
CNHS-SYN-2526-0468,SY 2025-2026,Grade 7,Term 2,88.3,80.3,92.0,89.0,87.5,84.1,90.8,85.9,87.24,0,0,0,80.3,8,Filipino,Low Risk,No Recommendation,N/A,Independent,Classroom Summative,,,,91.8,In Progress,Progressing,Active,Reviewed
CNHS-SYN-2526-0468,SY 2025-2026,Grade 7,Term 3,91.4,85.0,90.4,84.0,84.1,90.4,82.9,90.4,87.33,0,0,0,82.9,8,Tle,Low Risk,No Recommendation,N/A,Independent,Classroom Summative,,,,85.4,N/A,N/A,Active,Reviewed
CNHS-SYN-2526-0469,SY 2025-2026,Grade 8,Term 1,72.2,67.1,69.2,69.1,66.2,61.2,68.4,73.1,68.31,8,2,6,61.2,8,Araling Panlipunan,High Risk,Classroom Remediation,N/A,N/A,Araling Panlipunan Diagnostic Assessment,20.0,,,67.5,In Progress,Progressing,In Progress,Approved
CNHS-SYN-2526-0469,SY 2025-2026,Grade 8,Term 2,70.3,62.5,73.8,72.2,66.7,69.4,77.3,71.6,70.47,7,2,5,62.5,8,Filipino,High Risk,Classroom Remediation,N/A,N/A,Filipino Diagnostic Assessment,23.7,29.6,,73.3,In Progress,Progressing,In Progress,Approved
CNHS-SYN-2526-0469,SY 2025-2026,Grade 8,Term 3,60.0,65.1,66.8,68.9,61.9,70.2,64.3,70.0,65.9,8,2,6,60.0,8,English,High Risk,Classroom Remediation,N/A,N/A,English Diagnostic Assessment,16.9,22.6,30.5,82.4,Improved,Improved,Completed,Approved
CNHS-SYN-2526-0470,SY 2025-2026,Grade 9,Term 1,69.9,67.1,67.6,71.4,74.9,77.4,71.9,76.7,72.11,6,2,4,67.1,8,Filipino,High Risk,Classroom Remediation,N/A,N/A,Filipino Diagnostic Assessment,24.0,,,71.7,In Progress,Progressing,In Progress,Approved
CNHS-SYN-2526-0470,SY 2025-2026,Grade 9,Term 2,77.6,71.3,71.2,78.7,66.6,71.3,79.8,71.2,73.46,5,1,4,66.6,8,Mapeh,High Risk,Classroom Remediation,N/A,N/A,Mapeh Diagnostic Assessment,15.8,20.4,,78.0,In Progress,Progressing,In Progress,Approved
CNHS-SYN-2526-0470,SY 2025-2026,Grade 9,Term 3,67.6,69.1,67.6,71.5,71.8,78.6,74.2,81.3,72.71,6,2,4,67.6,8,English,High Risk,Classroom Remediation,N/A,N/A,English Diagnostic Assessment,16.1,22.9,29.2,77.5,Improved,Improved,Completed,Approved
CNHS-SYN-2526-0471,SY 2025-2026,Grade 10,Term 1,88.0,78.6,80.7,80.9,80.3,77.9,80.0,82.6,81.12,0,0,0,77.9,8,Araling Panlipunan,Moderate Risk,No Recommendation,N/A,Instructional,Classroom Summative,,,,95.8,In Progress,Progressing,Active,Reviewed
CNHS-SYN-2526-0471,SY 2025-2026,Grade 10,Term 2,75.1,83.9,81.9,78.8,82.0,83.6,81.5,83.2,81.25,0,0,0,75.1,8,English,Moderate Risk,No Recommendation,N/A,Instructional,Classroom Summative,,,,100.0,In Progress,Progressing,Active,Reviewed
CNHS-SYN-2526-0471,SY 2025-2026,Grade 10,Term 3,72.3,82.3,81.5,83.8,78.4,85.9,80.8,76.5,80.19,1,1,0,72.3,8,English,Moderate Risk,No Recommendation,N/A,Instructional,Classroom Summative,,,,92.5,N/A,N/A,Active,Reviewed
CNHS-SYN-2526-0472,SY 2025-2026,Grade 7,Term 1,98.1,89.8,90.0,79.9,88.9,97.6,87.3,89.7,90.16,0,0,0,79.9,8,Science,Low Risk,No Recommendation,N/A,Independent,Classroom Summative,,,,93.5,In Progress,Progressing,Active,Reviewed
CNHS-SYN-2526-0472,SY 2025-2026,Grade 7,Term 2,96.3,85.0,88.1,96.5,93.5,89.5,97.4,85.1,91.42,0,0,0,85.0,8,Filipino,Low Risk,No Recommendation,N/A,Independent,Classroom Summative,,,,91.7,In Progress,Progressing,Active,Reviewed
CNHS-SYN-2526-0472,SY 2025-2026,Grade 7,Term 3,93.6,81.6,92.4,93.5,90.3,95.6,95.5,86.7,91.15,0,0,0,81.6,8,Filipino,Low Risk,No Recommendation,N/A,Independent,Classroom Summative,,,,88.0,N/A,N/A,Active,Reviewed
CNHS-SYN-2526-0473,SY 2025-2026,Grade 8,Term 1,81.0,80.7,84.6,79.6,79.4,87.1,83.4,77.2,81.62,0,0,0,77.2,8,Values Education,Moderate Risk,No Recommendation,N/A,Instructional,Classroom Summative,,,,90.4,In Progress,Progressing,Active,Reviewed
CNHS-SYN-2526-0473,SY 2025-2026,Grade 8,Term 2,77.4,73.0,85.4,79.5,78.0,85.5,86.2,79.8,80.6,1,1,0,73.0,8,Filipino,Moderate Risk,No Recommendation,N/A,Instructional,Classroom Summative,,,,100.0,In Progress,Progressing,Active,Reviewed
CNHS-SYN-2526-0473,SY 2025-2026,Grade 8,Term 3,88.4,87.8,83.0,81.2,82.7,84.7,77.9,79.9,83.2,0,0,0,77.9,8,Tle,Moderate Risk,No Recommendation,N/A,Instructional,Classroom Summative,,,,92.9,N/A,N/A,Active,Reviewed
CNHS-SYN-2526-0474,SY 2025-2026,Grade 9,Term 1,84.8,90.7,92.3,83.3,87.4,83.4,85.7,87.1,86.84,0,0,0,83.3,8,Science,Low Risk,No Recommendation,N/A,Independent,Classroom Summative,,,,93.3,In Progress,Progressing,Active,Reviewed
CNHS-SYN-2526-0474,SY 2025-2026,Grade 9,Term 2,88.7,83.3,90.2,88.7,89.2,83.6,90.1,81.2,86.88,0,0,0,81.2,8,Values Education,Low Risk,No Recommendation,N/A,Independent,Classroom Summative,,,,90.9,In Progress,Progressing,Active,Reviewed
CNHS-SYN-2526-0474,SY 2025-2026,Grade 9,Term 3,82.5,86.4,89.5,79.2,84.9,79.5,94.7,87.3,85.5,0,0,0,79.2,8,Science,Low Risk,No Recommendation,N/A,Independent,Classroom Summative,,,,92.9,N/A,N/A,Active,Reviewed
CNHS-SYN-2526-0475,SY 2025-2026,Grade 10,Term 1,91.9,86.7,87.7,73.2,80.7,87.7,90.4,88.6,85.86,1,0,1,73.2,8,Science,Moderate Risk,Classroom Remediation,N/A,N/A,Science Diagnostic Assessment,22.5,,,88.9,In Progress,Progressing,In Progress,Approved
CNHS-SYN-2526-0475,SY 2025-2026,Grade 10,Term 2,82.6,81.1,86.5,82.6,84.2,88.8,85.5,85.6,84.61,0,0,0,81.1,8,Filipino,Low Risk,No Recommendation,N/A,Independent,Classroom Summative,,,,82.8,In Progress,Progressing,Active,Reviewed
CNHS-SYN-2526-0475,SY 2025-2026,Grade 10,Term 3,80.9,85.4,84.8,84.7,91.3,85.3,80.3,82.5,84.4,0,0,0,80.3,8,Tle,Low Risk,No Recommendation,N/A,Independent,Classroom Summative,,,,98.1,N/A,N/A,Active,Reviewed
CNHS-SYN-2526-0476,SY 2025-2026,Grade 7,Term 1,80.2,77.9,79.1,79.1,77.1,87.2,85.2,80.6,80.8,0,0,0,77.1,8,Mapeh,Moderate Risk,No Recommendation,N/A,Instructional,Classroom Summative,,,,93.6,In Progress,Progressing,Active,Reviewed
CNHS-SYN-2526-0476,SY 2025-2026,Grade 7,Term 2,89.5,83.6,83.9,81.9,80.0,87.2,84.3,78.4,83.6,0,0,0,78.4,8,Values Education,Low Risk,No Recommendation,N/A,Independent,Classroom Summative,,,,95.3,In Progress,Progressing,Active,Reviewed
CNHS-SYN-2526-0476,SY 2025-2026,Grade 7,Term 3,71.8,76.4,82.0,74.0,74.6,80.6,83.7,83.9,78.38,3,1,2,71.8,8,English,High Risk,Classroom Remediation,N/A,N/A,English Diagnostic Assessment,20.4,26.4,31.3,76.1,Improved,Improved,Completed,Approved
CNHS-SYN-2526-0477,SY 2025-2026,Grade 8,Term 1,86.4,81.5,87.7,79.8,82.5,80.8,85.9,78.7,82.91,0,0,0,78.7,8,Values Education,Moderate Risk,No Recommendation,N/A,Instructional,Classroom Summative,,,,84.6,In Progress,Progressing,Active,Reviewed
CNHS-SYN-2526-0477,SY 2025-2026,Grade 8,Term 2,83.6,86.2,85.9,86.0,86.1,85.6,85.2,85.5,85.51,0,0,0,83.6,8,English,Low Risk,No Recommendation,N/A,Independent,Classroom Summative,,,,91.2,In Progress,Progressing,Active,Reviewed
CNHS-SYN-2526-0477,SY 2025-2026,Grade 8,Term 3,81.5,79.9,76.0,77.8,83.7,86.4,82.8,93.8,82.74,0,0,0,76.0,8,Mathematics,Moderate Risk,No Recommendation,N/A,Instructional,Classroom Summative,,,,93.8,N/A,N/A,Active,Reviewed
CNHS-SYN-2526-0478,SY 2025-2026,Grade 9,Term 1,91.1,97.5,95.2,84.6,89.3,81.8,94.1,88.9,90.31,0,0,0,81.8,8,Araling Panlipunan,Low Risk,No Recommendation,N/A,Independent,Classroom Summative,,,,91.6,In Progress,Progressing,Active,Reviewed
CNHS-SYN-2526-0478,SY 2025-2026,Grade 9,Term 2,83.5,99.0,90.6,84.0,92.6,96.2,87.2,87.6,90.09,0,0,0,83.5,8,English,Low Risk,No Recommendation,N/A,Independent,Classroom Summative,,,,87.6,In Progress,Progressing,Active,Reviewed
CNHS-SYN-2526-0478,SY 2025-2026,Grade 9,Term 3,88.1,98.0,89.5,84.7,86.2,92.3,80.1,89.0,88.49,0,0,0,80.1,8,Tle,Low Risk,No Recommendation,N/A,Independent,Classroom Summative,,,,100.0,N/A,N/A,Active,Reviewed
CNHS-SYN-2526-0479,SY 2025-2026,Grade 10,Term 1,83.7,87.2,77.0,83.9,83.1,82.0,81.7,82.6,82.65,0,0,0,77.0,8,Mathematics,Moderate Risk,No Recommendation,N/A,Instructional,Classroom Summative,,,,96.5,In Progress,Progressing,Active,Reviewed
CNHS-SYN-2526-0479,SY 2025-2026,Grade 10,Term 2,81.9,79.3,78.7,79.7,82.7,78.8,85.4,83.4,81.24,0,0,0,78.7,8,Mathematics,Moderate Risk,No Recommendation,N/A,Instructional,Classroom Summative,,,,89.4,In Progress,Progressing,Active,Reviewed
CNHS-SYN-2526-0479,SY 2025-2026,Grade 10,Term 3,76.7,84.6,82.6,80.8,84.4,84.3,76.6,87.2,82.15,0,0,0,76.6,8,Tle,Moderate Risk,No Recommendation,N/A,Instructional,Classroom Summative,,,,98.8,N/A,N/A,Active,Reviewed
CNHS-SYN-2526-0480,SY 2025-2026,Grade 7,Term 1,70.6,60.3,67.5,74.6,68.0,66.5,73.4,69.2,68.76,8,2,6,60.3,8,Filipino,High Risk,Classroom Remediation,N/A,N/A,Filipino Diagnostic Assessment,22.6,,,82.3,In Progress,Progressing,In Progress,Approved
CNHS-SYN-2526-0480,SY 2025-2026,Grade 7,Term 2,63.0,75.1,67.8,73.7,73.6,69.5,68.2,70.0,70.11,7,1,6,63.0,8,English,High Risk,Classroom Remediation,N/A,N/A,English Diagnostic Assessment,23.9,30.1,,74.3,In Progress,Progressing,In Progress,Approved
CNHS-SYN-2526-0480,SY 2025-2026,Grade 7,Term 3,69.4,67.2,68.1,75.9,69.8,68.7,69.1,68.1,69.54,7,2,5,67.2,8,Filipino,High Risk,Classroom Remediation,N/A,N/A,Filipino Diagnostic Assessment,18.1,22.4,29.7,76.3,Improved,Improved,Completed,Approved
CNHS-SYN-2526-0481,SY 2025-2026,Grade 8,Term 1,85.8,80.9,78.4,82.1,74.5,75.4,76.7,82.4,79.53,1,0,1,74.5,8,Mapeh,Moderate Risk,Classroom Remediation,N/A,N/A,Mapeh Diagnostic Assessment,16.0,,,74.5,In Progress,Progressing,In Progress,Approved
CNHS-SYN-2526-0481,SY 2025-2026,Grade 8,Term 2,79.5,82.3,81.4,78.4,76.6,83.9,77.0,80.7,79.97,0,0,0,76.6,8,Mapeh,Moderate Risk,No Recommendation,N/A,Instructional,Classroom Summative,,,,95.3,In Progress,Progressing,Active,Reviewed
CNHS-SYN-2526-0481,SY 2025-2026,Grade 8,Term 3,72.8,71.9,75.4,79.8,78.7,85.8,78.7,75.7,77.35,2,2,0,71.9,8,Filipino,High Risk,No Recommendation,N/A,Instructional,Classroom Summative,,,,96.7,N/A,N/A,Active,Reviewed
CNHS-SYN-2526-0482,SY 2025-2026,Grade 9,Term 1,89.7,91.4,88.4,89.4,88.4,88.5,87.4,89.5,89.09,0,0,0,87.4,8,Tle,Low Risk,No Recommendation,N/A,Independent,Classroom Summative,,,,94.3,In Progress,Progressing,Active,Reviewed
CNHS-SYN-2526-0482,SY 2025-2026,Grade 9,Term 2,92.2,96.2,99.0,94.1,93.2,94.4,93.3,91.6,94.25,0,0,0,91.6,8,Values Education,Low Risk,No Recommendation,N/A,Independent,Classroom Summative,,,,87.9,In Progress,Progressing,Active,Reviewed
CNHS-SYN-2526-0482,SY 2025-2026,Grade 9,Term 3,94.8,91.3,97.8,95.1,88.9,96.4,81.2,99.0,93.06,0,0,0,81.2,8,Tle,Low Risk,No Recommendation,N/A,Independent,Classroom Summative,,,,94.0,N/A,N/A,Active,Reviewed
CNHS-SYN-2526-0483,SY 2025-2026,Grade 10,Term 1,63.6,64.0,60.0,66.4,61.9,68.8,65.2,74.0,65.49,8,2,6,60.0,8,Mathematics,High Risk,Classroom Remediation,N/A,N/A,Mathematics Diagnostic Assessment,15.6,,,77.0,In Progress,Progressing,In Progress,Approved
CNHS-SYN-2526-0483,SY 2025-2026,Grade 10,Term 2,67.9,67.3,62.3,60.4,68.8,67.9,69.6,65.1,66.16,8,2,6,60.4,8,Science,High Risk,Classroom Remediation,N/A,N/A,Science Diagnostic Assessment,18.1,22.9,,78.1,In Progress,Progressing,In Progress,Approved
CNHS-SYN-2526-0483,SY 2025-2026,Grade 10,Term 3,64.7,66.6,61.1,63.6,65.8,62.5,65.3,74.0,65.45,8,2,6,61.1,8,Mathematics,High Risk,Classroom Remediation,N/A,N/A,Mathematics Diagnostic Assessment,22.9,28.7,36.6,90.5,Improved,Improved,Completed,Approved
CNHS-SYN-2526-0484,SY 2025-2026,Grade 7,Term 1,74.7,67.7,67.0,73.7,67.6,73.6,67.8,72.3,70.55,8,2,6,67.0,8,Mathematics,High Risk,Classroom Remediation,N/A,N/A,Mathematics Diagnostic Assessment,23.1,,,71.0,In Progress,Progressing,In Progress,Approved
CNHS-SYN-2526-0484,SY 2025-2026,Grade 7,Term 2,65.5,67.1,72.5,73.2,73.7,71.5,68.4,77.5,71.17,7,2,5,65.5,8,English,High Risk,Classroom Remediation,N/A,N/A,English Diagnostic Assessment,16.9,23.6,,75.0,In Progress,Progressing,In Progress,Approved
CNHS-SYN-2526-0484,SY 2025-2026,Grade 7,Term 3,73.0,74.3,73.3,72.2,69.9,82.9,67.6,75.1,73.54,6,2,4,67.6,8,Tle,High Risk,Classroom Remediation,N/A,N/A,Tle Diagnostic Assessment,17.8,23.4,29.6,80.1,Improved,Improved,Completed,Approved
CNHS-SYN-2526-0485,SY 2025-2026,Grade 8,Term 1,69.3,70.7,76.9,65.7,68.9,62.0,71.8,73.0,69.79,7,2,5,62.0,8,Araling Panlipunan,High Risk,Classroom Remediation,N/A,N/A,Araling Panlipunan Diagnostic Assessment,21.1,,,78.6,In Progress,Progressing,In Progress,Approved
CNHS-SYN-2526-0485,SY 2025-2026,Grade 8,Term 2,74.8,65.0,70.8,72.7,71.9,72.0,72.6,67.4,70.9,8,2,6,65.0,8,Filipino,High Risk,Classroom Remediation,N/A,N/A,Filipino Diagnostic Assessment,19.1,25.4,,74.8,In Progress,Progressing,In Progress,Approved
CNHS-SYN-2526-0485,SY 2025-2026,Grade 8,Term 3,69.7,65.5,79.7,78.8,69.2,71.7,69.6,68.2,71.55,6,2,4,65.5,8,Filipino,High Risk,Classroom Remediation,N/A,N/A,Filipino Diagnostic Assessment,19.0,25.6,32.6,77.8,Improved,Improved,Completed,Approved
CNHS-SYN-2526-0486,SY 2025-2026,Grade 9,Term 1,72.3,75.8,72.0,71.1,74.4,64.0,80.3,73.0,72.86,6,1,5,64.0,8,Araling Panlipunan,High Risk,Classroom Remediation,N/A,N/A,Araling Panlipunan Diagnostic Assessment,14.7,,,79.8,In Progress,Progressing,In Progress,Approved
CNHS-SYN-2526-0486,SY 2025-2026,Grade 9,Term 2,71.5,70.9,67.5,66.0,73.1,66.8,66.4,70.4,69.07,8,2,6,66.0,8,Science,High Risk,Classroom Remediation,N/A,N/A,Science Diagnostic Assessment,21.1,27.3,,81.3,In Progress,Progressing,In Progress,Approved
CNHS-SYN-2526-0486,SY 2025-2026,Grade 9,Term 3,71.6,80.2,64.7,70.3,70.6,75.5,68.0,75.0,71.99,5,1,4,64.7,8,Mathematics,High Risk,Classroom Remediation,N/A,N/A,Mathematics Diagnostic Assessment,18.9,24.9,30.5,82.0,Improved,Improved,Completed,Approved
CNHS-SYN-2526-0487,SY 2025-2026,Grade 10,Term 1,61.9,72.8,64.0,70.0,69.5,72.1,60.8,71.0,67.76,8,2,6,60.8,8,Tle,High Risk,Classroom Remediation,N/A,N/A,Tle Diagnostic Assessment,22.3,,,81.7,In Progress,Progressing,In Progress,Approved
CNHS-SYN-2526-0487,SY 2025-2026,Grade 10,Term 2,65.2,61.2,62.9,70.4,62.3,66.9,78.1,69.2,67.03,7,2,5,61.2,8,Filipino,High Risk,Classroom Remediation,N/A,N/A,Filipino Diagnostic Assessment,22.4,27.4,,76.6,In Progress,Progressing,In Progress,Approved
CNHS-SYN-2526-0487,SY 2025-2026,Grade 10,Term 3,70.4,66.3,81.4,65.5,69.0,64.2,71.9,69.6,69.79,7,2,5,64.2,8,Araling Panlipunan,High Risk,Classroom Remediation,N/A,N/A,Araling Panlipunan Diagnostic Assessment,15.6,21.0,25.8,71.4,Needs Further Intervention,Limited Improvement,Needs Further Support,Approved
CNHS-SYN-2526-0488,SY 2025-2026,Grade 7,Term 1,97.1,87.7,90.4,91.7,97.8,97.1,95.9,92.4,93.76,0,0,0,87.7,8,Filipino,Low Risk,No Recommendation,N/A,Independent,Classroom Summative,,,,91.8,In Progress,Progressing,Active,Reviewed
CNHS-SYN-2526-0488,SY 2025-2026,Grade 7,Term 2,95.3,96.7,99.0,92.8,91.6,98.2,98.5,90.8,95.36,0,0,0,90.8,8,Values Education,Low Risk,No Recommendation,N/A,Independent,Classroom Summative,,,,97.3,In Progress,Progressing,Active,Reviewed
CNHS-SYN-2526-0488,SY 2025-2026,Grade 7,Term 3,86.4,86.2,93.1,93.0,88.4,93.5,93.7,90.7,90.62,0,0,0,86.2,8,Filipino,Low Risk,No Recommendation,N/A,Independent,Classroom Summative,,,,93.7,N/A,N/A,Active,Reviewed
CNHS-SYN-2526-0489,SY 2025-2026,Grade 8,Term 1,78.7,67.3,71.9,68.0,70.0,73.7,70.9,67.7,71.03,7,1,6,67.3,8,Filipino,High Risk,Classroom Remediation,N/A,N/A,Filipino Diagnostic Assessment,18.8,,,81.0,In Progress,Progressing,In Progress,Approved
CNHS-SYN-2526-0489,SY 2025-2026,Grade 8,Term 2,67.7,75.3,74.1,72.9,72.3,70.3,73.7,79.4,73.21,6,1,5,67.7,8,English,High Risk,Classroom Remediation,N/A,N/A,English Diagnostic Assessment,15.6,20.1,,81.7,In Progress,Progressing,In Progress,Approved
CNHS-SYN-2526-0489,SY 2025-2026,Grade 8,Term 3,68.0,74.1,83.2,70.6,84.6,74.9,69.9,69.7,74.38,6,2,4,68.0,8,English,High Risk,Classroom Remediation,N/A,N/A,English Diagnostic Assessment,21.8,27.4,33.9,80.2,Improved,Improved,Completed,Approved
CNHS-SYN-2526-0490,SY 2025-2026,Grade 9,Term 1,71.9,69.1,68.7,76.4,66.3,62.6,73.0,71.6,69.95,7,2,5,62.6,8,Araling Panlipunan,High Risk,Classroom Remediation,N/A,N/A,Araling Panlipunan Diagnostic Assessment,16.3,,,78.1,In Progress,Progressing,In Progress,Approved
CNHS-SYN-2526-0490,SY 2025-2026,Grade 9,Term 2,78.1,73.4,77.8,67.4,67.2,74.6,73.8,77.1,73.67,5,1,4,67.2,8,Mapeh,High Risk,Classroom Remediation,N/A,N/A,Mapeh Diagnostic Assessment,21.5,28.3,,76.0,In Progress,Progressing,In Progress,Approved
CNHS-SYN-2526-0490,SY 2025-2026,Grade 9,Term 3,71.4,66.2,69.6,67.9,69.1,71.1,70.1,69.1,69.31,8,2,6,66.2,8,Filipino,High Risk,Classroom Remediation,N/A,N/A,Filipino Diagnostic Assessment,20.2,25.8,32.9,69.2,Improved,Improved,Completed,Approved
CNHS-SYN-2526-0491,SY 2025-2026,Grade 10,Term 1,96.9,81.6,88.6,91.3,91.3,99.0,90.5,95.8,91.88,0,0,0,81.6,8,Filipino,Low Risk,No Recommendation,N/A,Independent,Classroom Summative,,,,94.7,In Progress,Progressing,Active,Reviewed
CNHS-SYN-2526-0491,SY 2025-2026,Grade 10,Term 2,90.7,88.3,94.9,98.4,94.0,96.8,99.0,95.2,94.66,0,0,0,88.3,8,Filipino,Low Risk,No Recommendation,N/A,Independent,Classroom Summative,,,,92.2,In Progress,Progressing,Active,Reviewed
CNHS-SYN-2526-0491,SY 2025-2026,Grade 10,Term 3,98.9,92.4,97.9,91.6,93.2,90.4,92.5,92.7,93.7,0,0,0,90.4,8,Araling Panlipunan,Low Risk,No Recommendation,N/A,Independent,Classroom Summative,,,,90.2,N/A,N/A,Active,Reviewed
CNHS-SYN-2526-0492,SY 2025-2026,Grade 7,Term 1,77.4,84.6,85.5,83.2,75.9,80.6,75.6,80.4,80.4,0,0,0,75.6,8,Tle,Moderate Risk,No Recommendation,N/A,Instructional,Classroom Summative,,,,96.0,In Progress,Progressing,Active,Reviewed
CNHS-SYN-2526-0492,SY 2025-2026,Grade 7,Term 2,82.4,85.6,82.5,80.1,84.5,84.6,78.9,82.5,82.64,0,0,0,78.9,8,Tle,Moderate Risk,No Recommendation,N/A,Instructional,Classroom Summative,,,,84.0,In Progress,Progressing,Active,Reviewed
CNHS-SYN-2526-0492,SY 2025-2026,Grade 7,Term 3,82.3,75.4,82.8,74.9,78.1,79.3,85.8,78.9,79.69,1,0,1,74.9,8,Science,Moderate Risk,Classroom Remediation,N/A,N/A,Science Diagnostic Assessment,20.9,27.2,31.5,72.9,Improved,Improved,Completed,Approved
CNHS-SYN-2526-0493,SY 2025-2026,Grade 8,Term 1,87.3,90.6,96.6,92.6,96.4,95.6,88.7,98.0,93.22,0,0,0,87.3,8,English,Low Risk,No Recommendation,N/A,Independent,Classroom Summative,,,,88.9,In Progress,Progressing,Active,Reviewed
CNHS-SYN-2526-0493,SY 2025-2026,Grade 8,Term 2,94.9,99.0,90.7,94.5,94.6,96.6,98.7,92.3,95.16,0,0,0,90.7,8,Mathematics,Low Risk,No Recommendation,N/A,Independent,Classroom Summative,,,,97.3,In Progress,Progressing,Active,Reviewed
CNHS-SYN-2526-0493,SY 2025-2026,Grade 8,Term 3,99.0,96.0,95.4,92.0,88.1,92.8,94.4,93.5,93.9,0,0,0,88.1,8,Mapeh,Low Risk,No Recommendation,N/A,Independent,Classroom Summative,,,,86.2,N/A,N/A,Active,Reviewed
CNHS-SYN-2526-0494,SY 2025-2026,Grade 9,Term 1,68.8,65.7,60.2,71.4,60.0,68.3,69.6,67.8,66.47,8,2,6,60.0,8,Mapeh,High Risk,Classroom Remediation,N/A,N/A,Mapeh Diagnostic Assessment,23.8,,,87.6,In Progress,Progressing,In Progress,Approved
CNHS-SYN-2526-0494,SY 2025-2026,Grade 9,Term 2,69.7,63.4,67.3,73.4,67.2,70.1,70.9,65.2,68.4,8,2,6,63.4,8,Filipino,High Risk,Classroom Remediation,N/A,N/A,Filipino Diagnostic Assessment,17.4,23.8,,79.5,In Progress,Progressing,In Progress,Approved
CNHS-SYN-2526-0494,SY 2025-2026,Grade 9,Term 3,61.6,62.7,62.5,68.4,70.3,71.0,62.5,68.9,65.99,8,2,6,61.6,8,English,High Risk,Classroom Remediation,N/A,N/A,English Diagnostic Assessment,19.7,26.4,33.4,74.3,Improved,Improved,Completed,Approved
CNHS-SYN-2526-0495,SY 2025-2026,Grade 10,Term 1,65.5,63.4,61.4,67.6,66.6,77.1,79.5,70.2,68.91,6,2,4,61.4,8,Mathematics,High Risk,Classroom Remediation,N/A,N/A,Mathematics Diagnostic Assessment,14.4,,,74.9,In Progress,Progressing,In Progress,Approved
CNHS-SYN-2526-0495,SY 2025-2026,Grade 10,Term 2,64.5,65.1,63.4,67.6,74.5,70.3,70.9,61.5,67.23,8,2,6,61.5,8,Values Education,High Risk,Classroom Remediation,N/A,N/A,Values Education Diagnostic Assessment,20.0,25.5,,75.2,In Progress,Progressing,In Progress,Approved
CNHS-SYN-2526-0495,SY 2025-2026,Grade 10,Term 3,60.0,75.2,71.9,73.9,77.7,71.3,75.8,68.5,71.79,5,1,4,60.0,8,English,High Risk,Classroom Remediation,N/A,N/A,English Diagnostic Assessment,22.0,27.6,35.2,71.7,Improved,Improved,Completed,Approved
CNHS-SYN-2526-0496,SY 2025-2026,Grade 7,Term 1,73.0,77.8,77.0,81.5,77.8,73.5,75.5,74.3,76.3,3,1,2,73.0,8,English,High Risk,Classroom Remediation,N/A,N/A,English Diagnostic Assessment,20.4,,,80.3,In Progress,Progressing,In Progress,Approved
CNHS-SYN-2526-0496,SY 2025-2026,Grade 7,Term 2,70.4,75.7,69.5,80.1,77.8,82.2,71.2,80.2,75.89,3,1,2,69.5,8,Mathematics,High Risk,Classroom Remediation,N/A,N/A,Mathematics Diagnostic Assessment,14.1,18.9,,71.3,In Progress,Progressing,In Progress,Approved
CNHS-SYN-2526-0496,SY 2025-2026,Grade 7,Term 3,71.4,69.4,82.2,69.7,76.3,77.5,77.1,77.5,75.14,3,2,1,69.4,8,Filipino,High Risk,Classroom Remediation,N/A,N/A,Filipino Diagnostic Assessment,18.7,23.6,30.8,78.4,Improved,Improved,Completed,Approved
CNHS-SYN-2526-0497,SY 2025-2026,Grade 8,Term 1,68.9,79.3,81.2,85.4,80.5,83.2,84.2,83.4,80.76,1,1,0,68.9,8,English,High Risk,No Recommendation,N/A,Instructional,Classroom Summative,,,,86.9,In Progress,Progressing,Active,Reviewed
CNHS-SYN-2526-0497,SY 2025-2026,Grade 8,Term 2,77.0,78.2,76.5,77.4,83.9,74.6,80.8,78.9,78.41,1,0,1,74.6,8,Araling Panlipunan,Moderate Risk,Classroom Remediation,N/A,N/A,Araling Panlipunan Diagnostic Assessment,22.7,27.4,,77.7,In Progress,Progressing,In Progress,Approved
CNHS-SYN-2526-0497,SY 2025-2026,Grade 8,Term 3,73.7,69.5,78.6,76.9,74.7,73.7,76.6,79.5,75.4,4,2,2,69.5,8,Filipino,High Risk,Classroom Remediation,N/A,N/A,Filipino Diagnostic Assessment,20.0,24.0,30.3,78.2,Improved,Improved,Completed,Approved
CNHS-SYN-2526-0498,SY 2025-2026,Grade 9,Term 1,74.9,86.3,84.0,82.6,83.4,83.6,79.3,81.0,81.89,1,1,0,74.9,8,English,Moderate Risk,No Recommendation,N/A,Instructional,Classroom Summative,,,,100.0,In Progress,Progressing,Active,Reviewed
CNHS-SYN-2526-0498,SY 2025-2026,Grade 9,Term 2,85.7,82.2,87.6,87.2,76.7,81.4,82.2,84.7,83.46,0,0,0,76.7,8,Mapeh,Moderate Risk,No Recommendation,N/A,Instructional,Classroom Summative,,,,91.6,In Progress,Progressing,Active,Reviewed
CNHS-SYN-2526-0498,SY 2025-2026,Grade 9,Term 3,79.7,85.8,76.4,80.5,74.9,78.1,83.5,83.6,80.31,1,0,1,74.9,8,Mapeh,Moderate Risk,Classroom Remediation,N/A,N/A,Mapeh Diagnostic Assessment,18.5,23.5,31.0,79.3,Improved,Improved,Completed,Approved
CNHS-SYN-2526-0499,SY 2025-2026,Grade 10,Term 1,69.2,60.0,64.6,70.4,67.4,70.9,67.3,74.8,68.07,8,2,6,60.0,8,Filipino,High Risk,Classroom Remediation,N/A,N/A,Filipino Diagnostic Assessment,23.9,,,88.4,In Progress,Progressing,In Progress,Approved
CNHS-SYN-2526-0499,SY 2025-2026,Grade 10,Term 2,69.0,66.1,70.4,64.0,61.5,68.6,74.2,70.3,68.01,8,2,6,61.5,8,Mapeh,High Risk,Classroom Remediation,N/A,N/A,Mapeh Diagnostic Assessment,16.3,21.8,,85.6,In Progress,Progressing,In Progress,Approved
CNHS-SYN-2526-0499,SY 2025-2026,Grade 10,Term 3,64.3,63.8,68.3,60.0,69.8,71.6,69.3,70.1,67.15,8,2,6,60.0,8,Science,High Risk,Classroom Remediation,N/A,N/A,Science Diagnostic Assessment,17.6,23.8,30.9,74.9,Improved,Improved,Completed,Approved
CNHS-SYN-2526-0500,SY 2025-2026,Grade 7,Term 1,83.3,87.6,95.1,84.4,83.1,87.4,87.5,89.7,87.26,0,0,0,83.1,8,Mapeh,Low Risk,No Recommendation,N/A,Independent,Classroom Summative,,,,81.8,In Progress,Progressing,Active,Reviewed
CNHS-SYN-2526-0500,SY 2025-2026,Grade 7,Term 2,91.6,83.6,87.5,78.4,91.2,88.5,88.3,88.3,87.17,0,0,0,78.4,8,Science,Low Risk,No Recommendation,N/A,Independent,Classroom Summative,,,,88.1,In Progress,Progressing,Active,Reviewed
CNHS-SYN-2526-0500,SY 2025-2026,Grade 7,Term 3,86.1,85.0,88.8,88.1,91.1,81.2,87.0,89.9,87.15,0,0,0,81.2,8,Araling Panlipunan,Low Risk,No Recommendation,N/A,Independent,Classroom Summative,,,,91.2,N/A,N/A,Active,Reviewed
CNHS-SYN-2526-0501,SY 2025-2026,Grade 8,Term 1,79.3,75.8,83.4,82.4,78.0,84.3,87.1,79.4,81.21,0,0,0,75.8,8,Filipino,Moderate Risk,No Recommendation,N/A,Instructional,Classroom Summative,,,,88.9,In Progress,Progressing,Active,Reviewed
CNHS-SYN-2526-0501,SY 2025-2026,Grade 8,Term 2,73.8,88.5,80.6,78.6,77.5,80.5,79.2,87.8,80.81,1,1,0,73.8,8,English,Moderate Risk,No Recommendation,N/A,Instructional,Classroom Summative,,,,85.8,In Progress,Progressing,Active,Reviewed
CNHS-SYN-2526-0501,SY 2025-2026,Grade 8,Term 3,82.7,80.1,81.5,84.2,82.6,81.8,76.4,75.3,80.57,0,0,0,75.3,8,Values Education,Moderate Risk,No Recommendation,N/A,Instructional,Classroom Summative,,,,87.7,N/A,N/A,Active,Reviewed
CNHS-SYN-2526-0502,SY 2025-2026,Grade 9,Term 1,62.9,64.6,65.0,64.5,72.1,65.9,72.8,65.8,66.7,8,2,6,62.9,8,English,High Risk,Classroom Remediation,N/A,N/A,English Diagnostic Assessment,23.8,,,75.9,In Progress,Progressing,In Progress,Approved
CNHS-SYN-2526-0502,SY 2025-2026,Grade 9,Term 2,63.4,69.2,70.5,71.4,61.8,62.4,68.0,70.2,67.11,8,2,6,61.8,8,Mapeh,High Risk,Classroom Remediation,N/A,N/A,Mapeh Diagnostic Assessment,18.2,22.8,,83.3,In Progress,Progressing,In Progress,Approved
CNHS-SYN-2526-0502,SY 2025-2026,Grade 9,Term 3,61.3,61.0,70.1,66.1,64.7,63.5,65.1,70.7,65.31,8,2,6,61.0,8,Filipino,High Risk,Classroom Remediation,N/A,N/A,Filipino Diagnostic Assessment,17.1,21.8,28.9,77.3,Improved,Improved,Completed,Approved
CNHS-SYN-2526-0503,SY 2025-2026,Grade 10,Term 1,71.2,66.0,68.1,66.2,67.1,66.2,71.8,65.8,67.8,8,2,6,65.8,8,Values Education,High Risk,Classroom Remediation,N/A,N/A,Values Education Diagnostic Assessment,21.5,,,82.6,In Progress,Progressing,In Progress,Approved
CNHS-SYN-2526-0503,SY 2025-2026,Grade 10,Term 2,60.0,72.3,72.8,66.3,67.0,70.8,70.9,66.2,68.29,8,2,6,60.0,8,English,High Risk,Classroom Remediation,N/A,N/A,English Diagnostic Assessment,17.6,23.4,,78.9,In Progress,Progressing,In Progress,Approved
CNHS-SYN-2526-0503,SY 2025-2026,Grade 10,Term 3,68.4,68.9,60.2,67.4,67.0,68.1,71.9,61.6,66.69,8,2,6,60.2,8,Mathematics,High Risk,Classroom Remediation,N/A,N/A,Mathematics Diagnostic Assessment,16.1,21.3,27.1,86.2,Needs Further Intervention,Limited Improvement,Needs Further Support,Approved
CNHS-SYN-2526-0504,SY 2025-2026,Grade 7,Term 1,64.1,62.5,63.0,63.3,69.2,67.6,66.2,70.5,65.8,8,2,6,62.5,8,Filipino,High Risk,Classroom Remediation,N/A,N/A,Filipino Diagnostic Assessment,22.1,,,72.9,In Progress,Progressing,In Progress,Approved
CNHS-SYN-2526-0504,SY 2025-2026,Grade 7,Term 2,65.0,63.9,64.2,66.7,61.5,68.3,62.4,72.1,65.51,8,2,6,61.5,8,Mapeh,High Risk,Classroom Remediation,N/A,N/A,Mapeh Diagnostic Assessment,23.2,29.3,,74.3,In Progress,Progressing,In Progress,Approved
CNHS-SYN-2526-0504,SY 2025-2026,Grade 7,Term 3,60.0,69.4,74.8,61.1,64.6,68.1,65.8,67.7,66.44,8,2,6,60.0,8,English,High Risk,Classroom Remediation,N/A,N/A,English Diagnostic Assessment,19.4,26.2,32.3,72.4,Improved,Improved,Completed,Approved
CNHS-SYN-2526-0505,SY 2025-2026,Grade 8,Term 1,82.6,78.6,81.3,80.5,72.1,72.6,79.3,81.7,78.59,2,0,2,72.1,8,Mapeh,High Risk,Classroom Remediation,N/A,N/A,Mapeh Diagnostic Assessment,14.7,,,81.9,In Progress,Progressing,In Progress,Approved
CNHS-SYN-2526-0505,SY 2025-2026,Grade 8,Term 2,81.7,76.6,80.6,81.7,82.3,87.2,80.5,85.3,81.99,0,0,0,76.6,8,Filipino,Moderate Risk,No Recommendation,N/A,Instructional,Classroom Summative,,,,89.4,In Progress,Progressing,Active,Reviewed
CNHS-SYN-2526-0505,SY 2025-2026,Grade 8,Term 3,70.3,79.4,83.4,70.4,81.4,83.0,82.8,75.8,78.31,2,1,1,70.3,8,English,High Risk,Classroom Remediation,N/A,N/A,English Diagnostic Assessment,17.8,23.4,30.4,79.9,Improved,Improved,Completed,Approved
CNHS-SYN-2526-0506,SY 2025-2026,Grade 9,Term 1,76.9,72.9,78.8,82.8,82.2,79.9,67.7,74.5,76.96,3,1,2,67.7,8,Tle,High Risk,Classroom Remediation,N/A,N/A,Tle Diagnostic Assessment,19.0,,,72.6,In Progress,Progressing,In Progress,Approved
CNHS-SYN-2526-0506,SY 2025-2026,Grade 9,Term 2,86.4,75.9,73.0,80.4,80.8,79.7,74.0,79.1,78.66,2,0,2,73.0,8,Mathematics,High Risk,Classroom Remediation,N/A,N/A,Mathematics Diagnostic Assessment,17.2,22.4,,83.3,In Progress,Progressing,In Progress,Approved
CNHS-SYN-2526-0506,SY 2025-2026,Grade 9,Term 3,75.1,76.5,72.6,81.2,74.4,81.6,81.3,75.3,77.25,2,0,2,72.6,8,Mathematics,High Risk,Classroom Remediation,N/A,N/A,Mathematics Diagnostic Assessment,21.3,26.9,32.0,75.9,Improved,Improved,Completed,Approved
CNHS-SYN-2526-0507,SY 2025-2026,Grade 10,Term 1,89.8,93.1,87.9,87.4,84.8,87.6,97.1,90.4,89.76,0,0,0,84.8,8,Mapeh,Low Risk,No Recommendation,N/A,Independent,Classroom Summative,,,,88.0,In Progress,Progressing,Active,Reviewed
CNHS-SYN-2526-0507,SY 2025-2026,Grade 10,Term 2,82.9,85.9,92.5,87.5,85.4,85.9,91.8,88.9,87.6,0,0,0,82.9,8,English,Low Risk,No Recommendation,N/A,Independent,Classroom Summative,,,,90.8,In Progress,Progressing,Active,Reviewed
CNHS-SYN-2526-0507,SY 2025-2026,Grade 10,Term 3,98.1,94.1,95.3,82.2,88.6,86.7,91.4,93.5,91.24,0,0,0,82.2,8,Science,Low Risk,No Recommendation,N/A,Independent,Classroom Summative,,,,88.5,N/A,N/A,Active,Reviewed
CNHS-SYN-2526-0508,SY 2025-2026,Grade 7,Term 1,81.7,81.4,82.9,84.2,83.9,81.4,81.1,81.0,82.2,0,0,0,81.0,8,Values Education,Moderate Risk,No Recommendation,N/A,Instructional,Classroom Summative,,,,88.8,In Progress,Progressing,Active,Reviewed
CNHS-SYN-2526-0508,SY 2025-2026,Grade 7,Term 2,83.3,78.3,85.0,81.1,84.6,83.9,84.7,79.4,82.54,0,0,0,78.3,8,Filipino,Moderate Risk,No Recommendation,N/A,Instructional,Classroom Summative,,,,95.0,In Progress,Progressing,Active,Reviewed
CNHS-SYN-2526-0508,SY 2025-2026,Grade 7,Term 3,74.9,88.0,90.9,85.1,84.6,83.7,80.0,80.9,83.51,1,1,0,74.9,8,English,Moderate Risk,No Recommendation,N/A,Instructional,Classroom Summative,,,,88.1,N/A,N/A,Active,Reviewed
CNHS-SYN-2526-0509,SY 2025-2026,Grade 8,Term 1,62.9,63.4,60.4,60.0,61.4,66.5,67.4,67.4,63.68,8,2,6,60.0,8,Science,High Risk,Classroom Remediation,N/A,N/A,Science Diagnostic Assessment,22.1,,,76.9,In Progress,Progressing,In Progress,Approved
CNHS-SYN-2526-0509,SY 2025-2026,Grade 8,Term 2,67.4,65.3,69.6,63.6,69.7,73.6,65.7,67.5,67.8,8,2,6,63.6,8,Science,High Risk,Classroom Remediation,N/A,N/A,Science Diagnostic Assessment,16.6,23.0,,75.5,In Progress,Progressing,In Progress,Approved
CNHS-SYN-2526-0509,SY 2025-2026,Grade 8,Term 3,66.1,64.9,66.1,68.7,67.5,64.9,68.8,69.9,67.11,8,2,6,64.9,8,Filipino,High Risk,Classroom Remediation,N/A,N/A,Filipino Diagnostic Assessment,22.8,27.0,33.3,84.1,Improved,Improved,Completed,Approved
CNHS-SYN-2526-0510,SY 2025-2026,Grade 9,Term 1,78.0,74.0,76.7,75.4,81.4,80.0,77.3,79.2,77.75,1,1,0,74.0,8,Filipino,Moderate Risk,No Recommendation,N/A,Instructional,Classroom Summative,,,,96.6,In Progress,Progressing,Active,Reviewed
CNHS-SYN-2526-0510,SY 2025-2026,Grade 9,Term 2,75.3,79.6,74.8,82.3,83.2,83.4,84.9,80.2,80.46,1,0,1,74.8,8,Mathematics,Moderate Risk,Classroom Remediation,N/A,N/A,Mathematics Diagnostic Assessment,19.8,24.1,,70.5,In Progress,Progressing,In Progress,Approved
CNHS-SYN-2526-0510,SY 2025-2026,Grade 9,Term 3,81.3,71.1,70.5,74.7,72.1,80.1,74.7,72.3,74.6,6,1,5,70.5,8,Mathematics,High Risk,Classroom Remediation,N/A,N/A,Mathematics Diagnostic Assessment,16.6,22.0,26.2,77.6,Needs Further Intervention,Limited Improvement,Needs Further Support,Approved
CNHS-SYN-2526-0511,SY 2025-2026,Grade 10,Term 1,67.8,63.8,69.6,71.8,70.8,73.5,79.9,64.2,70.18,7,2,5,63.8,8,Filipino,High Risk,Classroom Remediation,N/A,N/A,Filipino Diagnostic Assessment,22.3,,,81.2,In Progress,Progressing,In Progress,Approved
CNHS-SYN-2526-0511,SY 2025-2026,Grade 10,Term 2,74.0,76.7,71.9,64.0,68.2,79.8,65.4,73.0,71.62,6,1,5,64.0,8,Science,High Risk,Classroom Remediation,N/A,N/A,Science Diagnostic Assessment,22.7,27.0,,76.1,In Progress,Progressing,In Progress,Approved
CNHS-SYN-2526-0511,SY 2025-2026,Grade 10,Term 3,65.8,61.1,73.3,69.9,64.9,71.1,73.4,70.2,68.71,8,2,6,61.1,8,Filipino,High Risk,Classroom Remediation,N/A,N/A,Filipino Diagnostic Assessment,16.5,22.3,28.8,81.7,Improved,Improved,Completed,Approved
CNHS-SYN-2526-0512,SY 2025-2026,Grade 7,Term 1,79.0,74.3,73.5,79.1,81.9,69.1,83.0,81.1,77.62,3,1,2,69.1,8,Araling Panlipunan,High Risk,Classroom Remediation,N/A,N/A,Araling Panlipunan Diagnostic Assessment,16.7,,,77.1,In Progress,Progressing,In Progress,Approved
CNHS-SYN-2526-0512,SY 2025-2026,Grade 7,Term 2,71.3,70.2,84.6,76.6,77.2,76.3,73.1,75.2,75.56,3,2,1,70.2,8,Filipino,High Risk,Classroom Remediation,N/A,N/A,Filipino Diagnostic Assessment,16.6,22.3,,78.9,In Progress,Progressing,In Progress,Approved
CNHS-SYN-2526-0512,SY 2025-2026,Grade 7,Term 3,78.7,80.0,74.6,75.7,82.3,72.6,68.9,78.6,76.42,3,0,3,68.9,8,Tle,High Risk,Classroom Remediation,N/A,N/A,Tle Diagnostic Assessment,18.3,24.8,31.9,71.7,Improved,Improved,Completed,Approved
CNHS-SYN-2526-0513,SY 2025-2026,Grade 8,Term 1,90.3,86.6,91.5,87.2,,85.5,80.8,88.2,87.16,0,0,0,80.8,7,Tle,Low Risk,No Recommendation,N/A,Independent,Classroom Summative,,,,84.7,In Progress,Progressing,Active,Reviewed
CNHS-SYN-2526-0513,SY 2025-2026,Grade 8,Term 2,84.9,86.2,94.4,90.1,85.9,89.1,79.1,85.0,86.84,0,0,0,79.1,8,Tle,Low Risk,No Recommendation,N/A,Independent,Classroom Summative,,,,92.7,In Progress,Progressing,Active,Reviewed
CNHS-SYN-2526-0513,SY 2025-2026,Grade 8,Term 3,87.0,89.0,89.6,87.2,90.7,88.5,89.3,94.1,89.42,0,0,0,87.0,8,English,Low Risk,No Recommendation,N/A,Independent,Classroom Summative,,,,99.0,N/A,N/A,Active,Reviewed
CNHS-SYN-2526-0514,SY 2025-2026,Grade 9,Term 1,85.7,75.3,79.6,81.4,80.2,79.1,81.2,84.1,80.83,0,0,0,75.3,8,Filipino,Moderate Risk,No Recommendation,N/A,Instructional,Classroom Summative,,,,92.1,In Progress,Progressing,Active,Reviewed
CNHS-SYN-2526-0514,SY 2025-2026,Grade 9,Term 2,76.6,86.0,75.6,87.0,85.2,85.8,82.5,71.4,81.26,1,0,1,71.4,8,Values Education,Moderate Risk,Classroom Remediation,N/A,N/A,Values Education Diagnostic Assessment,22.6,28.2,,76.4,In Progress,Progressing,In Progress,Approved
CNHS-SYN-2526-0514,SY 2025-2026,Grade 9,Term 3,82.3,79.2,75.0,83.3,81.9,78.8,82.6,80.2,80.41,0,0,0,75.0,8,Mathematics,Moderate Risk,No Recommendation,N/A,Instructional,Classroom Summative,,,,92.6,N/A,N/A,Active,Reviewed
CNHS-SYN-2526-0515,SY 2025-2026,Grade 10,Term 1,86.1,94.2,94.2,80.2,91.1,90.6,85.3,84.9,88.33,0,0,0,80.2,8,Science,Low Risk,No Recommendation,N/A,Independent,Classroom Summative,,,,90.6,In Progress,Progressing,Active,Reviewed
CNHS-SYN-2526-0515,SY 2025-2026,Grade 10,Term 2,88.8,92.7,91.7,84.0,89.2,87.2,84.5,81.9,87.5,0,0,0,81.9,8,Values Education,Low Risk,No Recommendation,N/A,Independent,Classroom Summative,,,,93.8,In Progress,Progressing,Active,Reviewed
CNHS-SYN-2526-0515,SY 2025-2026,Grade 10,Term 3,91.8,86.6,91.3,82.7,84.3,88.4,89.3,81.7,87.01,0,0,0,81.7,8,Values Education,Low Risk,No Recommendation,N/A,Independent,Classroom Summative,,,,90.5,N/A,N/A,Active,Reviewed
CNHS-SYN-2526-0516,SY 2025-2026,Grade 7,Term 1,68.3,70.3,63.7,68.0,76.4,76.7,74.0,75.1,71.56,5,2,3,63.7,8,Mathematics,High Risk,Classroom Remediation,N/A,N/A,Mathematics Diagnostic Assessment,22.7,,,76.4,In Progress,Progressing,In Progress,Approved
CNHS-SYN-2526-0516,SY 2025-2026,Grade 7,Term 2,72.3,70.8,70.5,70.6,65.9,60.0,75.8,68.2,69.26,7,2,5,60.0,8,Araling Panlipunan,High Risk,Classroom Remediation,N/A,N/A,Araling Panlipunan Diagnostic Assessment,15.8,20.4,,83.6,In Progress,Progressing,In Progress,Approved
CNHS-SYN-2526-0516,SY 2025-2026,Grade 7,Term 3,65.6,65.8,67.8,74.0,62.3,71.2,74.4,74.2,69.41,8,2,6,62.3,8,Mapeh,High Risk,Classroom Remediation,N/A,N/A,Mapeh Diagnostic Assessment,15.0,19.3,25.3,79.7,Needs Further Intervention,Limited Improvement,Needs Further Support,Approved
CNHS-SYN-2526-0517,SY 2025-2026,Grade 8,Term 1,88.2,90.7,91.8,92.5,93.7,90.3,85.2,92.2,90.58,0,0,0,85.2,8,Tle,Low Risk,No Recommendation,N/A,Independent,Classroom Summative,,,,84.7,In Progress,Progressing,Active,Reviewed
CNHS-SYN-2526-0517,SY 2025-2026,Grade 8,Term 2,97.6,82.0,93.8,86.8,92.2,91.4,89.2,91.2,90.53,0,0,0,82.0,8,Filipino,Low Risk,No Recommendation,N/A,Independent,Classroom Summative,,,,94.9,In Progress,Progressing,Active,Reviewed
CNHS-SYN-2526-0517,SY 2025-2026,Grade 8,Term 3,99.0,86.6,76.9,87.7,87.4,87.9,85.7,92.9,88.01,0,0,0,76.9,8,Mathematics,Low Risk,No Recommendation,N/A,Independent,Classroom Summative,,,,93.8,N/A,N/A,Active,Reviewed
CNHS-SYN-2526-0518,SY 2025-2026,Grade 9,Term 1,76.2,74.6,78.4,79.2,80.3,69.9,76.0,72.5,75.89,3,1,2,69.9,8,Araling Panlipunan,High Risk,Classroom Remediation,N/A,N/A,Araling Panlipunan Diagnostic Assessment,20.8,,,81.0,In Progress,Progressing,In Progress,Approved
CNHS-SYN-2526-0518,SY 2025-2026,Grade 9,Term 2,75.4,81.7,83.5,80.8,77.7,84.1,77.7,74.9,79.48,1,0,1,74.9,8,Values Education,Moderate Risk,Classroom Remediation,N/A,N/A,Values Education Diagnostic Assessment,21.2,25.2,,70.9,In Progress,Progressing,In Progress,Approved
CNHS-SYN-2526-0518,SY 2025-2026,Grade 9,Term 3,74.2,76.8,79.0,76.7,77.8,71.8,73.1,76.5,75.74,3,1,2,71.8,8,Araling Panlipunan,High Risk,Classroom Remediation,N/A,N/A,Araling Panlipunan Diagnostic Assessment,20.6,27.3,34.9,85.6,Improved,Improved,Completed,Approved
CNHS-SYN-2526-0519,SY 2025-2026,Grade 10,Term 1,80.5,81.6,84.6,83.0,80.0,79.4,89.7,79.3,82.26,0,0,0,79.3,8,Values Education,Moderate Risk,No Recommendation,N/A,Instructional,Classroom Summative,,,,85.4,In Progress,Progressing,Active,Reviewed
CNHS-SYN-2526-0519,SY 2025-2026,Grade 10,Term 2,79.1,84.2,80.0,87.4,81.5,85.9,78.5,78.5,81.89,0,0,0,78.5,8,Tle,Moderate Risk,No Recommendation,N/A,Instructional,Classroom Summative,,,,93.9,In Progress,Progressing,Active,Reviewed
CNHS-SYN-2526-0519,SY 2025-2026,Grade 10,Term 3,79.8,81.7,84.7,75.8,80.1,79.4,79.6,83.1,80.53,0,0,0,75.8,8,Science,Moderate Risk,No Recommendation,N/A,Instructional,Classroom Summative,,,,84.0,N/A,N/A,Active,Reviewed
CNHS-SYN-2526-0520,SY 2025-2026,Grade 7,Term 1,86.5,92.1,95.8,88.3,97.1,98.1,93.3,90.8,92.75,0,0,0,86.5,8,English,Low Risk,No Recommendation,N/A,Independent,Classroom Summative,,,,95.3,In Progress,Progressing,Active,Reviewed
CNHS-SYN-2526-0520,SY 2025-2026,Grade 7,Term 2,99.0,99.0,93.6,89.6,97.3,93.4,95.8,95.1,95.35,0,0,0,89.6,8,Science,Low Risk,No Recommendation,N/A,Independent,Classroom Summative,,,,96.1,In Progress,Progressing,Active,Reviewed
CNHS-SYN-2526-0520,SY 2025-2026,Grade 7,Term 3,99.0,93.1,90.7,83.9,92.5,89.6,95.6,92.6,92.12,0,0,0,83.9,8,Science,Low Risk,No Recommendation,N/A,Independent,Classroom Summative,,,,95.2,N/A,N/A,Active,Reviewed
CNHS-SYN-2526-0521,SY 2025-2026,Grade 8,Term 1,60.4,60.6,65.3,64.9,60.0,67.7,69.1,68.8,64.6,8,2,6,60.0,8,Mapeh,High Risk,Classroom Remediation,N/A,N/A,Mapeh Diagnostic Assessment,23.8,,,82.2,In Progress,Progressing,In Progress,Approved
CNHS-SYN-2526-0521,SY 2025-2026,Grade 8,Term 2,61.3,60.0,62.2,66.1,64.2,60.0,62.9,66.7,62.93,8,2,6,60.0,8,Filipino,High Risk,Classroom Remediation,N/A,N/A,Filipino Diagnostic Assessment,15.4,20.7,,86.6,In Progress,Progressing,In Progress,Approved
CNHS-SYN-2526-0521,SY 2025-2026,Grade 8,Term 3,60.6,62.8,63.0,66.7,66.2,69.8,60.0,65.7,64.35,8,2,6,60.0,8,Tle,High Risk,Classroom Remediation,N/A,N/A,Tle Diagnostic Assessment,15.4,21.9,28.9,74.4,Improved,Improved,Completed,Approved
CNHS-SYN-2526-0522,SY 2025-2026,Grade 9,Term 1,84.6,85.0,79.9,83.8,80.0,85.7,85.4,74.8,82.4,1,0,1,74.8,8,Values Education,Moderate Risk,Classroom Remediation,N/A,N/A,Values Education Diagnostic Assessment,21.4,,,70.1,In Progress,Progressing,In Progress,Approved
CNHS-SYN-2526-0522,SY 2025-2026,Grade 9,Term 2,83.0,77.6,79.5,81.2,81.0,85.9,88.7,79.5,82.05,0,0,0,77.6,8,Filipino,Moderate Risk,No Recommendation,N/A,Instructional,Classroom Summative,,,,93.6,In Progress,Progressing,Active,Reviewed
CNHS-SYN-2526-0522,SY 2025-2026,Grade 9,Term 3,88.7,80.6,84.2,78.0,81.5,76.7,81.4,80.9,81.5,0,0,0,76.7,8,Araling Panlipunan,Moderate Risk,No Recommendation,N/A,Instructional,Classroom Summative,,,,99.1,N/A,N/A,Active,Reviewed
CNHS-SYN-2526-0523,SY 2025-2026,Grade 10,Term 1,66.9,65.4,70.8,68.8,67.9,65.2,61.3,69.6,66.99,8,2,6,61.3,8,Tle,High Risk,Classroom Remediation,N/A,N/A,Tle Diagnostic Assessment,23.6,,,74.9,In Progress,Progressing,In Progress,Approved
CNHS-SYN-2526-0523,SY 2025-2026,Grade 10,Term 2,62.9,67.7,64.0,65.9,64.9,67.8,72.0,69.1,66.79,8,2,6,62.9,8,English,High Risk,Classroom Remediation,N/A,N/A,English Diagnostic Assessment,21.6,26.3,,79.3,In Progress,Progressing,In Progress,Approved
CNHS-SYN-2526-0523,SY 2025-2026,Grade 10,Term 3,68.6,65.4,65.6,66.3,62.1,69.7,69.7,67.2,66.83,8,2,6,62.1,8,Mapeh,High Risk,Classroom Remediation,N/A,N/A,Mapeh Diagnostic Assessment,22.3,29.2,35.4,70.3,Improved,Improved,Completed,Approved
CNHS-SYN-2526-0524,SY 2025-2026,Grade 7,Term 1,84.0,84.5,91.7,90.7,78.7,87.9,77.9,84.5,84.99,0,0,0,77.9,8,Tle,Low Risk,No Recommendation,N/A,Independent,Classroom Summative,,,,100.0,In Progress,Progressing,Active,Reviewed
CNHS-SYN-2526-0524,SY 2025-2026,Grade 7,Term 2,86.7,82.7,87.5,87.0,84.1,83.0,85.0,88.3,85.54,0,0,0,82.7,8,Filipino,Low Risk,No Recommendation,N/A,Independent,Classroom Summative,,,,88.5,In Progress,Progressing,Active,Reviewed
CNHS-SYN-2526-0524,SY 2025-2026,Grade 7,Term 3,85.0,86.0,85.6,83.9,89.3,85.8,79.7,90.8,85.76,0,0,0,79.7,8,Tle,Low Risk,No Recommendation,N/A,Independent,Classroom Summative,,,,86.5,N/A,N/A,Active,Reviewed
CNHS-SYN-2526-0525,SY 2025-2026,Grade 8,Term 1,85.9,85.4,79.9,91.3,88.4,82.7,86.5,89.6,86.21,0,0,0,79.9,8,Mathematics,Low Risk,No Recommendation,N/A,Independent,Classroom Summative,,,,98.2,In Progress,Progressing,Active,Reviewed
CNHS-SYN-2526-0525,SY 2025-2026,Grade 8,Term 2,97.9,85.7,83.5,81.7,76.8,90.7,84.3,89.2,86.22,0,0,0,76.8,8,Mapeh,Low Risk,No Recommendation,N/A,Independent,Classroom Summative,,,,87.7,In Progress,Progressing,Active,Reviewed
CNHS-SYN-2526-0525,SY 2025-2026,Grade 8,Term 3,82.5,93.2,85.5,83.1,81.5,85.1,91.7,88.4,86.38,0,0,0,81.5,8,Mapeh,Low Risk,No Recommendation,N/A,Independent,Classroom Summative,,,,98.4,N/A,N/A,Active,Reviewed
CNHS-SYN-2526-0526,SY 2025-2026,Grade 9,Term 1,72.7,66.7,71.3,70.1,73.0,80.7,74.9,73.0,72.8,7,2,5,66.7,8,Filipino,High Risk,Classroom Remediation,N/A,N/A,Filipino Diagnostic Assessment,21.8,,,82.3,In Progress,Progressing,In Progress,Approved
CNHS-SYN-2526-0526,SY 2025-2026,Grade 9,Term 2,67.5,74.9,73.8,71.7,73.4,68.8,70.1,66.8,70.88,8,2,6,66.8,8,Values Education,High Risk,Classroom Remediation,N/A,N/A,Values Education Diagnostic Assessment,14.2,20.7,,83.1,In Progress,Progressing,In Progress,Approved
CNHS-SYN-2526-0526,SY 2025-2026,Grade 9,Term 3,68.2,60.0,66.7,65.6,68.7,76.9,61.4,67.9,66.93,7,2,5,60.0,8,Filipino,High Risk,Classroom Remediation,N/A,N/A,Filipino Diagnostic Assessment,23.5,29.9,36.7,79.9,Improved,Improved,Completed,Approved
CNHS-SYN-2526-0527,SY 2025-2026,Grade 10,Term 1,71.1,60.0,63.7,66.5,64.9,70.6,67.7,74.4,67.36,8,2,6,60.0,8,Filipino,High Risk,Classroom Remediation,N/A,N/A,Filipino Diagnostic Assessment,21.4,,,74.4,In Progress,Progressing,In Progress,Approved
CNHS-SYN-2526-0527,SY 2025-2026,Grade 10,Term 2,68.8,60.0,60.0,62.2,77.7,66.1,68.8,62.1,65.71,7,2,5,60.0,8,Filipino,High Risk,Classroom Remediation,N/A,N/A,Filipino Diagnostic Assessment,15.1,19.7,,79.1,In Progress,Progressing,In Progress,Approved
CNHS-SYN-2526-0527,SY 2025-2026,Grade 10,Term 3,60.3,69.6,65.8,63.9,70.7,65.1,64.3,70.2,66.24,8,2,6,60.3,8,English,High Risk,Classroom Remediation,N/A,N/A,English Diagnostic Assessment,22.4,26.6,34.3,87.8,Improved,Improved,Completed,Approved
CNHS-SYN-2526-0528,SY 2025-2026,Grade 7,Term 1,67.7,67.4,74.2,75.1,69.4,67.2,69.0,75.3,70.66,6,2,4,67.2,8,Araling Panlipunan,High Risk,Classroom Remediation,N/A,N/A,Araling Panlipunan Diagnostic Assessment,23.3,,,84.5,In Progress,Progressing,In Progress,Approved
CNHS-SYN-2526-0528,SY 2025-2026,Grade 7,Term 2,69.4,76.6,62.8,74.1,67.3,75.6,73.8,78.6,72.27,5,1,4,62.8,8,Mathematics,High Risk,Classroom Remediation,N/A,N/A,Mathematics Diagnostic Assessment,23.1,28.4,,75.4,In Progress,Progressing,In Progress,Approved
CNHS-SYN-2526-0528,SY 2025-2026,Grade 7,Term 3,74.0,73.8,62.1,71.5,71.6,68.2,73.1,77.2,71.44,7,2,5,62.1,8,Mathematics,High Risk,Classroom Remediation,N/A,N/A,Mathematics Diagnostic Assessment,16.4,23.1,28.1,74.2,Improved,Improved,Completed,Approved
CNHS-SYN-2526-0529,SY 2025-2026,Grade 8,Term 1,69.6,63.4,62.8,70.9,74.8,68.7,62.7,77.2,68.76,7,2,5,62.7,8,Tle,High Risk,Classroom Remediation,N/A,N/A,Tle Diagnostic Assessment,15.4,,,81.4,In Progress,Progressing,In Progress,Approved
CNHS-SYN-2526-0529,SY 2025-2026,Grade 8,Term 2,68.9,64.1,68.0,66.4,75.5,72.4,66.7,64.1,68.26,7,2,5,64.1,8,Filipino,High Risk,Classroom Remediation,N/A,N/A,Filipino Diagnostic Assessment,14.3,18.4,,72.9,In Progress,Progressing,In Progress,Approved
CNHS-SYN-2526-0529,SY 2025-2026,Grade 8,Term 3,67.5,65.8,78.2,71.2,64.2,62.7,70.4,67.2,68.4,7,2,5,62.7,8,Araling Panlipunan,High Risk,Classroom Remediation,N/A,N/A,Araling Panlipunan Diagnostic Assessment,16.8,22.2,27.1,74.6,Needs Further Intervention,Limited Improvement,Needs Further Support,Approved
CNHS-SYN-2526-0530,SY 2025-2026,Grade 9,Term 1,74.7,76.2,81.2,77.7,73.4,82.7,76.0,79.8,77.71,2,1,1,73.4,8,Mapeh,High Risk,Classroom Remediation,N/A,N/A,Mapeh Diagnostic Assessment,19.2,,,82.0,In Progress,Progressing,In Progress,Approved
CNHS-SYN-2526-0530,SY 2025-2026,Grade 9,Term 2,72.7,72.5,76.8,73.4,70.6,78.1,76.3,76.2,74.57,4,2,2,70.6,8,Mapeh,High Risk,Classroom Remediation,N/A,N/A,Mapeh Diagnostic Assessment,21.8,27.0,,74.8,In Progress,Progressing,In Progress,Approved
CNHS-SYN-2526-0530,SY 2025-2026,Grade 9,Term 3,77.1,75.3,,73.6,79.2,75.8,79.7,80.2,77.27,1,0,1,73.6,7,Science,Moderate Risk,Classroom Remediation,N/A,N/A,Science Diagnostic Assessment,21.6,26.8,34.2,73.1,Improved,Improved,Completed,Approved
CNHS-SYN-2526-0531,SY 2025-2026,Grade 10,Term 1,78.6,74.8,79.1,84.7,76.1,74.8,74.8,77.8,77.59,3,1,2,74.8,8,Filipino,High Risk,Classroom Remediation,N/A,N/A,Filipino Diagnostic Assessment,17.3,,,84.4,In Progress,Progressing,In Progress,Approved
CNHS-SYN-2526-0531,SY 2025-2026,Grade 10,Term 2,83.9,78.4,72.4,75.8,71.5,71.4,78.5,79.7,76.45,3,0,3,71.4,8,Araling Panlipunan,High Risk,Classroom Remediation,N/A,N/A,Araling Panlipunan Diagnostic Assessment,19.1,26.0,,76.6,In Progress,Progressing,In Progress,Approved
CNHS-SYN-2526-0531,SY 2025-2026,Grade 10,Term 3,75.5,78.9,71.5,78.0,80.1,83.2,78.7,81.7,78.45,1,0,1,71.5,8,Mathematics,Moderate Risk,Classroom Remediation,N/A,N/A,Mathematics Diagnostic Assessment,23.2,28.2,35.5,76.0,Improved,Improved,Completed,Approved
CNHS-SYN-2526-0532,SY 2025-2026,Grade 7,Term 1,95.1,98.9,97.2,91.9,96.3,93.3,95.3,87.8,94.47,0,0,0,87.8,8,Values Education,Low Risk,No Recommendation,N/A,Independent,Classroom Summative,,,,92.9,In Progress,Progressing,Active,Reviewed
CNHS-SYN-2526-0532,SY 2025-2026,Grade 7,Term 2,83.6,99.0,93.5,90.3,89.5,93.6,88.3,89.6,90.92,0,0,0,83.6,8,English,Low Risk,No Recommendation,N/A,Independent,Classroom Summative,,,,90.8,In Progress,Progressing,Active,Reviewed
CNHS-SYN-2526-0532,SY 2025-2026,Grade 7,Term 3,92.5,98.0,94.5,93.5,94.3,91.5,87.8,99.0,93.89,0,0,0,87.8,8,Tle,Low Risk,No Recommendation,N/A,Independent,Classroom Summative,,,,98.5,N/A,N/A,Active,Reviewed
CNHS-SYN-2526-0533,SY 2025-2026,Grade 8,Term 1,79.7,76.8,76.2,67.3,77.3,73.0,74.4,80.7,75.68,3,0,3,67.3,8,Science,High Risk,Classroom Remediation,N/A,N/A,Science Diagnostic Assessment,19.5,,,76.0,In Progress,Progressing,In Progress,Approved
CNHS-SYN-2526-0533,SY 2025-2026,Grade 8,Term 2,83.1,72.1,72.0,71.2,70.7,78.7,73.4,71.7,74.11,6,1,5,70.7,8,Mapeh,High Risk,Classroom Remediation,N/A,N/A,Mapeh Diagnostic Assessment,22.5,28.7,,82.4,In Progress,Progressing,In Progress,Approved
CNHS-SYN-2526-0533,SY 2025-2026,Grade 8,Term 3,73.5,78.3,79.8,75.4,78.0,72.3,74.8,78.8,76.36,3,1,2,72.3,8,Araling Panlipunan,High Risk,Classroom Remediation,N/A,N/A,Araling Panlipunan Diagnostic Assessment,20.8,26.6,32.6,77.6,Improved,Improved,Completed,Approved
CNHS-SYN-2526-0534,SY 2025-2026,Grade 9,Term 1,72.9,72.0,73.4,71.5,67.2,71.0,68.3,73.8,71.26,8,2,6,67.2,8,Mapeh,High Risk,Classroom Remediation,N/A,N/A,Mapeh Diagnostic Assessment,20.4,,,82.8,In Progress,Progressing,In Progress,Approved
CNHS-SYN-2526-0534,SY 2025-2026,Grade 9,Term 2,63.7,70.3,68.3,74.5,65.7,65.1,74.2,69.6,68.93,8,2,6,63.7,8,English,High Risk,Classroom Remediation,N/A,N/A,English Diagnostic Assessment,14.9,21.4,,79.2,In Progress,Progressing,In Progress,Approved
CNHS-SYN-2526-0534,SY 2025-2026,Grade 9,Term 3,64.4,71.1,64.7,68.5,65.7,70.6,75.4,72.1,69.06,7,2,5,64.4,8,English,High Risk,Classroom Remediation,N/A,N/A,English Diagnostic Assessment,20.3,25.5,32.5,78.9,Improved,Improved,Completed,Approved
CNHS-SYN-2526-0535,SY 2025-2026,Grade 10,Term 1,72.2,81.3,67.0,83.9,70.6,72.4,78.4,79.7,75.69,4,1,3,67.0,8,Mathematics,High Risk,Classroom Remediation,N/A,N/A,Mathematics Diagnostic Assessment,20.1,,,76.5,In Progress,Progressing,In Progress,Approved
CNHS-SYN-2526-0535,SY 2025-2026,Grade 10,Term 2,74.4,68.8,76.7,76.7,81.5,72.0,74.6,82.0,75.84,4,2,2,68.8,8,Filipino,High Risk,Classroom Remediation,N/A,N/A,Filipino Diagnostic Assessment,20.9,26.2,,87.1,In Progress,Progressing,In Progress,Approved
CNHS-SYN-2526-0535,SY 2025-2026,Grade 10,Term 3,77.0,72.5,79.3,74.9,76.7,78.7,73.9,75.1,76.01,3,1,2,72.5,8,Filipino,High Risk,Classroom Remediation,N/A,N/A,Filipino Diagnostic Assessment,16.9,23.5,28.0,73.1,Improved,Improved,Completed,Approved
CNHS-SYN-2526-0536,SY 2025-2026,Grade 7,Term 1,62.6,68.1,68.0,67.1,66.7,60.0,65.9,68.1,65.81,8,2,6,60.0,8,Araling Panlipunan,High Risk,Classroom Remediation,N/A,N/A,Araling Panlipunan Diagnostic Assessment,22.7,,,83.8,In Progress,Progressing,In Progress,Approved
CNHS-SYN-2526-0536,SY 2025-2026,Grade 7,Term 2,64.9,62.3,65.0,65.8,69.0,66.5,69.7,63.1,65.79,8,2,6,62.3,8,Filipino,High Risk,Classroom Remediation,N/A,N/A,Filipino Diagnostic Assessment,18.7,23.9,,78.8,In Progress,Progressing,In Progress,Approved
CNHS-SYN-2526-0536,SY 2025-2026,Grade 7,Term 3,62.5,63.2,64.1,60.0,70.7,75.9,69.1,69.3,66.85,7,2,5,60.0,8,Science,High Risk,Classroom Remediation,N/A,N/A,Science Diagnostic Assessment,20.9,24.9,32.0,70.2,Improved,Improved,Completed,Approved
CNHS-SYN-2526-0537,SY 2025-2026,Grade 8,Term 1,86.9,87.3,96.2,88.9,95.5,85.4,91.5,91.7,90.43,0,0,0,85.4,8,Araling Panlipunan,Low Risk,No Recommendation,N/A,Independent,Classroom Summative,,,,87.9,In Progress,Progressing,Active,Reviewed
CNHS-SYN-2526-0537,SY 2025-2026,Grade 8,Term 2,85.3,93.9,96.0,95.9,90.4,95.0,93.8,97.2,93.44,0,0,0,85.3,8,English,Low Risk,No Recommendation,N/A,Independent,Classroom Summative,,,,85.1,In Progress,Progressing,Active,Reviewed
CNHS-SYN-2526-0537,SY 2025-2026,Grade 8,Term 3,92.9,93.5,96.0,85.8,90.6,95.4,91.5,90.7,92.05,0,0,0,85.8,8,Science,Low Risk,No Recommendation,N/A,Independent,Classroom Summative,,,,87.7,N/A,N/A,Active,Reviewed
CNHS-SYN-2526-0538,SY 2025-2026,Grade 9,Term 1,63.9,64.7,62.6,64.1,64.4,64.5,64.6,60.0,63.6,8,2,6,60.0,8,Values Education,High Risk,Classroom Remediation,N/A,N/A,Values Education Diagnostic Assessment,21.8,,,76.1,In Progress,Progressing,In Progress,Approved
CNHS-SYN-2526-0538,SY 2025-2026,Grade 9,Term 2,69.1,61.9,67.6,71.4,63.3,65.6,72.7,66.7,67.29,8,2,6,61.9,8,Filipino,High Risk,Classroom Remediation,N/A,N/A,Filipino Diagnostic Assessment,14.3,19.2,,68.8,In Progress,Progressing,In Progress,Approved
CNHS-SYN-2526-0538,SY 2025-2026,Grade 9,Term 3,62.6,60.0,65.4,62.2,67.7,66.0,60.8,63.9,63.57,8,2,6,60.0,8,Filipino,High Risk,Classroom Remediation,N/A,N/A,Filipino Diagnostic Assessment,16.4,23.3,28.8,87.8,Improved,Improved,Completed,Approved
CNHS-SYN-2526-0539,SY 2025-2026,Grade 10,Term 1,68.8,63.0,68.7,65.4,61.1,62.5,60.8,66.1,64.55,8,2,6,60.8,8,Tle,High Risk,Classroom Remediation,N/A,N/A,Tle Diagnostic Assessment,14.2,,,79.8,In Progress,Progressing,In Progress,Approved
CNHS-SYN-2526-0539,SY 2025-2026,Grade 10,Term 2,60.0,60.0,68.1,64.1,64.0,64.6,68.1,65.9,64.35,8,2,6,60.0,8,English,High Risk,Classroom Remediation,N/A,N/A,English Diagnostic Assessment,19.6,25.5,,77.8,In Progress,Progressing,In Progress,Approved
CNHS-SYN-2526-0539,SY 2025-2026,Grade 10,Term 3,61.5,62.2,64.3,62.1,69.7,63.3,65.8,60.0,63.61,8,2,6,60.0,8,Values Education,High Risk,Classroom Remediation,N/A,N/A,Values Education Diagnostic Assessment,14.9,20.2,27.7,79.2,Needs Further Intervention,Limited Improvement,Needs Further Support,Approved
CNHS-SYN-2526-0540,SY 2025-2026,Grade 7,Term 1,84.5,81.5,77.5,79.8,78.2,79.0,78.6,80.3,79.92,0,0,0,77.5,8,Mathematics,Moderate Risk,No Recommendation,N/A,Instructional,Classroom Summative,,,,87.2,In Progress,Progressing,Active,Reviewed
CNHS-SYN-2526-0540,SY 2025-2026,Grade 7,Term 2,82.7,76.6,82.4,77.4,80.4,78.1,71.8,85.7,79.39,1,0,1,71.8,8,Tle,Moderate Risk,Classroom Remediation,N/A,N/A,Tle Diagnostic Assessment,17.9,24.4,,77.0,In Progress,Progressing,In Progress,Approved
CNHS-SYN-2526-0540,SY 2025-2026,Grade 7,Term 3,75.7,73.4,77.2,72.8,79.3,78.3,68.8,76.7,75.28,3,1,2,68.8,8,Tle,High Risk,Classroom Remediation,N/A,N/A,Tle Diagnostic Assessment,17.1,23.1,29.3,72.9,Improved,Improved,Completed,Approved
CNHS-SYN-2526-0541,SY 2025-2026,Grade 8,Term 1,91.2,83.2,89.0,81.3,84.9,87.4,76.0,83.4,84.55,0,0,0,76.0,8,Tle,Low Risk,No Recommendation,N/A,Independent,Classroom Summative,,,,92.9,In Progress,Progressing,Active,Reviewed
CNHS-SYN-2526-0541,SY 2025-2026,Grade 8,Term 2,84.5,82.2,89.6,84.3,87.8,87.1,83.8,89.9,86.15,0,0,0,82.2,8,Filipino,Low Risk,No Recommendation,N/A,Independent,Classroom Summative,,,,96.8,In Progress,Progressing,Active,Reviewed
CNHS-SYN-2526-0541,SY 2025-2026,Grade 8,Term 3,91.9,90.8,86.4,95.8,86.2,86.5,85.5,81.1,88.02,0,0,0,81.1,8,Values Education,Low Risk,No Recommendation,N/A,Independent,Classroom Summative,,,,89.7,N/A,N/A,Active,Reviewed
CNHS-SYN-2526-0542,SY 2025-2026,Grade 9,Term 1,92.1,82.7,92.9,94.6,90.4,89.0,90.2,96.2,91.01,0,0,0,82.7,8,Filipino,Low Risk,No Recommendation,N/A,Independent,Classroom Summative,,,,99.4,In Progress,Progressing,Active,Reviewed
CNHS-SYN-2526-0542,SY 2025-2026,Grade 9,Term 2,91.1,94.3,91.6,99.0,92.1,99.0,89.7,97.5,94.29,0,0,0,89.7,8,Tle,Low Risk,No Recommendation,N/A,Independent,Classroom Summative,,,,95.3,In Progress,Progressing,Active,Reviewed
CNHS-SYN-2526-0542,SY 2025-2026,Grade 9,Term 3,88.5,94.8,89.1,92.4,85.3,91.0,95.8,93.6,91.31,0,0,0,85.3,8,Mapeh,Low Risk,No Recommendation,N/A,Independent,Classroom Summative,,,,84.4,N/A,N/A,Active,Reviewed
CNHS-SYN-2526-0543,SY 2025-2026,Grade 10,Term 1,77.7,69.9,69.8,80.0,77.4,82.8,72.1,,75.67,3,1,2,69.8,7,Mathematics,High Risk,Classroom Remediation,N/A,N/A,Mathematics Diagnostic Assessment,14.1,,,78.9,In Progress,Progressing,In Progress,Approved
CNHS-SYN-2526-0543,SY 2025-2026,Grade 10,Term 2,78.9,78.7,80.8,72.1,69.7,81.0,73.1,75.4,76.21,3,0,3,69.7,8,Mapeh,High Risk,Classroom Remediation,N/A,N/A,Mapeh Diagnostic Assessment,18.5,23.2,,81.2,In Progress,Progressing,In Progress,Approved
CNHS-SYN-2526-0543,SY 2025-2026,Grade 10,Term 3,77.7,79.7,74.0,80.5,74.9,68.5,78.2,80.0,76.69,3,0,3,68.5,8,Araling Panlipunan,High Risk,Classroom Remediation,N/A,N/A,Araling Panlipunan Diagnostic Assessment,18.6,24.6,29.8,86.7,Improved,Improved,Completed,Approved
CNHS-SYN-2526-0544,SY 2025-2026,Grade 7,Term 1,63.0,70.0,63.1,61.5,61.8,64.4,60.0,62.2,63.25,8,2,6,60.0,8,Tle,High Risk,Classroom Remediation,N/A,N/A,Tle Diagnostic Assessment,20.4,,,68.4,In Progress,Progressing,In Progress,Approved
CNHS-SYN-2526-0544,SY 2025-2026,Grade 7,Term 2,60.0,62.5,62.3,70.6,68.0,67.9,63.3,68.5,65.39,8,2,6,60.0,8,English,High Risk,Classroom Remediation,N/A,N/A,English Diagnostic Assessment,16.2,21.4,,81.0,In Progress,Progressing,In Progress,Approved
CNHS-SYN-2526-0544,SY 2025-2026,Grade 7,Term 3,67.0,60.0,68.2,60.0,60.0,63.5,62.6,61.5,62.85,8,2,6,60.0,8,Filipino,High Risk,Classroom Remediation,N/A,N/A,Filipino Diagnostic Assessment,20.7,26.6,33.2,74.7,Improved,Improved,Completed,Approved
CNHS-SYN-2526-0545,SY 2025-2026,Grade 8,Term 1,82.7,80.1,78.1,73.9,75.3,80.7,67.3,75.0,76.64,2,0,2,67.3,8,Tle,High Risk,Classroom Remediation,N/A,N/A,Tle Diagnostic Assessment,18.7,,,70.7,In Progress,Progressing,In Progress,Approved
CNHS-SYN-2526-0545,SY 2025-2026,Grade 8,Term 2,76.2,73.4,78.4,79.1,78.0,76.7,77.6,71.7,76.39,2,1,1,71.7,8,Values Education,High Risk,Classroom Remediation,N/A,N/A,Values Education Diagnostic Assessment,20.7,26.8,,81.4,In Progress,Progressing,In Progress,Approved
CNHS-SYN-2526-0545,SY 2025-2026,Grade 8,Term 3,82.7,74.6,74.6,75.0,70.0,70.4,78.9,70.9,74.64,5,1,4,70.0,8,Mapeh,High Risk,Classroom Remediation,N/A,N/A,Mapeh Diagnostic Assessment,17.8,22.1,29.4,78.3,Improved,Improved,Completed,Approved
CNHS-SYN-2526-0546,SY 2025-2026,Grade 9,Term 1,72.3,68.5,69.0,80.0,73.0,71.6,72.8,76.0,72.9,6,2,4,68.5,8,Filipino,High Risk,Classroom Remediation,N/A,N/A,Filipino Diagnostic Assessment,23.0,,,83.0,In Progress,Progressing,In Progress,Approved
CNHS-SYN-2526-0546,SY 2025-2026,Grade 9,Term 2,64.9,70.3,65.6,68.3,77.7,76.7,77.1,66.7,70.91,5,2,3,64.9,8,English,High Risk,Classroom Remediation,N/A,N/A,English Diagnostic Assessment,19.2,23.8,,75.1,In Progress,Progressing,In Progress,Approved
CNHS-SYN-2526-0546,SY 2025-2026,Grade 9,Term 3,66.8,78.0,70.1,72.6,72.8,76.9,68.7,77.2,72.89,5,1,4,66.8,8,English,High Risk,Classroom Remediation,N/A,N/A,English Diagnostic Assessment,15.2,20.7,25.3,86.1,Needs Further Intervention,Limited Improvement,Needs Further Support,Approved
CNHS-SYN-2526-0547,SY 2025-2026,Grade 10,Term 1,73.7,70.2,73.2,71.5,70.1,74.3,72.3,70.5,71.97,8,2,6,70.1,8,Mapeh,High Risk,Classroom Remediation,N/A,N/A,Mapeh Diagnostic Assessment,14.7,,,83.9,In Progress,Progressing,In Progress,Approved
CNHS-SYN-2526-0547,SY 2025-2026,Grade 10,Term 2,69.3,69.3,73.2,73.9,72.4,70.5,79.2,68.3,72.01,7,2,5,68.3,8,Values Education,High Risk,Classroom Remediation,N/A,N/A,Values Education Diagnostic Assessment,17.9,23.5,,76.4,In Progress,Progressing,In Progress,Approved
CNHS-SYN-2526-0547,SY 2025-2026,Grade 10,Term 3,70.7,69.4,67.1,,74.1,69.5,75.6,67.9,70.61,6,2,4,67.1,7,Mathematics,High Risk,Classroom Remediation,N/A,N/A,Mathematics Diagnostic Assessment,16.0,21.7,28.4,81.0,Improved,Improved,Completed,Approved
CNHS-SYN-2526-0548,SY 2025-2026,Grade 7,Term 1,82.8,70.8,86.2,80.0,73.9,75.8,73.1,81.1,77.96,3,1,2,70.8,8,Filipino,High Risk,Classroom Remediation,N/A,N/A,Filipino Diagnostic Assessment,23.1,,,80.5,In Progress,Progressing,In Progress,Approved
CNHS-SYN-2526-0548,SY 2025-2026,Grade 7,Term 2,81.9,84.0,77.7,79.5,77.1,80.3,76.5,77.9,79.36,0,0,0,76.5,8,Tle,Moderate Risk,No Recommendation,N/A,Instructional,Classroom Summative,,,,93.2,In Progress,Progressing,Active,Reviewed
CNHS-SYN-2526-0548,SY 2025-2026,Grade 7,Term 3,79.4,81.4,79.8,77.3,80.4,75.9,81.9,78.5,79.33,0,0,0,75.9,8,Araling Panlipunan,Moderate Risk,No Recommendation,N/A,Instructional,Classroom Summative,,,,92.9,N/A,N/A,Active,Reviewed
CNHS-SYN-2526-0549,SY 2025-2026,Grade 8,Term 1,,81.9,74.8,81.5,83.0,79.0,81.8,82.0,80.57,1,0,1,74.8,7,Mathematics,Moderate Risk,Classroom Remediation,N/A,N/A,Mathematics Diagnostic Assessment,22.5,,,77.8,In Progress,Progressing,In Progress,Approved
CNHS-SYN-2526-0549,SY 2025-2026,Grade 8,Term 2,85.3,83.5,74.0,78.0,80.2,86.2,76.7,78.8,80.34,1,0,1,74.0,8,Mathematics,Moderate Risk,Classroom Remediation,N/A,N/A,Mathematics Diagnostic Assessment,16.2,20.2,,70.0,In Progress,Progressing,In Progress,Approved
CNHS-SYN-2526-0549,SY 2025-2026,Grade 8,Term 3,85.1,88.7,79.5,77.7,80.5,83.8,81.3,87.9,83.06,0,0,0,77.7,8,Science,Moderate Risk,No Recommendation,N/A,Instructional,Classroom Summative,,,,92.7,N/A,N/A,Active,Reviewed
CNHS-SYN-2526-0550,SY 2025-2026,Grade 9,Term 1,76.7,76.8,71.0,80.6,77.4,78.8,80.3,74.3,76.99,2,0,2,71.0,8,Mathematics,High Risk,Classroom Remediation,N/A,N/A,Mathematics Diagnostic Assessment,20.4,,,85.2,In Progress,Progressing,In Progress,Approved
CNHS-SYN-2526-0550,SY 2025-2026,Grade 9,Term 2,72.3,86.1,73.9,81.6,75.9,80.2,77.2,73.0,77.53,3,1,2,72.3,8,English,High Risk,Classroom Remediation,N/A,N/A,English Diagnostic Assessment,17.8,24.8,,63.3,In Progress,Progressing,In Progress,Approved
CNHS-SYN-2526-0550,SY 2025-2026,Grade 9,Term 3,77.2,78.7,74.8,74.5,77.3,82.2,77.7,83.2,78.2,2,0,2,74.5,8,Science,High Risk,Classroom Remediation,N/A,N/A,Science Diagnostic Assessment,21.7,26.3,32.8,71.3,Improved,Improved,Completed,Approved
CNHS-SYN-2526-0551,SY 2025-2026,Grade 10,Term 1,65.5,64.2,62.5,66.4,73.3,60.0,66.3,71.7,66.24,8,2,6,60.0,8,Araling Panlipunan,High Risk,Classroom Remediation,N/A,N/A,Araling Panlipunan Diagnostic Assessment,19.7,,,81.6,In Progress,Progressing,In Progress,Approved
CNHS-SYN-2526-0551,SY 2025-2026,Grade 10,Term 2,61.0,61.8,62.3,69.6,63.9,62.5,62.6,63.0,63.34,8,2,6,61.0,8,English,High Risk,Classroom Remediation,N/A,N/A,English Diagnostic Assessment,17.9,22.3,,84.0,In Progress,Progressing,In Progress,Approved
CNHS-SYN-2526-0551,SY 2025-2026,Grade 10,Term 3,63.0,60.2,60.0,65.5,63.9,64.0,65.4,66.4,63.55,8,2,6,60.0,8,Mathematics,High Risk,Classroom Remediation,N/A,N/A,Mathematics Diagnostic Assessment,14.2,18.5,22.8,82.2,Needs Further Intervention,Limited Improvement,Needs Further Support,Approved
CNHS-SYN-2526-0552,SY 2025-2026,Grade 7,Term 1,65.3,67.1,64.9,60.0,68.8,72.5,70.4,60.0,66.12,8,2,6,60.0,8,Science,High Risk,Classroom Remediation,N/A,N/A,Science Diagnostic Assessment,21.1,,,80.3,In Progress,Progressing,In Progress,Approved
CNHS-SYN-2526-0552,SY 2025-2026,Grade 7,Term 2,65.5,62.9,70.2,67.1,61.0,72.1,68.1,71.7,67.33,8,2,6,61.0,8,Mapeh,High Risk,Classroom Remediation,N/A,N/A,Mapeh Diagnostic Assessment,15.2,19.6,,81.6,In Progress,Progressing,In Progress,Approved
CNHS-SYN-2526-0552,SY 2025-2026,Grade 7,Term 3,63.9,68.4,60.0,66.9,66.8,66.7,63.7,70.8,65.9,8,2,6,60.0,8,Mathematics,High Risk,Classroom Remediation,N/A,N/A,Mathematics Diagnostic Assessment,18.1,24.7,31.8,85.2,Improved,Improved,Completed,Approved
CNHS-SYN-2526-0553,SY 2025-2026,Grade 8,Term 1,64.1,63.6,68.0,68.7,65.1,67.4,,67.6,66.36,7,2,5,63.6,7,Filipino,High Risk,Classroom Remediation,N/A,N/A,Filipino Diagnostic Assessment,17.4,,,79.1,In Progress,Progressing,In Progress,Approved
CNHS-SYN-2526-0553,SY 2025-2026,Grade 8,Term 2,63.8,64.0,64.3,75.8,66.6,69.7,60.0,71.6,66.97,7,2,5,60.0,8,Tle,High Risk,Classroom Remediation,N/A,N/A,Tle Diagnostic Assessment,22.6,28.7,,78.1,In Progress,Progressing,In Progress,Approved
CNHS-SYN-2526-0553,SY 2025-2026,Grade 8,Term 3,66.6,63.6,73.2,65.6,79.1,73.3,71.6,64.1,69.64,7,2,5,63.6,8,Filipino,High Risk,Classroom Remediation,N/A,N/A,Filipino Diagnostic Assessment,22.2,26.9,32.7,79.8,Improved,Improved,Completed,Approved
CNHS-SYN-2526-0554,SY 2025-2026,Grade 9,Term 1,65.4,64.7,69.4,61.9,66.8,61.9,67.5,71.7,66.16,8,2,6,61.9,8,Science,High Risk,Classroom Remediation,N/A,N/A,Science Diagnostic Assessment,22.3,,,84.8,In Progress,Progressing,In Progress,Approved
CNHS-SYN-2526-0554,SY 2025-2026,Grade 9,Term 2,66.7,60.0,70.9,66.9,67.7,70.1,63.1,69.1,66.81,8,2,6,60.0,8,Filipino,High Risk,Classroom Remediation,N/A,N/A,Filipino Diagnostic Assessment,23.2,27.7,,73.0,In Progress,Progressing,In Progress,Approved
CNHS-SYN-2526-0554,SY 2025-2026,Grade 9,Term 3,64.7,66.7,68.5,67.5,73.7,70.0,69.1,69.8,68.75,8,2,6,64.7,8,English,High Risk,Classroom Remediation,N/A,N/A,English Diagnostic Assessment,17.9,24.1,31.0,78.6,Improved,Improved,Completed,Approved
CNHS-SYN-2526-0555,SY 2025-2026,Grade 10,Term 1,90.8,96.7,98.3,93.2,87.8,88.9,97.5,86.8,92.5,0,0,0,86.8,8,Values Education,Low Risk,No Recommendation,N/A,Independent,Classroom Summative,,,,99.5,In Progress,Progressing,Active,Reviewed
CNHS-SYN-2526-0555,SY 2025-2026,Grade 10,Term 2,99.0,96.1,91.7,93.4,95.6,89.4,87.6,90.9,92.96,0,0,0,87.6,8,Tle,Low Risk,No Recommendation,N/A,Independent,Classroom Summative,,,,97.0,In Progress,Progressing,Active,Reviewed
CNHS-SYN-2526-0555,SY 2025-2026,Grade 10,Term 3,92.1,95.0,97.0,97.1,92.8,93.5,87.9,96.1,93.94,0,0,0,87.9,8,Tle,Low Risk,No Recommendation,N/A,Independent,Classroom Summative,,,,84.5,N/A,N/A,Active,Reviewed
CNHS-SYN-2526-0556,SY 2025-2026,Grade 7,Term 1,65.7,65.1,63.8,71.1,67.8,63.8,64.8,63.8,65.74,8,2,6,63.8,8,Mathematics,High Risk,Classroom Remediation,N/A,N/A,Mathematics Diagnostic Assessment,21.9,,,77.4,In Progress,Progressing,In Progress,Approved
CNHS-SYN-2526-0556,SY 2025-2026,Grade 7,Term 2,64.8,66.0,73.3,63.5,75.6,72.8,68.9,73.7,69.83,7,2,5,63.5,8,Science,High Risk,Classroom Remediation,N/A,N/A,Science Diagnostic Assessment,21.7,27.3,,74.5,In Progress,Progressing,In Progress,Approved
CNHS-SYN-2526-0556,SY 2025-2026,Grade 7,Term 3,65.7,68.7,71.9,65.7,72.0,65.1,60.4,66.0,66.94,8,2,6,60.4,8,Tle,High Risk,Classroom Remediation,N/A,N/A,Tle Diagnostic Assessment,15.3,20.2,26.2,78.1,Needs Further Intervention,Limited Improvement,Needs Further Support,Approved
CNHS-SYN-2526-0557,SY 2025-2026,Grade 8,Term 1,60.7,60.7,65.7,69.3,69.3,67.0,66.9,67.7,65.91,8,2,6,60.7,8,English,High Risk,Classroom Remediation,N/A,N/A,English Diagnostic Assessment,17.6,,,77.4,In Progress,Progressing,In Progress,Approved
CNHS-SYN-2526-0557,SY 2025-2026,Grade 8,Term 2,68.3,70.9,64.1,73.0,64.3,69.8,68.3,69.5,68.52,8,2,6,64.1,8,Mathematics,High Risk,Classroom Remediation,N/A,N/A,Mathematics Diagnostic Assessment,14.7,19.4,,78.9,In Progress,Progressing,In Progress,Approved
CNHS-SYN-2526-0557,SY 2025-2026,Grade 8,Term 3,69.6,65.0,72.6,67.5,68.8,65.3,69.8,69.3,68.49,8,2,6,65.0,8,Filipino,High Risk,Classroom Remediation,N/A,N/A,Filipino Diagnostic Assessment,23.6,30.0,37.7,85.0,Improved,Improved,Completed,Approved
CNHS-SYN-2526-0558,SY 2025-2026,Grade 9,Term 1,97.8,99.0,99.0,89.3,96.9,94.7,92.9,86.6,94.53,0,0,0,86.6,8,Values Education,Low Risk,No Recommendation,N/A,Independent,Classroom Summative,,,,90.5,In Progress,Progressing,Active,Reviewed
CNHS-SYN-2526-0558,SY 2025-2026,Grade 9,Term 2,89.2,93.7,99.0,91.4,94.0,89.4,94.9,95.7,93.41,0,0,0,89.2,8,English,Low Risk,No Recommendation,N/A,Independent,Classroom Summative,,,,89.0,In Progress,Progressing,Active,Reviewed
CNHS-SYN-2526-0558,SY 2025-2026,Grade 9,Term 3,90.0,97.1,97.1,93.5,93.2,95.0,95.0,91.7,94.07,0,0,0,90.0,8,English,Low Risk,No Recommendation,N/A,Independent,Classroom Summative,,,,91.8,N/A,N/A,Active,Reviewed
CNHS-SYN-2526-0559,SY 2025-2026,Grade 10,Term 1,80.3,84.1,73.1,83.1,77.2,87.8,79.2,72.9,79.71,2,0,2,72.9,8,Values Education,High Risk,Classroom Remediation,N/A,N/A,Values Education Diagnostic Assessment,21.2,,,81.6,In Progress,Progressing,In Progress,Approved
CNHS-SYN-2526-0559,SY 2025-2026,Grade 10,Term 2,77.1,77.6,72.6,84.7,72.9,78.5,79.7,77.7,77.6,2,0,2,72.6,8,Mathematics,High Risk,Classroom Remediation,N/A,N/A,Mathematics Diagnostic Assessment,16.5,20.9,,74.1,In Progress,Progressing,In Progress,Approved
CNHS-SYN-2526-0559,SY 2025-2026,Grade 10,Term 3,70.2,80.0,72.8,80.3,77.0,76.8,78.0,73.2,76.04,3,1,2,70.2,8,English,High Risk,Classroom Remediation,N/A,N/A,English Diagnostic Assessment,19.2,24.9,30.2,76.5,Improved,Improved,Completed,Approved
CNHS-SYN-2526-0560,SY 2025-2026,Grade 7,Term 1,89.5,90.2,98.1,92.1,80.9,86.0,86.4,89.8,89.12,0,0,0,80.9,8,Mapeh,Low Risk,No Recommendation,N/A,Independent,Classroom Summative,,,,89.9,In Progress,Progressing,Active,Reviewed
CNHS-SYN-2526-0560,SY 2025-2026,Grade 7,Term 2,82.9,85.5,86.3,86.2,82.7,91.4,89.3,81.7,85.75,0,0,0,81.7,8,Values Education,Low Risk,No Recommendation,N/A,Independent,Classroom Summative,,,,85.7,In Progress,Progressing,Active,Reviewed
CNHS-SYN-2526-0560,SY 2025-2026,Grade 7,Term 3,93.2,94.3,88.3,84.0,84.8,85.6,87.0,92.9,88.76,0,0,0,84.0,8,Science,Low Risk,No Recommendation,N/A,Independent,Classroom Summative,,,,95.9,N/A,N/A,Active,Reviewed
CNHS-SYN-2526-0561,SY 2025-2026,Grade 8,Term 1,62.6,68.6,74.3,73.7,73.6,64.1,76.9,65.3,69.89,7,2,5,62.6,8,English,High Risk,Classroom Remediation,N/A,N/A,English Diagnostic Assessment,17.0,,,72.5,In Progress,Progressing,In Progress,Approved
CNHS-SYN-2526-0561,SY 2025-2026,Grade 8,Term 2,68.5,69.4,66.7,73.1,65.5,74.0,68.0,71.9,69.64,8,2,6,65.5,8,Mapeh,High Risk,Classroom Remediation,N/A,N/A,Mapeh Diagnostic Assessment,23.4,29.7,,79.8,In Progress,Progressing,In Progress,Approved
CNHS-SYN-2526-0561,SY 2025-2026,Grade 8,Term 3,75.9,70.3,70.9,68.2,69.1,74.3,68.0,71.5,71.03,7,1,6,68.0,8,Tle,High Risk,Classroom Remediation,N/A,N/A,Tle Diagnostic Assessment,14.2,19.5,25.9,86.8,Needs Further Intervention,Limited Improvement,Needs Further Support,Approved
CNHS-SYN-2526-0562,SY 2025-2026,Grade 9,Term 1,74.7,70.9,88.1,71.2,78.0,78.0,78.9,76.5,77.04,3,2,1,70.9,8,Filipino,High Risk,Classroom Remediation,N/A,N/A,Filipino Diagnostic Assessment,21.9,,,77.7,In Progress,Progressing,In Progress,Approved
CNHS-SYN-2526-0562,SY 2025-2026,Grade 9,Term 2,71.1,84.4,79.9,77.6,74.3,72.8,80.2,76.2,77.06,3,1,2,71.1,8,English,High Risk,Classroom Remediation,N/A,N/A,English Diagnostic Assessment,20.0,25.0,,77.6,In Progress,Progressing,In Progress,Approved
CNHS-SYN-2526-0562,SY 2025-2026,Grade 9,Term 3,78.2,79.3,72.4,83.5,78.7,74.0,72.4,80.8,77.41,3,0,3,72.4,8,Mathematics,High Risk,Classroom Remediation,N/A,N/A,Mathematics Diagnostic Assessment,22.2,27.3,31.7,80.5,Improved,Improved,Completed,Approved
CNHS-SYN-2526-0563,SY 2025-2026,Grade 10,Term 1,64.9,72.1,62.3,64.5,61.3,62.2,60.0,67.2,64.31,8,2,6,60.0,8,Tle,High Risk,Classroom Remediation,N/A,N/A,Tle Diagnostic Assessment,17.0,,,77.8,In Progress,Progressing,In Progress,Approved
CNHS-SYN-2526-0563,SY 2025-2026,Grade 10,Term 2,66.7,66.0,60.7,60.4,67.7,60.1,60.0,66.0,63.45,8,2,6,60.0,8,Tle,High Risk,Classroom Remediation,N/A,N/A,Tle Diagnostic Assessment,20.6,24.7,,81.6,In Progress,Progressing,In Progress,Approved
CNHS-SYN-2526-0563,SY 2025-2026,Grade 10,Term 3,65.6,60.1,60.0,60.0,67.7,60.0,65.5,67.1,63.25,8,2,6,60.0,8,Mathematics,High Risk,Classroom Remediation,N/A,N/A,Mathematics Diagnostic Assessment,20.0,24.4,30.1,74.0,Improved,Improved,Completed,Approved
CNHS-SYN-2526-0564,SY 2025-2026,Grade 7,Term 1,81.5,79.0,84.4,74.4,82.1,80.9,86.3,86.7,81.91,1,0,1,74.4,8,Science,Moderate Risk,Classroom Remediation,N/A,N/A,Science Diagnostic Assessment,15.6,,,81.1,In Progress,Progressing,In Progress,Approved
CNHS-SYN-2526-0564,SY 2025-2026,Grade 7,Term 2,80.6,82.7,84.0,87.2,82.3,81.6,76.7,87.5,82.82,0,0,0,76.7,8,Tle,Moderate Risk,No Recommendation,N/A,Instructional,Classroom Summative,,,,92.5,In Progress,Progressing,Active,Reviewed
CNHS-SYN-2526-0564,SY 2025-2026,Grade 7,Term 3,82.2,83.3,83.3,84.7,87.6,,88.1,85.3,84.93,0,0,0,82.2,7,English,Low Risk,No Recommendation,N/A,Independent,Classroom Summative,,,,85.3,N/A,N/A,Active,Reviewed
CNHS-SYN-2526-0565,SY 2025-2026,Grade 8,Term 1,69.6,72.7,68.7,69.3,75.1,69.8,65.5,80.2,71.36,6,2,4,65.5,8,Tle,High Risk,Classroom Remediation,N/A,N/A,Tle Diagnostic Assessment,21.5,,,79.8,In Progress,Progressing,In Progress,Approved
CNHS-SYN-2526-0565,SY 2025-2026,Grade 8,Term 2,68.2,71.0,68.0,68.5,71.5,78.0,67.9,67.9,70.12,7,2,5,67.9,8,Tle,High Risk,Classroom Remediation,N/A,N/A,Tle Diagnostic Assessment,19.3,25.3,,80.3,In Progress,Progressing,In Progress,Approved
CNHS-SYN-2526-0565,SY 2025-2026,Grade 8,Term 3,66.4,74.0,73.2,72.9,72.7,74.3,71.6,66.3,71.42,8,2,6,66.3,8,Values Education,High Risk,Classroom Remediation,N/A,N/A,Values Education Diagnostic Assessment,23.3,29.1,34.8,86.8,Improved,Improved,Completed,Approved
CNHS-SYN-2526-0566,SY 2025-2026,Grade 9,Term 1,80.7,72.7,77.4,85.3,73.6,76.1,78.2,73.7,77.21,3,1,2,72.7,8,Filipino,High Risk,Classroom Remediation,N/A,N/A,Filipino Diagnostic Assessment,21.8,,,81.3,In Progress,Progressing,In Progress,Approved
CNHS-SYN-2526-0566,SY 2025-2026,Grade 9,Term 2,73.0,77.4,78.3,71.3,73.9,77.5,78.9,74.0,75.54,4,1,3,71.3,8,Science,High Risk,Classroom Remediation,N/A,N/A,Science Diagnostic Assessment,16.8,22.3,,76.1,In Progress,Progressing,In Progress,Approved
CNHS-SYN-2526-0566,SY 2025-2026,Grade 9,Term 3,78.1,74.6,77.9,78.0,85.6,74.8,75.5,73.5,77.25,3,1,2,73.5,8,Values Education,High Risk,Classroom Remediation,N/A,N/A,Values Education Diagnostic Assessment,16.1,22.5,28.4,79.5,Improved,Improved,Completed,Approved
CNHS-SYN-2526-0567,SY 2025-2026,Grade 10,Term 1,76.3,86.9,88.6,74.8,83.7,83.7,83.4,80.2,82.2,1,0,1,74.8,8,Science,Moderate Risk,Classroom Remediation,N/A,N/A,Science Diagnostic Assessment,17.2,,,71.1,In Progress,Progressing,In Progress,Approved
CNHS-SYN-2526-0567,SY 2025-2026,Grade 10,Term 2,83.2,77.6,85.5,74.1,80.7,80.1,81.2,83.6,80.75,1,0,1,74.1,8,Science,Moderate Risk,Classroom Remediation,N/A,N/A,Science Diagnostic Assessment,17.3,23.0,,88.5,In Progress,Progressing,In Progress,Approved
CNHS-SYN-2526-0567,SY 2025-2026,Grade 10,Term 3,87.0,80.2,80.7,81.2,84.0,78.7,79.4,73.9,80.64,1,0,1,73.9,8,Values Education,Moderate Risk,Classroom Remediation,N/A,N/A,Values Education Diagnostic Assessment,14.7,18.7,23.3,79.4,Needs Further Intervention,Limited Improvement,Needs Further Support,Approved
CNHS-SYN-2526-0568,SY 2025-2026,Grade 7,Term 1,69.3,70.4,66.7,64.5,66.0,75.1,68.7,68.1,68.6,7,2,5,64.5,8,Science,High Risk,Classroom Remediation,N/A,N/A,Science Diagnostic Assessment,14.0,,,75.4,In Progress,Progressing,In Progress,Approved
CNHS-SYN-2526-0568,SY 2025-2026,Grade 7,Term 2,64.2,70.1,66.7,69.5,69.2,62.7,68.5,71.7,67.83,8,2,6,62.7,8,Araling Panlipunan,High Risk,Classroom Remediation,N/A,N/A,Araling Panlipunan Diagnostic Assessment,17.4,22.4,,78.3,In Progress,Progressing,In Progress,Approved
CNHS-SYN-2526-0568,SY 2025-2026,Grade 7,Term 3,68.9,60.0,64.1,70.3,68.6,71.8,66.8,65.2,66.96,8,2,6,60.0,8,Filipino,High Risk,Classroom Remediation,N/A,N/A,Filipino Diagnostic Assessment,16.6,22.2,29.4,71.0,Improved,Improved,Completed,Approved
CNHS-SYN-2526-0569,SY 2025-2026,Grade 8,Term 1,77.5,76.2,81.2,85.1,79.3,75.4,79.5,85.5,79.96,0,0,0,75.4,8,Araling Panlipunan,Moderate Risk,No Recommendation,N/A,Instructional,Classroom Summative,,,,95.8,In Progress,Progressing,Active,Reviewed
CNHS-SYN-2526-0569,SY 2025-2026,Grade 8,Term 2,69.4,77.4,77.4,75.0,77.6,78.1,75.2,78.4,76.06,1,1,0,69.4,8,English,High Risk,No Recommendation,N/A,Instructional,Classroom Summative,,,,94.8,In Progress,Progressing,Active,Reviewed
CNHS-SYN-2526-0569,SY 2025-2026,Grade 8,Term 3,76.7,77.3,82.4,,77.7,69.3,79.7,74.0,76.73,2,0,2,69.3,7,Araling Panlipunan,High Risk,Classroom Remediation,N/A,N/A,Araling Panlipunan Diagnostic Assessment,18.7,24.1,31.0,71.4,Improved,Improved,Completed,Approved
CNHS-SYN-2526-0570,SY 2025-2026,Grade 9,Term 1,68.5,61.1,62.3,65.0,66.7,70.3,66.3,67.8,66.0,8,2,6,61.1,8,Filipino,High Risk,Classroom Remediation,N/A,N/A,Filipino Diagnostic Assessment,16.1,,,82.9,In Progress,Progressing,In Progress,Approved
CNHS-SYN-2526-0570,SY 2025-2026,Grade 9,Term 2,67.7,73.3,67.5,60.0,68.0,65.3,73.1,71.4,68.29,8,2,6,60.0,8,Science,High Risk,Classroom Remediation,N/A,N/A,Science Diagnostic Assessment,17.6,23.7,,77.6,In Progress,Progressing,In Progress,Approved
CNHS-SYN-2526-0570,SY 2025-2026,Grade 9,Term 3,71.6,60.0,68.0,71.9,67.2,70.2,68.0,64.4,67.66,8,2,6,60.0,8,Filipino,High Risk,Classroom Remediation,N/A,N/A,Filipino Diagnostic Assessment,14.6,19.2,24.1,78.6,Needs Further Intervention,Limited Improvement,Needs Further Support,Approved
CNHS-SYN-2526-0571,SY 2025-2026,Grade 10,Term 1,89.4,85.1,91.5,91.2,95.9,92.8,83.1,90.5,89.94,0,0,0,83.1,8,Tle,Low Risk,No Recommendation,N/A,Independent,Classroom Summative,,,,87.4,In Progress,Progressing,Active,Reviewed
CNHS-SYN-2526-0571,SY 2025-2026,Grade 10,Term 2,90.5,97.0,94.4,83.0,87.1,89.0,80.2,80.3,87.69,0,0,0,80.2,8,Tle,Low Risk,No Recommendation,N/A,Independent,Classroom Summative,,,,92.7,In Progress,Progressing,Active,Reviewed
CNHS-SYN-2526-0571,SY 2025-2026,Grade 10,Term 3,82.0,90.9,93.9,86.2,87.3,89.4,88.8,80.4,87.36,0,0,0,80.4,8,Values Education,Low Risk,No Recommendation,N/A,Independent,Classroom Summative,,,,90.4,N/A,N/A,Active,Reviewed
CNHS-SYN-2526-0572,SY 2025-2026,Grade 7,Term 1,89.1,94.5,88.1,91.6,93.7,93.1,88.9,93.2,91.53,0,0,0,88.1,8,Mathematics,Low Risk,No Recommendation,N/A,Independent,Classroom Summative,,,,100.0,In Progress,Progressing,Active,Reviewed
CNHS-SYN-2526-0572,SY 2025-2026,Grade 7,Term 2,90.9,94.5,89.3,90.2,90.4,84.5,84.4,87.4,88.95,0,0,0,84.4,8,Tle,Low Risk,No Recommendation,N/A,Independent,Classroom Summative,,,,84.7,In Progress,Progressing,Active,Reviewed
CNHS-SYN-2526-0572,SY 2025-2026,Grade 7,Term 3,88.5,95.2,85.8,93.2,83.7,84.5,87.6,95.7,89.28,0,0,0,83.7,8,Mapeh,Low Risk,No Recommendation,N/A,Independent,Classroom Summative,,,,85.1,N/A,N/A,Active,Reviewed
CNHS-SYN-2526-0573,SY 2025-2026,Grade 8,Term 1,80.3,79.9,79.5,76.3,80.0,74.7,84.9,75.4,78.88,1,0,1,74.7,8,Araling Panlipunan,Moderate Risk,Classroom Remediation,N/A,N/A,Araling Panlipunan Diagnostic Assessment,17.3,,,92.9,In Progress,Progressing,In Progress,Approved
CNHS-SYN-2526-0573,SY 2025-2026,Grade 8,Term 2,80.0,76.8,76.5,73.5,78.8,86.9,80.8,83.1,79.55,1,0,1,73.5,8,Science,Moderate Risk,Classroom Remediation,N/A,N/A,Science Diagnostic Assessment,21.7,27.3,,80.0,In Progress,Progressing,In Progress,Approved
CNHS-SYN-2526-0573,SY 2025-2026,Grade 8,Term 3,82.5,82.2,77.7,83.9,78.5,78.1,85.3,75.1,80.41,0,0,0,75.1,8,Values Education,Moderate Risk,No Recommendation,N/A,Instructional,Classroom Summative,,,,88.5,N/A,N/A,Active,Reviewed
CNHS-SYN-2526-0574,SY 2025-2026,Grade 9,Term 1,83.5,82.9,78.6,90.7,82.3,77.6,92.8,84.5,84.11,0,0,0,77.6,8,Araling Panlipunan,Low Risk,No Recommendation,N/A,Independent,Classroom Summative,,,,98.7,In Progress,Progressing,Active,Reviewed
CNHS-SYN-2526-0574,SY 2025-2026,Grade 9,Term 2,85.8,87.3,82.2,85.9,82.8,82.8,83.4,81.3,83.94,0,0,0,81.3,8,Values Education,Low Risk,No Recommendation,N/A,Independent,Classroom Summative,,,,94.0,In Progress,Progressing,Active,Reviewed
CNHS-SYN-2526-0574,SY 2025-2026,Grade 9,Term 3,86.6,85.9,90.0,87.1,82.1,84.7,88.6,79.1,85.51,0,0,0,79.1,8,Values Education,Low Risk,No Recommendation,N/A,Independent,Classroom Summative,,,,88.9,N/A,N/A,Active,Reviewed
CNHS-SYN-2526-0575,SY 2025-2026,Grade 10,Term 1,66.3,60.0,60.5,,73.4,63.6,70.3,69.4,66.21,7,2,5,60.0,7,Filipino,High Risk,Classroom Remediation,N/A,N/A,Filipino Diagnostic Assessment,21.3,,,71.7,In Progress,Progressing,In Progress,Approved
CNHS-SYN-2526-0575,SY 2025-2026,Grade 10,Term 2,60.0,67.3,68.4,65.7,73.9,73.8,68.0,60.4,67.19,8,2,6,60.0,8,English,High Risk,Classroom Remediation,N/A,N/A,English Diagnostic Assessment,14.7,20.6,,72.0,In Progress,Progressing,In Progress,Approved
CNHS-SYN-2526-0575,SY 2025-2026,Grade 10,Term 3,60.0,63.3,60.0,65.0,69.0,63.4,61.9,66.0,63.58,8,2,6,60.0,8,English,High Risk,Classroom Remediation,N/A,N/A,English Diagnostic Assessment,21.7,26.3,30.9,76.3,Improved,Improved,Completed,Approved
CNHS-SYN-2526-0576,SY 2025-2026,Grade 7,Term 1,90.2,93.6,90.9,91.2,93.7,89.1,89.5,89.2,90.93,0,0,0,89.1,8,Araling Panlipunan,Low Risk,No Recommendation,N/A,Independent,Classroom Summative,,,,92.7,In Progress,Progressing,Active,Reviewed
CNHS-SYN-2526-0576,SY 2025-2026,Grade 7,Term 2,91.2,98.7,99.0,88.9,92.3,95.3,90.1,87.2,92.84,0,0,0,87.2,8,Values Education,Low Risk,No Recommendation,N/A,Independent,Classroom Summative,,,,94.7,In Progress,Progressing,Active,Reviewed
CNHS-SYN-2526-0576,SY 2025-2026,Grade 7,Term 3,94.0,98.5,95.1,90.9,87.2,89.2,95.9,93.9,93.09,0,0,0,87.2,8,Mapeh,Low Risk,No Recommendation,N/A,Independent,Classroom Summative,,,,99.1,N/A,N/A,Active,Reviewed
CNHS-SYN-2526-0577,SY 2025-2026,Grade 8,Term 1,64.9,62.1,62.4,65.8,63.0,60.4,67.1,63.7,63.67,8,2,6,60.4,8,Araling Panlipunan,High Risk,Classroom Remediation,N/A,N/A,Araling Panlipunan Diagnostic Assessment,16.6,,,86.7,In Progress,Progressing,In Progress,Approved
CNHS-SYN-2526-0577,SY 2025-2026,Grade 8,Term 2,64.6,70.3,61.4,69.0,64.3,63.6,74.4,62.8,66.3,8,2,6,61.4,8,Mathematics,High Risk,Classroom Remediation,N/A,N/A,Mathematics Diagnostic Assessment,14.6,21.5,,73.7,In Progress,Progressing,In Progress,Approved
CNHS-SYN-2526-0577,SY 2025-2026,Grade 8,Term 3,62.0,60.0,67.9,60.0,65.3,64.6,69.2,67.3,64.54,8,2,6,60.0,8,Filipino,High Risk,Classroom Remediation,N/A,N/A,Filipino Diagnostic Assessment,20.0,24.5,32.3,83.1,Improved,Improved,Completed,Approved
CNHS-SYN-2526-0578,SY 2025-2026,Grade 9,Term 1,67.3,73.8,65.6,67.3,67.0,70.3,60.3,68.2,67.47,8,2,6,60.3,8,Tle,High Risk,Classroom Remediation,N/A,N/A,Tle Diagnostic Assessment,19.8,,,79.7,In Progress,Progressing,In Progress,Approved
CNHS-SYN-2526-0578,SY 2025-2026,Grade 9,Term 2,60.0,60.0,65.6,65.6,69.2,67.6,73.4,64.4,65.72,8,2,6,60.0,8,English,High Risk,Classroom Remediation,N/A,N/A,English Diagnostic Assessment,18.1,24.1,,65.9,In Progress,Progressing,In Progress,Approved
CNHS-SYN-2526-0578,SY 2025-2026,Grade 9,Term 3,66.0,65.0,70.1,71.7,69.7,70.0,74.2,73.4,70.01,8,2,6,65.0,8,Filipino,High Risk,Classroom Remediation,N/A,N/A,Filipino Diagnostic Assessment,16.2,20.9,27.1,77.9,Needs Further Intervention,Limited Improvement,Needs Further Support,Approved
CNHS-SYN-2526-0579,SY 2025-2026,Grade 10,Term 1,64.2,61.3,63.8,67.5,69.8,64.4,70.5,62.6,65.51,8,2,6,61.3,8,Filipino,High Risk,Classroom Remediation,N/A,N/A,Filipino Diagnostic Assessment,19.6,,,71.7,In Progress,Progressing,In Progress,Approved
CNHS-SYN-2526-0579,SY 2025-2026,Grade 10,Term 2,61.1,64.9,66.4,66.9,65.7,62.0,64.1,60.8,63.99,8,2,6,60.8,8,Values Education,High Risk,Classroom Remediation,N/A,N/A,Values Education Diagnostic Assessment,20.7,25.5,,82.4,In Progress,Progressing,In Progress,Approved
CNHS-SYN-2526-0579,SY 2025-2026,Grade 10,Term 3,64.8,70.0,60.0,65.6,65.1,69.5,61.2,72.8,66.12,8,2,6,60.0,8,Mathematics,High Risk,Classroom Remediation,N/A,N/A,Mathematics Diagnostic Assessment,21.4,26.9,32.7,81.3,Improved,Improved,Completed,Approved
CNHS-SYN-2526-0580,SY 2025-2026,Grade 7,Term 1,79.1,84.2,71.3,76.4,76.1,85.2,86.5,79.2,79.75,1,0,1,71.3,8,Mathematics,Moderate Risk,Classroom Remediation,N/A,N/A,Mathematics Diagnostic Assessment,18.3,,,72.9,In Progress,Progressing,In Progress,Approved
CNHS-SYN-2526-0580,SY 2025-2026,Grade 7,Term 2,77.4,82.6,76.8,81.9,82.7,70.5,68.8,82.1,77.85,2,0,2,68.8,8,Tle,High Risk,Classroom Remediation,N/A,N/A,Tle Diagnostic Assessment,17.1,23.5,,82.4,In Progress,Progressing,In Progress,Approved
CNHS-SYN-2526-0580,SY 2025-2026,Grade 7,Term 3,76.8,81.9,75.1,78.5,78.3,74.0,74.5,86.4,78.19,2,0,2,74.0,8,Araling Panlipunan,High Risk,Classroom Remediation,N/A,N/A,Araling Panlipunan Diagnostic Assessment,19.8,25.5,32.1,81.4,Improved,Improved,Completed,Approved
CNHS-SYN-2526-0581,SY 2025-2026,Grade 8,Term 1,75.5,70.2,64.7,72.1,67.0,71.7,69.8,67.4,69.8,7,1,6,64.7,8,Mathematics,High Risk,Classroom Remediation,N/A,N/A,Mathematics Diagnostic Assessment,24.0,,,75.8,In Progress,Progressing,In Progress,Approved
CNHS-SYN-2526-0581,SY 2025-2026,Grade 8,Term 2,66.1,70.4,64.9,66.3,70.6,70.5,69.0,67.1,68.11,8,2,6,64.9,8,Mathematics,High Risk,Classroom Remediation,N/A,N/A,Mathematics Diagnostic Assessment,17.1,23.2,,89.1,In Progress,Progressing,In Progress,Approved
CNHS-SYN-2526-0581,SY 2025-2026,Grade 8,Term 3,73.9,76.3,65.2,77.4,71.6,74.6,72.5,69.3,72.6,6,1,5,65.2,8,Mathematics,High Risk,Classroom Remediation,N/A,N/A,Mathematics Diagnostic Assessment,19.8,26.4,32.4,82.4,Improved,Improved,Completed,Approved
CNHS-SYN-2526-0582,SY 2025-2026,Grade 9,Term 1,70.8,70.4,66.6,75.9,73.7,73.3,80.5,74.2,73.17,6,2,4,66.6,8,Mathematics,High Risk,Classroom Remediation,N/A,N/A,Mathematics Diagnostic Assessment,15.4,,,79.2,In Progress,Progressing,In Progress,Approved
CNHS-SYN-2526-0582,SY 2025-2026,Grade 9,Term 2,60.5,72.3,70.6,71.4,71.9,67.3,77.8,70.9,70.34,7,2,5,60.5,8,English,High Risk,Classroom Remediation,N/A,N/A,English Diagnostic Assessment,23.6,29.5,,75.7,In Progress,Progressing,In Progress,Approved
CNHS-SYN-2526-0582,SY 2025-2026,Grade 9,Term 3,71.2,76.6,71.2,72.1,75.7,72.4,73.9,72.9,73.25,6,1,5,71.2,8,English,High Risk,Classroom Remediation,N/A,N/A,English Diagnostic Assessment,19.6,25.0,31.7,85.5,Improved,Improved,Completed,Approved
CNHS-SYN-2526-0583,SY 2025-2026,Grade 10,Term 1,66.5,78.9,65.6,76.1,76.5,72.1,70.1,70.3,72.01,5,1,4,65.6,8,Mathematics,High Risk,Classroom Remediation,N/A,N/A,Mathematics Diagnostic Assessment,21.2,,,76.6,In Progress,Progressing,In Progress,Approved
CNHS-SYN-2526-0583,SY 2025-2026,Grade 10,Term 2,60.0,69.0,71.1,67.4,74.1,63.6,70.0,69.4,68.08,8,2,6,60.0,8,English,High Risk,Classroom Remediation,N/A,N/A,English Diagnostic Assessment,21.7,27.6,,77.5,In Progress,Progressing,In Progress,Approved
CNHS-SYN-2526-0583,SY 2025-2026,Grade 10,Term 3,71.0,63.2,75.9,67.4,70.9,72.2,68.8,75.5,70.61,6,2,4,63.2,8,Filipino,High Risk,Classroom Remediation,N/A,N/A,Filipino Diagnostic Assessment,20.5,25.1,30.8,75.2,Improved,Improved,Completed,Approved
CNHS-SYN-2526-0584,SY 2025-2026,Grade 7,Term 1,88.9,94.4,91.6,86.0,85.7,95.5,86.6,90.6,89.91,0,0,0,85.7,8,Mapeh,Low Risk,No Recommendation,N/A,Independent,Classroom Summative,,,,94.2,In Progress,Progressing,Active,Reviewed
CNHS-SYN-2526-0584,SY 2025-2026,Grade 7,Term 2,86.9,85.8,98.1,85.3,87.3,91.0,88.6,91.8,89.35,0,0,0,85.3,8,Science,Low Risk,No Recommendation,N/A,Independent,Classroom Summative,,,,91.2,In Progress,Progressing,Active,Reviewed
CNHS-SYN-2526-0584,SY 2025-2026,Grade 7,Term 3,92.6,92.6,88.4,85.4,90.3,84.2,94.6,90.1,89.78,0,0,0,84.2,8,Araling Panlipunan,Low Risk,No Recommendation,N/A,Independent,Classroom Summative,,,,87.8,N/A,N/A,Active,Reviewed
CNHS-SYN-2526-0585,SY 2025-2026,Grade 8,Term 1,63.8,64.4,65.4,65.8,69.3,70.4,65.9,66.1,66.39,8,2,6,63.8,8,English,High Risk,Classroom Remediation,N/A,N/A,English Diagnostic Assessment,19.6,,,81.4,In Progress,Progressing,In Progress,Approved
CNHS-SYN-2526-0585,SY 2025-2026,Grade 8,Term 2,60.0,68.7,60.6,61.6,62.5,71.1,60.4,61.8,63.34,8,2,6,60.0,8,English,High Risk,Classroom Remediation,N/A,N/A,English Diagnostic Assessment,14.8,20.6,,69.6,In Progress,Progressing,In Progress,Approved
CNHS-SYN-2526-0585,SY 2025-2026,Grade 8,Term 3,62.6,65.1,67.6,60.0,60.0,64.4,76.0,68.4,65.51,7,2,5,60.0,8,Science,High Risk,Classroom Remediation,N/A,N/A,Science Diagnostic Assessment,22.3,29.2,34.7,77.5,Improved,Improved,Completed,Approved
CNHS-SYN-2526-0586,SY 2025-2026,Grade 9,Term 1,94.4,85.3,86.7,86.2,89.2,82.9,90.3,84.0,87.38,0,0,0,82.9,8,Araling Panlipunan,Low Risk,No Recommendation,N/A,Independent,Classroom Summative,,,,98.6,In Progress,Progressing,Active,Reviewed
CNHS-SYN-2526-0586,SY 2025-2026,Grade 9,Term 2,85.0,91.7,91.8,87.6,85.9,94.8,86.3,87.2,88.79,0,0,0,85.0,8,English,Low Risk,No Recommendation,N/A,Independent,Classroom Summative,,,,92.6,In Progress,Progressing,Active,Reviewed
CNHS-SYN-2526-0586,SY 2025-2026,Grade 9,Term 3,92.7,87.7,79.4,88.4,82.0,89.3,86.3,90.1,86.99,0,0,0,79.4,8,Mathematics,Low Risk,No Recommendation,N/A,Independent,Classroom Summative,,,,89.9,N/A,N/A,Active,Reviewed
CNHS-SYN-2526-0587,SY 2025-2026,Grade 10,Term 1,69.9,67.2,65.8,69.8,69.7,66.8,69.6,71.4,68.78,8,2,6,65.8,8,Mathematics,High Risk,Classroom Remediation,N/A,N/A,Mathematics Diagnostic Assessment,15.5,,,80.8,In Progress,Progressing,In Progress,Approved
CNHS-SYN-2526-0587,SY 2025-2026,Grade 10,Term 2,63.8,62.1,66.4,66.8,64.5,61.9,60.6,71.4,64.69,8,2,6,60.6,8,Tle,High Risk,Classroom Remediation,N/A,N/A,Tle Diagnostic Assessment,20.0,26.0,,77.4,In Progress,Progressing,In Progress,Approved
CNHS-SYN-2526-0587,SY 2025-2026,Grade 10,Term 3,65.7,65.8,64.8,63.5,71.5,74.8,75.1,66.2,68.43,7,2,5,63.5,8,Science,High Risk,Classroom Remediation,N/A,N/A,Science Diagnostic Assessment,21.9,27.8,32.3,73.0,Improved,Improved,Completed,Approved
CNHS-SYN-2526-0588,SY 2025-2026,Grade 7,Term 1,79.7,76.3,81.4,83.3,83.4,77.7,74.6,75.9,79.04,1,0,1,74.6,8,Tle,Moderate Risk,Classroom Remediation,N/A,N/A,Tle Diagnostic Assessment,21.3,,,80.5,In Progress,Progressing,In Progress,Approved
CNHS-SYN-2526-0588,SY 2025-2026,Grade 7,Term 2,73.0,76.4,70.7,83.2,78.5,81.4,79.4,81.0,77.95,2,1,1,70.7,8,Mathematics,High Risk,Classroom Remediation,N/A,N/A,Mathematics Diagnostic Assessment,15.7,22.0,,80.2,In Progress,Progressing,In Progress,Approved
CNHS-SYN-2526-0588,SY 2025-2026,Grade 7,Term 3,91.3,86.8,71.2,78.5,77.5,84.2,77.9,81.0,81.05,1,0,1,71.2,8,Mathematics,Moderate Risk,Classroom Remediation,N/A,N/A,Mathematics Diagnostic Assessment,20.1,24.4,28.9,73.0,Improved,Improved,Completed,Approved
CNHS-SYN-2526-0589,SY 2025-2026,Grade 8,Term 1,74.8,76.3,84.6,81.8,82.4,79.8,83.2,76.4,79.91,1,1,0,74.8,8,English,Moderate Risk,No Recommendation,N/A,Instructional,Classroom Summative,,,,93.6,In Progress,Progressing,Active,Reviewed
CNHS-SYN-2526-0589,SY 2025-2026,Grade 8,Term 2,76.9,77.9,79.5,84.9,85.1,77.4,72.9,77.0,78.95,1,0,1,72.9,8,Tle,Moderate Risk,Classroom Remediation,N/A,N/A,Tle Diagnostic Assessment,23.9,30.3,,74.2,In Progress,Progressing,In Progress,Approved
CNHS-SYN-2526-0589,SY 2025-2026,Grade 8,Term 3,72.1,78.5,80.0,83.1,81.9,82.3,73.7,77.4,78.62,2,1,1,72.1,8,English,High Risk,Classroom Remediation,N/A,N/A,English Diagnostic Assessment,14.4,20.6,24.8,75.1,Needs Further Intervention,Limited Improvement,Needs Further Support,Approved
CNHS-SYN-2526-0590,SY 2025-2026,Grade 9,Term 1,72.2,83.2,76.8,79.7,79.7,77.3,76.0,77.5,77.8,1,1,0,72.2,8,English,Moderate Risk,No Recommendation,N/A,Instructional,Classroom Summative,,,,99.8,In Progress,Progressing,Active,Reviewed
CNHS-SYN-2526-0590,SY 2025-2026,Grade 9,Term 2,75.5,82.1,83.5,80.5,78.5,79.8,81.3,79.4,80.08,0,0,0,75.5,8,English,Moderate Risk,No Recommendation,N/A,Instructional,Classroom Summative,,,,84.7,In Progress,Progressing,Active,Reviewed
CNHS-SYN-2526-0590,SY 2025-2026,Grade 9,Term 3,83.5,66.9,80.2,78.1,79.7,74.5,80.4,79.8,77.89,2,1,1,66.9,8,Filipino,High Risk,Classroom Remediation,N/A,N/A,Filipino Diagnostic Assessment,16.6,21.6,26.6,83.1,Needs Further Intervention,Limited Improvement,Needs Further Support,Approved
CNHS-SYN-2526-0591,SY 2025-2026,Grade 10,Term 1,87.2,83.0,84.2,88.6,87.2,79.2,87.4,81.0,84.72,0,0,0,79.2,8,Araling Panlipunan,Low Risk,No Recommendation,N/A,Independent,Classroom Summative,,,,88.8,In Progress,Progressing,Active,Reviewed
CNHS-SYN-2526-0591,SY 2025-2026,Grade 10,Term 2,85.0,84.0,92.8,87.0,90.4,96.9,85.6,91.4,89.14,0,0,0,84.0,8,Filipino,Low Risk,No Recommendation,N/A,Independent,Classroom Summative,,,,97.0,In Progress,Progressing,Active,Reviewed
CNHS-SYN-2526-0591,SY 2025-2026,Grade 10,Term 3,82.9,86.1,88.9,88.1,80.3,81.9,87.8,83.9,84.99,0,0,0,80.3,8,Mapeh,Low Risk,No Recommendation,N/A,Independent,Classroom Summative,,,,91.7,N/A,N/A,Active,Reviewed
CNHS-SYN-2526-0592,SY 2025-2026,Grade 7,Term 1,73.9,75.3,79.8,75.2,75.8,71.3,77.2,78.7,75.9,2,1,1,71.3,8,Araling Panlipunan,High Risk,Classroom Remediation,N/A,N/A,Araling Panlipunan Diagnostic Assessment,14.8,,,81.9,In Progress,Progressing,In Progress,Approved
CNHS-SYN-2526-0592,SY 2025-2026,Grade 7,Term 2,69.3,76.6,79.0,78.1,75.6,78.7,81.5,76.9,76.96,1,1,0,69.3,8,English,High Risk,No Recommendation,N/A,Instructional,Classroom Summative,,,,96.6,In Progress,Progressing,Active,Reviewed
CNHS-SYN-2526-0592,SY 2025-2026,Grade 7,Term 3,78.5,76.8,68.2,76.1,73.8,72.5,76.8,75.2,74.74,3,0,3,68.2,8,Mathematics,High Risk,Classroom Remediation,N/A,N/A,Mathematics Diagnostic Assessment,22.3,26.8,31.5,74.9,Improved,Improved,Completed,Approved
CNHS-SYN-2526-0593,SY 2025-2026,Grade 8,Term 1,82.9,79.4,65.4,77.6,81.4,78.8,75.6,77.0,77.26,1,0,1,65.4,8,Mathematics,High Risk,Classroom Remediation,N/A,N/A,Mathematics Diagnostic Assessment,21.9,,,86.2,In Progress,Progressing,In Progress,Approved
CNHS-SYN-2526-0593,SY 2025-2026,Grade 8,Term 2,77.2,83.2,88.3,75.3,72.5,76.2,81.7,82.2,79.58,1,0,1,72.5,8,Mapeh,Moderate Risk,Classroom Remediation,N/A,N/A,Mapeh Diagnostic Assessment,14.0,20.8,,65.5,In Progress,Progressing,In Progress,Approved
CNHS-SYN-2526-0593,SY 2025-2026,Grade 8,Term 3,76.9,72.4,79.0,69.8,74.3,78.4,78.8,77.1,75.84,3,1,2,69.8,8,Science,High Risk,Classroom Remediation,N/A,N/A,Science Diagnostic Assessment,17.7,22.7,30.7,86.8,Improved,Improved,Completed,Approved
CNHS-SYN-2526-0594,SY 2025-2026,Grade 9,Term 1,64.5,72.0,72.3,68.6,67.1,67.7,70.1,74.4,69.59,8,2,6,64.5,8,English,High Risk,Classroom Remediation,N/A,N/A,English Diagnostic Assessment,14.9,,,83.1,In Progress,Progressing,In Progress,Approved
CNHS-SYN-2526-0594,SY 2025-2026,Grade 9,Term 2,70.1,61.1,66.2,69.9,72.2,76.2,71.0,77.6,70.54,6,2,4,61.1,8,Filipino,High Risk,Classroom Remediation,N/A,N/A,Filipino Diagnostic Assessment,14.7,21.5,,83.8,In Progress,Progressing,In Progress,Approved
CNHS-SYN-2526-0594,SY 2025-2026,Grade 9,Term 3,60.0,64.7,75.1,69.5,75.1,79.6,71.1,75.4,71.31,4,2,2,60.0,8,English,High Risk,Classroom Remediation,N/A,N/A,English Diagnostic Assessment,20.5,25.3,32.6,83.9,Improved,Improved,Completed,Approved
CNHS-SYN-2526-0595,SY 2025-2026,Grade 10,Term 1,84.0,80.3,86.5,76.9,76.9,83.7,75.8,80.7,80.6,0,0,0,75.8,8,Tle,Moderate Risk,No Recommendation,N/A,Instructional,Classroom Summative,,,,84.9,In Progress,Progressing,Active,Reviewed
CNHS-SYN-2526-0595,SY 2025-2026,Grade 10,Term 2,80.9,84.1,79.1,76.6,79.2,76.9,80.6,79.2,79.58,0,0,0,76.6,8,Science,Moderate Risk,No Recommendation,N/A,Instructional,Classroom Summative,,,,93.9,In Progress,Progressing,Active,Reviewed
CNHS-SYN-2526-0595,SY 2025-2026,Grade 10,Term 3,85.6,80.6,84.5,86.6,77.9,81.4,78.6,,82.17,0,0,0,77.9,7,Mapeh,Moderate Risk,No Recommendation,N/A,Instructional,Classroom Summative,,,,93.9,N/A,N/A,Active,Reviewed
CNHS-SYN-2526-0596,SY 2025-2026,Grade 7,Term 1,86.2,85.8,92.2,86.3,88.0,86.8,89.6,91.7,88.33,0,0,0,85.8,8,Filipino,Low Risk,No Recommendation,N/A,Independent,Classroom Summative,,,,90.1,In Progress,Progressing,Active,Reviewed
CNHS-SYN-2526-0596,SY 2025-2026,Grade 7,Term 2,92.6,84.1,84.8,87.0,91.7,82.9,91.1,87.3,87.69,0,0,0,82.9,8,Araling Panlipunan,Low Risk,No Recommendation,N/A,Independent,Classroom Summative,,,,96.4,In Progress,Progressing,Active,Reviewed
CNHS-SYN-2526-0596,SY 2025-2026,Grade 7,Term 3,84.6,96.9,87.0,88.2,93.7,88.3,92.3,79.7,88.84,0,0,0,79.7,8,Values Education,Low Risk,No Recommendation,N/A,Independent,Classroom Summative,,,,93.6,N/A,N/A,Active,Reviewed
CNHS-SYN-2526-0597,SY 2025-2026,Grade 8,Term 1,96.8,86.3,99.0,89.9,94.5,94.0,93.4,88.8,92.84,0,0,0,86.3,8,Filipino,Low Risk,No Recommendation,N/A,Independent,Classroom Summative,,,,88.0,In Progress,Progressing,Active,Reviewed
CNHS-SYN-2526-0597,SY 2025-2026,Grade 8,Term 2,98.2,89.1,91.9,94.9,89.1,91.1,93.6,94.4,92.79,0,0,0,89.1,8,Filipino,Low Risk,No Recommendation,N/A,Independent,Classroom Summative,,,,92.6,In Progress,Progressing,Active,Reviewed
CNHS-SYN-2526-0597,SY 2025-2026,Grade 8,Term 3,96.5,89.8,96.2,90.4,93.8,96.1,92.6,96.9,94.04,0,0,0,89.8,8,Filipino,Low Risk,No Recommendation,N/A,Independent,Classroom Summative,,,,95.6,N/A,N/A,Active,Reviewed
CNHS-SYN-2526-0598,SY 2025-2026,Grade 9,Term 1,90.1,92.4,93.5,93.8,89.2,99.0,92.0,92.4,92.8,0,0,0,89.2,8,Mapeh,Low Risk,No Recommendation,N/A,Independent,Classroom Summative,,,,88.0,In Progress,Progressing,Active,Reviewed
CNHS-SYN-2526-0598,SY 2025-2026,Grade 9,Term 2,92.7,93.3,93.5,99.0,91.9,92.1,95.7,91.7,93.74,0,0,0,91.7,8,Values Education,Low Risk,No Recommendation,N/A,Independent,Classroom Summative,,,,86.9,In Progress,Progressing,Active,Reviewed
CNHS-SYN-2526-0598,SY 2025-2026,Grade 9,Term 3,88.1,93.7,92.9,89.2,92.9,93.3,89.6,90.3,91.25,0,0,0,88.1,8,English,Low Risk,No Recommendation,N/A,Independent,Classroom Summative,,,,87.9,N/A,N/A,Active,Reviewed
CNHS-SYN-2526-0599,SY 2025-2026,Grade 10,Term 1,93.7,91.9,90.5,88.4,92.0,99.0,94.8,87.2,92.19,0,0,0,87.2,8,Values Education,Low Risk,No Recommendation,N/A,Independent,Classroom Summative,,,,89.0,In Progress,Progressing,Active,Reviewed
CNHS-SYN-2526-0599,SY 2025-2026,Grade 10,Term 2,93.8,91.5,99.0,88.0,93.8,89.8,95.5,93.7,93.14,0,0,0,88.0,8,Science,Low Risk,No Recommendation,N/A,Independent,Classroom Summative,,,,94.9,In Progress,Progressing,Active,Reviewed
CNHS-SYN-2526-0599,SY 2025-2026,Grade 10,Term 3,91.1,99.0,96.4,90.3,93.3,95.0,94.9,94.5,94.31,0,0,0,90.3,8,Science,Low Risk,No Recommendation,N/A,Independent,Classroom Summative,,,,95.5,N/A,N/A,Active,Reviewed
CNHS-SYN-2526-0600,SY 2025-2026,Grade 7,Term 1,79.6,79.7,76.6,78.1,70.1,85.0,83.6,72.2,78.11,2,0,2,70.1,8,Mapeh,High Risk,Classroom Remediation,N/A,N/A,Mapeh Diagnostic Assessment,22.8,,,69.3,In Progress,Progressing,In Progress,Approved
CNHS-SYN-2526-0600,SY 2025-2026,Grade 7,Term 2,79.4,79.8,78.2,73.4,80.7,83.1,80.5,77.9,79.12,1,0,1,73.4,8,Science,Moderate Risk,Classroom Remediation,N/A,N/A,Science Diagnostic Assessment,23.9,28.1,,88.1,In Progress,Progressing,In Progress,Approved
CNHS-SYN-2526-0600,SY 2025-2026,Grade 7,Term 3,81.0,81.8,79.9,74.6,75.4,77.8,82.7,79.8,79.12,1,0,1,74.6,8,Science,Moderate Risk,Classroom Remediation,N/A,N/A,Science Diagnostic Assessment,17.4,23.2,28.7,65.5,Improved,Improved,Completed,Approved
CNHS-SYN-2627-0001,SY 2026-2027,Grade 8,Term 1,95.9,91.6,92.7,91.6,91.9,97.0,84.4,90.3,91.93,0,0,0,84.4,8,Tle,Low Risk,No Recommendation,N/A,Independent,Classroom Summative,,,,94.2,In Progress,Progressing,Active,Reviewed
CNHS-SYN-2627-0001,SY 2026-2027,Grade 8,Term 2,90.5,90.0,97.0,90.3,99.0,92.6,89.5,92.7,92.7,0,0,0,89.5,8,Tle,Low Risk,No Recommendation,N/A,Independent,Classroom Summative,,,,98.7,In Progress,Progressing,Active,Reviewed
CNHS-SYN-2627-0001,SY 2026-2027,Grade 8,Term 3,87.6,85.2,92.5,93.8,91.7,93.1,92.6,85.0,90.19,0,0,0,85.0,8,Values Education,Low Risk,No Recommendation,N/A,Independent,Classroom Summative,,,,98.6,N/A,N/A,Active,Reviewed
CNHS-SYN-2627-0002,SY 2026-2027,Grade 9,Term 1,87.4,73.2,82.5,77.9,83.3,83.6,80.5,83.8,81.53,1,1,0,73.2,8,Filipino,Moderate Risk,No Recommendation,N/A,Instructional,Classroom Summative,,,,93.4,In Progress,Progressing,Active,Reviewed
CNHS-SYN-2627-0002,SY 2026-2027,Grade 9,Term 2,75.5,86.0,84.3,83.6,78.8,85.2,89.2,81.0,82.95,0,0,0,75.5,8,English,Moderate Risk,No Recommendation,N/A,Instructional,Classroom Summative,,,,90.3,In Progress,Progressing,Active,Reviewed
CNHS-SYN-2627-0002,SY 2026-2027,Grade 9,Term 3,77.9,76.5,81.6,80.1,82.8,78.0,80.8,77.8,79.44,0,0,0,76.5,8,Filipino,Moderate Risk,No Recommendation,N/A,Instructional,Classroom Summative,,,,88.3,N/A,N/A,Active,Reviewed
CNHS-SYN-2627-0003,SY 2026-2027,Grade 10,Term 1,79.6,75.9,79.2,71.1,73.5,76.7,83.4,80.2,77.45,2,0,2,71.1,8,Science,High Risk,Classroom Remediation,N/A,N/A,Science Diagnostic Assessment,24.7,,,85.2,In Progress,Progressing,In Progress,Approved
CNHS-SYN-2627-0003,SY 2026-2027,Grade 10,Term 2,77.9,83.6,75.8,78.9,71.7,79.0,83.8,74.2,78.11,2,0,2,71.7,8,Mapeh,High Risk,Classroom Remediation,N/A,N/A,Mapeh Diagnostic Assessment,21.9,28.5,,89.1,In Progress,Progressing,In Progress,Approved
CNHS-SYN-2627-0003,SY 2026-2027,Grade 10,Term 3,77.9,80.1,71.6,80.4,80.1,73.1,74.5,80.5,77.28,3,0,3,71.6,8,Mathematics,High Risk,Classroom Remediation,N/A,N/A,Mathematics Diagnostic Assessment,25.2,30.7,35.3,81.2,Improved,Improved,Completed,Approved
CNHS-SYN-2627-0004,SY 2026-2027,Grade 7,Term 1,76.2,74.0,73.1,72.9,74.4,65.6,73.4,78.7,73.54,6,1,5,65.6,8,Araling Panlipunan,High Risk,ARAL Program (RA 12028),Basic,Frustration,Phil-IRI BOSY English,17.8,,,71.2,In Progress,Progressing,In Progress,Approved
CNHS-SYN-2627-0004,SY 2026-2027,Grade 7,Term 2,83.4,74.4,78.6,71.8,70.4,64.6,69.0,74.5,73.34,6,1,5,64.6,8,Araling Panlipunan,High Risk,ARAL Program (RA 12028),Basic,Frustration,Phil-IRI BOSY English,18.4,23.9,,79.3,In Progress,Progressing,In Progress,Approved
CNHS-SYN-2627-0004,SY 2026-2027,Grade 7,Term 3,85.3,91.2,70.5,69.2,79.5,68.8,68.6,68.7,75.22,5,0,5,68.6,8,Tle,High Risk,ARAL Program (RA 12028),Basic,Frustration,Phil-IRI BOSY English,21.3,25.8,33.6,57.6,Promoted,Improved,Completed / Exited,Approved
CNHS-SYN-2627-0005,SY 2026-2027,Grade 8,Term 1,91.9,96.5,94.9,90.4,85.2,93.6,86.8,93.1,91.55,0,0,0,85.2,8,Mapeh,Low Risk,No Recommendation,N/A,Independent,Classroom Summative,,,,89.2,In Progress,Progressing,Active,Reviewed
CNHS-SYN-2627-0005,SY 2026-2027,Grade 8,Term 2,93.7,93.5,93.9,92.2,89.2,93.9,89.0,87.5,91.61,0,0,0,87.5,8,Values Education,Low Risk,No Recommendation,N/A,Independent,Classroom Summative,,,,97.3,In Progress,Progressing,Active,Reviewed
CNHS-SYN-2627-0005,SY 2026-2027,Grade 8,Term 3,95.0,91.9,85.8,97.3,84.2,93.9,99.0,92.2,92.41,0,0,0,84.2,8,Mapeh,Low Risk,No Recommendation,N/A,Independent,Classroom Summative,,,,95.3,N/A,N/A,Active,Reviewed
CNHS-SYN-2627-0006,SY 2026-2027,Grade 9,Term 1,69.7,77.5,69.8,73.6,76.0,74.9,75.8,77.3,74.32,4,1,3,69.7,8,English,High Risk,ARAL Program (RA 12028),Basic,Frustration,Phil-IRI BOSY English,22.2,,,82.1,In Progress,Progressing,In Progress,Approved
CNHS-SYN-2627-0006,SY 2026-2027,Grade 9,Term 2,73.6,71.4,70.9,74.5,74.6,77.3,77.0,71.7,73.88,6,2,4,70.9,8,Mathematics,High Risk,ARAL Program (RA 12028),Basic,Frustration,Phil-IRI BOSY English,21.1,25.3,,69.5,In Progress,Progressing,In Progress,Approved
CNHS-SYN-2627-0006,SY 2026-2027,Grade 9,Term 3,80.8,79.1,67.9,71.1,76.7,70.8,72.3,74.4,74.14,5,0,5,67.9,8,Mathematics,High Risk,ARAL Program (RA 12028),Basic,Frustration,Phil-IRI BOSY English,16.2,24.9,30.2,60.9,Promoted,Improved,Completed / Exited,Approved
CNHS-SYN-2627-0007,SY 2026-2027,Grade 10,Term 1,94.7,91.3,95.0,91.8,90.6,93.7,93.8,87.7,92.33,0,0,0,87.7,8,Values Education,Low Risk,No Recommendation,N/A,Independent,Classroom Summative,,,,87.6,In Progress,Progressing,Active,Reviewed
CNHS-SYN-2627-0007,SY 2026-2027,Grade 10,Term 2,92.0,97.2,97.5,90.8,99.0,90.5,84.6,93.9,93.19,0,0,0,84.6,8,Tle,Low Risk,No Recommendation,N/A,Independent,Classroom Summative,,,,91.1,In Progress,Progressing,Active,Reviewed
CNHS-SYN-2627-0007,SY 2026-2027,Grade 10,Term 3,95.2,91.1,97.4,87.8,95.5,85.8,97.2,90.4,92.55,0,0,0,85.8,8,Araling Panlipunan,Low Risk,No Recommendation,N/A,Independent,Classroom Summative,,,,91.1,N/A,N/A,Active,Reviewed
CNHS-SYN-2627-0008,SY 2026-2027,Grade 7,Term 1,95.5,93.8,95.7,91.9,85.7,91.8,89.2,86.2,91.22,0,0,0,85.7,8,Mapeh,Low Risk,No Recommendation,N/A,Independent,Classroom Summative,,,,93.8,In Progress,Progressing,Active,Reviewed
CNHS-SYN-2627-0008,SY 2026-2027,Grade 7,Term 2,96.1,88.8,89.1,86.2,96.1,86.4,93.8,84.9,90.17,0,0,0,84.9,8,Values Education,Low Risk,No Recommendation,N/A,Independent,Classroom Summative,,,,94.9,In Progress,Progressing,Active,Reviewed
CNHS-SYN-2627-0008,SY 2026-2027,Grade 7,Term 3,95.5,94.9,91.6,86.8,95.0,86.4,80.2,81.8,89.02,0,0,0,80.2,8,Tle,Low Risk,No Recommendation,N/A,Independent,Classroom Summative,,,,96.1,N/A,N/A,Active,Reviewed
CNHS-SYN-2627-0009,SY 2026-2027,Grade 8,Term 1,99.0,92.2,95.8,91.7,99.0,93.2,94.0,93.0,94.74,0,0,0,91.7,8,Science,Low Risk,No Recommendation,N/A,Independent,Classroom Summative,,,,97.3,In Progress,Progressing,Active,Reviewed
CNHS-SYN-2627-0009,SY 2026-2027,Grade 8,Term 2,90.8,87.6,93.0,95.8,90.5,93.4,88.0,96.7,91.97,0,0,0,87.6,8,Filipino,Low Risk,No Recommendation,N/A,Independent,Classroom Summative,,,,94.1,In Progress,Progressing,Active,Reviewed
CNHS-SYN-2627-0009,SY 2026-2027,Grade 8,Term 3,95.8,89.9,88.5,92.2,94.6,94.8,91.3,95.5,92.82,0,0,0,88.5,8,Mathematics,Low Risk,No Recommendation,N/A,Independent,Classroom Summative,,,,93.7,N/A,N/A,Active,Reviewed
CNHS-SYN-2627-0010,SY 2026-2027,Grade 9,Term 1,82.9,79.9,80.9,75.5,73.8,78.7,81.9,83.7,79.66,1,0,1,73.8,8,Mapeh,Moderate Risk,Classroom Remediation,N/A,N/A,Mapeh Diagnostic Assessment,17.2,,,74.2,In Progress,Progressing,In Progress,Approved
CNHS-SYN-2627-0010,SY 2026-2027,Grade 9,Term 2,75.5,79.6,73.3,66.2,78.5,77.0,82.7,76.6,76.18,2,0,2,66.2,8,Science,High Risk,Classroom Remediation,N/A,N/A,Science Diagnostic Assessment,21.4,26.6,,86.3,In Progress,Progressing,In Progress,Approved
CNHS-SYN-2627-0010,SY 2026-2027,Grade 9,Term 3,74.5,76.5,80.3,80.4,78.4,73.1,70.1,76.5,76.22,3,1,2,70.1,8,Tle,High Risk,Classroom Remediation,N/A,N/A,Tle Diagnostic Assessment,17.6,25.4,29.4,83.4,Improved,Improved,Completed,Approved
CNHS-SYN-2627-0011,SY 2026-2027,Grade 10,Term 1,94.8,86.6,95.6,91.5,96.8,91.3,95.3,90.5,92.8,0,0,0,86.6,8,Filipino,Low Risk,No Recommendation,N/A,Independent,Classroom Summative,,,,93.2,In Progress,Progressing,Active,Reviewed
CNHS-SYN-2627-0011,SY 2026-2027,Grade 10,Term 2,93.9,93.7,95.5,90.1,90.8,87.8,84.4,91.6,90.98,0,0,0,84.4,8,Tle,Low Risk,No Recommendation,N/A,Independent,Classroom Summative,,,,97.8,In Progress,Progressing,Active,Reviewed
CNHS-SYN-2627-0011,SY 2026-2027,Grade 10,Term 3,84.9,94.3,99.0,91.3,92.0,93.7,94.0,90.5,92.46,0,0,0,84.9,8,English,Low Risk,No Recommendation,N/A,Independent,Classroom Summative,,,,96.3,N/A,N/A,Active,Reviewed
CNHS-SYN-2627-0012,SY 2026-2027,Grade 7,Term 1,93.3,99.0,97.7,92.4,92.3,93.0,99.0,88.6,94.41,0,0,0,88.6,8,Values Education,Low Risk,No Recommendation,N/A,Independent,Classroom Summative,,,,96.0,In Progress,Progressing,Active,Reviewed
CNHS-SYN-2627-0012,SY 2026-2027,Grade 7,Term 2,99.0,97.7,96.7,97.5,94.5,96.5,99.0,93.9,96.85,0,0,0,93.9,8,Values Education,Low Risk,No Recommendation,N/A,Independent,Classroom Summative,,,,91.7,In Progress,Progressing,Active,Reviewed
CNHS-SYN-2627-0012,SY 2026-2027,Grade 7,Term 3,97.0,92.0,95.4,89.9,95.5,90.7,88.7,89.4,92.33,0,0,0,88.7,8,Tle,Low Risk,No Recommendation,N/A,Independent,Classroom Summative,,,,92.3,N/A,N/A,Active,Reviewed
CNHS-SYN-2627-0013,SY 2026-2027,Grade 8,Term 1,82.0,71.9,74.6,81.2,79.9,82.8,73.2,77.3,77.86,3,1,2,71.9,8,Filipino,High Risk,Classroom Remediation,N/A,N/A,Filipino Diagnostic Assessment,23.7,,,81.5,In Progress,Progressing,In Progress,Approved
CNHS-SYN-2627-0013,SY 2026-2027,Grade 8,Term 2,84.4,85.6,74.6,79.2,82.1,81.3,77.5,80.0,80.59,1,0,1,74.6,8,Mathematics,Moderate Risk,Classroom Remediation,N/A,N/A,Mathematics Diagnostic Assessment,19.8,25.5,,77.0,In Progress,Progressing,In Progress,Approved
CNHS-SYN-2627-0013,SY 2026-2027,Grade 8,Term 3,79.8,80.4,79.2,76.7,78.3,83.6,77.5,79.2,79.34,0,0,0,76.7,8,Science,Moderate Risk,No Recommendation,N/A,Instructional,Classroom Summative,,,,97.6,N/A,N/A,Active,Reviewed
CNHS-SYN-2627-0014,SY 2026-2027,Grade 9,Term 1,83.5,78.1,72.9,79.4,84.3,82.0,73.3,,79.07,2,0,2,72.9,7,Mathematics,High Risk,Classroom Remediation,N/A,N/A,Mathematics Diagnostic Assessment,24.8,,,77.9,In Progress,Progressing,In Progress,Approved
CNHS-SYN-2627-0014,SY 2026-2027,Grade 9,Term 2,81.8,74.0,75.1,73.2,79.8,77.9,80.8,74.5,77.14,3,1,2,73.2,8,Science,High Risk,Classroom Remediation,N/A,N/A,Science Diagnostic Assessment,16.3,23.6,,74.4,In Progress,Progressing,In Progress,Approved
CNHS-SYN-2627-0014,SY 2026-2027,Grade 9,Term 3,80.0,74.8,75.7,81.9,69.2,78.7,78.7,74.4,76.68,3,1,2,69.2,8,Mapeh,High Risk,Classroom Remediation,N/A,N/A,Mapeh Diagnostic Assessment,25.4,33.4,39.1,90.5,Improved,Improved,Completed,Approved
CNHS-SYN-2627-0015,SY 2026-2027,Grade 10,Term 1,81.6,85.1,87.6,89.5,89.0,85.2,88.8,83.8,86.32,0,0,0,81.6,8,English,Low Risk,No Recommendation,N/A,Independent,Classroom Summative,,,,89.6,In Progress,Progressing,Active,Reviewed
CNHS-SYN-2627-0015,SY 2026-2027,Grade 10,Term 2,88.1,85.6,93.3,88.0,87.3,94.9,89.6,86.7,89.19,0,0,0,85.6,8,Filipino,Low Risk,No Recommendation,N/A,Independent,Classroom Summative,,,,89.9,In Progress,Progressing,Active,Reviewed
CNHS-SYN-2627-0015,SY 2026-2027,Grade 10,Term 3,88.4,89.8,83.4,83.0,86.2,84.0,88.3,88.8,86.49,0,0,0,83.0,8,Science,Low Risk,No Recommendation,N/A,Independent,Classroom Summative,,,,95.9,N/A,N/A,Active,Reviewed
CNHS-SYN-2627-0016,SY 2026-2027,Grade 7,Term 1,78.9,74.1,78.4,77.9,79.1,79.3,75.3,81.0,78.0,1,1,0,74.1,8,Filipino,Moderate Risk,No Recommendation,N/A,Instructional,Classroom Summative,,,,91.5,In Progress,Progressing,Active,Reviewed
CNHS-SYN-2627-0016,SY 2026-2027,Grade 7,Term 2,74.3,76.1,73.4,78.9,82.6,83.5,73.9,81.1,77.97,3,1,2,73.4,8,Mathematics,High Risk,Classroom Remediation,N/A,N/A,Mathematics Diagnostic Assessment,20.9,28.8,,87.4,In Progress,Progressing,In Progress,Approved
CNHS-SYN-2627-0016,SY 2026-2027,Grade 7,Term 3,75.3,80.8,78.6,72.6,76.0,83.9,77.4,81.5,78.26,1,0,1,72.6,8,Science,Moderate Risk,Classroom Remediation,N/A,N/A,Science Diagnostic Assessment,20.3,28.2,34.5,88.5,Improved,Improved,Completed,Approved
CNHS-SYN-2627-0017,SY 2026-2027,Grade 8,Term 1,75.5,79.2,82.9,92.6,86.1,81.2,83.1,86.5,83.39,0,0,0,75.5,8,English,Moderate Risk,No Recommendation,N/A,Instructional,Classroom Summative,,,,93.1,In Progress,Progressing,Active,Reviewed
CNHS-SYN-2627-0017,SY 2026-2027,Grade 8,Term 2,81.5,79.1,85.1,86.9,75.6,81.5,78.4,83.6,81.46,0,0,0,75.6,8,Mapeh,Moderate Risk,No Recommendation,N/A,Instructional,Classroom Summative,,,,89.4,In Progress,Progressing,Active,Reviewed
CNHS-SYN-2627-0017,SY 2026-2027,Grade 8,Term 3,86.6,81.7,82.3,84.6,86.7,81.4,81.5,81.5,83.29,0,0,0,81.4,8,Araling Panlipunan,Moderate Risk,No Recommendation,N/A,Instructional,Classroom Summative,,,,93.8,N/A,N/A,Active,Reviewed
CNHS-SYN-2627-0018,SY 2026-2027,Grade 9,Term 1,82.2,90.6,87.2,86.7,80.3,79.9,,85.9,84.69,0,0,0,79.9,7,Araling Panlipunan,Low Risk,No Recommendation,N/A,Independent,Classroom Summative,,,,98.2,In Progress,Progressing,Active,Reviewed
CNHS-SYN-2627-0018,SY 2026-2027,Grade 9,Term 2,82.0,82.5,76.4,84.1,84.1,82.0,80.6,92.2,82.99,0,0,0,76.4,8,Mathematics,Moderate Risk,No Recommendation,N/A,Instructional,Classroom Summative,,,,91.5,In Progress,Progressing,Active,Reviewed
CNHS-SYN-2627-0018,SY 2026-2027,Grade 9,Term 3,86.0,79.4,78.0,86.5,84.5,84.1,82.9,79.6,82.62,0,0,0,78.0,8,Mathematics,Moderate Risk,No Recommendation,N/A,Instructional,Classroom Summative,,,,93.7,N/A,N/A,Active,Reviewed
CNHS-SYN-2627-0019,SY 2026-2027,Grade 10,Term 1,84.6,89.8,85.1,84.8,95.4,82.4,84.9,90.0,87.12,0,0,0,82.4,8,Araling Panlipunan,Low Risk,No Recommendation,N/A,Independent,Classroom Summative,,,,94.5,In Progress,Progressing,Active,Reviewed
CNHS-SYN-2627-0019,SY 2026-2027,Grade 10,Term 2,96.4,93.5,87.7,87.5,90.0,90.4,88.1,89.4,90.38,0,0,0,87.5,8,Science,Low Risk,No Recommendation,N/A,Independent,Classroom Summative,,,,93.7,In Progress,Progressing,Active,Reviewed
CNHS-SYN-2627-0019,SY 2026-2027,Grade 10,Term 3,88.7,93.8,90.6,80.1,84.9,86.2,87.3,92.6,88.03,0,0,0,80.1,8,Science,Low Risk,No Recommendation,N/A,Independent,Classroom Summative,,,,91.2,N/A,N/A,Active,Reviewed
CNHS-SYN-2627-0020,SY 2026-2027,Grade 7,Term 1,83.6,86.4,85.6,82.4,83.9,85.9,85.6,84.5,84.74,0,0,0,82.4,8,Science,Low Risk,No Recommendation,N/A,Independent,Classroom Summative,,,,100.0,In Progress,Progressing,Active,Reviewed
CNHS-SYN-2627-0020,SY 2026-2027,Grade 7,Term 2,85.7,87.2,83.1,84.5,84.5,76.5,81.1,81.0,82.95,0,0,0,76.5,8,Araling Panlipunan,Moderate Risk,No Recommendation,N/A,Instructional,Classroom Summative,,,,90.3,In Progress,Progressing,Active,Reviewed
CNHS-SYN-2627-0020,SY 2026-2027,Grade 7,Term 3,84.5,89.6,85.5,79.3,79.9,82.4,78.4,85.0,83.08,0,0,0,78.4,8,Tle,Moderate Risk,No Recommendation,N/A,Instructional,Classroom Summative,,,,92.0,N/A,N/A,Active,Reviewed
CNHS-SYN-2627-0021,SY 2026-2027,Grade 8,Term 1,79.3,78.8,75.5,81.6,85.4,84.0,87.0,78.8,81.3,0,0,0,75.5,8,Mathematics,Moderate Risk,No Recommendation,N/A,Instructional,Classroom Summative,,,,90.1,In Progress,Progressing,Active,Reviewed
CNHS-SYN-2627-0021,SY 2026-2027,Grade 8,Term 2,,88.1,83.5,87.6,79.1,80.8,77.9,81.5,82.64,0,0,0,77.9,7,Tle,Moderate Risk,No Recommendation,N/A,Instructional,Classroom Summative,,,,94.1,In Progress,Progressing,Active,Reviewed
CNHS-SYN-2627-0021,SY 2026-2027,Grade 8,Term 3,80.1,80.0,83.0,80.7,77.0,74.1,79.1,76.1,78.76,1,0,1,74.1,8,Araling Panlipunan,Moderate Risk,Classroom Remediation,N/A,N/A,Araling Panlipunan Diagnostic Assessment,21.5,29.2,35.3,91.9,Improved,Improved,Completed,Approved
CNHS-SYN-2627-0022,SY 2026-2027,Grade 9,Term 1,90.6,86.7,87.3,93.9,78.8,86.2,87.8,92.5,87.97,0,0,0,78.8,8,Mapeh,Low Risk,No Recommendation,N/A,Independent,Classroom Summative,,,,100.0,In Progress,Progressing,Active,Reviewed
CNHS-SYN-2627-0022,SY 2026-2027,Grade 9,Term 2,91.3,79.4,84.8,88.0,82.8,89.2,85.4,82.6,85.44,0,0,0,79.4,8,Filipino,Low Risk,No Recommendation,N/A,Independent,Classroom Summative,,,,97.0,In Progress,Progressing,Active,Reviewed
CNHS-SYN-2627-0022,SY 2026-2027,Grade 9,Term 3,80.7,92.4,94.5,85.9,81.8,89.2,85.3,81.4,86.4,0,0,0,80.7,8,English,Low Risk,No Recommendation,N/A,Independent,Classroom Summative,,,,90.9,N/A,N/A,Active,Reviewed
CNHS-SYN-2627-0023,SY 2026-2027,Grade 10,Term 1,78.1,78.1,81.4,81.4,81.5,81.7,81.3,79.1,80.32,0,0,0,78.1,8,English,Moderate Risk,No Recommendation,N/A,Instructional,Classroom Summative,,,,92.7,In Progress,Progressing,Active,Reviewed
CNHS-SYN-2627-0023,SY 2026-2027,Grade 10,Term 2,82.6,84.8,77.6,89.8,77.9,78.0,82.7,82.3,81.96,0,0,0,77.6,8,Mathematics,Moderate Risk,No Recommendation,N/A,Instructional,Classroom Summative,,,,96.9,In Progress,Progressing,Active,Reviewed
CNHS-SYN-2627-0023,SY 2026-2027,Grade 10,Term 3,80.5,87.4,79.9,77.4,78.6,82.4,82.5,81.4,81.26,0,0,0,77.4,8,Science,Moderate Risk,No Recommendation,N/A,Instructional,Classroom Summative,,,,97.9,N/A,N/A,Active,Reviewed
CNHS-SYN-2627-0024,SY 2026-2027,Grade 7,Term 1,89.9,83.2,81.3,84.2,79.4,82.6,86.1,84.2,83.86,0,0,0,79.4,8,Mapeh,Low Risk,No Recommendation,N/A,Independent,Classroom Summative,,,,94.7,In Progress,Progressing,Active,Reviewed
CNHS-SYN-2627-0024,SY 2026-2027,Grade 7,Term 2,84.3,84.2,83.7,82.3,77.9,78.5,82.8,84.2,82.24,0,0,0,77.9,8,Mapeh,Moderate Risk,No Recommendation,N/A,Instructional,Classroom Summative,,,,91.6,In Progress,Progressing,Active,Reviewed
CNHS-SYN-2627-0024,SY 2026-2027,Grade 7,Term 3,80.8,77.0,75.5,81.4,86.2,81.4,88.3,80.4,81.38,0,0,0,75.5,8,Mathematics,Moderate Risk,No Recommendation,N/A,Instructional,Classroom Summative,,,,90.5,N/A,N/A,Active,Reviewed
CNHS-SYN-2627-0025,SY 2026-2027,Grade 8,Term 1,77.4,74.3,76.3,78.4,71.0,77.2,80.1,80.4,76.89,2,1,1,71.0,8,Mapeh,High Risk,Classroom Remediation,N/A,N/A,Mapeh Diagnostic Assessment,21.0,,,89.4,In Progress,Progressing,In Progress,Approved
CNHS-SYN-2627-0025,SY 2026-2027,Grade 8,Term 2,78.1,76.7,80.4,77.0,77.7,75.9,75.3,80.6,77.71,0,0,0,75.3,8,Tle,Moderate Risk,No Recommendation,N/A,Instructional,Classroom Summative,,,,95.7,In Progress,Progressing,Active,Reviewed
CNHS-SYN-2627-0025,SY 2026-2027,Grade 8,Term 3,75.3,69.8,74.5,76.7,77.2,79.7,79.9,71.0,75.51,3,1,2,69.8,8,Filipino,High Risk,Classroom Remediation,N/A,N/A,Filipino Diagnostic Assessment,23.9,31.2,36.8,73.3,Improved,Improved,Completed,Approved
CNHS-SYN-2627-0026,SY 2026-2027,Grade 9,Term 1,87.9,98.7,89.5,93.5,89.1,90.7,92.5,87.9,91.23,0,0,0,87.9,8,English,Low Risk,No Recommendation,N/A,Independent,Classroom Summative,,,,93.1,In Progress,Progressing,Active,Reviewed
CNHS-SYN-2627-0026,SY 2026-2027,Grade 9,Term 2,93.4,82.7,90.6,95.1,92.9,93.6,90.5,,91.26,0,0,0,82.7,7,Filipino,Low Risk,No Recommendation,N/A,Independent,Classroom Summative,,,,97.0,In Progress,Progressing,Active,Reviewed
CNHS-SYN-2627-0026,SY 2026-2027,Grade 9,Term 3,96.2,95.1,90.3,91.3,95.6,92.1,84.7,87.9,91.65,0,0,0,84.7,8,Tle,Low Risk,No Recommendation,N/A,Independent,Classroom Summative,,,,91.4,N/A,N/A,Active,Reviewed
CNHS-SYN-2627-0027,SY 2026-2027,Grade 10,Term 1,71.9,82.5,79.6,78.5,78.7,82.1,78.0,72.3,77.95,2,1,1,71.9,8,English,High Risk,Classroom Remediation,N/A,N/A,English Diagnostic Assessment,19.6,,,88.6,In Progress,Progressing,In Progress,Approved
CNHS-SYN-2627-0027,SY 2026-2027,Grade 10,Term 2,73.0,81.6,77.6,90.9,85.1,86.3,82.9,81.3,82.34,1,1,0,73.0,8,English,Moderate Risk,No Recommendation,N/A,Instructional,Classroom Summative,,,,91.9,In Progress,Progressing,Active,Reviewed
CNHS-SYN-2627-0027,SY 2026-2027,Grade 10,Term 3,76.2,81.6,85.9,78.5,77.1,74.2,80.8,84.5,79.85,1,0,1,74.2,8,Araling Panlipunan,Moderate Risk,Classroom Remediation,N/A,N/A,Araling Panlipunan Diagnostic Assessment,25.3,31.2,35.8,87.8,Improved,Improved,Completed,Approved
CNHS-SYN-2627-0028,SY 2026-2027,Grade 7,Term 1,78.7,81.3,,84.5,86.0,82.0,85.5,76.7,82.1,0,0,0,76.7,7,Values Education,Moderate Risk,No Recommendation,N/A,Instructional,Classroom Summative,,,,100.0,In Progress,Progressing,Active,Reviewed
CNHS-SYN-2627-0028,SY 2026-2027,Grade 7,Term 2,86.3,74.0,81.3,80.7,81.8,85.0,87.2,80.3,82.08,1,1,0,74.0,8,Filipino,Moderate Risk,No Recommendation,N/A,Instructional,Classroom Summative,,,,96.3,In Progress,Progressing,Active,Reviewed
CNHS-SYN-2627-0028,SY 2026-2027,Grade 7,Term 3,78.8,72.4,85.2,82.5,81.7,76.5,87.6,80.8,80.69,1,1,0,72.4,8,Filipino,Moderate Risk,No Recommendation,N/A,Instructional,Classroom Summative,,,,89.4,N/A,N/A,Active,Reviewed
CNHS-SYN-2627-0029,SY 2026-2027,Grade 8,Term 1,83.4,81.4,79.5,85.5,85.0,84.0,78.6,76.8,81.78,0,0,0,76.8,8,Values Education,Moderate Risk,No Recommendation,N/A,Instructional,Classroom Summative,,,,97.3,In Progress,Progressing,Active,Reviewed
CNHS-SYN-2627-0029,SY 2026-2027,Grade 8,Term 2,84.8,83.1,80.4,78.8,81.7,81.8,86.0,80.0,82.07,0,0,0,78.8,8,Science,Moderate Risk,No Recommendation,N/A,Instructional,Classroom Summative,,,,100.0,In Progress,Progressing,Active,Reviewed
CNHS-SYN-2627-0029,SY 2026-2027,Grade 8,Term 3,86.8,77.5,87.7,77.5,80.2,80.6,81.5,84.2,82.0,0,0,0,77.5,8,Filipino,Moderate Risk,No Recommendation,N/A,Instructional,Classroom Summative,,,,96.2,N/A,N/A,Active,Reviewed
CNHS-SYN-2627-0030,SY 2026-2027,Grade 9,Term 1,66.7,65.3,63.5,65.6,65.7,66.3,73.9,75.2,67.78,7,2,5,63.5,8,Mathematics,High Risk,ARAL Program (RA 12028),Basic,Frustration,Phil-IRI BOSY English,20.6,,,75.7,In Progress,Progressing,In Progress,Approved
CNHS-SYN-2627-0030,SY 2026-2027,Grade 9,Term 2,77.6,71.1,61.5,66.8,65.6,71.3,71.8,67.9,69.2,7,1,6,61.5,8,Mathematics,High Risk,ARAL Program (RA 12028),Basic,Frustration,Phil-IRI BOSY English,20.2,24.8,,67.9,In Progress,Progressing,In Progress,Approved
CNHS-SYN-2627-0030,SY 2026-2027,Grade 9,Term 3,81.9,77.0,67.0,68.4,63.0,66.7,71.4,63.8,69.9,6,0,6,63.0,8,Mapeh,High Risk,ARAL Program (RA 12028),Basic,Frustration,Phil-IRI BOSY English,15.8,23.0,28.6,65.5,Promoted,Improved,Completed / Exited,Approved
CNHS-SYN-2627-0031,SY 2026-2027,Grade 10,Term 1,79.3,76.6,79.3,77.7,80.6,76.1,75.1,82.2,78.36,0,0,0,75.1,8,Tle,Moderate Risk,No Recommendation,N/A,Instructional,Classroom Summative,,,,96.0,In Progress,Progressing,Active,Reviewed
CNHS-SYN-2627-0031,SY 2026-2027,Grade 10,Term 2,77.4,77.1,77.0,82.8,76.3,82.8,81.8,84.1,79.91,0,0,0,76.3,8,Mapeh,Moderate Risk,No Recommendation,N/A,Instructional,Classroom Summative,,,,95.9,In Progress,Progressing,Active,Reviewed
CNHS-SYN-2627-0031,SY 2026-2027,Grade 10,Term 3,74.3,82.2,80.1,78.0,84.6,78.8,77.4,83.7,79.89,1,1,0,74.3,8,English,Moderate Risk,No Recommendation,N/A,Instructional,Classroom Summative,,,,92.0,N/A,N/A,Active,Reviewed
CNHS-SYN-2627-0032,SY 2026-2027,Grade 7,Term 1,77.2,74.1,81.7,77.4,79.8,84.7,80.1,85.6,80.08,1,1,0,74.1,8,Filipino,Moderate Risk,No Recommendation,N/A,Instructional,Classroom Summative,,,,97.5,In Progress,Progressing,Active,Reviewed
CNHS-SYN-2627-0032,SY 2026-2027,Grade 7,Term 2,79.0,81.5,77.0,76.7,79.0,74.8,80.4,78.7,78.39,1,0,1,74.8,8,Araling Panlipunan,Moderate Risk,Classroom Remediation,N/A,N/A,Araling Panlipunan Diagnostic Assessment,20.8,27.0,,88.7,In Progress,Progressing,In Progress,Approved
CNHS-SYN-2627-0032,SY 2026-2027,Grade 7,Term 3,88.3,81.3,79.2,81.7,78.9,73.2,82.9,78.9,80.55,1,0,1,73.2,8,Araling Panlipunan,Moderate Risk,Classroom Remediation,N/A,N/A,Araling Panlipunan Diagnostic Assessment,25.1,32.0,37.9,82.1,Improved,Improved,Completed,Approved
CNHS-SYN-2627-0033,SY 2026-2027,Grade 8,Term 1,74.2,67.3,71.5,76.8,77.9,78.4,66.6,74.7,73.43,5,2,3,66.6,8,Tle,High Risk,ARAL Program (RA 12028),Basic,Frustration,Phil-IRI BOSY English,15.3,,,76.2,In Progress,Progressing,In Progress,Approved
CNHS-SYN-2627-0033,SY 2026-2027,Grade 8,Term 2,77.7,81.6,66.6,71.8,73.0,77.8,70.9,74.7,74.26,5,0,5,66.6,8,Mathematics,High Risk,ARAL Program (RA 12028),Basic,Frustration,Phil-IRI BOSY English,21.2,27.1,,77.0,In Progress,Progressing,In Progress,Approved
CNHS-SYN-2627-0033,SY 2026-2027,Grade 8,Term 3,82.6,79.2,80.3,76.3,65.8,77.9,70.4,77.9,76.3,2,0,2,65.8,8,Mapeh,High Risk,ARAL Program (RA 12028),Basic,Frustration,Phil-IRI BOSY English,18.3,22.7,31.6,65.8,Promoted,Improved,Completed / Exited,Approved
CNHS-SYN-2627-0034,SY 2026-2027,Grade 9,Term 1,70.8,73.3,67.5,65.7,66.3,65.9,71.0,69.5,68.75,8,2,6,65.7,8,Science,High Risk,ARAL Program (RA 12028),Basic,Frustration,Phil-IRI BOSY English,19.2,,,69.0,In Progress,Progressing,In Progress,Approved
CNHS-SYN-2627-0034,SY 2026-2027,Grade 9,Term 2,74.7,74.4,71.1,65.3,68.1,74.1,65.5,73.8,70.88,8,2,6,65.3,8,Science,High Risk,ARAL Program (RA 12028),Basic,Frustration,Phil-IRI BOSY English,17.6,23.4,,71.4,In Progress,Progressing,In Progress,Approved
CNHS-SYN-2627-0034,SY 2026-2027,Grade 9,Term 3,86.1,82.0,65.5,,75.2,65.9,74.7,62.5,73.13,4,0,4,62.5,7,Values Education,High Risk,ARAL Program (RA 12028),Basic,Frustration,Phil-IRI BOSY English,19.4,23.4,31.9,65.0,Promoted,Improved,Completed / Exited,Approved
CNHS-SYN-2627-0035,SY 2026-2027,Grade 10,Term 1,87.6,86.4,97.7,94.8,92.2,89.1,91.9,93.8,91.69,0,0,0,86.4,8,Filipino,Low Risk,No Recommendation,N/A,Independent,Classroom Summative,,,,94.1,In Progress,Progressing,Active,Reviewed
CNHS-SYN-2627-0035,SY 2026-2027,Grade 10,Term 2,86.5,90.2,97.1,92.9,89.3,78.6,86.3,89.2,88.76,0,0,0,78.6,8,Araling Panlipunan,Low Risk,No Recommendation,N/A,Independent,Classroom Summative,,,,94.1,In Progress,Progressing,Active,Reviewed
CNHS-SYN-2627-0035,SY 2026-2027,Grade 10,Term 3,91.6,88.6,91.3,88.3,86.2,95.8,87.0,80.3,88.64,0,0,0,80.3,8,Values Education,Low Risk,No Recommendation,N/A,Independent,Classroom Summative,,,,91.0,N/A,N/A,Active,Reviewed
CNHS-SYN-2627-0036,SY 2026-2027,Grade 7,Term 1,94.0,89.4,89.5,89.8,87.3,81.5,86.5,99.0,89.62,0,0,0,81.5,8,Araling Panlipunan,Low Risk,No Recommendation,N/A,Independent,Classroom Summative,,,,94.8,In Progress,Progressing,Active,Reviewed
CNHS-SYN-2627-0036,SY 2026-2027,Grade 7,Term 2,89.3,97.2,87.7,89.2,91.4,88.1,85.9,88.7,89.69,0,0,0,85.9,8,Tle,Low Risk,No Recommendation,N/A,Independent,Classroom Summative,,,,92.9,In Progress,Progressing,Active,Reviewed
CNHS-SYN-2627-0036,SY 2026-2027,Grade 7,Term 3,93.7,91.7,94.1,90.1,92.4,93.8,87.7,91.9,91.93,0,0,0,87.7,8,Tle,Low Risk,No Recommendation,N/A,Independent,Classroom Summative,,,,86.1,N/A,N/A,Active,Reviewed
CNHS-SYN-2627-0037,SY 2026-2027,Grade 8,Term 1,79.4,81.6,86.4,81.8,82.4,80.9,88.1,87.0,83.45,0,0,0,79.4,8,English,Moderate Risk,No Recommendation,N/A,Instructional,Classroom Summative,,,,96.4,In Progress,Progressing,Active,Reviewed
CNHS-SYN-2627-0037,SY 2026-2027,Grade 8,Term 2,83.3,83.0,83.7,86.2,80.3,85.6,93.2,84.4,84.96,0,0,0,80.3,8,Mapeh,Low Risk,No Recommendation,N/A,Independent,Classroom Summative,,,,93.7,In Progress,Progressing,Active,Reviewed
CNHS-SYN-2627-0037,SY 2026-2027,Grade 8,Term 3,86.1,78.1,90.4,87.4,81.3,83.8,81.6,84.9,84.2,0,0,0,78.1,8,Filipino,Low Risk,No Recommendation,N/A,Independent,Classroom Summative,,,,94.8,N/A,N/A,Active,Reviewed
CNHS-SYN-2627-0038,SY 2026-2027,Grade 9,Term 1,71.4,80.8,89.1,83.5,78.1,80.1,82.9,73.6,79.94,2,1,1,71.4,8,English,High Risk,Classroom Remediation,N/A,N/A,English Diagnostic Assessment,23.9,,,89.1,In Progress,Progressing,In Progress,Approved
CNHS-SYN-2627-0038,SY 2026-2027,Grade 9,Term 2,78.5,68.5,82.8,82.3,83.1,82.9,81.0,79.3,79.8,1,1,0,68.5,8,Filipino,High Risk,No Recommendation,N/A,Instructional,Classroom Summative,,,,92.4,In Progress,Progressing,Active,Reviewed
CNHS-SYN-2627-0038,SY 2026-2027,Grade 9,Term 3,79.9,74.5,75.4,79.7,71.8,72.6,79.0,79.8,76.59,3,1,2,71.8,8,Mapeh,High Risk,Classroom Remediation,N/A,N/A,Mapeh Diagnostic Assessment,24.6,30.2,39.1,78.3,Improved,Improved,Completed,Approved
CNHS-SYN-2627-0039,SY 2026-2027,Grade 10,Term 1,93.3,96.1,90.7,94.0,90.5,94.5,94.4,90.3,92.97,0,0,0,90.3,8,Values Education,Low Risk,No Recommendation,N/A,Independent,Classroom Summative,,,,93.1,In Progress,Progressing,Active,Reviewed
CNHS-SYN-2627-0039,SY 2026-2027,Grade 10,Term 2,89.9,95.7,94.5,90.3,87.6,97.1,90.8,99.0,93.11,0,0,0,87.6,8,Mapeh,Low Risk,No Recommendation,N/A,Independent,Classroom Summative,,,,95.2,In Progress,Progressing,Active,Reviewed
CNHS-SYN-2627-0039,SY 2026-2027,Grade 10,Term 3,95.5,96.7,99.0,96.8,85.9,95.8,94.5,92.7,94.61,0,0,0,85.9,8,Mapeh,Low Risk,No Recommendation,N/A,Independent,Classroom Summative,,,,100.0,N/A,N/A,Active,Reviewed
CNHS-SYN-2627-0040,SY 2026-2027,Grade 7,Term 1,73.6,60.7,74.4,69.4,63.5,72.2,73.9,69.1,69.6,8,2,6,60.7,8,Filipino,High Risk,ARAL Program (RA 12028),Basic,Frustration,Phil-IRI BOSY English,23.8,,,65.9,In Progress,Progressing,In Progress,Approved
CNHS-SYN-2627-0040,SY 2026-2027,Grade 7,Term 2,73.6,76.4,67.2,72.4,65.2,65.2,68.2,72.0,70.03,7,1,6,65.2,8,Mapeh,High Risk,ARAL Program (RA 12028),Basic,Frustration,Phil-IRI BOSY English,15.0,19.2,,72.3,In Progress,Progressing,In Progress,Approved
CNHS-SYN-2627-0040,SY 2026-2027,Grade 7,Term 3,79.3,81.9,69.5,69.1,69.9,68.9,66.1,73.7,72.3,6,0,6,66.1,8,Tle,High Risk,ARAL Program (RA 12028),Basic,Frustration,Phil-IRI BOSY English,17.4,26.4,35.3,64.7,Promoted,Improved,Completed / Exited,Approved
CNHS-SYN-2627-0041,SY 2026-2027,Grade 8,Term 1,94.6,89.9,92.7,95.0,97.8,89.3,96.0,95.8,93.89,0,0,0,89.3,8,Araling Panlipunan,Low Risk,No Recommendation,N/A,Independent,Classroom Summative,,,,91.9,In Progress,Progressing,Active,Reviewed
CNHS-SYN-2627-0041,SY 2026-2027,Grade 8,Term 2,92.7,96.0,99.0,99.0,90.7,94.3,86.6,95.4,94.21,0,0,0,86.6,8,Tle,Low Risk,No Recommendation,N/A,Independent,Classroom Summative,,,,99.5,In Progress,Progressing,Active,Reviewed
CNHS-SYN-2627-0041,SY 2026-2027,Grade 8,Term 3,88.7,91.4,96.1,88.8,95.6,97.3,90.1,95.5,92.94,0,0,0,88.7,8,English,Low Risk,No Recommendation,N/A,Independent,Classroom Summative,,,,98.8,N/A,N/A,Active,Reviewed
CNHS-SYN-2627-0042,SY 2026-2027,Grade 9,Term 1,89.0,80.9,81.4,79.5,88.3,75.1,87.3,81.0,82.81,0,0,0,75.1,8,Araling Panlipunan,Moderate Risk,No Recommendation,N/A,Instructional,Classroom Summative,,,,92.8,In Progress,Progressing,Active,Reviewed
CNHS-SYN-2627-0042,SY 2026-2027,Grade 9,Term 2,84.7,81.0,87.0,86.6,78.7,84.9,81.0,82.6,83.31,0,0,0,78.7,8,Mapeh,Moderate Risk,No Recommendation,N/A,Instructional,Classroom Summative,,,,91.6,In Progress,Progressing,Active,Reviewed
CNHS-SYN-2627-0042,SY 2026-2027,Grade 9,Term 3,87.3,85.5,82.3,83.8,83.3,78.0,80.1,78.4,82.34,0,0,0,78.0,8,Araling Panlipunan,Moderate Risk,No Recommendation,N/A,Instructional,Classroom Summative,,,,98.7,N/A,N/A,Active,Reviewed
CNHS-SYN-2627-0043,SY 2026-2027,Grade 10,Term 1,83.6,78.3,77.3,80.5,82.9,81.6,77.4,87.4,81.12,0,0,0,77.3,8,Mathematics,Moderate Risk,No Recommendation,N/A,Instructional,Classroom Summative,,,,94.7,In Progress,Progressing,Active,Reviewed
CNHS-SYN-2627-0043,SY 2026-2027,Grade 10,Term 2,78.3,85.0,84.1,81.9,76.3,84.9,83.6,84.6,82.34,0,0,0,76.3,8,Mapeh,Moderate Risk,No Recommendation,N/A,Instructional,Classroom Summative,,,,93.7,In Progress,Progressing,Active,Reviewed
CNHS-SYN-2627-0043,SY 2026-2027,Grade 10,Term 3,80.1,89.5,79.9,76.2,79.3,78.7,85.5,75.6,80.6,0,0,0,75.6,8,Values Education,Moderate Risk,No Recommendation,N/A,Instructional,Classroom Summative,,,,94.7,N/A,N/A,Active,Reviewed
CNHS-SYN-2627-0044,SY 2026-2027,Grade 7,Term 1,82.2,86.2,76.4,75.0,85.2,82.3,85.1,78.2,81.33,0,0,0,75.0,8,Science,Moderate Risk,No Recommendation,N/A,Instructional,Classroom Summative,,,,96.3,In Progress,Progressing,Active,Reviewed
CNHS-SYN-2627-0044,SY 2026-2027,Grade 7,Term 2,82.8,83.7,82.9,78.2,80.0,82.7,79.8,75.9,80.75,0,0,0,75.9,8,Values Education,Moderate Risk,No Recommendation,N/A,Instructional,Classroom Summative,,,,86.9,In Progress,Progressing,Active,Reviewed
CNHS-SYN-2627-0044,SY 2026-2027,Grade 7,Term 3,86.1,87.0,83.6,84.6,85.2,81.8,73.4,85.9,83.45,1,0,1,73.4,8,Tle,Moderate Risk,Classroom Remediation,N/A,N/A,Tle Diagnostic Assessment,22.8,30.3,39.3,84.0,Improved,Improved,Completed,Approved
CNHS-SYN-2627-0045,SY 2026-2027,Grade 8,Term 1,82.1,77.5,84.1,80.2,86.5,82.7,79.6,85.1,82.22,0,0,0,77.5,8,Filipino,Moderate Risk,No Recommendation,N/A,Instructional,Classroom Summative,,,,92.3,In Progress,Progressing,Active,Reviewed
CNHS-SYN-2627-0045,SY 2026-2027,Grade 8,Term 2,83.8,83.4,87.4,85.2,81.7,76.1,83.2,83.8,83.08,0,0,0,76.1,8,Araling Panlipunan,Moderate Risk,No Recommendation,N/A,Instructional,Classroom Summative,,,,83.5,In Progress,Progressing,Active,Reviewed
CNHS-SYN-2627-0045,SY 2026-2027,Grade 8,Term 3,83.6,77.5,85.5,89.0,81.5,84.2,82.6,84.5,83.55,0,0,0,77.5,8,Filipino,Low Risk,No Recommendation,N/A,Independent,Classroom Summative,,,,92.2,N/A,N/A,Active,Reviewed
CNHS-SYN-2627-0046,SY 2026-2027,Grade 9,Term 1,79.4,81.6,73.9,78.2,79.8,82.8,88.0,79.4,80.39,1,0,1,73.9,8,Mathematics,Moderate Risk,Classroom Remediation,N/A,N/A,Mathematics Diagnostic Assessment,20.4,,,68.9,In Progress,Progressing,In Progress,Approved
CNHS-SYN-2627-0046,SY 2026-2027,Grade 9,Term 2,75.3,80.6,77.6,76.9,71.7,81.8,79.8,77.8,77.69,1,0,1,71.7,8,Mapeh,Moderate Risk,Classroom Remediation,N/A,N/A,Mapeh Diagnostic Assessment,25.1,31.1,,82.9,In Progress,Progressing,In Progress,Approved
CNHS-SYN-2627-0046,SY 2026-2027,Grade 9,Term 3,80.5,,79.8,74.6,73.2,79.7,80.4,79.8,78.29,2,0,2,73.2,7,Mapeh,High Risk,Classroom Remediation,N/A,N/A,Mapeh Diagnostic Assessment,16.2,23.8,28.7,84.0,Improved,Improved,Completed,Approved
CNHS-SYN-2627-0047,SY 2026-2027,Grade 10,Term 1,67.3,61.3,67.2,71.6,68.0,71.5,66.2,60.0,66.64,8,2,6,60.0,8,Values Education,High Risk,ARAL Program (RA 12028),Basic,Frustration,Phil-IRI BOSY English,20.3,,,73.6,In Progress,Progressing,In Progress,Approved
CNHS-SYN-2627-0047,SY 2026-2027,Grade 10,Term 2,66.5,76.9,71.4,68.4,68.8,66.3,66.1,71.1,69.44,7,1,6,66.1,8,Tle,High Risk,ARAL Program (RA 12028),Basic,Frustration,Phil-IRI BOSY English,18.0,23.0,,67.2,In Progress,Progressing,In Progress,Approved
CNHS-SYN-2627-0047,SY 2026-2027,Grade 10,Term 3,79.9,72.2,63.7,61.9,63.9,71.1,70.7,64.9,68.54,7,1,6,61.9,8,Science,High Risk,ARAL Program (RA 12028),Basic,Frustration,Phil-IRI BOSY English,23.2,31.5,39.6,66.7,Promoted,Improved,Completed / Exited,Approved
CNHS-SYN-2627-0048,SY 2026-2027,Grade 7,Term 1,77.7,79.6,80.1,84.7,80.6,82.7,82.0,81.5,81.11,0,0,0,77.7,8,English,Moderate Risk,No Recommendation,N/A,Instructional,Classroom Summative,,,,97.6,In Progress,Progressing,Active,Reviewed
CNHS-SYN-2627-0048,SY 2026-2027,Grade 7,Term 2,78.4,81.6,77.4,82.4,80.8,85.6,81.5,79.8,80.94,0,0,0,77.4,8,Mathematics,Moderate Risk,No Recommendation,N/A,Instructional,Classroom Summative,,,,100.0,In Progress,Progressing,Active,Reviewed
CNHS-SYN-2627-0048,SY 2026-2027,Grade 7,Term 3,76.2,79.7,82.2,79.1,83.4,81.3,82.5,82.0,80.8,0,0,0,76.2,8,English,Moderate Risk,No Recommendation,N/A,Instructional,Classroom Summative,,,,89.5,N/A,N/A,Active,Reviewed
CNHS-SYN-2627-0049,SY 2026-2027,Grade 8,Term 1,83.1,87.5,77.8,76.7,81.9,87.1,85.8,76.0,81.99,0,0,0,76.0,8,Values Education,Moderate Risk,No Recommendation,N/A,Instructional,Classroom Summative,,,,97.0,In Progress,Progressing,Active,Reviewed
CNHS-SYN-2627-0049,SY 2026-2027,Grade 8,Term 2,82.1,80.9,77.7,82.2,83.5,76.4,85.0,83.7,81.44,0,0,0,76.4,8,Araling Panlipunan,Moderate Risk,No Recommendation,N/A,Instructional,Classroom Summative,,,,97.2,In Progress,Progressing,Active,Reviewed
CNHS-SYN-2627-0049,SY 2026-2027,Grade 8,Term 3,81.7,81.8,85.4,79.9,81.2,69.9,84.2,83.8,80.99,1,0,1,69.9,8,Araling Panlipunan,High Risk,Classroom Remediation,N/A,N/A,Araling Panlipunan Diagnostic Assessment,17.2,22.5,29.9,79.1,Improved,Improved,Completed,Approved
CNHS-SYN-2627-0050,SY 2026-2027,Grade 9,Term 1,90.9,87.5,93.5,90.9,96.5,91.8,94.1,93.1,92.29,0,0,0,87.5,8,Filipino,Low Risk,No Recommendation,N/A,Independent,Classroom Summative,,,,90.9,In Progress,Progressing,Active,Reviewed
CNHS-SYN-2627-0050,SY 2026-2027,Grade 9,Term 2,94.6,93.3,94.6,92.1,88.8,89.9,97.4,84.7,91.92,0,0,0,84.7,8,Values Education,Low Risk,No Recommendation,N/A,Independent,Classroom Summative,,,,98.3,In Progress,Progressing,Active,Reviewed
CNHS-SYN-2627-0050,SY 2026-2027,Grade 9,Term 3,96.0,99.0,95.7,92.6,89.4,92.7,93.7,91.2,93.79,0,0,0,89.4,8,Mapeh,Low Risk,No Recommendation,N/A,Independent,Classroom Summative,,,,89.8,N/A,N/A,Active,Reviewed
CNHS-SYN-2627-0051,SY 2026-2027,Grade 10,Term 1,99.0,99.0,96.4,99.0,99.0,96.8,94.5,93.6,97.16,0,0,0,93.6,8,Values Education,Low Risk,No Recommendation,N/A,Independent,Classroom Summative,,,,93.5,In Progress,Progressing,Active,Reviewed
CNHS-SYN-2627-0051,SY 2026-2027,Grade 10,Term 2,99.0,99.0,95.3,99.0,94.1,95.0,91.2,93.9,95.81,0,0,0,91.2,8,Tle,Low Risk,No Recommendation,N/A,Independent,Classroom Summative,,,,90.8,In Progress,Progressing,Active,Reviewed
CNHS-SYN-2627-0051,SY 2026-2027,Grade 10,Term 3,99.0,95.7,87.7,97.1,92.8,96.2,98.7,95.8,95.38,0,0,0,87.7,8,Mathematics,Low Risk,No Recommendation,N/A,Independent,Classroom Summative,,,,91.0,N/A,N/A,Active,Reviewed
CNHS-SYN-2627-0052,SY 2026-2027,Grade 7,Term 1,70.4,71.7,75.9,71.1,70.1,72.3,64.7,61.8,69.75,7,2,5,61.8,8,Values Education,High Risk,ARAL Program (RA 12028),Basic,Frustration,Phil-IRI BOSY English,22.5,,,74.3,In Progress,Progressing,In Progress,Approved
CNHS-SYN-2627-0052,SY 2026-2027,Grade 7,Term 2,73.4,74.1,74.1,72.4,66.6,74.8,69.4,61.8,70.82,8,2,6,61.8,8,Values Education,High Risk,ARAL Program (RA 12028),Basic,Frustration,Phil-IRI BOSY English,24.0,30.3,,63.1,In Progress,Progressing,In Progress,Approved
CNHS-SYN-2627-0052,SY 2026-2027,Grade 7,Term 3,70.3,79.5,63.0,65.8,74.7,68.0,71.1,72.3,70.59,7,1,6,63.0,8,Mathematics,High Risk,ARAL Program (RA 12028),Basic,Frustration,Phil-IRI BOSY English,19.9,27.9,34.0,66.1,Promoted,Improved,Completed / Exited,Approved
CNHS-SYN-2627-0053,SY 2026-2027,Grade 8,Term 1,73.5,73.2,74.1,76.8,77.5,80.5,76.8,81.1,76.69,3,2,1,73.2,8,Filipino,High Risk,Classroom Remediation,N/A,N/A,Filipino Diagnostic Assessment,24.2,,,84.1,In Progress,Progressing,In Progress,Approved
CNHS-SYN-2627-0053,SY 2026-2027,Grade 8,Term 2,78.7,81.0,77.1,79.7,82.1,73.9,76.1,87.4,79.5,1,0,1,73.9,8,Araling Panlipunan,Moderate Risk,Classroom Remediation,N/A,N/A,Araling Panlipunan Diagnostic Assessment,19.3,25.4,,79.1,In Progress,Progressing,In Progress,Approved
CNHS-SYN-2627-0053,SY 2026-2027,Grade 8,Term 3,71.6,77.1,74.6,77.3,75.7,70.7,80.3,70.2,74.69,4,1,3,70.2,8,Values Education,High Risk,Classroom Remediation,N/A,N/A,Values Education Diagnostic Assessment,18.3,24.7,33.3,87.6,Improved,Improved,Completed,Approved
CNHS-SYN-2627-0054,SY 2026-2027,Grade 9,Term 1,83.3,85.9,74.8,85.6,79.8,78.8,83.7,85.8,82.21,1,0,1,74.8,8,Mathematics,Moderate Risk,Classroom Remediation,N/A,N/A,Mathematics Diagnostic Assessment,24.6,,,84.7,In Progress,Progressing,In Progress,Approved
CNHS-SYN-2627-0054,SY 2026-2027,Grade 9,Term 2,87.1,86.8,82.8,87.7,79.6,90.2,79.6,75.7,83.69,0,0,0,75.7,8,Values Education,Low Risk,No Recommendation,N/A,Independent,Classroom Summative,,,,91.5,In Progress,Progressing,Active,Reviewed
CNHS-SYN-2627-0054,SY 2026-2027,Grade 9,Term 3,83.4,79.1,91.8,90.4,89.3,83.8,87.2,83.3,86.04,0,0,0,79.1,8,Filipino,Low Risk,No Recommendation,N/A,Independent,Classroom Summative,,,,92.6,N/A,N/A,Active,Reviewed
CNHS-SYN-2627-0055,SY 2026-2027,Grade 10,Term 1,88.2,85.9,89.1,84.6,89.5,92.2,86.8,94.9,88.9,0,0,0,84.6,8,Science,Low Risk,No Recommendation,N/A,Independent,Classroom Summative,,,,100.0,In Progress,Progressing,Active,Reviewed
CNHS-SYN-2627-0055,SY 2026-2027,Grade 10,Term 2,87.2,81.1,84.5,84.2,82.9,78.1,90.4,79.4,83.47,0,0,0,78.1,8,Araling Panlipunan,Moderate Risk,No Recommendation,N/A,Instructional,Classroom Summative,,,,100.0,In Progress,Progressing,Active,Reviewed
CNHS-SYN-2627-0055,SY 2026-2027,Grade 10,Term 3,84.5,88.9,85.7,89.6,81.9,86.0,90.7,86.3,86.7,0,0,0,81.9,8,Mapeh,Low Risk,No Recommendation,N/A,Independent,Classroom Summative,,,,98.3,N/A,N/A,Active,Reviewed
CNHS-SYN-2627-0056,SY 2026-2027,Grade 7,Term 1,79.7,72.9,69.9,75.4,73.9,73.2,74.0,71.4,73.8,6,1,5,69.9,8,Mathematics,High Risk,ARAL Program (RA 12028),Basic,Frustration,Phil-IRI BOSY English,15.5,,,69.7,In Progress,Progressing,In Progress,Approved
CNHS-SYN-2627-0056,SY 2026-2027,Grade 7,Term 2,75.7,73.3,74.2,77.6,73.2,71.0,66.6,76.1,73.46,5,1,4,66.6,8,Tle,High Risk,ARAL Program (RA 12028),Basic,Frustration,Phil-IRI BOSY English,16.1,23.2,,62.4,In Progress,Progressing,In Progress,Approved
CNHS-SYN-2627-0056,SY 2026-2027,Grade 7,Term 3,78.1,75.7,71.2,77.0,69.9,73.9,75.5,70.7,74.0,4,0,4,69.9,8,Mapeh,High Risk,ARAL Program (RA 12028),Basic,Frustration,Phil-IRI BOSY English,22.7,28.3,36.8,59.7,Promoted,Improved,Completed / Exited,Approved
CNHS-SYN-2627-0057,SY 2026-2027,Grade 8,Term 1,85.8,87.1,94.8,94.5,89.6,95.8,87.6,89.7,90.61,0,0,0,85.8,8,English,Low Risk,No Recommendation,N/A,Independent,Classroom Summative,,,,99.4,In Progress,Progressing,Active,Reviewed
CNHS-SYN-2627-0057,SY 2026-2027,Grade 8,Term 2,92.2,84.9,97.3,98.2,90.2,87.8,94.5,98.6,92.96,0,0,0,84.9,8,Filipino,Low Risk,No Recommendation,N/A,Independent,Classroom Summative,,,,88.3,In Progress,Progressing,Active,Reviewed
CNHS-SYN-2627-0057,SY 2026-2027,Grade 8,Term 3,94.6,93.3,90.0,96.1,92.8,96.2,87.1,92.7,92.85,0,0,0,87.1,8,Tle,Low Risk,No Recommendation,N/A,Independent,Classroom Summative,,,,94.9,N/A,N/A,Active,Reviewed
CNHS-SYN-2627-0058,SY 2026-2027,Grade 9,Term 1,90.8,95.3,86.9,88.4,90.8,89.0,81.4,98.9,90.19,0,0,0,81.4,8,Tle,Low Risk,No Recommendation,N/A,Independent,Classroom Summative,,,,89.3,In Progress,Progressing,Active,Reviewed
CNHS-SYN-2627-0058,SY 2026-2027,Grade 9,Term 2,92.1,92.5,93.7,91.7,87.4,81.6,89.9,81.9,88.85,0,0,0,81.6,8,Araling Panlipunan,Low Risk,No Recommendation,N/A,Independent,Classroom Summative,,,,91.4,In Progress,Progressing,Active,Reviewed
CNHS-SYN-2627-0058,SY 2026-2027,Grade 9,Term 3,93.3,88.4,88.1,85.1,90.9,85.8,91.1,85.9,88.57,0,0,0,85.1,8,Science,Low Risk,No Recommendation,N/A,Independent,Classroom Summative,,,,94.1,N/A,N/A,Active,Reviewed
CNHS-SYN-2627-0059,SY 2026-2027,Grade 10,Term 1,83.2,81.1,84.7,80.9,79.5,84.1,80.6,88.0,82.76,0,0,0,79.5,8,Mapeh,Moderate Risk,No Recommendation,N/A,Instructional,Classroom Summative,,,,89.2,In Progress,Progressing,Active,Reviewed
CNHS-SYN-2627-0059,SY 2026-2027,Grade 10,Term 2,78.9,77.3,86.6,85.4,82.3,83.6,82.2,85.8,82.76,0,0,0,77.3,8,Filipino,Moderate Risk,No Recommendation,N/A,Instructional,Classroom Summative,,,,96.4,In Progress,Progressing,Active,Reviewed
CNHS-SYN-2627-0059,SY 2026-2027,Grade 10,Term 3,80.4,78.7,85.0,88.4,86.7,88.5,83.1,78.8,83.7,0,0,0,78.7,8,Filipino,Low Risk,No Recommendation,N/A,Independent,Classroom Summative,,,,98.8,N/A,N/A,Active,Reviewed
CNHS-SYN-2627-0060,SY 2026-2027,Grade 7,Term 1,83.0,86.0,92.4,80.6,80.5,79.2,78.0,80.6,82.54,0,0,0,78.0,8,Tle,Moderate Risk,No Recommendation,N/A,Instructional,Classroom Summative,,,,89.6,In Progress,Progressing,Active,Reviewed
CNHS-SYN-2627-0060,SY 2026-2027,Grade 7,Term 2,82.4,85.0,79.9,81.2,87.2,76.4,89.2,79.3,82.58,0,0,0,76.4,8,Araling Panlipunan,Moderate Risk,No Recommendation,N/A,Instructional,Classroom Summative,,,,98.5,In Progress,Progressing,Active,Reviewed
CNHS-SYN-2627-0060,SY 2026-2027,Grade 7,Term 3,89.3,85.0,80.7,78.9,79.7,89.0,80.4,83.1,83.26,0,0,0,78.9,8,Science,Moderate Risk,No Recommendation,N/A,Instructional,Classroom Summative,,,,90.0,N/A,N/A,Active,Reviewed
CNHS-SYN-2627-0061,SY 2026-2027,Grade 8,Term 1,82.9,89.1,78.7,85.8,69.2,79.3,75.1,87.1,80.9,1,0,1,69.2,8,Mapeh,High Risk,Classroom Remediation,N/A,N/A,Mapeh Diagnostic Assessment,25.7,,,88.1,In Progress,Progressing,In Progress,Approved
CNHS-SYN-2627-0061,SY 2026-2027,Grade 8,Term 2,81.7,74.8,78.5,85.3,90.4,82.2,80.1,91.5,83.06,1,1,0,74.8,8,Filipino,Moderate Risk,No Recommendation,N/A,Instructional,Classroom Summative,,,,89.7,In Progress,Progressing,Active,Reviewed
CNHS-SYN-2627-0061,SY 2026-2027,Grade 8,Term 3,82.8,87.0,81.6,85.4,76.3,76.9,79.6,81.3,81.36,0,0,0,76.3,8,Mapeh,Moderate Risk,No Recommendation,N/A,Instructional,Classroom Summative,,,,96.2,N/A,N/A,Active,Reviewed
CNHS-SYN-2627-0062,SY 2026-2027,Grade 9,Term 1,93.6,93.8,90.1,96.6,86.0,92.6,94.3,83.6,91.32,0,0,0,83.6,8,Values Education,Low Risk,No Recommendation,N/A,Independent,Classroom Summative,,,,84.5,In Progress,Progressing,Active,Reviewed
CNHS-SYN-2627-0062,SY 2026-2027,Grade 9,Term 2,92.6,85.3,94.0,91.6,93.0,92.1,88.9,87.3,90.6,0,0,0,85.3,8,Filipino,Low Risk,No Recommendation,N/A,Independent,Classroom Summative,,,,90.1,In Progress,Progressing,Active,Reviewed
CNHS-SYN-2627-0062,SY 2026-2027,Grade 9,Term 3,88.7,88.4,88.8,82.1,83.9,76.8,87.6,90.1,85.8,0,0,0,76.8,8,Araling Panlipunan,Low Risk,No Recommendation,N/A,Independent,Classroom Summative,,,,94.8,N/A,N/A,Active,Reviewed
CNHS-SYN-2627-0063,SY 2026-2027,Grade 10,Term 1,90.4,94.4,95.9,89.2,96.2,93.9,91.4,99.0,93.8,0,0,0,89.2,8,Science,Low Risk,No Recommendation,N/A,Independent,Classroom Summative,,,,88.1,In Progress,Progressing,Active,Reviewed
CNHS-SYN-2627-0063,SY 2026-2027,Grade 10,Term 2,92.6,99.0,90.9,92.6,97.0,94.8,95.4,95.2,94.69,0,0,0,90.9,8,Mathematics,Low Risk,No Recommendation,N/A,Independent,Classroom Summative,,,,91.2,In Progress,Progressing,Active,Reviewed
CNHS-SYN-2627-0063,SY 2026-2027,Grade 10,Term 3,95.7,92.5,92.8,98.0,90.9,98.8,93.3,91.8,94.22,0,0,0,90.9,8,Mapeh,Low Risk,No Recommendation,N/A,Independent,Classroom Summative,,,,100.0,N/A,N/A,Active,Reviewed
CNHS-SYN-2627-0064,SY 2026-2027,Grade 7,Term 1,67.7,74.8,61.2,69.1,70.7,75.1,80.3,70.9,71.22,6,2,4,61.2,8,Mathematics,High Risk,ARAL Program (RA 12028),Basic,Frustration,Phil-IRI BOSY English,21.3,,,67.1,In Progress,Progressing,In Progress,Approved
CNHS-SYN-2627-0064,SY 2026-2027,Grade 7,Term 2,85.4,75.8,71.2,70.2,72.7,78.5,80.5,71.1,75.67,4,0,4,70.2,8,Science,High Risk,ARAL Program (RA 12028),Basic,Frustration,Phil-IRI BOSY English,22.1,27.3,,73.0,In Progress,Progressing,In Progress,Approved
CNHS-SYN-2627-0064,SY 2026-2027,Grade 7,Term 3,83.5,87.7,66.6,78.9,75.2,73.5,77.6,73.8,77.1,3,0,3,66.6,8,Mathematics,High Risk,ARAL Program (RA 12028),Basic,Frustration,Phil-IRI BOSY English,23.2,30.8,39.7,61.5,Promoted,Improved,Completed / Exited,Approved
CNHS-SYN-2627-0065,SY 2026-2027,Grade 8,Term 1,73.4,73.3,74.3,74.1,71.1,72.2,66.9,72.8,72.26,8,2,6,66.9,8,Tle,High Risk,ARAL Program (RA 12028),Basic,Frustration,Phil-IRI BOSY English,14.3,,,81.0,In Progress,Progressing,In Progress,Approved
CNHS-SYN-2627-0065,SY 2026-2027,Grade 8,Term 2,77.4,76.6,69.1,74.0,69.1,83.2,72.4,76.4,74.78,4,0,4,69.1,8,Mathematics,High Risk,ARAL Program (RA 12028),Basic,Frustration,Phil-IRI BOSY English,20.3,26.5,,71.2,In Progress,Progressing,In Progress,Approved
CNHS-SYN-2627-0065,SY 2026-2027,Grade 8,Term 3,83.7,86.4,66.5,69.1,69.4,69.9,70.1,73.2,73.54,6,0,6,66.5,8,Mathematics,High Risk,ARAL Program (RA 12028),Basic,Frustration,Phil-IRI BOSY English,19.4,26.9,33.5,65.4,Promoted,Improved,Completed / Exited,Approved
CNHS-SYN-2627-0066,SY 2026-2027,Grade 9,Term 1,79.9,81.9,80.9,77.9,78.7,77.8,75.1,70.2,77.8,1,0,1,70.2,8,Values Education,Moderate Risk,Classroom Remediation,N/A,N/A,Values Education Diagnostic Assessment,18.8,,,80.7,In Progress,Progressing,In Progress,Approved
CNHS-SYN-2627-0066,SY 2026-2027,Grade 9,Term 2,76.3,78.2,74.5,70.3,72.5,83.6,85.4,81.2,77.75,3,0,3,70.3,8,Science,High Risk,Classroom Remediation,N/A,N/A,Science Diagnostic Assessment,25.9,33.0,,85.7,In Progress,Progressing,In Progress,Approved
CNHS-SYN-2627-0066,SY 2026-2027,Grade 9,Term 3,81.5,83.5,85.6,76.8,89.0,70.7,75.4,79.1,80.2,1,0,1,70.7,8,Araling Panlipunan,Moderate Risk,Classroom Remediation,N/A,N/A,Araling Panlipunan Diagnostic Assessment,24.9,31.1,39.9,79.6,Improved,Improved,Completed,Approved
CNHS-SYN-2627-0067,SY 2026-2027,Grade 10,Term 1,93.7,87.7,94.4,85.6,92.3,93.9,95.5,91.0,91.76,0,0,0,85.6,8,Science,Low Risk,No Recommendation,N/A,Independent,Classroom Summative,,,,90.8,In Progress,Progressing,Active,Reviewed
CNHS-SYN-2627-0067,SY 2026-2027,Grade 10,Term 2,96.6,95.5,91.0,93.4,95.5,91.7,88.3,92.1,93.01,0,0,0,88.3,8,Tle,Low Risk,No Recommendation,N/A,Independent,Classroom Summative,,,,91.1,In Progress,Progressing,Active,Reviewed
CNHS-SYN-2627-0067,SY 2026-2027,Grade 10,Term 3,89.1,94.9,97.2,99.0,93.9,86.8,99.0,95.4,94.41,0,0,0,86.8,8,Araling Panlipunan,Low Risk,No Recommendation,N/A,Independent,Classroom Summative,,,,90.4,N/A,N/A,Active,Reviewed
CNHS-SYN-2627-0068,SY 2026-2027,Grade 7,Term 1,91.7,77.9,92.8,91.1,84.6,83.5,84.6,77.7,85.49,0,0,0,77.7,8,Values Education,Low Risk,No Recommendation,N/A,Independent,Classroom Summative,,,,94.8,In Progress,Progressing,Active,Reviewed
CNHS-SYN-2627-0068,SY 2026-2027,Grade 7,Term 2,84.1,92.4,90.3,88.8,86.3,90.7,92.8,86.3,88.96,0,0,0,84.1,8,English,Low Risk,No Recommendation,N/A,Independent,Classroom Summative,,,,96.7,In Progress,Progressing,Active,Reviewed
CNHS-SYN-2627-0068,SY 2026-2027,Grade 7,Term 3,90.3,95.1,87.2,86.2,84.9,90.6,86.8,85.2,88.29,0,0,0,84.9,8,Mapeh,Low Risk,No Recommendation,N/A,Independent,Classroom Summative,,,,100.0,N/A,N/A,Active,Reviewed
CNHS-SYN-2627-0069,SY 2026-2027,Grade 8,Term 1,84.4,83.2,80.6,81.3,85.4,81.2,84.5,82.9,82.94,0,0,0,80.6,8,Mathematics,Moderate Risk,No Recommendation,N/A,Instructional,Classroom Summative,,,,99.7,In Progress,Progressing,Active,Reviewed
CNHS-SYN-2627-0069,SY 2026-2027,Grade 8,Term 2,85.1,84.1,85.8,76.1,81.0,77.1,83.3,84.1,82.07,0,0,0,76.1,8,Science,Moderate Risk,No Recommendation,N/A,Instructional,Classroom Summative,,,,98.1,In Progress,Progressing,Active,Reviewed
CNHS-SYN-2627-0069,SY 2026-2027,Grade 8,Term 3,77.1,79.8,85.2,83.9,77.9,87.4,88.7,84.5,83.06,0,0,0,77.1,8,English,Moderate Risk,No Recommendation,N/A,Instructional,Classroom Summative,,,,94.6,N/A,N/A,Active,Reviewed
CNHS-SYN-2627-0070,SY 2026-2027,Grade 9,Term 1,88.8,83.8,81.5,83.7,86.0,83.6,79.9,77.7,83.12,0,0,0,77.7,8,Values Education,Moderate Risk,No Recommendation,N/A,Instructional,Classroom Summative,,,,85.5,In Progress,Progressing,Active,Reviewed
CNHS-SYN-2627-0070,SY 2026-2027,Grade 9,Term 2,81.5,79.3,79.2,84.1,79.7,87.4,78.0,76.5,80.71,0,0,0,76.5,8,Values Education,Moderate Risk,No Recommendation,N/A,Instructional,Classroom Summative,,,,96.5,In Progress,Progressing,Active,Reviewed
CNHS-SYN-2627-0070,SY 2026-2027,Grade 9,Term 3,85.2,78.5,76.4,86.0,74.6,84.0,78.0,81.7,80.55,1,0,1,74.6,8,Mapeh,Moderate Risk,Classroom Remediation,N/A,N/A,Mapeh Diagnostic Assessment,20.4,28.1,35.8,83.3,Improved,Improved,Completed,Approved
CNHS-SYN-2627-0071,SY 2026-2027,Grade 10,Term 1,71.2,81.5,77.8,79.8,72.6,77.0,78.5,74.7,76.64,3,1,2,71.2,8,English,High Risk,Classroom Remediation,N/A,N/A,English Diagnostic Assessment,23.1,,,76.4,In Progress,Progressing,In Progress,Approved
CNHS-SYN-2627-0071,SY 2026-2027,Grade 10,Term 2,72.8,82.2,72.9,80.0,77.0,75.2,82.4,80.3,77.85,2,1,1,72.8,8,English,High Risk,Classroom Remediation,N/A,N/A,English Diagnostic Assessment,21.9,27.1,,81.0,In Progress,Progressing,In Progress,Approved
CNHS-SYN-2627-0071,SY 2026-2027,Grade 10,Term 3,77.7,84.9,76.9,71.4,82.4,79.5,79.7,82.4,79.36,1,0,1,71.4,8,Science,Moderate Risk,Classroom Remediation,N/A,N/A,Science Diagnostic Assessment,17.7,24.9,29.3,80.8,Improved,Improved,Completed,Approved
CNHS-SYN-2627-0072,SY 2026-2027,Grade 7,Term 1,83.6,81.5,76.2,86.6,83.0,86.2,74.0,82.2,81.66,1,0,1,74.0,8,Tle,Moderate Risk,Classroom Remediation,N/A,N/A,Tle Diagnostic Assessment,17.3,,,82.1,In Progress,Progressing,In Progress,Approved
CNHS-SYN-2627-0072,SY 2026-2027,Grade 7,Term 2,82.1,76.1,78.0,86.3,80.1,86.3,85.1,85.3,82.41,0,0,0,76.1,8,Filipino,Moderate Risk,No Recommendation,N/A,Instructional,Classroom Summative,,,,92.5,In Progress,Progressing,Active,Reviewed
CNHS-SYN-2627-0072,SY 2026-2027,Grade 7,Term 3,81.5,84.5,73.4,86.7,80.1,81.7,81.7,81.8,81.43,1,0,1,73.4,8,Mathematics,Moderate Risk,Classroom Remediation,N/A,N/A,Mathematics Diagnostic Assessment,22.3,30.3,38.6,76.1,Improved,Improved,Completed,Approved
CNHS-SYN-2627-0073,SY 2026-2027,Grade 8,Term 1,90.7,83.4,87.5,81.7,86.1,82.8,89.5,88.3,86.25,0,0,0,81.7,8,Science,Low Risk,No Recommendation,N/A,Independent,Classroom Summative,,,,97.8,In Progress,Progressing,Active,Reviewed
CNHS-SYN-2627-0073,SY 2026-2027,Grade 8,Term 2,84.4,87.9,85.7,89.5,89.1,91.6,87.0,75.4,86.33,0,0,0,75.4,8,Values Education,Low Risk,No Recommendation,N/A,Independent,Classroom Summative,,,,99.5,In Progress,Progressing,Active,Reviewed
CNHS-SYN-2627-0073,SY 2026-2027,Grade 8,Term 3,86.8,80.7,89.8,88.7,83.9,85.7,83.4,88.7,85.96,0,0,0,80.7,8,Filipino,Low Risk,No Recommendation,N/A,Independent,Classroom Summative,,,,89.9,N/A,N/A,Active,Reviewed
CNHS-SYN-2627-0074,SY 2026-2027,Grade 9,Term 1,91.6,92.3,96.1,90.2,93.8,96.5,89.0,97.1,93.32,0,0,0,89.0,8,Tle,Low Risk,No Recommendation,N/A,Independent,Classroom Summative,,,,94.9,In Progress,Progressing,Active,Reviewed
CNHS-SYN-2627-0074,SY 2026-2027,Grade 9,Term 2,90.4,92.9,91.3,87.9,92.9,87.0,89.6,89.6,90.2,0,0,0,87.0,8,Araling Panlipunan,Low Risk,No Recommendation,N/A,Independent,Classroom Summative,,,,96.3,In Progress,Progressing,Active,Reviewed
CNHS-SYN-2627-0074,SY 2026-2027,Grade 9,Term 3,91.2,97.0,91.3,89.3,87.4,91.0,91.0,93.7,91.49,0,0,0,87.4,8,Mapeh,Low Risk,No Recommendation,N/A,Independent,Classroom Summative,,,,100.0,N/A,N/A,Active,Reviewed
CNHS-SYN-2627-0075,SY 2026-2027,Grade 10,Term 1,74.1,80.2,80.4,81.1,74.3,81.1,78.8,75.3,78.16,2,1,1,74.1,8,English,High Risk,Classroom Remediation,N/A,N/A,English Diagnostic Assessment,19.0,,,88.5,In Progress,Progressing,In Progress,Approved
CNHS-SYN-2627-0075,SY 2026-2027,Grade 10,Term 2,81.6,78.2,77.9,75.6,75.7,71.8,78.6,80.2,77.45,1,0,1,71.8,8,Araling Panlipunan,Moderate Risk,Classroom Remediation,N/A,N/A,Araling Panlipunan Diagnostic Assessment,23.9,31.6,,86.0,In Progress,Progressing,In Progress,Approved
CNHS-SYN-2627-0075,SY 2026-2027,Grade 10,Term 3,77.8,85.7,87.3,75.8,76.7,80.2,74.1,80.8,79.8,1,0,1,74.1,8,Tle,Moderate Risk,Classroom Remediation,N/A,N/A,Tle Diagnostic Assessment,19.0,24.5,30.7,73.1,Improved,Improved,Completed,Approved
CNHS-SYN-2627-0076,SY 2026-2027,Grade 7,Term 1,73.3,79.2,81.1,78.5,76.2,78.9,82.8,82.8,79.1,1,1,0,73.3,8,English,Moderate Risk,No Recommendation,N/A,Instructional,Classroom Summative,,,,100.0,In Progress,Progressing,Active,Reviewed
CNHS-SYN-2627-0076,SY 2026-2027,Grade 7,Term 2,84.7,81.4,88.9,76.6,74.7,79.2,85.7,83.2,81.8,1,0,1,74.7,8,Mapeh,Moderate Risk,Classroom Remediation,N/A,N/A,Mapeh Diagnostic Assessment,19.6,24.9,,89.0,In Progress,Progressing,In Progress,Approved
CNHS-SYN-2627-0076,SY 2026-2027,Grade 7,Term 3,81.5,88.8,78.6,84.5,83.5,85.9,83.6,86.3,84.09,0,0,0,78.6,8,Mathematics,Low Risk,No Recommendation,N/A,Independent,Classroom Summative,,,,90.2,N/A,N/A,Active,Reviewed
CNHS-SYN-2627-0077,SY 2026-2027,Grade 8,Term 1,97.4,92.0,90.2,85.3,83.7,89.7,93.6,88.4,90.04,0,0,0,83.7,8,Mapeh,Low Risk,No Recommendation,N/A,Independent,Classroom Summative,,,,93.3,In Progress,Progressing,Active,Reviewed
CNHS-SYN-2627-0077,SY 2026-2027,Grade 8,Term 2,93.1,92.8,95.3,86.9,90.1,88.5,88.4,90.7,90.72,0,0,0,86.9,8,Science,Low Risk,No Recommendation,N/A,Independent,Classroom Summative,,,,97.7,In Progress,Progressing,Active,Reviewed
CNHS-SYN-2627-0077,SY 2026-2027,Grade 8,Term 3,93.8,96.0,92.2,95.9,89.4,89.4,93.4,89.4,92.44,0,0,0,89.4,8,Mapeh,Low Risk,No Recommendation,N/A,Independent,Classroom Summative,,,,100.0,N/A,N/A,Active,Reviewed
CNHS-SYN-2627-0078,SY 2026-2027,Grade 9,Term 1,95.0,94.7,91.6,88.2,86.4,89.2,88.4,89.9,90.43,0,0,0,86.4,8,Mapeh,Low Risk,No Recommendation,N/A,Independent,Classroom Summative,,,,94.1,In Progress,Progressing,Active,Reviewed
CNHS-SYN-2627-0078,SY 2026-2027,Grade 9,Term 2,97.2,96.0,92.3,98.9,86.9,88.8,83.6,87.6,91.41,0,0,0,83.6,8,Tle,Low Risk,No Recommendation,N/A,Independent,Classroom Summative,,,,92.7,In Progress,Progressing,Active,Reviewed
CNHS-SYN-2627-0078,SY 2026-2027,Grade 9,Term 3,86.6,95.7,93.7,92.3,88.0,85.3,88.4,91.3,90.16,0,0,0,85.3,8,Araling Panlipunan,Low Risk,No Recommendation,N/A,Independent,Classroom Summative,,,,95.4,N/A,N/A,Active,Reviewed
CNHS-SYN-2627-0079,SY 2026-2027,Grade 10,Term 1,88.5,86.5,92.0,89.7,88.3,80.1,82.7,83.9,86.46,0,0,0,80.1,8,Araling Panlipunan,Low Risk,No Recommendation,N/A,Independent,Classroom Summative,,,,92.1,In Progress,Progressing,Active,Reviewed
CNHS-SYN-2627-0079,SY 2026-2027,Grade 10,Term 2,91.5,90.6,88.0,88.6,87.6,86.2,90.7,83.8,88.38,0,0,0,83.8,8,Values Education,Low Risk,No Recommendation,N/A,Independent,Classroom Summative,,,,90.3,In Progress,Progressing,Active,Reviewed
CNHS-SYN-2627-0079,SY 2026-2027,Grade 10,Term 3,84.2,82.8,85.9,86.7,85.2,85.3,85.2,93.1,86.05,0,0,0,82.8,8,Filipino,Low Risk,No Recommendation,N/A,Independent,Classroom Summative,,,,89.6,N/A,N/A,Active,Reviewed
CNHS-SYN-2627-0080,SY 2026-2027,Grade 7,Term 1,73.6,69.6,68.7,77.3,60.5,71.3,72.7,78.2,71.49,6,2,4,60.5,8,Mapeh,High Risk,ARAL Program (RA 12028),Basic,Frustration,Phil-IRI BOSY English,18.2,,,71.2,In Progress,Progressing,In Progress,Approved
CNHS-SYN-2627-0080,SY 2026-2027,Grade 7,Term 2,79.5,73.3,69.5,73.2,75.4,70.3,75.2,66.5,72.86,5,1,4,66.5,8,Values Education,High Risk,ARAL Program (RA 12028),Basic,Frustration,Phil-IRI BOSY English,19.6,25.9,,67.7,In Progress,Progressing,In Progress,Approved
CNHS-SYN-2627-0080,SY 2026-2027,Grade 7,Term 3,81.9,78.2,65.3,70.1,64.6,73.4,73.2,83.8,73.81,5,0,5,64.6,8,Mapeh,High Risk,ARAL Program (RA 12028),Basic,Frustration,Phil-IRI BOSY English,22.2,30.0,37.0,63.6,Promoted,Improved,Completed / Exited,Approved
CNHS-SYN-2627-0081,SY 2026-2027,Grade 8,Term 1,98.7,91.5,91.0,92.1,91.4,90.6,86.2,90.5,91.5,0,0,0,86.2,8,Tle,Low Risk,No Recommendation,N/A,Independent,Classroom Summative,,,,93.2,In Progress,Progressing,Active,Reviewed
CNHS-SYN-2627-0081,SY 2026-2027,Grade 8,Term 2,94.8,89.5,93.0,93.2,90.1,99.0,92.1,86.4,92.26,0,0,0,86.4,8,Values Education,Low Risk,No Recommendation,N/A,Independent,Classroom Summative,,,,90.7,In Progress,Progressing,Active,Reviewed
CNHS-SYN-2627-0081,SY 2026-2027,Grade 8,Term 3,88.9,94.1,89.7,89.8,95.4,89.1,93.7,84.7,90.67,0,0,0,84.7,8,Values Education,Low Risk,No Recommendation,N/A,Independent,Classroom Summative,,,,90.9,N/A,N/A,Active,Reviewed
CNHS-SYN-2627-0082,SY 2026-2027,Grade 9,Term 1,96.2,95.3,94.1,91.3,98.1,99.0,90.3,,94.9,0,0,0,90.3,7,Tle,Low Risk,No Recommendation,N/A,Independent,Classroom Summative,,,,95.6,In Progress,Progressing,Active,Reviewed
CNHS-SYN-2627-0082,SY 2026-2027,Grade 9,Term 2,92.9,85.8,94.7,92.1,88.8,88.5,92.7,97.2,91.59,0,0,0,85.8,8,Filipino,Low Risk,No Recommendation,N/A,Independent,Classroom Summative,,,,96.7,In Progress,Progressing,Active,Reviewed
CNHS-SYN-2627-0082,SY 2026-2027,Grade 9,Term 3,88.8,90.3,95.2,85.9,91.9,92.9,90.9,92.3,91.03,0,0,0,85.9,8,Science,Low Risk,No Recommendation,N/A,Independent,Classroom Summative,,,,91.8,N/A,N/A,Active,Reviewed
CNHS-SYN-2627-0083,SY 2026-2027,Grade 10,Term 1,91.3,91.2,89.7,88.9,91.7,94.6,99.0,87.4,91.73,0,0,0,87.4,8,Values Education,Low Risk,No Recommendation,N/A,Independent,Classroom Summative,,,,95.9,In Progress,Progressing,Active,Reviewed
CNHS-SYN-2627-0083,SY 2026-2027,Grade 10,Term 2,91.3,88.7,92.5,98.6,91.6,87.6,90.0,86.2,90.81,0,0,0,86.2,8,Values Education,Low Risk,No Recommendation,N/A,Independent,Classroom Summative,,,,96.4,In Progress,Progressing,Active,Reviewed
CNHS-SYN-2627-0083,SY 2026-2027,Grade 10,Term 3,89.9,80.2,92.5,88.7,87.7,87.7,92.1,89.0,88.47,0,0,0,80.2,8,Filipino,Low Risk,No Recommendation,N/A,Independent,Classroom Summative,,,,97.3,N/A,N/A,Active,Reviewed
CNHS-SYN-2627-0084,SY 2026-2027,Grade 7,Term 1,88.2,99.0,99.0,91.8,86.3,92.9,91.3,93.3,92.72,0,0,0,86.3,8,Mapeh,Low Risk,No Recommendation,N/A,Independent,Classroom Summative,,,,92.3,In Progress,Progressing,Active,Reviewed
CNHS-SYN-2627-0084,SY 2026-2027,Grade 7,Term 2,93.3,94.1,95.5,93.7,99.0,91.6,90.1,87.0,93.04,0,0,0,87.0,8,Values Education,Low Risk,No Recommendation,N/A,Independent,Classroom Summative,,,,89.1,In Progress,Progressing,Active,Reviewed
CNHS-SYN-2627-0084,SY 2026-2027,Grade 7,Term 3,98.5,94.5,99.0,99.0,90.3,92.2,98.6,94.3,95.8,0,0,0,90.3,8,Mapeh,Low Risk,No Recommendation,N/A,Independent,Classroom Summative,,,,97.6,N/A,N/A,Active,Reviewed
CNHS-SYN-2627-0085,SY 2026-2027,Grade 8,Term 1,69.1,66.4,71.1,65.2,61.4,70.3,64.0,63.6,66.39,8,2,6,61.4,8,Mapeh,High Risk,ARAL Program (RA 12028),Plus,Instructional,Phil-IRI BOSY English,24.4,,,74.1,In Progress,Progressing,In Progress,Approved
CNHS-SYN-2627-0085,SY 2026-2027,Grade 8,Term 2,75.4,75.2,65.7,63.6,65.2,69.1,69.1,70.8,69.26,6,0,6,63.6,8,Science,High Risk,ARAL Program (RA 12028),Plus,Instructional,Phil-IRI BOSY English,27.7,32.5,,69.2,In Progress,Progressing,In Progress,Approved
CNHS-SYN-2627-0085,SY 2026-2027,Grade 8,Term 3,75.2,75.4,69.3,63.8,75.8,68.9,68.5,67.6,70.56,5,0,5,63.8,8,Science,High Risk,ARAL Program (RA 12028),Plus,Instructional,Phil-IRI BOSY English,23.0,30.6,36.9,63.5,Promoted,Improved,Completed / Exited,Approved
CNHS-SYN-2627-0086,SY 2026-2027,Grade 9,Term 1,86.6,84.3,91.1,84.4,86.0,87.6,86.7,86.7,86.67,0,0,0,84.3,8,Filipino,Low Risk,No Recommendation,N/A,Independent,Classroom Summative,,,,94.9,In Progress,Progressing,Active,Reviewed
CNHS-SYN-2627-0086,SY 2026-2027,Grade 9,Term 2,87.7,88.5,93.2,88.6,84.5,86.1,92.8,85.5,88.36,0,0,0,84.5,8,Mapeh,Low Risk,No Recommendation,N/A,Independent,Classroom Summative,,,,96.3,In Progress,Progressing,Active,Reviewed
CNHS-SYN-2627-0086,SY 2026-2027,Grade 9,Term 3,89.7,87.4,86.0,86.7,89.2,91.7,81.1,93.4,88.15,0,0,0,81.1,8,Tle,Low Risk,No Recommendation,N/A,Independent,Classroom Summative,,,,97.2,N/A,N/A,Active,Reviewed
CNHS-SYN-2627-0087,SY 2026-2027,Grade 10,Term 1,80.9,79.0,78.1,83.2,79.0,80.1,90.8,79.0,81.26,0,0,0,78.1,8,Mathematics,Moderate Risk,No Recommendation,N/A,Instructional,Classroom Summative,,,,95.7,In Progress,Progressing,Active,Reviewed
CNHS-SYN-2627-0087,SY 2026-2027,Grade 10,Term 2,81.7,80.0,79.7,84.6,84.1,78.5,76.5,80.6,80.71,0,0,0,76.5,8,Tle,Moderate Risk,No Recommendation,N/A,Instructional,Classroom Summative,,,,97.1,In Progress,Progressing,Active,Reviewed
CNHS-SYN-2627-0087,SY 2026-2027,Grade 10,Term 3,80.5,89.0,84.7,74.9,77.0,71.7,70.9,79.4,78.51,3,0,3,70.9,8,Tle,High Risk,Classroom Remediation,N/A,N/A,Tle Diagnostic Assessment,24.5,31.3,38.9,80.5,Improved,Improved,Completed,Approved
CNHS-SYN-2627-0088,SY 2026-2027,Grade 7,Term 1,75.6,78.4,75.6,78.5,84.2,71.5,75.1,71.6,76.31,2,0,2,71.5,8,Araling Panlipunan,High Risk,Classroom Remediation,N/A,N/A,Araling Panlipunan Diagnostic Assessment,22.6,,,82.7,In Progress,Progressing,In Progress,Approved
CNHS-SYN-2627-0088,SY 2026-2027,Grade 7,Term 2,77.9,75.6,76.7,75.5,75.9,78.4,69.5,77.9,75.93,1,0,1,69.5,8,Tle,High Risk,Classroom Remediation,N/A,N/A,Tle Diagnostic Assessment,21.2,26.5,,83.3,In Progress,Progressing,In Progress,Approved
CNHS-SYN-2627-0088,SY 2026-2027,Grade 7,Term 3,78.5,72.2,79.1,81.2,75.0,76.8,69.0,73.4,75.65,3,1,2,69.0,8,Tle,High Risk,Classroom Remediation,N/A,N/A,Tle Diagnostic Assessment,20.6,26.1,33.2,83.4,Improved,Improved,Completed,Approved
CNHS-SYN-2627-0089,SY 2026-2027,Grade 8,Term 1,85.6,83.9,93.7,86.9,94.4,84.0,82.0,86.1,87.08,0,0,0,82.0,8,Tle,Low Risk,No Recommendation,N/A,Independent,Classroom Summative,,,,96.9,In Progress,Progressing,Active,Reviewed
CNHS-SYN-2627-0089,SY 2026-2027,Grade 8,Term 2,91.2,91.3,88.2,98.3,89.6,89.3,91.6,83.0,90.31,0,0,0,83.0,8,Values Education,Low Risk,No Recommendation,N/A,Independent,Classroom Summative,,,,93.1,In Progress,Progressing,Active,Reviewed
CNHS-SYN-2627-0089,SY 2026-2027,Grade 8,Term 3,92.9,84.2,89.8,87.1,81.9,86.0,89.9,82.2,86.75,0,0,0,81.9,8,Mapeh,Low Risk,No Recommendation,N/A,Independent,Classroom Summative,,,,95.6,N/A,N/A,Active,Reviewed
CNHS-SYN-2627-0090,SY 2026-2027,Grade 9,Term 1,69.9,66.0,70.3,67.6,72.7,73.0,64.8,71.3,69.45,8,2,6,64.8,8,Tle,High Risk,ARAL Program (RA 12028),Plus,Instructional,Phil-IRI BOSY English,24.4,,,75.1,In Progress,Progressing,In Progress,Approved
CNHS-SYN-2627-0090,SY 2026-2027,Grade 9,Term 2,79.4,75.8,67.1,72.8,75.5,73.7,75.7,71.7,73.96,4,0,4,67.1,8,Mathematics,High Risk,ARAL Program (RA 12028),Plus,Instructional,Phil-IRI BOSY English,24.6,30.4,,67.0,In Progress,Progressing,In Progress,Approved
CNHS-SYN-2627-0090,SY 2026-2027,Grade 9,Term 3,75.1,79.2,64.7,75.9,71.4,71.3,66.6,68.1,71.54,5,0,5,64.7,8,Mathematics,High Risk,ARAL Program (RA 12028),Plus,Instructional,Phil-IRI BOSY English,24.5,33.4,38.9,69.4,Promoted,Improved,Completed / Exited,Approved
CNHS-SYN-2627-0091,SY 2026-2027,Grade 10,Term 1,68.5,62.3,71.7,71.7,74.5,65.3,67.3,71.6,69.11,8,2,6,62.3,8,Filipino,High Risk,ARAL Program (RA 12028),Plus,Instructional,Phil-IRI BOSY English,22.2,,,71.5,In Progress,Progressing,In Progress,Approved
CNHS-SYN-2627-0091,SY 2026-2027,Grade 10,Term 2,75.4,74.5,74.1,66.4,73.0,65.6,67.1,74.6,71.34,7,1,6,65.6,8,Araling Panlipunan,High Risk,ARAL Program (RA 12028),Plus,Instructional,Phil-IRI BOSY English,21.8,26.3,,65.6,In Progress,Progressing,In Progress,Approved
CNHS-SYN-2627-0091,SY 2026-2027,Grade 10,Term 3,78.5,88.0,64.9,72.8,63.7,66.6,69.8,70.0,71.79,6,0,6,63.7,8,Mapeh,High Risk,ARAL Program (RA 12028),Plus,Instructional,Phil-IRI BOSY English,21.7,27.2,35.6,70.5,Promoted,Improved,Completed / Exited,Approved
CNHS-SYN-2627-0092,SY 2026-2027,Grade 7,Term 1,96.2,93.6,98.4,91.7,91.9,92.9,91.6,97.6,94.24,0,0,0,91.6,8,Tle,Low Risk,No Recommendation,N/A,Independent,Classroom Summative,,,,93.9,In Progress,Progressing,Active,Reviewed
CNHS-SYN-2627-0092,SY 2026-2027,Grade 7,Term 2,95.8,95.0,99.0,87.8,95.7,88.8,91.6,88.4,92.76,0,0,0,87.8,8,Science,Low Risk,No Recommendation,N/A,Independent,Classroom Summative,,,,92.0,In Progress,Progressing,Active,Reviewed
CNHS-SYN-2627-0092,SY 2026-2027,Grade 7,Term 3,99.0,96.4,97.7,89.3,96.3,99.0,96.8,88.5,95.38,0,0,0,88.5,8,Values Education,Low Risk,No Recommendation,N/A,Independent,Classroom Summative,,,,94.4,N/A,N/A,Active,Reviewed
CNHS-SYN-2627-0093,SY 2026-2027,Grade 8,Term 1,91.9,95.1,99.0,93.1,91.8,88.6,97.3,92.1,93.61,0,0,0,88.6,8,Araling Panlipunan,Low Risk,No Recommendation,N/A,Independent,Classroom Summative,,,,85.8,In Progress,Progressing,Active,Reviewed
CNHS-SYN-2627-0093,SY 2026-2027,Grade 8,Term 2,93.7,92.7,88.1,96.4,90.6,99.0,98.0,89.9,93.55,0,0,0,88.1,8,Mathematics,Low Risk,No Recommendation,N/A,Independent,Classroom Summative,,,,99.6,In Progress,Progressing,Active,Reviewed
CNHS-SYN-2627-0093,SY 2026-2027,Grade 8,Term 3,92.1,90.3,86.8,94.1,89.0,94.2,90.5,89.7,90.84,0,0,0,86.8,8,Mathematics,Low Risk,No Recommendation,N/A,Independent,Classroom Summative,,,,89.5,N/A,N/A,Active,Reviewed
CNHS-SYN-2627-0094,SY 2026-2027,Grade 9,Term 1,78.5,86.8,83.3,89.1,84.3,83.6,81.5,85.7,84.1,0,0,0,78.5,8,English,Low Risk,No Recommendation,N/A,Independent,Classroom Summative,,,,97.0,In Progress,Progressing,Active,Reviewed
CNHS-SYN-2627-0094,SY 2026-2027,Grade 9,Term 2,88.7,79.9,86.3,85.6,85.1,81.7,81.8,81.1,83.78,0,0,0,79.9,8,Filipino,Low Risk,No Recommendation,N/A,Independent,Classroom Summative,,,,91.1,In Progress,Progressing,Active,Reviewed
CNHS-SYN-2627-0094,SY 2026-2027,Grade 9,Term 3,82.2,79.7,85.6,83.6,84.0,82.3,83.6,82.4,82.93,0,0,0,79.7,8,Filipino,Moderate Risk,No Recommendation,N/A,Instructional,Classroom Summative,,,,92.5,N/A,N/A,Active,Reviewed
CNHS-SYN-2627-0095,SY 2026-2027,Grade 10,Term 1,91.5,90.6,89.1,90.9,98.4,90.2,84.3,94.1,91.14,0,0,0,84.3,8,Tle,Low Risk,No Recommendation,N/A,Independent,Classroom Summative,,,,96.9,In Progress,Progressing,Active,Reviewed
CNHS-SYN-2627-0095,SY 2026-2027,Grade 10,Term 2,93.3,93.9,98.3,95.0,88.0,88.5,85.9,99.0,92.74,0,0,0,85.9,8,Tle,Low Risk,No Recommendation,N/A,Independent,Classroom Summative,,,,98.1,In Progress,Progressing,Active,Reviewed
CNHS-SYN-2627-0095,SY 2026-2027,Grade 10,Term 3,92.9,90.8,93.8,91.5,95.7,95.8,90.5,87.2,92.28,0,0,0,87.2,8,Values Education,Low Risk,No Recommendation,N/A,Independent,Classroom Summative,,,,86.0,N/A,N/A,Active,Reviewed
CNHS-SYN-2627-0096,SY 2026-2027,Grade 7,Term 1,92.3,90.0,89.4,88.0,90.3,87.2,87.5,82.2,88.36,0,0,0,82.2,8,Values Education,Low Risk,No Recommendation,N/A,Independent,Classroom Summative,,,,94.3,In Progress,Progressing,Active,Reviewed
CNHS-SYN-2627-0096,SY 2026-2027,Grade 7,Term 2,91.7,99.0,90.8,88.8,91.3,97.4,90.3,80.9,91.27,0,0,0,80.9,8,Values Education,Low Risk,No Recommendation,N/A,Independent,Classroom Summative,,,,90.9,In Progress,Progressing,Active,Reviewed
CNHS-SYN-2627-0096,SY 2026-2027,Grade 7,Term 3,85.1,98.8,95.8,85.9,86.0,90.0,86.0,88.9,89.56,0,0,0,85.1,8,English,Low Risk,No Recommendation,N/A,Independent,Classroom Summative,,,,92.6,N/A,N/A,Active,Reviewed
CNHS-SYN-2627-0097,SY 2026-2027,Grade 8,Term 1,76.1,78.6,77.6,83.2,71.6,79.9,76.2,72.4,76.95,2,0,2,71.6,8,Mapeh,High Risk,Classroom Remediation,N/A,N/A,Mapeh Diagnostic Assessment,23.2,,,79.9,In Progress,Progressing,In Progress,Approved
CNHS-SYN-2627-0097,SY 2026-2027,Grade 8,Term 2,75.1,71.9,72.7,83.6,76.5,76.8,73.6,77.4,75.95,3,1,2,71.9,8,Filipino,High Risk,Classroom Remediation,N/A,N/A,Filipino Diagnostic Assessment,16.9,23.7,,74.6,In Progress,Progressing,In Progress,Approved
CNHS-SYN-2627-0097,SY 2026-2027,Grade 8,Term 3,71.8,68.5,74.2,74.9,80.3,75.8,75.1,77.8,74.8,4,2,2,68.5,8,Filipino,High Risk,Classroom Remediation,N/A,N/A,Filipino Diagnostic Assessment,19.5,27.2,35.7,85.7,Improved,Improved,Completed,Approved
CNHS-SYN-2627-0098,SY 2026-2027,Grade 9,Term 1,78.4,77.5,73.8,85.2,80.4,72.1,76.6,72.2,77.03,3,0,3,72.1,8,Araling Panlipunan,High Risk,Classroom Remediation,N/A,N/A,Araling Panlipunan Diagnostic Assessment,21.0,,,80.6,In Progress,Progressing,In Progress,Approved
CNHS-SYN-2627-0098,SY 2026-2027,Grade 9,Term 2,81.0,82.1,81.4,72.3,77.5,79.1,75.4,71.9,77.59,2,0,2,71.9,8,Values Education,High Risk,Classroom Remediation,N/A,N/A,Values Education Diagnostic Assessment,19.6,25.2,,81.3,In Progress,Progressing,In Progress,Approved
CNHS-SYN-2627-0098,SY 2026-2027,Grade 9,Term 3,77.5,76.8,81.2,78.3,75.8,78.4,73.3,80.0,77.66,1,0,1,73.3,8,Tle,Moderate Risk,Classroom Remediation,N/A,N/A,Tle Diagnostic Assessment,21.7,27.5,34.9,80.4,Improved,Improved,Completed,Approved
CNHS-SYN-2627-0099,SY 2026-2027,Grade 10,Term 1,93.5,95.2,97.8,98.2,87.5,86.7,93.1,93.5,93.19,0,0,0,86.7,8,Araling Panlipunan,Low Risk,No Recommendation,N/A,Independent,Classroom Summative,,,,95.7,In Progress,Progressing,Active,Reviewed
CNHS-SYN-2627-0099,SY 2026-2027,Grade 10,Term 2,99.0,92.0,96.9,95.9,99.0,90.9,94.7,87.0,94.43,0,0,0,87.0,8,Values Education,Low Risk,No Recommendation,N/A,Independent,Classroom Summative,,,,92.4,In Progress,Progressing,Active,Reviewed
CNHS-SYN-2627-0099,SY 2026-2027,Grade 10,Term 3,84.4,85.5,95.0,91.7,86.0,95.9,85.7,90.9,89.39,0,0,0,84.4,8,English,Low Risk,No Recommendation,N/A,Independent,Classroom Summative,,,,94.4,N/A,N/A,Active,Reviewed
CNHS-SYN-2627-0100,SY 2026-2027,Grade 7,Term 1,86.3,95.4,87.4,89.3,88.4,91.0,87.9,89.1,89.35,0,0,0,86.3,8,English,Low Risk,No Recommendation,N/A,Independent,Classroom Summative,,,,89.5,In Progress,Progressing,Active,Reviewed
CNHS-SYN-2627-0100,SY 2026-2027,Grade 7,Term 2,91.1,86.9,94.0,87.0,89.9,84.7,94.6,90.0,89.78,0,0,0,84.7,8,Araling Panlipunan,Low Risk,No Recommendation,N/A,Independent,Classroom Summative,,,,96.9,In Progress,Progressing,Active,Reviewed
CNHS-SYN-2627-0100,SY 2026-2027,Grade 7,Term 3,86.4,88.8,92.1,83.0,83.4,86.6,85.4,88.4,86.76,0,0,0,83.0,8,Science,Low Risk,No Recommendation,N/A,Independent,Classroom Summative,,,,96.6,N/A,N/A,Active,Reviewed
CNHS-SYN-2627-0101,SY 2026-2027,Grade 8,Term 1,69.9,70.2,73.9,74.5,73.0,76.8,71.1,68.7,72.26,7,2,5,68.7,8,Values Education,High Risk,ARAL Program (RA 12028),Plus,Instructional,Phil-IRI BOSY English,28.0,,,67.4,In Progress,Progressing,In Progress,Approved
CNHS-SYN-2627-0101,SY 2026-2027,Grade 8,Term 2,77.3,69.0,77.4,73.4,72.8,68.5,72.1,71.0,72.69,6,1,5,68.5,8,Araling Panlipunan,High Risk,ARAL Program (RA 12028),Plus,Instructional,Phil-IRI BOSY English,21.3,25.5,,63.2,In Progress,Progressing,In Progress,Approved
CNHS-SYN-2627-0101,SY 2026-2027,Grade 8,Term 3,77.4,79.2,73.5,78.9,74.9,75.3,73.4,72.0,75.58,4,0,4,72.0,8,Values Education,High Risk,ARAL Program (RA 12028),Plus,Instructional,Phil-IRI BOSY English,26.3,33.6,40.0,60.9,Promoted,Improved,Completed / Exited,Approved
CNHS-SYN-2627-0102,SY 2026-2027,Grade 9,Term 1,70.3,67.8,69.9,72.4,64.7,68.8,66.9,71.8,69.07,8,2,6,64.7,8,Mapeh,High Risk,ARAL Program (RA 12028),Plus,Instructional,Phil-IRI BOSY English,27.1,,,69.0,In Progress,Progressing,In Progress,Approved
CNHS-SYN-2627-0102,SY 2026-2027,Grade 9,Term 2,81.3,77.0,66.7,71.5,69.8,72.2,72.2,74.0,73.09,6,0,6,66.7,8,Mathematics,High Risk,ARAL Program (RA 12028),Plus,Instructional,Phil-IRI BOSY English,26.3,34.8,,67.3,In Progress,Progressing,In Progress,Approved
CNHS-SYN-2627-0102,SY 2026-2027,Grade 9,Term 3,80.3,80.4,71.9,73.8,72.0,74.5,63.5,69.5,73.24,6,0,6,63.5,8,Tle,High Risk,ARAL Program (RA 12028),Plus,Instructional,Phil-IRI BOSY English,22.1,28.2,37.0,62.9,Promoted,Improved,Completed / Exited,Approved
CNHS-SYN-2627-0103,SY 2026-2027,Grade 10,Term 1,75.4,82.5,78.1,89.1,82.5,83.0,81.8,85.1,82.19,0,0,0,75.4,8,English,Moderate Risk,No Recommendation,N/A,Instructional,Classroom Summative,,,,89.8,In Progress,Progressing,Active,Reviewed
CNHS-SYN-2627-0103,SY 2026-2027,Grade 10,Term 2,84.8,86.6,76.9,74.0,81.5,82.7,81.4,80.6,81.06,1,0,1,74.0,8,Science,Moderate Risk,Classroom Remediation,N/A,N/A,Science Diagnostic Assessment,22.0,28.5,,73.4,In Progress,Progressing,In Progress,Approved
CNHS-SYN-2627-0103,SY 2026-2027,Grade 10,Term 3,83.1,84.2,78.6,80.2,79.0,79.0,82.7,82.8,81.2,0,0,0,78.6,8,Mathematics,Moderate Risk,No Recommendation,N/A,Instructional,Classroom Summative,,,,97.7,N/A,N/A,Active,Reviewed
CNHS-SYN-2627-0104,SY 2026-2027,Grade 7,Term 1,92.6,84.5,93.2,97.7,99.0,90.9,92.6,93.6,93.01,0,0,0,84.5,8,Filipino,Low Risk,No Recommendation,N/A,Independent,Classroom Summative,,,,90.6,In Progress,Progressing,Active,Reviewed
CNHS-SYN-2627-0104,SY 2026-2027,Grade 7,Term 2,99.0,90.9,88.7,90.1,88.2,92.9,85.0,91.9,90.84,0,0,0,85.0,8,Tle,Low Risk,No Recommendation,N/A,Independent,Classroom Summative,,,,99.2,In Progress,Progressing,Active,Reviewed
CNHS-SYN-2627-0104,SY 2026-2027,Grade 7,Term 3,94.7,97.5,90.8,92.8,82.8,90.9,92.8,93.1,91.92,0,0,0,82.8,8,Mapeh,Low Risk,No Recommendation,N/A,Independent,Classroom Summative,,,,92.6,N/A,N/A,Active,Reviewed
CNHS-SYN-2627-0105,SY 2026-2027,Grade 8,Term 1,88.4,86.1,92.3,91.7,86.2,98.2,84.5,91.2,89.83,0,0,0,84.5,8,Tle,Low Risk,No Recommendation,N/A,Independent,Classroom Summative,,,,96.7,In Progress,Progressing,Active,Reviewed
CNHS-SYN-2627-0105,SY 2026-2027,Grade 8,Term 2,90.7,84.2,87.8,94.5,84.3,88.9,88.7,87.2,88.29,0,0,0,84.2,8,Filipino,Low Risk,No Recommendation,N/A,Independent,Classroom Summative,,,,96.9,In Progress,Progressing,Active,Reviewed
CNHS-SYN-2627-0105,SY 2026-2027,Grade 8,Term 3,88.1,92.2,89.2,87.6,88.8,83.6,93.3,86.0,88.6,0,0,0,83.6,8,Araling Panlipunan,Low Risk,No Recommendation,N/A,Independent,Classroom Summative,,,,98.5,N/A,N/A,Active,Reviewed
CNHS-SYN-2627-0106,SY 2026-2027,Grade 9,Term 1,87.9,91.8,83.4,88.3,90.4,89.7,78.8,86.8,87.14,0,0,0,78.8,8,Tle,Low Risk,No Recommendation,N/A,Independent,Classroom Summative,,,,98.5,In Progress,Progressing,Active,Reviewed
CNHS-SYN-2627-0106,SY 2026-2027,Grade 9,Term 2,86.9,92.8,83.7,88.8,87.3,97.8,91.8,91.5,90.07,0,0,0,83.7,8,Mathematics,Low Risk,No Recommendation,N/A,Independent,Classroom Summative,,,,95.0,In Progress,Progressing,Active,Reviewed
CNHS-SYN-2627-0106,SY 2026-2027,Grade 9,Term 3,88.0,87.5,89.5,76.8,87.3,88.2,86.7,81.5,85.69,0,0,0,76.8,8,Science,Low Risk,No Recommendation,N/A,Independent,Classroom Summative,,,,88.6,N/A,N/A,Active,Reviewed
CNHS-SYN-2627-0107,SY 2026-2027,Grade 10,Term 1,87.6,84.9,79.1,80.5,82.0,81.4,78.3,82.9,82.09,0,0,0,78.3,8,Tle,Moderate Risk,No Recommendation,N/A,Instructional,Classroom Summative,,,,97.3,In Progress,Progressing,Active,Reviewed
CNHS-SYN-2627-0107,SY 2026-2027,Grade 10,Term 2,88.3,80.4,79.8,81.5,83.0,84.1,84.9,84.8,83.35,0,0,0,79.8,8,Mathematics,Moderate Risk,No Recommendation,N/A,Instructional,Classroom Summative,,,,94.2,In Progress,Progressing,Active,Reviewed
CNHS-SYN-2627-0107,SY 2026-2027,Grade 10,Term 3,79.3,78.1,88.8,85.0,83.9,84.8,83.7,84.8,83.55,0,0,0,78.1,8,Filipino,Low Risk,No Recommendation,N/A,Independent,Classroom Summative,,,,97.7,N/A,N/A,Active,Reviewed
CNHS-SYN-2627-0108,SY 2026-2027,Grade 7,Term 1,88.1,81.6,77.7,83.7,80.2,88.6,86.8,77.8,83.06,0,0,0,77.7,8,Mathematics,Moderate Risk,No Recommendation,N/A,Instructional,Classroom Summative,,,,91.4,In Progress,Progressing,Active,Reviewed
CNHS-SYN-2627-0108,SY 2026-2027,Grade 7,Term 2,78.9,83.1,86.1,82.4,80.7,74.3,80.1,84.8,81.3,1,0,1,74.3,8,Araling Panlipunan,Moderate Risk,Classroom Remediation,N/A,N/A,Araling Panlipunan Diagnostic Assessment,18.1,24.4,,80.2,In Progress,Progressing,In Progress,Approved
CNHS-SYN-2627-0108,SY 2026-2027,Grade 7,Term 3,78.8,85.0,80.7,79.5,73.6,87.6,82.7,86.9,81.85,1,0,1,73.6,8,Mapeh,Moderate Risk,Classroom Remediation,N/A,N/A,Mapeh Diagnostic Assessment,21.9,29.3,35.7,85.4,Improved,Improved,Completed,Approved
CNHS-SYN-2627-0109,SY 2026-2027,Grade 8,Term 1,94.1,87.8,93.4,88.8,92.9,92.5,91.4,88.4,91.16,0,0,0,87.8,8,Filipino,Low Risk,No Recommendation,N/A,Independent,Classroom Summative,,,,97.9,In Progress,Progressing,Active,Reviewed
CNHS-SYN-2627-0109,SY 2026-2027,Grade 8,Term 2,94.0,92.4,92.4,86.8,94.5,82.4,88.9,87.2,89.83,0,0,0,82.4,8,Araling Panlipunan,Low Risk,No Recommendation,N/A,Independent,Classroom Summative,,,,95.1,In Progress,Progressing,Active,Reviewed
CNHS-SYN-2627-0109,SY 2026-2027,Grade 8,Term 3,87.4,99.0,84.6,85.2,84.8,89.5,92.6,90.8,89.24,0,0,0,84.6,8,Mathematics,Low Risk,No Recommendation,N/A,Independent,Classroom Summative,,,,91.1,N/A,N/A,Active,Reviewed
CNHS-SYN-2627-0110,SY 2026-2027,Grade 9,Term 1,64.0,78.0,71.2,66.6,70.1,73.1,70.1,65.0,69.76,7,1,6,64.0,8,English,High Risk,ARAL Program (RA 12028),Plus,Instructional,Phil-IRI BOSY English,20.5,,,72.0,In Progress,Progressing,In Progress,Approved
CNHS-SYN-2627-0110,SY 2026-2027,Grade 9,Term 2,71.7,77.4,74.1,65.8,70.9,79.5,71.5,72.5,72.92,6,1,5,65.8,8,Science,High Risk,ARAL Program (RA 12028),Plus,Instructional,Phil-IRI BOSY English,24.2,32.0,,78.8,In Progress,Progressing,In Progress,Approved
CNHS-SYN-2627-0110,SY 2026-2027,Grade 9,Term 3,80.4,82.8,67.7,70.7,76.5,65.5,77.5,76.9,74.75,3,0,3,65.5,8,Araling Panlipunan,High Risk,ARAL Program (RA 12028),Plus,Instructional,Phil-IRI BOSY English,24.5,29.2,36.0,55.1,Promoted,Improved,Completed / Exited,Approved
CNHS-SYN-2627-0111,SY 2026-2027,Grade 10,Term 1,96.6,88.0,87.6,90.8,96.7,93.3,93.2,94.5,92.59,0,0,0,87.6,8,Mathematics,Low Risk,No Recommendation,N/A,Independent,Classroom Summative,,,,96.1,In Progress,Progressing,Active,Reviewed
CNHS-SYN-2627-0111,SY 2026-2027,Grade 10,Term 2,91.7,92.7,93.4,89.2,91.0,,88.5,90.7,91.03,0,0,0,88.5,7,Tle,Low Risk,No Recommendation,N/A,Independent,Classroom Summative,,,,90.2,In Progress,Progressing,Active,Reviewed
CNHS-SYN-2627-0111,SY 2026-2027,Grade 10,Term 3,95.5,92.0,94.8,88.7,95.2,94.9,87.2,93.2,92.69,0,0,0,87.2,8,Tle,Low Risk,No Recommendation,N/A,Independent,Classroom Summative,,,,90.7,N/A,N/A,Active,Reviewed
CNHS-SYN-2627-0112,SY 2026-2027,Grade 7,Term 1,85.3,92.0,88.7,86.8,85.1,92.3,84.7,82.6,87.19,0,0,0,82.6,8,Values Education,Low Risk,No Recommendation,N/A,Independent,Classroom Summative,,,,96.4,In Progress,Progressing,Active,Reviewed
CNHS-SYN-2627-0112,SY 2026-2027,Grade 7,Term 2,92.1,93.9,86.5,87.0,97.1,86.8,85.8,87.8,89.62,0,0,0,85.8,8,Tle,Low Risk,No Recommendation,N/A,Independent,Classroom Summative,,,,95.8,In Progress,Progressing,Active,Reviewed
CNHS-SYN-2627-0112,SY 2026-2027,Grade 7,Term 3,86.8,86.9,90.2,85.1,83.2,94.8,86.4,86.6,87.5,0,0,0,83.2,8,Mapeh,Low Risk,No Recommendation,N/A,Independent,Classroom Summative,,,,93.7,N/A,N/A,Active,Reviewed
CNHS-SYN-2627-0113,SY 2026-2027,Grade 8,Term 1,82.7,80.9,88.1,82.6,78.5,87.1,80.4,86.5,83.35,0,0,0,78.5,8,Mapeh,Moderate Risk,No Recommendation,N/A,Instructional,Classroom Summative,,,,92.7,In Progress,Progressing,Active,Reviewed
CNHS-SYN-2627-0113,SY 2026-2027,Grade 8,Term 2,87.8,83.4,86.3,79.8,84.5,83.2,84.1,90.9,85.0,0,0,0,79.8,8,Science,Low Risk,No Recommendation,N/A,Independent,Classroom Summative,,,,96.8,In Progress,Progressing,Active,Reviewed
CNHS-SYN-2627-0113,SY 2026-2027,Grade 8,Term 3,86.4,79.9,82.2,77.4,78.4,79.8,83.1,78.5,80.71,0,0,0,77.4,8,Science,Moderate Risk,No Recommendation,N/A,Instructional,Classroom Summative,,,,93.5,N/A,N/A,Active,Reviewed
CNHS-SYN-2627-0114,SY 2026-2027,Grade 9,Term 1,61.6,69.6,66.5,68.2,77.5,69.3,66.5,72.5,68.96,7,2,5,61.6,8,English,High Risk,ARAL Program (RA 12028),Plus,Instructional,Phil-IRI BOSY English,25.9,,,68.8,In Progress,Progressing,In Progress,Approved
CNHS-SYN-2627-0114,SY 2026-2027,Grade 9,Term 2,79.5,72.9,71.4,72.8,68.8,70.4,72.3,66.8,71.86,7,1,6,66.8,8,Values Education,High Risk,ARAL Program (RA 12028),Plus,Instructional,Phil-IRI BOSY English,22.3,30.4,,68.1,In Progress,Progressing,In Progress,Approved
CNHS-SYN-2627-0114,SY 2026-2027,Grade 9,Term 3,82.7,78.2,67.8,70.6,75.7,70.1,68.6,67.4,72.64,5,0,5,67.4,8,Values Education,High Risk,ARAL Program (RA 12028),Plus,Instructional,Phil-IRI BOSY English,29.0,35.3,40.0,55.3,Promoted,Improved,Completed / Exited,Approved
CNHS-SYN-2627-0115,SY 2026-2027,Grade 10,Term 1,75.8,78.6,79.2,79.5,74.5,79.3,75.9,80.9,77.96,1,0,1,74.5,8,Mapeh,Moderate Risk,Classroom Remediation,N/A,N/A,Mapeh Diagnostic Assessment,22.4,,,82.4,In Progress,Progressing,In Progress,Approved
CNHS-SYN-2627-0115,SY 2026-2027,Grade 10,Term 2,78.2,79.0,83.5,76.7,72.9,72.1,80.7,79.0,77.76,2,0,2,72.1,8,Araling Panlipunan,High Risk,Classroom Remediation,N/A,N/A,Araling Panlipunan Diagnostic Assessment,20.1,27.0,,84.2,In Progress,Progressing,In Progress,Approved
CNHS-SYN-2627-0115,SY 2026-2027,Grade 10,Term 3,73.3,70.8,75.3,73.0,72.9,84.1,69.6,80.0,74.88,5,2,3,69.6,8,Tle,High Risk,Classroom Remediation,N/A,N/A,Tle Diagnostic Assessment,17.9,25.2,30.3,90.0,Improved,Improved,Completed,Approved
CNHS-SYN-2627-0116,SY 2026-2027,Grade 7,Term 1,95.8,94.4,98.0,86.4,99.0,95.7,95.9,84.7,93.74,0,0,0,84.7,8,Values Education,Low Risk,No Recommendation,N/A,Independent,Classroom Summative,,,,99.2,In Progress,Progressing,Active,Reviewed
CNHS-SYN-2627-0116,SY 2026-2027,Grade 7,Term 2,96.1,90.2,97.1,96.2,95.7,93.1,98.0,91.0,94.68,0,0,0,90.2,8,Filipino,Low Risk,No Recommendation,N/A,Independent,Classroom Summative,,,,94.5,In Progress,Progressing,Active,Reviewed
CNHS-SYN-2627-0116,SY 2026-2027,Grade 7,Term 3,96.3,95.3,95.0,93.8,92.5,96.4,91.6,99.0,94.99,0,0,0,91.6,8,Tle,Low Risk,No Recommendation,N/A,Independent,Classroom Summative,,,,97.2,N/A,N/A,Active,Reviewed
CNHS-SYN-2627-0117,SY 2026-2027,Grade 8,Term 1,73.1,75.9,77.3,80.6,74.4,74.6,69.8,78.6,75.54,4,1,3,69.8,8,Tle,High Risk,Classroom Remediation,N/A,N/A,Tle Diagnostic Assessment,22.1,,,85.7,In Progress,Progressing,In Progress,Approved
CNHS-SYN-2627-0117,SY 2026-2027,Grade 8,Term 2,77.3,77.9,70.5,71.9,71.3,81.0,73.2,73.8,74.61,5,0,5,70.5,8,Mathematics,High Risk,Classroom Remediation,N/A,N/A,Mathematics Diagnostic Assessment,24.2,31.6,,76.7,In Progress,Progressing,In Progress,Approved
CNHS-SYN-2627-0117,SY 2026-2027,Grade 8,Term 3,75.8,70.3,82.4,76.3,80.4,77.5,76.1,72.3,76.39,2,1,1,70.3,8,Filipino,High Risk,Classroom Remediation,N/A,N/A,Filipino Diagnostic Assessment,19.1,26.7,32.4,80.2,Improved,Improved,Completed,Approved
CNHS-SYN-2627-0118,SY 2026-2027,Grade 9,Term 1,91.4,87.4,86.0,85.4,87.5,95.5,95.5,93.4,90.26,0,0,0,85.4,8,Science,Low Risk,No Recommendation,N/A,Independent,Classroom Summative,,,,91.5,In Progress,Progressing,Active,Reviewed
CNHS-SYN-2627-0118,SY 2026-2027,Grade 9,Term 2,86.3,88.2,85.3,85.5,87.8,90.4,90.3,87.1,87.61,0,0,0,85.3,8,Mathematics,Low Risk,No Recommendation,N/A,Independent,Classroom Summative,,,,91.7,In Progress,Progressing,Active,Reviewed
CNHS-SYN-2627-0118,SY 2026-2027,Grade 9,Term 3,92.1,87.8,97.2,89.8,92.3,85.1,90.4,91.9,90.82,0,0,0,85.1,8,Araling Panlipunan,Low Risk,No Recommendation,N/A,Independent,Classroom Summative,,,,98.1,N/A,N/A,Active,Reviewed
CNHS-SYN-2627-0119,SY 2026-2027,Grade 10,Term 1,85.4,90.4,96.4,85.6,87.3,87.2,90.9,82.9,88.26,0,0,0,82.9,8,Values Education,Low Risk,No Recommendation,N/A,Independent,Classroom Summative,,,,91.8,In Progress,Progressing,Active,Reviewed
CNHS-SYN-2627-0119,SY 2026-2027,Grade 10,Term 2,91.0,90.2,94.0,88.6,94.2,92.5,85.7,93.9,91.26,0,0,0,85.7,8,Tle,Low Risk,No Recommendation,N/A,Independent,Classroom Summative,,,,94.6,In Progress,Progressing,Active,Reviewed
CNHS-SYN-2627-0119,SY 2026-2027,Grade 10,Term 3,94.3,87.1,86.5,88.8,86.4,96.6,85.8,88.9,89.3,0,0,0,85.8,8,Tle,Low Risk,No Recommendation,N/A,Independent,Classroom Summative,,,,98.3,N/A,N/A,Active,Reviewed
CNHS-SYN-2627-0120,SY 2026-2027,Grade 7,Term 1,85.0,85.2,86.6,81.3,80.3,75.1,78.9,83.0,81.92,0,0,0,75.1,8,Araling Panlipunan,Moderate Risk,No Recommendation,N/A,Instructional,Classroom Summative,,,,90.0,In Progress,Progressing,Active,Reviewed
CNHS-SYN-2627-0120,SY 2026-2027,Grade 7,Term 2,82.1,87.1,82.5,78.4,87.6,79.8,88.3,81.7,83.44,0,0,0,78.4,8,Science,Moderate Risk,No Recommendation,N/A,Instructional,Classroom Summative,,,,99.5,In Progress,Progressing,Active,Reviewed
CNHS-SYN-2627-0120,SY 2026-2027,Grade 7,Term 3,76.8,78.0,81.4,82.2,92.8,79.3,77.8,,81.19,0,0,0,76.8,7,English,Moderate Risk,No Recommendation,N/A,Instructional,Classroom Summative,,,,91.5,N/A,N/A,Active,Reviewed
CNHS-SYN-2627-0121,SY 2026-2027,Grade 8,Term 1,89.7,79.9,80.1,80.0,79.8,74.9,82.3,82.6,81.16,1,0,1,74.9,8,Araling Panlipunan,Moderate Risk,Classroom Remediation,N/A,N/A,Araling Panlipunan Diagnostic Assessment,21.3,,,83.3,In Progress,Progressing,In Progress,Approved
CNHS-SYN-2627-0121,SY 2026-2027,Grade 8,Term 2,84.7,76.5,88.6,77.1,77.5,82.6,83.8,84.8,81.95,0,0,0,76.5,8,Filipino,Moderate Risk,No Recommendation,N/A,Instructional,Classroom Summative,,,,92.2,In Progress,Progressing,Active,Reviewed
CNHS-SYN-2627-0121,SY 2026-2027,Grade 8,Term 3,83.0,81.4,83.7,82.1,79.9,80.5,74.8,85.0,81.3,1,0,1,74.8,8,Tle,Moderate Risk,Classroom Remediation,N/A,N/A,Tle Diagnostic Assessment,18.5,26.0,32.5,77.8,Improved,Improved,Completed,Approved
CNHS-SYN-2627-0122,SY 2026-2027,Grade 9,Term 1,88.0,83.0,90.4,82.2,83.6,78.0,80.7,81.1,83.38,0,0,0,78.0,8,Araling Panlipunan,Moderate Risk,No Recommendation,N/A,Instructional,Classroom Summative,,,,93.8,In Progress,Progressing,Active,Reviewed
CNHS-SYN-2627-0122,SY 2026-2027,Grade 9,Term 2,82.9,82.8,81.6,79.8,78.8,85.5,80.2,82.6,81.78,0,0,0,78.8,8,Mapeh,Moderate Risk,No Recommendation,N/A,Instructional,Classroom Summative,,,,97.7,In Progress,Progressing,Active,Reviewed
CNHS-SYN-2627-0122,SY 2026-2027,Grade 9,Term 3,74.0,82.7,77.9,82.9,80.8,75.8,82.7,82.2,79.88,1,1,0,74.0,8,English,Moderate Risk,No Recommendation,N/A,Instructional,Classroom Summative,,,,93.6,N/A,N/A,Active,Reviewed
CNHS-SYN-2627-0123,SY 2026-2027,Grade 10,Term 1,79.9,85.0,79.3,77.1,75.5,79.5,76.6,85.0,79.74,0,0,0,75.5,8,Mapeh,Moderate Risk,No Recommendation,N/A,Instructional,Classroom Summative,,,,91.6,In Progress,Progressing,Active,Reviewed
CNHS-SYN-2627-0123,SY 2026-2027,Grade 10,Term 2,82.3,84.6,82.9,83.7,79.3,79.4,87.3,86.1,83.2,0,0,0,79.3,8,Mapeh,Moderate Risk,No Recommendation,N/A,Instructional,Classroom Summative,,,,97.9,In Progress,Progressing,Active,Reviewed
CNHS-SYN-2627-0123,SY 2026-2027,Grade 10,Term 3,83.4,75.5,80.0,85.3,82.4,79.4,85.4,81.0,81.55,0,0,0,75.5,8,Filipino,Moderate Risk,No Recommendation,N/A,Instructional,Classroom Summative,,,,95.3,N/A,N/A,Active,Reviewed
CNHS-SYN-2627-0124,SY 2026-2027,Grade 7,Term 1,78.5,81.6,86.0,80.5,76.0,77.5,77.8,79.2,79.64,0,0,0,76.0,8,Mapeh,Moderate Risk,No Recommendation,N/A,Instructional,Classroom Summative,,,,97.6,In Progress,Progressing,Active,Reviewed
CNHS-SYN-2627-0124,SY 2026-2027,Grade 7,Term 2,79.2,85.0,76.9,79.6,81.4,84.0,85.3,78.9,81.29,0,0,0,76.9,8,Mathematics,Moderate Risk,No Recommendation,N/A,Instructional,Classroom Summative,,,,88.1,In Progress,Progressing,Active,Reviewed
CNHS-SYN-2627-0124,SY 2026-2027,Grade 7,Term 3,83.5,75.1,82.9,85.3,84.3,74.7,79.3,83.7,81.1,1,0,1,74.7,8,Araling Panlipunan,Moderate Risk,Classroom Remediation,N/A,N/A,Araling Panlipunan Diagnostic Assessment,18.8,24.5,30.3,88.2,Improved,Improved,Completed,Approved
CNHS-SYN-2627-0125,SY 2026-2027,Grade 8,Term 1,94.1,92.4,96.7,91.7,91.7,85.0,93.7,96.2,92.69,0,0,0,85.0,8,Araling Panlipunan,Low Risk,No Recommendation,N/A,Independent,Classroom Summative,,,,97.3,In Progress,Progressing,Active,Reviewed
CNHS-SYN-2627-0125,SY 2026-2027,Grade 8,Term 2,92.9,93.7,99.0,95.0,97.4,89.2,89.2,90.5,93.36,0,0,0,89.2,8,Araling Panlipunan,Low Risk,No Recommendation,N/A,Independent,Classroom Summative,,,,89.4,In Progress,Progressing,Active,Reviewed
CNHS-SYN-2627-0125,SY 2026-2027,Grade 8,Term 3,94.9,94.6,96.2,93.1,86.2,89.9,90.6,91.9,92.18,0,0,0,86.2,8,Mapeh,Low Risk,No Recommendation,N/A,Independent,Classroom Summative,,,,90.8,N/A,N/A,Active,Reviewed
CNHS-SYN-2627-0126,SY 2026-2027,Grade 9,Term 1,81.1,81.6,83.6,81.2,79.5,76.2,79.6,85.1,80.99,0,0,0,76.2,8,Araling Panlipunan,Moderate Risk,No Recommendation,N/A,Instructional,Classroom Summative,,,,91.3,In Progress,Progressing,Active,Reviewed
CNHS-SYN-2627-0126,SY 2026-2027,Grade 9,Term 2,75.0,85.1,81.9,76.8,70.1,78.2,80.1,77.5,78.09,1,0,1,70.1,8,Mapeh,Moderate Risk,Classroom Remediation,N/A,N/A,Mapeh Diagnostic Assessment,16.5,24.1,,82.5,In Progress,Progressing,In Progress,Approved
CNHS-SYN-2627-0126,SY 2026-2027,Grade 9,Term 3,81.1,81.2,84.2,84.0,78.1,80.3,79.3,80.8,81.12,0,0,0,78.1,8,Mapeh,Moderate Risk,No Recommendation,N/A,Instructional,Classroom Summative,,,,96.2,N/A,N/A,Active,Reviewed
CNHS-SYN-2627-0127,SY 2026-2027,Grade 10,Term 1,66.5,60.0,72.6,67.2,60.0,61.7,72.0,61.7,65.21,8,2,6,60.0,8,Filipino,High Risk,ARAL Program (RA 12028),Plus,Instructional,Phil-IRI BOSY English,23.8,,,71.0,In Progress,Progressing,In Progress,Approved
CNHS-SYN-2627-0127,SY 2026-2027,Grade 10,Term 2,73.9,71.7,67.6,60.9,71.3,68.5,69.5,60.0,67.93,8,2,6,60.0,8,Values Education,High Risk,ARAL Program (RA 12028),Plus,Instructional,Phil-IRI BOSY English,26.0,31.0,,78.7,In Progress,Progressing,In Progress,Approved
CNHS-SYN-2627-0127,SY 2026-2027,Grade 10,Term 3,77.9,77.0,61.8,71.6,69.7,69.7,72.6,69.6,71.24,6,0,6,61.8,8,Mathematics,High Risk,ARAL Program (RA 12028),Plus,Instructional,Phil-IRI BOSY English,27.3,34.2,39.4,62.8,Promoted,Improved,Completed / Exited,Approved
CNHS-SYN-2627-0128,SY 2026-2027,Grade 7,Term 1,80.6,87.2,86.6,78.4,82.9,88.7,82.2,81.1,83.46,0,0,0,78.4,8,Science,Moderate Risk,No Recommendation,N/A,Instructional,Classroom Summative,,,,93.0,In Progress,Progressing,Active,Reviewed
CNHS-SYN-2627-0128,SY 2026-2027,Grade 7,Term 2,87.7,80.7,79.9,85.7,83.1,83.1,75.4,81.3,82.11,0,0,0,75.4,8,Tle,Moderate Risk,No Recommendation,N/A,Instructional,Classroom Summative,,,,91.3,In Progress,Progressing,Active,Reviewed
CNHS-SYN-2627-0128,SY 2026-2027,Grade 7,Term 3,85.6,83.9,80.9,87.8,81.4,81.7,81.9,83.0,83.28,0,0,0,80.9,8,Mathematics,Moderate Risk,No Recommendation,N/A,Instructional,Classroom Summative,,,,88.8,N/A,N/A,Active,Reviewed
CNHS-SYN-2627-0129,SY 2026-2027,Grade 8,Term 1,65.8,63.1,68.8,70.5,72.4,67.1,66.0,63.3,67.12,8,2,6,63.1,8,Filipino,High Risk,ARAL Program (RA 12028),Plus,Instructional,Phil-IRI BOSY English,22.2,,,71.5,In Progress,Progressing,In Progress,Approved
CNHS-SYN-2627-0129,SY 2026-2027,Grade 8,Term 2,81.3,75.8,69.0,67.0,73.1,73.0,68.7,74.6,72.81,6,0,6,67.0,8,Science,High Risk,ARAL Program (RA 12028),Plus,Instructional,Phil-IRI BOSY English,24.1,30.0,,65.4,In Progress,Progressing,In Progress,Approved
CNHS-SYN-2627-0129,SY 2026-2027,Grade 8,Term 3,77.7,73.7,60.9,65.9,65.3,66.6,70.3,71.2,68.95,7,1,6,60.9,8,Mathematics,High Risk,ARAL Program (RA 12028),Plus,Instructional,Phil-IRI BOSY English,23.2,31.4,40.0,68.7,Promoted,Improved,Completed / Exited,Approved
CNHS-SYN-2627-0130,SY 2026-2027,Grade 9,Term 1,93.3,90.0,88.0,87.3,88.6,91.3,91.1,81.2,88.85,0,0,0,81.2,8,Values Education,Low Risk,No Recommendation,N/A,Independent,Classroom Summative,,,,94.3,In Progress,Progressing,Active,Reviewed
CNHS-SYN-2627-0130,SY 2026-2027,Grade 9,Term 2,95.1,78.8,86.9,81.1,,90.7,84.9,78.0,85.07,0,0,0,78.0,7,Values Education,Low Risk,No Recommendation,N/A,Independent,Classroom Summative,,,,100.0,In Progress,Progressing,Active,Reviewed
CNHS-SYN-2627-0130,SY 2026-2027,Grade 9,Term 3,82.3,91.2,95.2,86.7,94.2,84.4,92.4,91.5,89.74,0,0,0,82.3,8,English,Low Risk,No Recommendation,N/A,Independent,Classroom Summative,,,,88.8,N/A,N/A,Active,Reviewed
CNHS-SYN-2627-0131,SY 2026-2027,Grade 10,Term 1,71.4,70.7,78.1,74.0,70.8,73.5,80.7,75.3,74.31,5,2,3,70.7,8,Filipino,High Risk,ARAL Program (RA 12028),Plus,Instructional,Phil-IRI BOSY English,27.9,,,70.0,In Progress,Progressing,In Progress,Approved
CNHS-SYN-2627-0131,SY 2026-2027,Grade 10,Term 2,76.7,79.2,76.2,72.9,74.2,73.9,64.9,61.3,72.41,5,0,5,61.3,8,Values Education,High Risk,ARAL Program (RA 12028),Plus,Instructional,Phil-IRI BOSY English,20.8,29.1,,72.2,In Progress,Progressing,In Progress,Approved
CNHS-SYN-2627-0131,SY 2026-2027,Grade 10,Term 3,82.8,86.9,75.8,75.1,72.5,73.1,75.9,70.0,76.51,3,0,3,70.0,8,Values Education,High Risk,ARAL Program (RA 12028),Plus,Instructional,Phil-IRI BOSY English,26.2,30.8,38.1,57.2,Promoted,Improved,Completed / Exited,Approved
CNHS-SYN-2627-0132,SY 2026-2027,Grade 7,Term 1,88.2,99.0,88.6,91.6,90.2,90.4,87.2,94.3,91.19,0,0,0,87.2,8,Tle,Low Risk,No Recommendation,N/A,Independent,Classroom Summative,,,,87.8,In Progress,Progressing,Active,Reviewed
CNHS-SYN-2627-0132,SY 2026-2027,Grade 7,Term 2,87.7,97.4,95.8,82.6,93.3,82.7,90.1,85.6,89.4,0,0,0,82.6,8,Science,Low Risk,No Recommendation,N/A,Independent,Classroom Summative,,,,95.9,In Progress,Progressing,Active,Reviewed
CNHS-SYN-2627-0132,SY 2026-2027,Grade 7,Term 3,95.7,90.8,90.4,84.5,86.3,93.8,91.6,90.6,90.46,0,0,0,84.5,8,Science,Low Risk,No Recommendation,N/A,Independent,Classroom Summative,,,,89.4,N/A,N/A,Active,Reviewed
CNHS-SYN-2627-0133,SY 2026-2027,Grade 8,Term 1,96.1,89.8,99.0,98.7,92.7,95.5,89.9,86.2,93.49,0,0,0,86.2,8,Values Education,Low Risk,No Recommendation,N/A,Independent,Classroom Summative,,,,90.8,In Progress,Progressing,Active,Reviewed
CNHS-SYN-2627-0133,SY 2026-2027,Grade 8,Term 2,97.5,96.5,93.3,91.7,94.8,92.1,89.5,85.3,92.59,0,0,0,85.3,8,Values Education,Low Risk,No Recommendation,N/A,Independent,Classroom Summative,,,,95.3,In Progress,Progressing,Active,Reviewed
CNHS-SYN-2627-0133,SY 2026-2027,Grade 8,Term 3,99.0,92.1,93.6,92.3,93.5,87.4,90.8,94.2,92.86,0,0,0,87.4,8,Araling Panlipunan,Low Risk,No Recommendation,N/A,Independent,Classroom Summative,,,,96.8,N/A,N/A,Active,Reviewed
CNHS-SYN-2627-0134,SY 2026-2027,Grade 9,Term 1,60.0,63.9,62.6,60.0,65.9,67.0,70.2,62.0,63.95,8,2,6,60.0,8,English,High Risk,ARAL Program (RA 12028),Plus,Instructional,Phil-IRI BOSY English,21.8,,,78.4,In Progress,Progressing,In Progress,Approved
CNHS-SYN-2627-0134,SY 2026-2027,Grade 9,Term 2,63.3,73.9,71.0,68.7,73.0,68.5,73.3,67.4,69.89,8,2,6,63.3,8,English,High Risk,ARAL Program (RA 12028),Plus,Instructional,Phil-IRI BOSY English,21.7,30.4,,67.3,In Progress,Progressing,In Progress,Approved
CNHS-SYN-2627-0134,SY 2026-2027,Grade 9,Term 3,82.2,79.0,60.7,65.9,75.3,62.8,68.7,61.9,69.56,5,0,5,60.7,8,Mathematics,High Risk,ARAL Program (RA 12028),Plus,Instructional,Phil-IRI BOSY English,26.6,33.5,40.0,68.7,Promoted,Improved,Completed / Exited,Approved
CNHS-SYN-2627-0135,SY 2026-2027,Grade 10,Term 1,83.6,84.2,87.0,78.7,79.3,84.9,87.7,80.1,83.19,0,0,0,78.7,8,Science,Moderate Risk,No Recommendation,N/A,Instructional,Classroom Summative,,,,95.9,In Progress,Progressing,Active,Reviewed
CNHS-SYN-2627-0135,SY 2026-2027,Grade 10,Term 2,78.1,81.6,78.8,83.9,78.3,86.1,83.2,86.2,82.02,0,0,0,78.1,8,English,Moderate Risk,No Recommendation,N/A,Instructional,Classroom Summative,,,,87.8,In Progress,Progressing,Active,Reviewed
CNHS-SYN-2627-0135,SY 2026-2027,Grade 10,Term 3,87.8,80.1,77.1,81.6,83.3,81.8,84.2,83.6,82.44,0,0,0,77.1,8,Mathematics,Moderate Risk,No Recommendation,N/A,Instructional,Classroom Summative,,,,98.7,N/A,N/A,Active,Reviewed
CNHS-SYN-2627-0136,SY 2026-2027,Grade 7,Term 1,75.7,78.8,82.0,76.8,77.0,73.8,68.1,77.6,76.22,2,0,2,68.1,8,Tle,High Risk,Classroom Remediation,N/A,N/A,Tle Diagnostic Assessment,20.6,,,86.1,In Progress,Progressing,In Progress,Approved
CNHS-SYN-2627-0136,SY 2026-2027,Grade 7,Term 2,80.8,87.4,82.4,73.5,83.0,85.5,72.3,81.5,80.8,2,0,2,72.3,8,Tle,High Risk,Classroom Remediation,N/A,N/A,Tle Diagnostic Assessment,21.3,27.0,,79.4,In Progress,Progressing,In Progress,Approved
CNHS-SYN-2627-0136,SY 2026-2027,Grade 7,Term 3,85.0,78.8,78.8,76.8,80.3,79.3,76.0,80.0,79.38,0,0,0,76.0,8,Tle,Moderate Risk,No Recommendation,N/A,Instructional,Classroom Summative,,,,84.9,N/A,N/A,Active,Reviewed
CNHS-SYN-2627-0137,SY 2026-2027,Grade 8,Term 1,75.9,79.3,74.9,80.9,72.0,78.2,77.7,81.4,77.54,2,0,2,72.0,8,Mapeh,High Risk,Classroom Remediation,N/A,N/A,Mapeh Diagnostic Assessment,25.6,,,83.1,In Progress,Progressing,In Progress,Approved
CNHS-SYN-2627-0137,SY 2026-2027,Grade 8,Term 2,69.3,74.5,79.6,77.2,77.9,71.9,77.2,77.7,75.66,3,2,1,69.3,8,English,High Risk,Classroom Remediation,N/A,N/A,English Diagnostic Assessment,16.1,23.9,,77.3,In Progress,Progressing,In Progress,Approved
CNHS-SYN-2627-0137,SY 2026-2027,Grade 8,Term 3,79.9,71.5,77.9,84.5,81.8,79.5,78.6,77.1,78.85,1,1,0,71.5,8,Filipino,Moderate Risk,No Recommendation,N/A,Instructional,Classroom Summative,,,,93.1,N/A,N/A,Active,Reviewed
CNHS-SYN-2627-0138,SY 2026-2027,Grade 9,Term 1,81.1,82.4,74.3,90.8,80.7,84.7,80.7,80.6,81.91,1,0,1,74.3,8,Mathematics,Moderate Risk,Classroom Remediation,N/A,N/A,Mathematics Diagnostic Assessment,21.9,,,84.5,In Progress,Progressing,In Progress,Approved
CNHS-SYN-2627-0138,SY 2026-2027,Grade 9,Term 2,78.2,83.4,84.6,79.6,83.8,86.1,76.8,84.3,82.1,0,0,0,76.8,8,Tle,Moderate Risk,No Recommendation,N/A,Instructional,Classroom Summative,,,,100.0,In Progress,Progressing,Active,Reviewed
CNHS-SYN-2627-0138,SY 2026-2027,Grade 9,Term 3,83.8,80.2,80.4,89.9,80.9,84.5,81.4,86.4,83.44,0,0,0,80.2,8,Filipino,Moderate Risk,No Recommendation,N/A,Instructional,Classroom Summative,,,,93.9,N/A,N/A,Active,Reviewed
CNHS-SYN-2627-0139,SY 2026-2027,Grade 10,Term 1,81.6,78.2,74.8,81.4,81.8,82.1,76.8,82.1,79.85,1,0,1,74.8,8,Mathematics,Moderate Risk,Classroom Remediation,N/A,N/A,Mathematics Diagnostic Assessment,16.6,,,88.8,In Progress,Progressing,In Progress,Approved
CNHS-SYN-2627-0139,SY 2026-2027,Grade 10,Term 2,81.8,82.8,84.8,76.7,78.7,81.3,88.3,76.0,81.3,0,0,0,76.0,8,Values Education,Moderate Risk,No Recommendation,N/A,Instructional,Classroom Summative,,,,93.3,In Progress,Progressing,Active,Reviewed
CNHS-SYN-2627-0139,SY 2026-2027,Grade 10,Term 3,81.2,85.9,89.5,82.2,85.0,77.1,78.6,75.4,81.86,0,0,0,75.4,8,Values Education,Moderate Risk,No Recommendation,N/A,Instructional,Classroom Summative,,,,96.0,N/A,N/A,Active,Reviewed
CNHS-SYN-2627-0140,SY 2026-2027,Grade 7,Term 1,79.8,86.7,85.9,83.4,84.4,83.8,78.0,77.1,82.39,0,0,0,77.1,8,Values Education,Moderate Risk,No Recommendation,N/A,Instructional,Classroom Summative,,,,93.3,In Progress,Progressing,Active,Reviewed
CNHS-SYN-2627-0140,SY 2026-2027,Grade 7,Term 2,83.4,81.8,74.6,73.7,84.5,79.2,80.8,79.6,79.7,2,0,2,73.7,8,Science,High Risk,Classroom Remediation,N/A,N/A,Science Diagnostic Assessment,18.3,25.9,,84.9,In Progress,Progressing,In Progress,Approved
CNHS-SYN-2627-0140,SY 2026-2027,Grade 7,Term 3,85.3,83.5,84.1,81.8,86.9,84.8,85.3,78.1,83.72,0,0,0,78.1,8,Values Education,Low Risk,No Recommendation,N/A,Independent,Classroom Summative,,,,87.6,N/A,N/A,Active,Reviewed
CNHS-SYN-2627-0141,SY 2026-2027,Grade 8,Term 1,92.9,92.0,98.9,94.4,89.1,84.8,82.4,87.2,90.21,0,0,0,82.4,8,Tle,Low Risk,No Recommendation,N/A,Independent,Classroom Summative,,,,90.4,In Progress,Progressing,Active,Reviewed
CNHS-SYN-2627-0141,SY 2026-2027,Grade 8,Term 2,88.0,94.4,91.4,91.2,87.5,91.7,85.7,90.8,90.09,0,0,0,85.7,8,Tle,Low Risk,No Recommendation,N/A,Independent,Classroom Summative,,,,92.7,In Progress,Progressing,Active,Reviewed
CNHS-SYN-2627-0141,SY 2026-2027,Grade 8,Term 3,94.8,85.6,84.1,92.3,95.1,90.2,99.0,85.6,90.84,0,0,0,84.1,8,Mathematics,Low Risk,No Recommendation,N/A,Independent,Classroom Summative,,,,94.5,N/A,N/A,Active,Reviewed
CNHS-SYN-2627-0142,SY 2026-2027,Grade 9,Term 1,71.1,69.2,72.8,71.8,71.8,71.6,69.2,68.8,70.79,8,2,6,68.8,8,Values Education,High Risk,Classroom Remediation,N/A,N/A,Values Education Diagnostic Assessment,19.8,,,82.1,In Progress,Progressing,In Progress,Approved
CNHS-SYN-2627-0142,SY 2026-2027,Grade 9,Term 2,66.5,76.7,71.0,67.2,78.3,77.4,68.8,71.1,72.12,5,1,4,66.5,8,English,High Risk,Classroom Remediation,N/A,N/A,English Diagnostic Assessment,19.6,26.2,,85.0,In Progress,Progressing,In Progress,Approved
CNHS-SYN-2627-0142,SY 2026-2027,Grade 9,Term 3,70.7,74.1,66.6,79.2,69.4,69.8,70.1,69.8,71.21,7,2,5,66.6,8,Mathematics,High Risk,Classroom Remediation,N/A,N/A,Mathematics Diagnostic Assessment,24.9,32.6,39.6,82.7,Improved,Improved,Completed,Approved
CNHS-SYN-2627-0143,SY 2026-2027,Grade 10,Term 1,92.3,91.2,95.7,89.1,92.6,91.9,99.0,87.8,92.45,0,0,0,87.8,8,Values Education,Low Risk,No Recommendation,N/A,Independent,Classroom Summative,,,,91.8,In Progress,Progressing,Active,Reviewed
CNHS-SYN-2627-0143,SY 2026-2027,Grade 10,Term 2,87.2,90.9,89.6,89.1,88.5,96.2,92.3,96.6,91.3,0,0,0,87.2,8,English,Low Risk,No Recommendation,N/A,Independent,Classroom Summative,,,,97.3,In Progress,Progressing,Active,Reviewed
CNHS-SYN-2627-0143,SY 2026-2027,Grade 10,Term 3,92.5,99.0,96.3,89.5,94.9,92.6,91.7,92.9,93.68,0,0,0,89.5,8,Science,Low Risk,No Recommendation,N/A,Independent,Classroom Summative,,,,86.6,N/A,N/A,Active,Reviewed
CNHS-SYN-2627-0144,SY 2026-2027,Grade 7,Term 1,88.1,81.0,86.3,83.5,77.5,71.0,78.7,80.3,80.8,1,0,1,71.0,8,Araling Panlipunan,Moderate Risk,Classroom Remediation,N/A,N/A,Araling Panlipunan Diagnostic Assessment,21.0,,,86.4,In Progress,Progressing,In Progress,Approved
CNHS-SYN-2627-0144,SY 2026-2027,Grade 7,Term 2,84.4,88.2,82.6,83.4,80.4,82.8,85.7,77.3,83.1,0,0,0,77.3,8,Values Education,Moderate Risk,Classroom Remediation,N/A,N/A,Values Education Diagnostic Assessment,19.8,25.5,,80.3,In Progress,Progressing,In Progress,Approved
CNHS-SYN-2627-0144,SY 2026-2027,Grade 7,Term 3,87.4,88.1,88.2,89.8,84.6,92.9,90.5,78.9,87.55,0,0,0,78.9,8,Values Education,Low Risk,Classroom Remediation,N/A,N/A,Values Education Diagnostic Assessment,18.9,24.0,30.2,76.5,Improved,Improved,Completed,Approved
CNHS-SYN-2627-0145,SY 2026-2027,Grade 8,Term 1,93.8,99.0,93.1,93.0,90.6,97.1,84.3,83.3,91.77,0,0,0,83.3,8,Values Education,Low Risk,No Recommendation,N/A,Independent,Classroom Summative,,,,96.3,In Progress,Progressing,Active,Reviewed
CNHS-SYN-2627-0145,SY 2026-2027,Grade 8,Term 2,81.4,91.1,90.1,92.7,91.5,83.0,85.8,86.8,87.8,0,0,0,81.4,8,English,Low Risk,No Recommendation,N/A,Independent,Classroom Summative,,,,95.3,In Progress,Progressing,Active,Reviewed
CNHS-SYN-2627-0145,SY 2026-2027,Grade 8,Term 3,88.8,91.7,86.7,97.7,92.1,92.9,,93.7,91.94,0,0,0,86.7,7,Mathematics,Low Risk,No Recommendation,N/A,Independent,Classroom Summative,,,,93.4,N/A,N/A,Active,Reviewed
CNHS-SYN-2627-0146,SY 2026-2027,Grade 9,Term 1,91.0,87.9,96.9,88.9,93.3,98.6,86.4,91.5,91.81,0,0,0,86.4,8,Tle,Low Risk,No Recommendation,N/A,Independent,Classroom Summative,,,,96.4,In Progress,Progressing,Active,Reviewed
CNHS-SYN-2627-0146,SY 2026-2027,Grade 9,Term 2,93.8,99.0,92.8,93.2,97.9,95.4,96.7,88.2,94.62,0,0,0,88.2,8,Values Education,Low Risk,No Recommendation,N/A,Independent,Classroom Summative,,,,94.6,In Progress,Progressing,Active,Reviewed
CNHS-SYN-2627-0146,SY 2026-2027,Grade 9,Term 3,91.7,95.4,93.9,98.8,93.1,88.7,87.8,91.5,92.61,0,0,0,87.8,8,Tle,Low Risk,No Recommendation,N/A,Independent,Classroom Summative,,,,91.5,N/A,N/A,Active,Reviewed
CNHS-SYN-2627-0147,SY 2026-2027,Grade 10,Term 1,77.2,83.6,81.0,78.7,90.8,86.5,83.2,84.3,83.16,0,0,0,77.2,8,English,Moderate Risk,Classroom Remediation,N/A,N/A,English Diagnostic Assessment,17.9,,,73.1,In Progress,Progressing,In Progress,Approved
CNHS-SYN-2627-0147,SY 2026-2027,Grade 10,Term 2,89.1,85.7,94.1,86.7,86.8,88.6,94.3,77.4,87.84,0,0,0,77.4,8,Values Education,Low Risk,Classroom Remediation,N/A,N/A,Values Education Diagnostic Assessment,23.4,28.7,,88.1,In Progress,Progressing,In Progress,Approved
CNHS-SYN-2627-0147,SY 2026-2027,Grade 10,Term 3,94.5,86.5,97.7,95.3,92.7,87.5,88.3,85.8,91.04,0,0,0,85.8,8,Values Education,Low Risk,Classroom Remediation,N/A,N/A,Values Education Diagnostic Assessment,16.9,22.9,27.8,88.0,Needs Further Intervention,Limited Improvement,Needs Further Support,Approved
CNHS-SYN-2627-0148,SY 2026-2027,Grade 7,Term 1,90.2,90.5,95.1,90.1,84.1,92.0,86.7,87.3,89.5,0,0,0,84.1,8,Mapeh,Low Risk,No Recommendation,N/A,Independent,Classroom Summative,,,,97.4,In Progress,Progressing,Active,Reviewed
CNHS-SYN-2627-0148,SY 2026-2027,Grade 7,Term 2,94.8,88.3,95.4,87.8,92.5,87.9,85.3,94.5,90.81,0,0,0,85.3,8,Tle,Low Risk,No Recommendation,N/A,Independent,Classroom Summative,,,,91.7,In Progress,Progressing,Active,Reviewed
CNHS-SYN-2627-0148,SY 2026-2027,Grade 7,Term 3,83.4,93.0,94.5,88.6,83.4,87.2,86.0,83.3,87.43,0,0,0,83.3,8,Values Education,Low Risk,No Recommendation,N/A,Independent,Classroom Summative,,,,95.8,N/A,N/A,Active,Reviewed
CNHS-SYN-2627-0149,SY 2026-2027,Grade 8,Term 1,85.9,90.7,88.8,87.7,81.9,83.3,83.4,86.3,86.0,0,0,0,81.9,8,Mapeh,Low Risk,No Recommendation,N/A,Independent,Classroom Summative,,,,95.5,In Progress,Progressing,Active,Reviewed
CNHS-SYN-2627-0149,SY 2026-2027,Grade 8,Term 2,84.0,87.7,87.8,84.9,86.1,89.1,83.5,84.9,86.0,0,0,0,83.5,8,Tle,Low Risk,No Recommendation,N/A,Independent,Classroom Summative,,,,95.6,In Progress,Progressing,Active,Reviewed
CNHS-SYN-2627-0149,SY 2026-2027,Grade 8,Term 3,92.3,92.9,82.9,87.3,84.3,81.6,83.2,85.0,86.19,0,0,0,81.6,8,Araling Panlipunan,Low Risk,No Recommendation,N/A,Independent,Classroom Summative,,,,91.9,N/A,N/A,Active,Reviewed
CNHS-SYN-2627-0150,SY 2026-2027,Grade 9,Term 1,93.6,92.0,85.6,93.2,84.8,93.4,96.9,85.4,90.61,0,0,0,84.8,8,Mapeh,Low Risk,No Recommendation,N/A,Independent,Classroom Summative,,,,94.1,In Progress,Progressing,Active,Reviewed
CNHS-SYN-2627-0150,SY 2026-2027,Grade 9,Term 2,85.7,89.1,93.9,91.8,84.3,90.4,93.4,94.1,90.34,0,0,0,84.3,8,Mapeh,Low Risk,No Recommendation,N/A,Independent,Classroom Summative,,,,95.5,In Progress,Progressing,Active,Reviewed
CNHS-SYN-2627-0150,SY 2026-2027,Grade 9,Term 3,97.7,96.9,96.6,90.7,89.9,91.3,87.4,94.5,93.12,0,0,0,87.4,8,Tle,Low Risk,No Recommendation,N/A,Independent,Classroom Summative,,,,92.2,N/A,N/A,Active,Reviewed
CNHS-SYN-2627-0151,SY 2026-2027,Grade 10,Term 1,94.8,91.8,92.9,90.6,93.8,87.8,91.2,98.0,92.61,0,0,0,87.8,8,Araling Panlipunan,Low Risk,No Recommendation,N/A,Independent,Classroom Summative,,,,90.3,In Progress,Progressing,Active,Reviewed
CNHS-SYN-2627-0151,SY 2026-2027,Grade 10,Term 2,93.3,86.1,93.2,98.1,87.4,86.3,89.4,95.4,91.15,0,0,0,86.1,8,Filipino,Low Risk,No Recommendation,N/A,Independent,Classroom Summative,,,,95.6,In Progress,Progressing,Active,Reviewed
CNHS-SYN-2627-0151,SY 2026-2027,Grade 10,Term 3,89.7,94.5,99.0,90.7,92.4,92.8,86.0,95.7,92.6,0,0,0,86.0,8,Tle,Low Risk,No Recommendation,N/A,Independent,Classroom Summative,,,,87.0,N/A,N/A,Active,Reviewed
CNHS-SYN-2627-0152,SY 2026-2027,Grade 7,Term 1,67.7,65.5,67.2,69.6,68.8,67.7,69.0,68.5,68.0,8,2,6,65.5,8,Filipino,High Risk,Classroom Remediation,N/A,N/A,Filipino Diagnostic Assessment,17.6,,,88.2,In Progress,Progressing,In Progress,Approved
CNHS-SYN-2627-0152,SY 2026-2027,Grade 7,Term 2,63.6,69.3,73.7,66.4,65.2,66.1,67.6,68.9,67.6,8,2,6,63.6,8,English,High Risk,Classroom Remediation,N/A,N/A,English Diagnostic Assessment,20.1,26.2,,79.2,In Progress,Progressing,In Progress,Approved
CNHS-SYN-2627-0152,SY 2026-2027,Grade 7,Term 3,69.4,69.4,72.3,75.0,69.0,66.6,60.5,64.2,68.3,7,2,5,60.5,8,Tle,High Risk,Classroom Remediation,N/A,N/A,Tle Diagnostic Assessment,16.6,24.6,31.9,85.5,Improved,Improved,Completed,Approved
CNHS-SYN-2627-0153,SY 2026-2027,Grade 8,Term 1,91.0,92.7,85.5,80.8,82.8,88.5,79.2,88.1,86.08,0,0,0,79.2,8,Tle,Low Risk,Classroom Remediation,N/A,N/A,Tle Diagnostic Assessment,21.3,,,80.7,In Progress,Progressing,In Progress,Approved
CNHS-SYN-2627-0153,SY 2026-2027,Grade 8,Term 2,91.3,92.0,82.5,89.7,88.7,88.5,80.6,92.0,88.16,0,0,0,80.6,8,Tle,Low Risk,Classroom Remediation,N/A,N/A,Tle Diagnostic Assessment,22.8,28.1,,81.4,In Progress,Progressing,In Progress,Approved
CNHS-SYN-2627-0153,SY 2026-2027,Grade 8,Term 3,93.6,88.6,94.5,98.3,92.4,90.4,90.0,92.7,92.56,0,0,0,88.6,8,Filipino,Low Risk,Classroom Remediation,N/A,N/A,Filipino Diagnostic Assessment,16.3,23.5,30.7,86.0,Improved,Improved,Completed,Approved
CNHS-SYN-2627-0154,SY 2026-2027,Grade 9,Term 1,93.0,93.6,89.5,92.6,84.2,81.1,85.7,91.3,88.88,0,0,0,81.1,8,Araling Panlipunan,Low Risk,No Recommendation,N/A,Independent,Classroom Summative,,,,88.9,In Progress,Progressing,Active,Reviewed
CNHS-SYN-2627-0154,SY 2026-2027,Grade 9,Term 2,82.3,91.6,83.6,88.8,85.5,83.8,83.0,87.5,85.76,0,0,0,82.3,8,English,Low Risk,No Recommendation,N/A,Independent,Classroom Summative,,,,94.0,In Progress,Progressing,Active,Reviewed
CNHS-SYN-2627-0154,SY 2026-2027,Grade 9,Term 3,90.3,91.1,92.7,87.4,82.8,88.5,89.2,86.1,88.51,0,0,0,82.8,8,Mapeh,Low Risk,No Recommendation,N/A,Independent,Classroom Summative,,,,100.0,N/A,N/A,Active,Reviewed
CNHS-SYN-2627-0155,SY 2026-2027,Grade 10,Term 1,89.1,88.2,90.0,90.9,86.7,99.0,85.8,92.7,90.3,0,0,0,85.8,8,Tle,Low Risk,No Recommendation,N/A,Independent,Classroom Summative,,,,94.4,In Progress,Progressing,Active,Reviewed
CNHS-SYN-2627-0155,SY 2026-2027,Grade 10,Term 2,95.3,83.6,91.6,84.8,85.8,85.7,83.8,81.2,86.47,0,0,0,81.2,8,Values Education,Low Risk,No Recommendation,N/A,Independent,Classroom Summative,,,,93.8,In Progress,Progressing,Active,Reviewed
CNHS-SYN-2627-0155,SY 2026-2027,Grade 10,Term 3,88.6,92.6,91.7,86.5,99.0,91.4,96.8,85.9,91.56,0,0,0,85.9,8,Values Education,Low Risk,No Recommendation,N/A,Independent,Classroom Summative,,,,89.7,N/A,N/A,Active,Reviewed
CNHS-SYN-2627-0156,SY 2026-2027,Grade 7,Term 1,75.7,83.2,77.3,84.7,74.4,80.8,74.2,79.4,78.71,2,0,2,74.2,8,Tle,High Risk,Classroom Remediation,N/A,N/A,Tle Diagnostic Assessment,25.2,,,91.8,In Progress,Progressing,In Progress,Approved
CNHS-SYN-2627-0156,SY 2026-2027,Grade 7,Term 2,85.7,85.7,88.7,80.3,90.1,84.6,80.9,84.9,85.11,0,0,0,80.3,8,Science,Low Risk,Classroom Remediation,N/A,N/A,Science Diagnostic Assessment,21.6,27.8,,88.3,In Progress,Progressing,In Progress,Approved
CNHS-SYN-2627-0156,SY 2026-2027,Grade 7,Term 3,90.9,86.1,90.0,86.2,80.7,87.7,87.5,85.9,86.88,0,0,0,80.7,8,Mapeh,Low Risk,Classroom Remediation,N/A,N/A,Mapeh Diagnostic Assessment,16.6,24.0,28.5,83.5,Improved,Improved,Completed,Approved
CNHS-SYN-2627-0157,SY 2026-2027,Grade 8,Term 1,94.8,99.0,99.0,86.4,98.9,94.3,95.1,99.0,95.81,0,0,0,86.4,8,Science,Low Risk,No Recommendation,N/A,Independent,Classroom Summative,,,,96.9,In Progress,Progressing,Active,Reviewed
CNHS-SYN-2627-0157,SY 2026-2027,Grade 8,Term 2,99.0,93.3,91.0,99.0,87.5,95.8,98.1,95.7,94.93,0,0,0,87.5,8,Mapeh,Low Risk,No Recommendation,N/A,Independent,Classroom Summative,,,,93.1,In Progress,Progressing,Active,Reviewed
CNHS-SYN-2627-0157,SY 2026-2027,Grade 8,Term 3,97.7,93.2,94.1,94.3,88.3,96.4,84.8,95.6,93.05,0,0,0,84.8,8,Tle,Low Risk,No Recommendation,N/A,Independent,Classroom Summative,,,,91.2,N/A,N/A,Active,Reviewed
CNHS-SYN-2627-0158,SY 2026-2027,Grade 9,Term 1,63.0,67.6,68.6,70.3,65.7,70.0,72.9,71.5,68.7,8,2,6,63.0,8,English,High Risk,Classroom Remediation,N/A,N/A,English Diagnostic Assessment,21.0,,,78.2,In Progress,Progressing,In Progress,Approved
CNHS-SYN-2627-0158,SY 2026-2027,Grade 9,Term 2,67.9,61.8,66.5,71.2,73.9,63.6,69.8,69.2,67.99,8,2,6,61.8,8,Filipino,High Risk,Classroom Remediation,N/A,N/A,Filipino Diagnostic Assessment,23.6,29.8,,87.6,In Progress,Progressing,In Progress,Approved
CNHS-SYN-2627-0158,SY 2026-2027,Grade 9,Term 3,75.4,67.2,66.1,65.8,67.5,72.2,72.7,72.0,69.86,7,1,6,65.8,8,Science,High Risk,Classroom Remediation,N/A,N/A,Science Diagnostic Assessment,21.4,28.2,35.7,88.4,Improved,Improved,Completed,Approved
CNHS-SYN-2627-0159,SY 2026-2027,Grade 10,Term 1,82.9,77.8,85.6,79.1,82.6,82.3,86.1,78.2,81.82,0,0,0,77.8,8,Filipino,Moderate Risk,Classroom Remediation,N/A,N/A,Filipino Diagnostic Assessment,19.5,,,83.0,In Progress,Progressing,In Progress,Approved
CNHS-SYN-2627-0159,SY 2026-2027,Grade 10,Term 2,93.4,84.2,78.8,80.9,84.8,85.3,91.4,83.8,85.32,0,0,0,78.8,8,Mathematics,Low Risk,Classroom Remediation,N/A,N/A,Mathematics Diagnostic Assessment,20.5,26.3,,79.3,In Progress,Progressing,In Progress,Approved
CNHS-SYN-2627-0159,SY 2026-2027,Grade 10,Term 3,87.1,86.7,93.1,93.1,89.8,93.1,82.9,82.4,88.53,0,0,0,82.4,8,Values Education,Low Risk,Classroom Remediation,N/A,N/A,Values Education Diagnostic Assessment,21.6,27.7,34.9,83.6,Improved,Improved,Completed,Approved
CNHS-SYN-2627-0160,SY 2026-2027,Grade 7,Term 1,69.1,67.1,72.7,65.2,60.0,70.7,62.3,74.1,67.65,8,2,6,60.0,8,Mapeh,High Risk,Classroom Remediation,N/A,N/A,Mapeh Diagnostic Assessment,19.0,,,81.1,In Progress,Progressing,In Progress,Approved
CNHS-SYN-2627-0160,SY 2026-2027,Grade 7,Term 2,69.4,69.6,72.9,64.1,71.2,68.0,65.7,69.3,68.78,8,2,6,64.1,8,Science,High Risk,Classroom Remediation,N/A,N/A,Science Diagnostic Assessment,22.0,29.4,,81.4,In Progress,Progressing,In Progress,Approved
CNHS-SYN-2627-0160,SY 2026-2027,Grade 7,Term 3,65.9,70.8,64.4,67.7,68.3,65.1,69.8,66.4,67.3,8,2,6,64.4,8,Mathematics,High Risk,Classroom Remediation,N/A,N/A,Mathematics Diagnostic Assessment,25.2,31.7,40.0,81.5,Improved,Improved,Completed,Approved
CNHS-SYN-2627-0161,SY 2026-2027,Grade 8,Term 1,84.7,83.8,83.1,71.0,81.5,84.9,82.9,82.3,81.78,1,0,1,71.0,8,Science,Moderate Risk,Classroom Remediation,N/A,N/A,Science Diagnostic Assessment,17.3,,,82.4,In Progress,Progressing,In Progress,Approved
CNHS-SYN-2627-0161,SY 2026-2027,Grade 8,Term 2,87.6,80.5,88.7,89.4,86.1,83.5,79.0,97.5,86.54,0,0,0,79.0,8,Tle,Low Risk,Classroom Remediation,N/A,N/A,Tle Diagnostic Assessment,23.4,29.9,,77.7,In Progress,Progressing,In Progress,Approved
CNHS-SYN-2627-0161,SY 2026-2027,Grade 8,Term 3,91.6,93.4,81.7,94.0,88.8,82.7,91.4,92.0,89.45,0,0,0,81.7,8,Mathematics,Low Risk,Classroom Remediation,N/A,N/A,Mathematics Diagnostic Assessment,16.8,24.2,31.2,85.1,Improved,Improved,Completed,Approved
CNHS-SYN-2627-0162,SY 2026-2027,Grade 9,Term 1,96.9,93.2,98.1,96.0,99.0,95.6,92.6,89.8,95.15,0,0,0,89.8,8,Values Education,Low Risk,No Recommendation,N/A,Independent,Classroom Summative,,,,95.1,In Progress,Progressing,Active,Reviewed
CNHS-SYN-2627-0162,SY 2026-2027,Grade 9,Term 2,99.0,93.2,98.3,94.2,97.6,98.2,86.3,98.8,95.7,0,0,0,86.3,8,Tle,Low Risk,No Recommendation,N/A,Independent,Classroom Summative,,,,92.1,In Progress,Progressing,Active,Reviewed
CNHS-SYN-2627-0162,SY 2026-2027,Grade 9,Term 3,94.6,96.7,95.4,91.3,92.2,91.0,99.0,95.1,94.41,0,0,0,91.0,8,Araling Panlipunan,Low Risk,No Recommendation,N/A,Independent,Classroom Summative,,,,95.3,N/A,N/A,Active,Reviewed
CNHS-SYN-2627-0163,SY 2026-2027,Grade 10,Term 1,81.7,79.0,79.3,82.4,82.5,75.7,81.9,82.9,80.67,0,0,0,75.7,8,Araling Panlipunan,Moderate Risk,Classroom Remediation,N/A,N/A,Araling Panlipunan Diagnostic Assessment,20.6,,,82.0,In Progress,Progressing,In Progress,Approved
CNHS-SYN-2627-0163,SY 2026-2027,Grade 10,Term 2,91.0,88.4,79.1,87.9,81.1,88.7,84.5,86.4,85.89,0,0,0,79.1,8,Mathematics,Low Risk,Classroom Remediation,N/A,N/A,Mathematics Diagnostic Assessment,22.4,29.7,,77.5,In Progress,Progressing,In Progress,Approved
CNHS-SYN-2627-0163,SY 2026-2027,Grade 10,Term 3,97.2,82.4,96.1,87.6,96.0,87.8,92.9,92.1,91.51,0,0,0,82.4,8,Filipino,Low Risk,Classroom Remediation,N/A,N/A,Filipino Diagnostic Assessment,16.9,23.2,30.3,90.6,Improved,Improved,Completed,Approved
CNHS-SYN-2627-0164,SY 2026-2027,Grade 7,Term 1,89.2,88.0,81.4,84.1,89.3,86.2,80.3,81.1,84.95,0,0,0,80.3,8,Tle,Low Risk,Classroom Remediation,N/A,N/A,Tle Diagnostic Assessment,21.6,,,85.2,In Progress,Progressing,In Progress,Approved
CNHS-SYN-2627-0164,SY 2026-2027,Grade 7,Term 2,89.1,88.5,89.9,89.0,86.4,90.2,86.1,91.1,88.79,0,0,0,86.1,8,Tle,Low Risk,Classroom Remediation,N/A,N/A,Tle Diagnostic Assessment,20.1,27.8,,88.5,In Progress,Progressing,In Progress,Approved
CNHS-SYN-2627-0164,SY 2026-2027,Grade 7,Term 3,99.0,88.0,92.3,86.8,94.1,90.7,97.6,94.1,92.83,0,0,0,86.8,8,Science,Low Risk,Classroom Remediation,N/A,N/A,Science Diagnostic Assessment,17.8,25.2,31.2,79.0,Improved,Improved,Completed,Approved
CNHS-SYN-2627-0165,SY 2026-2027,Grade 8,Term 1,87.6,92.6,96.8,95.6,88.0,97.9,88.9,86.5,91.74,0,0,0,86.5,8,Values Education,Low Risk,No Recommendation,N/A,Independent,Classroom Summative,,,,90.2,In Progress,Progressing,Active,Reviewed
CNHS-SYN-2627-0165,SY 2026-2027,Grade 8,Term 2,92.9,90.7,89.2,87.1,86.2,86.9,94.2,97.2,90.55,0,0,0,86.2,8,Mapeh,Low Risk,No Recommendation,N/A,Independent,Classroom Summative,,,,96.4,In Progress,Progressing,Active,Reviewed
CNHS-SYN-2627-0165,SY 2026-2027,Grade 8,Term 3,89.8,89.1,94.5,89.4,91.9,97.7,91.1,99.0,92.81,0,0,0,89.1,8,Filipino,Low Risk,No Recommendation,N/A,Independent,Classroom Summative,,,,95.6,N/A,N/A,Active,Reviewed
CNHS-SYN-2627-0166,SY 2026-2027,Grade 9,Term 1,99.0,96.9,88.5,96.4,97.4,93.7,95.4,92.8,95.01,0,0,0,88.5,8,Mathematics,Low Risk,No Recommendation,N/A,Independent,Classroom Summative,,,,97.6,In Progress,Progressing,Active,Reviewed
CNHS-SYN-2627-0166,SY 2026-2027,Grade 9,Term 2,99.0,90.5,93.8,88.6,99.0,97.9,87.0,94.4,93.78,0,0,0,87.0,8,Tle,Low Risk,No Recommendation,N/A,Independent,Classroom Summative,,,,91.4,In Progress,Progressing,Active,Reviewed
CNHS-SYN-2627-0166,SY 2026-2027,Grade 9,Term 3,99.0,99.0,96.7,92.2,92.2,94.8,92.9,94.6,95.17,0,0,0,92.2,8,Science,Low Risk,No Recommendation,N/A,Independent,Classroom Summative,,,,88.6,N/A,N/A,Active,Reviewed
CNHS-SYN-2627-0167,SY 2026-2027,Grade 10,Term 1,89.4,91.0,86.6,90.1,87.7,90.9,80.9,83.0,87.45,0,0,0,80.9,8,Tle,Low Risk,No Recommendation,N/A,Independent,Classroom Summative,,,,95.7,In Progress,Progressing,Active,Reviewed
CNHS-SYN-2627-0167,SY 2026-2027,Grade 10,Term 2,98.5,82.6,86.9,85.8,87.0,92.6,89.4,80.0,87.85,0,0,0,80.0,8,Values Education,Low Risk,No Recommendation,N/A,Independent,Classroom Summative,,,,99.3,In Progress,Progressing,Active,Reviewed
CNHS-SYN-2627-0167,SY 2026-2027,Grade 10,Term 3,90.4,83.3,86.4,87.8,89.8,79.3,83.1,90.2,86.29,0,0,0,79.3,8,Araling Panlipunan,Low Risk,No Recommendation,N/A,Independent,Classroom Summative,,,,95.5,N/A,N/A,Active,Reviewed
CNHS-SYN-2627-0168,SY 2026-2027,Grade 7,Term 1,83.2,76.7,84.6,77.1,84.6,80.2,83.2,78.2,80.98,0,0,0,76.7,8,Filipino,Moderate Risk,Classroom Remediation,N/A,N/A,Filipino Diagnostic Assessment,20.4,,,76.8,In Progress,Progressing,In Progress,Approved
CNHS-SYN-2627-0168,SY 2026-2027,Grade 7,Term 2,78.9,82.5,,92.4,79.3,80.1,85.3,79.7,82.6,0,0,0,78.9,7,English,Moderate Risk,Classroom Remediation,N/A,N/A,English Diagnostic Assessment,18.5,24.9,,76.5,In Progress,Progressing,In Progress,Approved
CNHS-SYN-2627-0168,SY 2026-2027,Grade 7,Term 3,88.6,94.2,91.9,90.3,85.3,83.0,87.8,92.9,89.25,0,0,0,83.0,8,Araling Panlipunan,Low Risk,Classroom Remediation,N/A,N/A,Araling Panlipunan Diagnostic Assessment,18.9,26.6,34.4,81.3,Improved,Improved,Completed,Approved
CNHS-SYN-2627-0169,SY 2026-2027,Grade 8,Term 1,94.2,91.0,89.0,93.1,90.7,83.8,76.7,83.9,87.8,0,0,0,76.7,8,Tle,Low Risk,No Recommendation,N/A,Independent,Classroom Summative,,,,97.1,In Progress,Progressing,Active,Reviewed
CNHS-SYN-2627-0169,SY 2026-2027,Grade 8,Term 2,83.7,92.5,93.4,94.3,92.6,94.1,90.8,90.7,91.51,0,0,0,83.7,8,English,Low Risk,No Recommendation,N/A,Independent,Classroom Summative,,,,96.9,In Progress,Progressing,Active,Reviewed
CNHS-SYN-2627-0169,SY 2026-2027,Grade 8,Term 3,85.0,89.5,93.1,94.3,87.2,92.6,88.2,92.7,90.33,0,0,0,85.0,8,English,Low Risk,No Recommendation,N/A,Independent,Classroom Summative,,,,96.5,N/A,N/A,Active,Reviewed
CNHS-SYN-2627-0170,SY 2026-2027,Grade 9,Term 1,74.0,72.3,79.5,71.5,83.8,83.7,81.8,77.8,78.05,3,2,1,71.5,8,Science,High Risk,Classroom Remediation,N/A,N/A,Science Diagnostic Assessment,19.3,,,77.9,In Progress,Progressing,In Progress,Approved
CNHS-SYN-2627-0170,SY 2026-2027,Grade 9,Term 2,83.1,83.1,80.1,78.7,87.5,84.2,82.3,81.1,82.51,0,0,0,78.7,8,Science,Moderate Risk,Classroom Remediation,N/A,N/A,Science Diagnostic Assessment,18.0,26.0,,85.4,In Progress,Progressing,In Progress,Approved
CNHS-SYN-2627-0170,SY 2026-2027,Grade 9,Term 3,92.8,89.5,86.6,82.8,86.6,83.6,89.3,86.6,87.22,0,0,0,82.8,8,Science,Low Risk,Classroom Remediation,N/A,N/A,Science Diagnostic Assessment,16.9,22.9,30.7,78.6,Improved,Improved,Completed,Approved
CNHS-SYN-2627-0171,SY 2026-2027,Grade 10,Term 1,90.4,90.4,92.1,97.0,91.0,96.1,90.7,95.9,92.95,0,0,0,90.4,8,English,Low Risk,No Recommendation,N/A,Independent,Classroom Summative,,,,95.9,In Progress,Progressing,Active,Reviewed
CNHS-SYN-2627-0171,SY 2026-2027,Grade 10,Term 2,87.5,87.0,97.4,95.4,99.0,85.7,93.2,87.5,91.59,0,0,0,85.7,8,Araling Panlipunan,Low Risk,No Recommendation,N/A,Independent,Classroom Summative,,,,92.2,In Progress,Progressing,Active,Reviewed
CNHS-SYN-2627-0171,SY 2026-2027,Grade 10,Term 3,94.5,90.5,93.4,94.5,95.7,94.0,93.1,90.8,93.31,0,0,0,90.5,8,Filipino,Low Risk,No Recommendation,N/A,Independent,Classroom Summative,,,,95.9,N/A,N/A,Active,Reviewed
CNHS-SYN-2627-0172,SY 2026-2027,Grade 7,Term 1,75.0,77.5,77.2,75.5,78.2,69.3,71.7,81.6,75.75,2,0,2,69.3,8,Araling Panlipunan,High Risk,Classroom Remediation,N/A,N/A,Araling Panlipunan Diagnostic Assessment,24.3,,,79.4,In Progress,Progressing,In Progress,Approved
CNHS-SYN-2627-0172,SY 2026-2027,Grade 7,Term 2,81.6,84.5,86.0,80.9,81.8,82.4,86.5,84.4,83.51,0,0,0,80.9,8,Science,Low Risk,Classroom Remediation,N/A,N/A,Science Diagnostic Assessment,21.2,26.7,,82.3,In Progress,Progressing,In Progress,Approved
CNHS-SYN-2627-0172,SY 2026-2027,Grade 7,Term 3,89.9,91.1,,83.6,87.8,88.8,94.4,80.1,87.96,0,0,0,80.1,7,Values Education,Low Risk,Classroom Remediation,N/A,N/A,Values Education Diagnostic Assessment,17.4,22.7,28.4,80.6,Improved,Improved,Completed,Approved
CNHS-SYN-2627-0173,SY 2026-2027,Grade 8,Term 1,87.4,94.2,89.7,87.0,82.9,87.5,85.8,87.7,87.78,0,0,0,82.9,8,Mapeh,Low Risk,No Recommendation,N/A,Independent,Classroom Summative,,,,97.1,In Progress,Progressing,Active,Reviewed
CNHS-SYN-2627-0173,SY 2026-2027,Grade 8,Term 2,89.3,90.8,86.5,91.1,83.4,86.0,91.5,85.0,87.95,0,0,0,83.4,8,Mapeh,Low Risk,No Recommendation,N/A,Independent,Classroom Summative,,,,92.6,In Progress,Progressing,Active,Reviewed
CNHS-SYN-2627-0173,SY 2026-2027,Grade 8,Term 3,94.1,80.2,88.8,84.4,86.2,85.5,90.5,87.0,87.09,0,0,0,80.2,8,Filipino,Low Risk,No Recommendation,N/A,Independent,Classroom Summative,,,,98.5,N/A,N/A,Active,Reviewed
CNHS-SYN-2627-0174,SY 2026-2027,Grade 9,Term 1,77.3,75.4,76.3,,75.4,82.6,76.4,82.2,77.94,0,0,0,75.4,7,Filipino,Moderate Risk,Classroom Remediation,N/A,N/A,Filipino Diagnostic Assessment,25.3,,,84.7,In Progress,Progressing,In Progress,Approved
CNHS-SYN-2627-0174,SY 2026-2027,Grade 9,Term 2,80.8,87.4,80.1,90.4,77.7,80.9,78.3,82.7,82.29,0,0,0,77.7,8,Mapeh,Moderate Risk,Classroom Remediation,N/A,N/A,Mapeh Diagnostic Assessment,18.6,26.6,,79.5,In Progress,Progressing,In Progress,Approved
CNHS-SYN-2627-0174,SY 2026-2027,Grade 9,Term 3,85.6,92.2,92.7,82.8,93.3,82.5,79.8,86.6,86.94,0,0,0,79.8,8,Tle,Low Risk,Classroom Remediation,N/A,N/A,Tle Diagnostic Assessment,25.5,31.0,36.8,83.5,Improved,Improved,Completed,Approved
CNHS-SYN-2627-0175,SY 2026-2027,Grade 10,Term 1,68.5,71.6,73.7,75.7,80.5,75.5,72.5,75.5,74.19,4,2,2,68.5,8,English,High Risk,Classroom Remediation,N/A,N/A,English Diagnostic Assessment,22.1,,,73.6,In Progress,Progressing,In Progress,Approved
CNHS-SYN-2627-0175,SY 2026-2027,Grade 10,Term 2,67.9,73.4,66.1,71.0,84.0,72.6,78.0,79.6,74.07,5,2,3,66.1,8,Mathematics,High Risk,Classroom Remediation,N/A,N/A,Mathematics Diagnostic Assessment,23.7,30.9,,92.6,In Progress,Progressing,In Progress,Approved
CNHS-SYN-2627-0175,SY 2026-2027,Grade 10,Term 3,68.1,77.3,72.1,72.7,76.3,73.5,73.6,75.7,73.66,5,1,4,68.1,8,English,High Risk,Classroom Remediation,N/A,N/A,English Diagnostic Assessment,21.6,29.5,38.2,83.6,Improved,Improved,Completed,Approved
CNHS-SYN-2627-0176,SY 2026-2027,Grade 7,Term 1,76.8,77.9,69.0,72.4,77.1,81.1,75.6,74.7,75.58,3,0,3,69.0,8,Mathematics,High Risk,Classroom Remediation,N/A,N/A,Mathematics Diagnostic Assessment,17.7,,,77.0,In Progress,Progressing,In Progress,Approved
CNHS-SYN-2627-0176,SY 2026-2027,Grade 7,Term 2,88.5,78.9,81.2,77.1,86.1,81.5,78.1,83.5,81.86,0,0,0,77.1,8,Science,Moderate Risk,Classroom Remediation,N/A,N/A,Science Diagnostic Assessment,18.8,25.2,,79.1,In Progress,Progressing,In Progress,Approved
CNHS-SYN-2627-0176,SY 2026-2027,Grade 7,Term 3,80.1,95.1,93.5,78.6,81.7,86.4,88.9,87.9,86.53,0,0,0,78.6,8,Science,Low Risk,Classroom Remediation,N/A,N/A,Science Diagnostic Assessment,18.7,24.4,30.9,84.9,Improved,Improved,Completed,Approved
CNHS-SYN-2627-0177,SY 2026-2027,Grade 8,Term 1,82.2,79.6,77.8,77.2,75.4,72.9,78.1,75.1,77.29,1,0,1,72.9,8,Araling Panlipunan,Moderate Risk,Classroom Remediation,N/A,N/A,Araling Panlipunan Diagnostic Assessment,17.2,,,71.0,In Progress,Progressing,In Progress,Approved
CNHS-SYN-2627-0177,SY 2026-2027,Grade 8,Term 2,81.3,82.7,84.1,79.5,81.4,79.7,83.8,85.4,82.24,0,0,0,79.5,8,Science,Moderate Risk,Classroom Remediation,N/A,N/A,Science Diagnostic Assessment,18.4,24.2,,82.0,In Progress,Progressing,In Progress,Approved
CNHS-SYN-2627-0177,SY 2026-2027,Grade 8,Term 3,79.9,86.5,89.8,87.4,88.8,84.5,80.1,85.8,85.35,0,0,0,79.9,8,English,Low Risk,Classroom Remediation,N/A,N/A,English Diagnostic Assessment,21.0,28.9,37.0,82.3,Improved,Improved,Completed,Approved
CNHS-SYN-2627-0178,SY 2026-2027,Grade 9,Term 1,67.9,64.1,69.7,60.0,69.5,71.5,68.3,64.3,66.91,8,2,6,60.0,8,Science,High Risk,Classroom Remediation,N/A,N/A,Science Diagnostic Assessment,16.9,,,73.1,In Progress,Progressing,In Progress,Approved
CNHS-SYN-2627-0178,SY 2026-2027,Grade 9,Term 2,69.5,62.5,71.7,72.7,68.5,64.7,73.5,68.8,68.99,8,2,6,62.5,8,Filipino,High Risk,Classroom Remediation,N/A,N/A,Filipino Diagnostic Assessment,24.5,30.3,,76.0,In Progress,Progressing,In Progress,Approved
CNHS-SYN-2627-0178,SY 2026-2027,Grade 9,Term 3,72.8,74.4,73.1,72.1,75.5,64.8,64.7,67.2,70.58,7,2,5,64.7,8,Tle,High Risk,Classroom Remediation,N/A,N/A,Tle Diagnostic Assessment,20.0,26.7,33.8,81.6,Improved,Improved,Completed,Approved
CNHS-SYN-2627-0179,SY 2026-2027,Grade 10,Term 1,78.6,82.3,76.9,81.2,76.2,78.1,78.1,80.8,79.03,0,0,0,76.2,8,Mapeh,Moderate Risk,Classroom Remediation,N/A,N/A,Mapeh Diagnostic Assessment,20.9,,,82.5,In Progress,Progressing,In Progress,Approved
CNHS-SYN-2627-0179,SY 2026-2027,Grade 10,Term 2,85.9,85.3,81.2,87.0,92.7,85.6,75.8,85.9,84.92,0,0,0,75.8,8,Tle,Low Risk,Classroom Remediation,N/A,N/A,Tle Diagnostic Assessment,18.3,23.9,,86.5,In Progress,Progressing,In Progress,Approved
CNHS-SYN-2627-0179,SY 2026-2027,Grade 10,Term 3,96.0,,86.0,85.9,92.4,94.0,88.4,80.8,89.07,0,0,0,80.8,7,Values Education,Low Risk,Classroom Remediation,N/A,N/A,Values Education Diagnostic Assessment,23.6,30.4,35.0,79.6,Improved,Improved,Completed,Approved
CNHS-SYN-2627-0180,SY 2026-2027,Grade 7,Term 1,64.3,70.7,61.1,70.4,72.2,65.4,68.3,69.5,67.74,8,2,6,61.1,8,Mathematics,High Risk,Classroom Remediation,N/A,N/A,Mathematics Diagnostic Assessment,16.0,,,80.3,In Progress,Progressing,In Progress,Approved
CNHS-SYN-2627-0180,SY 2026-2027,Grade 7,Term 2,65.3,65.9,68.2,74.7,64.5,67.5,61.7,73.0,67.6,8,2,6,61.7,8,Tle,High Risk,Classroom Remediation,N/A,N/A,Tle Diagnostic Assessment,22.1,28.8,,82.5,In Progress,Progressing,In Progress,Approved
CNHS-SYN-2627-0180,SY 2026-2027,Grade 7,Term 3,62.4,69.7,67.4,70.3,64.8,64.5,66.9,70.4,67.05,8,2,6,62.4,8,English,High Risk,Classroom Remediation,N/A,N/A,English Diagnostic Assessment,22.9,30.4,39.2,79.0,Improved,Improved,Completed,Approved
CNHS-SYN-2627-0181,SY 2026-2027,Grade 8,Term 1,89.3,82.3,83.5,79.2,78.5,83.1,85.0,82.8,82.96,0,0,0,78.5,8,Mapeh,Moderate Risk,Classroom Remediation,N/A,N/A,Mapeh Diagnostic Assessment,25.0,,,89.4,In Progress,Progressing,In Progress,Approved
CNHS-SYN-2627-0181,SY 2026-2027,Grade 8,Term 2,79.3,87.2,85.9,80.8,81.9,83.3,80.6,91.4,83.8,0,0,0,79.3,8,English,Low Risk,Classroom Remediation,N/A,N/A,English Diagnostic Assessment,17.3,23.9,,83.8,In Progress,Progressing,In Progress,Approved
CNHS-SYN-2627-0181,SY 2026-2027,Grade 8,Term 3,93.6,91.6,84.2,79.7,90.5,85.4,83.8,91.3,87.51,0,0,0,79.7,8,Science,Low Risk,Classroom Remediation,N/A,N/A,Science Diagnostic Assessment,20.3,27.6,35.7,92.1,Improved,Improved,Completed,Approved
CNHS-SYN-2627-0182,SY 2026-2027,Grade 9,Term 1,81.1,76.5,83.0,79.4,81.2,84.0,80.7,81.4,80.91,0,0,0,76.5,8,Filipino,Moderate Risk,Classroom Remediation,N/A,N/A,Filipino Diagnostic Assessment,20.4,,,78.3,In Progress,Progressing,In Progress,Approved
CNHS-SYN-2627-0182,SY 2026-2027,Grade 9,Term 2,85.1,81.6,89.2,87.9,79.4,85.7,88.5,85.3,85.34,0,0,0,79.4,8,Mapeh,Low Risk,Classroom Remediation,N/A,N/A,Mapeh Diagnostic Assessment,19.2,24.9,,82.2,In Progress,Progressing,In Progress,Approved
CNHS-SYN-2627-0182,SY 2026-2027,Grade 9,Term 3,90.9,88.5,89.4,94.2,84.8,96.7,86.4,91.9,90.35,0,0,0,84.8,8,Mapeh,Low Risk,Classroom Remediation,N/A,N/A,Mapeh Diagnostic Assessment,19.7,27.4,34.1,78.5,Improved,Improved,Completed,Approved
CNHS-SYN-2627-0183,SY 2026-2027,Grade 10,Term 1,69.1,68.7,63.3,67.3,68.1,75.3,71.9,71.1,69.35,7,2,5,63.3,8,Mathematics,High Risk,Classroom Remediation,N/A,N/A,Mathematics Diagnostic Assessment,25.5,,,86.5,In Progress,Progressing,In Progress,Approved
CNHS-SYN-2627-0183,SY 2026-2027,Grade 10,Term 2,62.0,72.3,69.8,72.1,78.3,71.7,75.0,69.3,71.31,6,2,4,62.0,8,English,High Risk,Classroom Remediation,N/A,N/A,English Diagnostic Assessment,22.0,27.0,,87.0,In Progress,Progressing,In Progress,Approved
CNHS-SYN-2627-0183,SY 2026-2027,Grade 10,Term 3,67.2,68.3,69.2,72.2,69.5,65.0,69.2,73.0,69.2,8,2,6,65.0,8,Araling Panlipunan,High Risk,Classroom Remediation,N/A,N/A,Araling Panlipunan Diagnostic Assessment,16.7,24.6,28.9,74.9,Improved,Improved,Completed,Approved
CNHS-SYN-2627-0184,SY 2026-2027,Grade 7,Term 1,95.4,,94.5,96.0,90.1,89.4,91.9,88.3,92.23,0,0,0,88.3,7,Values Education,Low Risk,No Recommendation,N/A,Independent,Classroom Summative,,,,93.8,In Progress,Progressing,Active,Reviewed
CNHS-SYN-2627-0184,SY 2026-2027,Grade 7,Term 2,92.3,99.0,97.5,92.4,93.1,98.0,90.5,89.1,93.99,0,0,0,89.1,8,Values Education,Low Risk,No Recommendation,N/A,Independent,Classroom Summative,,,,95.4,In Progress,Progressing,Active,Reviewed
CNHS-SYN-2627-0184,SY 2026-2027,Grade 7,Term 3,95.6,96.9,91.1,87.4,90.5,95.0,89.3,85.4,91.4,0,0,0,85.4,8,Values Education,Low Risk,No Recommendation,N/A,Independent,Classroom Summative,,,,92.0,N/A,N/A,Active,Reviewed
CNHS-SYN-2627-0185,SY 2026-2027,Grade 8,Term 1,90.1,92.0,89.1,86.0,86.4,92.4,91.1,82.6,88.71,0,0,0,82.6,8,Values Education,Low Risk,No Recommendation,N/A,Independent,Classroom Summative,,,,89.8,In Progress,Progressing,Active,Reviewed
CNHS-SYN-2627-0185,SY 2026-2027,Grade 8,Term 2,93.8,83.2,92.1,89.8,88.8,86.5,92.8,88.7,89.46,0,0,0,83.2,8,Filipino,Low Risk,No Recommendation,N/A,Independent,Classroom Summative,,,,89.8,In Progress,Progressing,Active,Reviewed
CNHS-SYN-2627-0185,SY 2026-2027,Grade 8,Term 3,83.5,94.3,94.6,92.4,87.7,82.9,84.3,84.5,88.03,0,0,0,82.9,8,Araling Panlipunan,Low Risk,No Recommendation,N/A,Independent,Classroom Summative,,,,98.9,N/A,N/A,Active,Reviewed
CNHS-SYN-2627-0186,SY 2026-2027,Grade 9,Term 1,88.4,84.7,80.5,80.8,79.5,77.8,90.2,88.9,83.85,0,0,0,77.8,8,Araling Panlipunan,Low Risk,Classroom Remediation,N/A,N/A,Araling Panlipunan Diagnostic Assessment,24.7,,,84.8,In Progress,Progressing,In Progress,Approved
CNHS-SYN-2627-0186,SY 2026-2027,Grade 9,Term 2,90.8,92.5,87.6,89.5,90.2,87.8,85.3,84.1,88.47,0,0,0,84.1,8,Values Education,Low Risk,Classroom Remediation,N/A,N/A,Values Education Diagnostic Assessment,22.4,29.3,,78.3,In Progress,Progressing,In Progress,Approved
CNHS-SYN-2627-0186,SY 2026-2027,Grade 9,Term 3,89.3,92.1,87.3,86.4,89.5,95.1,80.5,89.2,88.67,0,0,0,80.5,8,Tle,Low Risk,Classroom Remediation,N/A,N/A,Tle Diagnostic Assessment,25.4,30.5,37.8,83.9,Improved,Improved,Completed,Approved
CNHS-SYN-2627-0187,SY 2026-2027,Grade 10,Term 1,69.1,74.6,70.6,67.4,72.6,73.2,70.8,71.1,71.17,8,2,6,67.4,8,Science,High Risk,Classroom Remediation,N/A,N/A,Science Diagnostic Assessment,21.1,,,79.0,In Progress,Progressing,In Progress,Approved
CNHS-SYN-2627-0187,SY 2026-2027,Grade 10,Term 2,72.7,74.9,65.6,71.3,70.1,73.1,71.7,69.8,71.15,8,2,6,65.6,8,Mathematics,High Risk,Classroom Remediation,N/A,N/A,Mathematics Diagnostic Assessment,25.7,33.2,,83.2,In Progress,Progressing,In Progress,Approved
CNHS-SYN-2627-0187,SY 2026-2027,Grade 10,Term 3,70.9,70.7,68.8,76.5,63.4,67.2,73.8,68.0,69.91,7,2,5,63.4,8,Mapeh,High Risk,Classroom Remediation,N/A,N/A,Mapeh Diagnostic Assessment,19.1,25.9,33.2,86.1,Improved,Improved,Completed,Approved
CNHS-SYN-2627-0188,SY 2026-2027,Grade 7,Term 1,81.4,83.2,76.2,82.0,76.9,80.7,83.5,75.5,79.93,0,0,0,75.5,8,Values Education,Moderate Risk,Classroom Remediation,N/A,N/A,Values Education Diagnostic Assessment,22.2,,,81.3,In Progress,Progressing,In Progress,Approved
CNHS-SYN-2627-0188,SY 2026-2027,Grade 7,Term 2,73.5,78.7,84.1,84.1,82.7,83.9,82.7,82.7,81.55,1,1,0,73.5,8,English,Moderate Risk,Classroom Remediation,N/A,N/A,English Diagnostic Assessment,20.2,26.3,,86.2,In Progress,Progressing,In Progress,Approved
CNHS-SYN-2627-0188,SY 2026-2027,Grade 7,Term 3,88.1,87.7,,84.1,92.4,88.5,90.5,96.1,89.63,0,0,0,84.1,7,Science,Low Risk,Classroom Remediation,N/A,N/A,Science Diagnostic Assessment,19.2,26.2,31.9,72.0,Improved,Improved,Completed,Approved
CNHS-SYN-2627-0189,SY 2026-2027,Grade 8,Term 1,79.7,71.1,80.8,75.7,79.2,81.1,81.1,77.7,78.3,1,1,0,71.1,8,Filipino,Moderate Risk,Classroom Remediation,N/A,N/A,Filipino Diagnostic Assessment,24.5,,,80.7,In Progress,Progressing,In Progress,Approved
CNHS-SYN-2627-0189,SY 2026-2027,Grade 8,Term 2,75.0,80.7,82.7,84.7,80.1,81.9,76.4,76.6,79.76,0,0,0,75.0,8,English,Moderate Risk,Classroom Remediation,N/A,N/A,English Diagnostic Assessment,25.1,30.8,,86.2,In Progress,Progressing,In Progress,Approved
CNHS-SYN-2627-0189,SY 2026-2027,Grade 8,Term 3,90.0,88.2,89.7,88.9,88.6,89.5,85.4,93.6,89.24,0,0,0,85.4,8,Tle,Low Risk,Classroom Remediation,N/A,N/A,Tle Diagnostic Assessment,25.2,32.7,39.3,86.8,Improved,Improved,Completed,Approved
CNHS-SYN-2627-0190,SY 2026-2027,Grade 9,Term 1,76.9,69.0,73.5,64.3,68.5,72.7,65.6,69.5,70.0,7,1,6,64.3,8,Science,High Risk,Classroom Remediation,N/A,N/A,Science Diagnostic Assessment,20.4,,,85.9,In Progress,Progressing,In Progress,Approved
CNHS-SYN-2627-0190,SY 2026-2027,Grade 9,Term 2,67.2,71.9,67.3,72.1,62.2,66.9,78.5,72.0,69.76,7,2,5,62.2,8,Mapeh,High Risk,Classroom Remediation,N/A,N/A,Mapeh Diagnostic Assessment,24.6,30.2,,81.7,In Progress,Progressing,In Progress,Approved
CNHS-SYN-2627-0190,SY 2026-2027,Grade 9,Term 3,75.3,71.9,69.9,69.9,72.6,64.7,62.4,72.5,69.9,7,1,6,62.4,8,Tle,High Risk,Classroom Remediation,N/A,N/A,Tle Diagnostic Assessment,22.9,29.3,36.2,79.7,Improved,Improved,Completed,Approved
CNHS-SYN-2627-0191,SY 2026-2027,Grade 10,Term 1,93.5,96.0,92.9,89.4,93.0,93.2,86.3,90.5,91.85,0,0,0,86.3,8,Tle,Low Risk,No Recommendation,N/A,Independent,Classroom Summative,,,,94.0,In Progress,Progressing,Active,Reviewed
CNHS-SYN-2627-0191,SY 2026-2027,Grade 10,Term 2,99.0,95.2,99.0,91.5,90.0,90.6,91.2,91.9,93.55,0,0,0,90.0,8,Mapeh,Low Risk,No Recommendation,N/A,Independent,Classroom Summative,,,,93.2,In Progress,Progressing,Active,Reviewed
CNHS-SYN-2627-0191,SY 2026-2027,Grade 10,Term 3,91.0,97.7,86.6,91.2,84.9,92.3,89.1,83.7,89.56,0,0,0,83.7,8,Values Education,Low Risk,No Recommendation,N/A,Independent,Classroom Summative,,,,85.2,N/A,N/A,Active,Reviewed
CNHS-SYN-2627-0192,SY 2026-2027,Grade 7,Term 1,76.6,82.7,83.1,84.3,89.2,77.5,80.9,78.1,81.55,0,0,0,76.6,8,English,Moderate Risk,Classroom Remediation,N/A,N/A,English Diagnostic Assessment,18.7,,,75.4,In Progress,Progressing,In Progress,Approved
CNHS-SYN-2627-0192,SY 2026-2027,Grade 7,Term 2,84.2,77.7,81.4,81.5,84.9,77.4,92.2,81.2,82.56,0,0,0,77.4,8,Araling Panlipunan,Moderate Risk,Classroom Remediation,N/A,N/A,Araling Panlipunan Diagnostic Assessment,24.7,30.7,,81.8,In Progress,Progressing,In Progress,Approved
CNHS-SYN-2627-0192,SY 2026-2027,Grade 7,Term 3,82.9,86.1,82.2,90.9,90.2,88.8,93.2,90.5,88.1,0,0,0,82.2,8,Mathematics,Low Risk,Classroom Remediation,N/A,N/A,Mathematics Diagnostic Assessment,20.8,25.9,32.0,75.2,Improved,Improved,Completed,Approved
CNHS-SYN-2627-0193,SY 2026-2027,Grade 8,Term 1,96.0,94.3,90.5,90.2,91.9,90.7,94.1,86.9,91.83,0,0,0,86.9,8,Values Education,Low Risk,No Recommendation,N/A,Independent,Classroom Summative,,,,92.5,In Progress,Progressing,Active,Reviewed
CNHS-SYN-2627-0193,SY 2026-2027,Grade 8,Term 2,91.0,95.2,92.8,83.8,88.5,82.1,87.8,88.0,88.65,0,0,0,82.1,8,Araling Panlipunan,Low Risk,No Recommendation,N/A,Independent,Classroom Summative,,,,91.2,In Progress,Progressing,Active,Reviewed
CNHS-SYN-2627-0193,SY 2026-2027,Grade 8,Term 3,91.7,98.8,99.0,86.9,94.2,91.9,83.8,87.4,91.71,0,0,0,83.8,8,Tle,Low Risk,No Recommendation,N/A,Independent,Classroom Summative,,,,95.1,N/A,N/A,Active,Reviewed
CNHS-SYN-2627-0194,SY 2026-2027,Grade 9,Term 1,64.7,63.8,74.7,66.6,74.2,80.9,73.0,75.0,71.61,6,2,4,63.8,8,Filipino,High Risk,Classroom Remediation,N/A,N/A,Filipino Diagnostic Assessment,17.8,,,87.8,In Progress,Progressing,In Progress,Approved
CNHS-SYN-2627-0194,SY 2026-2027,Grade 9,Term 2,63.5,70.3,74.1,68.6,67.7,69.8,67.1,71.1,69.03,8,2,6,63.5,8,English,High Risk,Classroom Remediation,N/A,N/A,English Diagnostic Assessment,23.0,30.5,,80.7,In Progress,Progressing,In Progress,Approved
CNHS-SYN-2627-0194,SY 2026-2027,Grade 9,Term 3,61.4,72.1,68.1,78.3,70.0,71.0,68.8,71.4,70.14,7,2,5,61.4,8,English,High Risk,Classroom Remediation,N/A,N/A,English Diagnostic Assessment,20.2,27.4,32.1,87.3,Improved,Improved,Completed,Approved
CNHS-SYN-2627-0195,SY 2026-2027,Grade 10,Term 1,99.0,97.2,90.1,84.3,99.0,92.6,91.1,91.4,93.09,0,0,0,84.3,8,Science,Low Risk,No Recommendation,N/A,Independent,Classroom Summative,,,,92.3,In Progress,Progressing,Active,Reviewed
CNHS-SYN-2627-0195,SY 2026-2027,Grade 10,Term 2,99.0,95.4,89.7,96.9,97.7,90.9,93.3,93.8,94.59,0,0,0,89.7,8,Mathematics,Low Risk,No Recommendation,N/A,Independent,Classroom Summative,,,,100.0,In Progress,Progressing,Active,Reviewed
CNHS-SYN-2627-0195,SY 2026-2027,Grade 10,Term 3,95.5,95.4,93.8,89.9,86.9,94.0,95.5,93.5,93.06,0,0,0,86.9,8,Mapeh,Low Risk,No Recommendation,N/A,Independent,Classroom Summative,,,,90.9,N/A,N/A,Active,Reviewed
CNHS-SYN-2627-0196,SY 2026-2027,Grade 7,Term 1,85.1,82.2,80.1,72.6,83.2,78.1,79.5,74.4,79.4,2,0,2,72.6,8,Science,High Risk,Classroom Remediation,N/A,N/A,Science Diagnostic Assessment,20.9,,,73.4,In Progress,Progressing,In Progress,Approved
CNHS-SYN-2627-0196,SY 2026-2027,Grade 7,Term 2,90.9,76.2,86.3,83.3,82.2,86.7,84.4,81.3,83.91,0,0,0,76.2,8,Filipino,Low Risk,Classroom Remediation,N/A,N/A,Filipino Diagnostic Assessment,25.2,32.2,,72.3,In Progress,Progressing,In Progress,Approved
CNHS-SYN-2627-0196,SY 2026-2027,Grade 7,Term 3,87.4,90.7,91.9,88.4,94.1,84.8,91.2,81.5,88.75,0,0,0,81.5,8,Values Education,Low Risk,Classroom Remediation,N/A,N/A,Values Education Diagnostic Assessment,18.3,24.3,30.3,82.7,Improved,Improved,Completed,Approved
CNHS-SYN-2627-0197,SY 2026-2027,Grade 8,Term 1,74.4,76.6,77.0,70.7,76.0,,73.9,79.5,75.44,3,1,2,70.7,7,Science,High Risk,Classroom Remediation,N/A,N/A,Science Diagnostic Assessment,17.3,,,81.9,In Progress,Progressing,In Progress,Approved
CNHS-SYN-2627-0197,SY 2026-2027,Grade 8,Term 2,75.7,79.3,81.9,78.2,80.7,76.9,79.7,78.2,78.83,0,0,0,75.7,8,English,Moderate Risk,Classroom Remediation,N/A,N/A,English Diagnostic Assessment,24.2,31.8,,78.8,In Progress,Progressing,In Progress,Approved
CNHS-SYN-2627-0197,SY 2026-2027,Grade 8,Term 3,85.1,87.9,86.0,79.9,83.0,80.9,91.5,83.4,84.71,0,0,0,79.9,8,Science,Low Risk,Classroom Remediation,N/A,N/A,Science Diagnostic Assessment,22.8,29.9,34.2,89.3,Improved,Improved,Completed,Approved
CNHS-SYN-2627-0198,SY 2026-2027,Grade 9,Term 1,88.8,87.8,93.2,85.4,87.5,94.2,82.6,86.0,88.19,0,0,0,82.6,8,Tle,Low Risk,No Recommendation,N/A,Independent,Classroom Summative,,,,95.8,In Progress,Progressing,Active,Reviewed
CNHS-SYN-2627-0198,SY 2026-2027,Grade 9,Term 2,92.5,84.1,89.9,86.6,96.4,90.8,87.6,88.8,89.59,0,0,0,84.1,8,Filipino,Low Risk,No Recommendation,N/A,Independent,Classroom Summative,,,,96.4,In Progress,Progressing,Active,Reviewed
CNHS-SYN-2627-0198,SY 2026-2027,Grade 9,Term 3,85.8,94.3,83.7,88.5,84.6,87.9,91.5,81.2,87.19,0,0,0,81.2,8,Values Education,Low Risk,No Recommendation,N/A,Independent,Classroom Summative,,,,89.0,N/A,N/A,Active,Reviewed
CNHS-SYN-2627-0199,SY 2026-2027,Grade 10,Term 1,82.8,84.7,80.0,83.3,85.2,76.4,85.4,79.8,82.2,0,0,0,76.4,8,Araling Panlipunan,Moderate Risk,Classroom Remediation,N/A,N/A,Araling Panlipunan Diagnostic Assessment,20.1,,,77.0,In Progress,Progressing,In Progress,Approved
CNHS-SYN-2627-0199,SY 2026-2027,Grade 10,Term 2,89.7,90.0,80.2,87.9,82.3,87.8,83.9,84.1,85.74,0,0,0,80.2,8,Mathematics,Low Risk,Classroom Remediation,N/A,N/A,Mathematics Diagnostic Assessment,16.1,21.8,,86.7,In Progress,Progressing,In Progress,Approved
CNHS-SYN-2627-0199,SY 2026-2027,Grade 10,Term 3,95.1,84.0,87.8,84.9,98.0,90.5,93.3,89.6,90.4,0,0,0,84.0,8,Filipino,Low Risk,Classroom Remediation,N/A,N/A,Filipino Diagnostic Assessment,18.0,23.2,32.1,76.0,Improved,Improved,Completed,Approved
CNHS-SYN-2627-0200,SY 2026-2027,Grade 7,Term 1,88.1,82.3,82.7,78.9,82.0,90.4,86.0,79.1,83.69,0,0,0,78.9,8,Science,Low Risk,Classroom Remediation,N/A,N/A,Science Diagnostic Assessment,16.5,,,83.9,In Progress,Progressing,In Progress,Approved
CNHS-SYN-2627-0200,SY 2026-2027,Grade 7,Term 2,80.9,79.6,88.6,89.5,88.6,88.8,91.0,84.1,86.39,0,0,0,79.6,8,Filipino,Low Risk,Classroom Remediation,N/A,N/A,Filipino Diagnostic Assessment,25.2,33.1,,83.9,In Progress,Progressing,In Progress,Approved
CNHS-SYN-2627-0200,SY 2026-2027,Grade 7,Term 3,85.1,93.5,92.0,92.6,90.4,91.5,92.9,97.2,91.9,0,0,0,85.1,8,English,Low Risk,Classroom Remediation,N/A,N/A,English Diagnostic Assessment,16.8,22.7,28.9,85.3,Improved,Improved,Completed,Approved
CNHS-SYN-2627-0201,SY 2026-2027,Grade 8,Term 1,78.2,80.0,81.4,79.7,76.1,81.6,74.0,80.3,78.91,1,0,1,74.0,8,Tle,Moderate Risk,Classroom Remediation,N/A,N/A,Tle Diagnostic Assessment,16.1,,,92.0,In Progress,Progressing,In Progress,Approved
CNHS-SYN-2627-0201,SY 2026-2027,Grade 8,Term 2,84.3,84.9,80.5,85.5,82.3,83.6,80.4,82.1,82.95,0,0,0,80.4,8,Tle,Moderate Risk,Classroom Remediation,N/A,N/A,Tle Diagnostic Assessment,22.9,30.0,,74.0,In Progress,Progressing,In Progress,Approved
CNHS-SYN-2627-0201,SY 2026-2027,Grade 8,Term 3,89.8,91.3,98.9,93.1,97.9,84.5,93.1,82.7,91.41,0,0,0,82.7,8,Values Education,Low Risk,Classroom Remediation,N/A,N/A,Values Education Diagnostic Assessment,17.6,25.5,33.8,82.7,Improved,Improved,Completed,Approved
CNHS-SYN-2627-0202,SY 2026-2027,Grade 9,Term 1,82.0,85.6,83.9,86.6,87.0,88.8,84.3,84.6,85.35,0,0,0,82.0,8,English,Low Risk,Classroom Remediation,N/A,N/A,English Diagnostic Assessment,22.8,,,80.3,In Progress,Progressing,In Progress,Approved
CNHS-SYN-2627-0202,SY 2026-2027,Grade 9,Term 2,84.9,82.8,88.9,92.9,82.2,88.7,90.6,84.8,86.97,0,0,0,82.2,8,Mapeh,Low Risk,Classroom Remediation,N/A,N/A,Mapeh Diagnostic Assessment,22.3,30.2,,79.2,In Progress,Progressing,In Progress,Approved
CNHS-SYN-2627-0202,SY 2026-2027,Grade 9,Term 3,89.8,92.2,88.6,94.4,98.5,89.1,95.0,93.4,92.62,0,0,0,88.6,8,Mathematics,Low Risk,Classroom Remediation,N/A,N/A,Mathematics Diagnostic Assessment,23.2,29.7,36.5,83.2,Improved,Improved,Completed,Approved
CNHS-SYN-2627-0203,SY 2026-2027,Grade 10,Term 1,73.3,72.6,73.2,74.2,77.8,75.8,73.9,72.5,74.16,6,2,4,72.5,8,Values Education,High Risk,Classroom Remediation,N/A,N/A,Values Education Diagnostic Assessment,20.1,,,88.2,In Progress,Progressing,In Progress,Approved
CNHS-SYN-2627-0203,SY 2026-2027,Grade 10,Term 2,78.2,82.8,86.7,83.2,81.7,79.7,79.6,77.7,81.2,0,0,0,77.7,8,Values Education,Moderate Risk,Classroom Remediation,N/A,N/A,Values Education Diagnostic Assessment,19.1,26.9,,80.0,In Progress,Progressing,In Progress,Approved
CNHS-SYN-2627-0203,SY 2026-2027,Grade 10,Term 3,89.8,88.4,84.4,81.2,77.4,84.6,85.3,83.3,84.3,0,0,0,77.4,8,Mapeh,Low Risk,Classroom Remediation,N/A,N/A,Mapeh Diagnostic Assessment,18.7,25.4,34.2,83.8,Improved,Improved,Completed,Approved
CNHS-SYN-2627-0204,SY 2026-2027,Grade 7,Term 1,82.8,85.9,82.4,89.8,89.8,84.6,82.4,81.7,84.92,0,0,0,81.7,8,Values Education,Low Risk,Classroom Remediation,N/A,N/A,Values Education Diagnostic Assessment,17.8,,,83.6,In Progress,Progressing,In Progress,Approved
CNHS-SYN-2627-0204,SY 2026-2027,Grade 7,Term 2,90.0,88.1,85.3,86.7,92.3,96.1,85.4,85.9,88.72,0,0,0,85.3,8,Mathematics,Low Risk,Classroom Remediation,N/A,N/A,Mathematics Diagnostic Assessment,19.0,24.8,,81.0,In Progress,Progressing,In Progress,Approved
CNHS-SYN-2627-0204,SY 2026-2027,Grade 7,Term 3,88.9,95.7,97.4,89.0,97.7,95.6,94.4,89.4,93.51,0,0,0,88.9,8,English,Low Risk,Classroom Remediation,N/A,N/A,English Diagnostic Assessment,23.0,29.4,36.0,76.1,Improved,Improved,Completed,Approved
CNHS-SYN-2627-0205,SY 2026-2027,Grade 8,Term 1,83.9,79.2,76.7,76.8,81.8,80.1,79.6,81.4,79.94,0,0,0,76.7,8,Mathematics,Moderate Risk,Classroom Remediation,N/A,N/A,Mathematics Diagnostic Assessment,20.6,,,86.1,In Progress,Progressing,In Progress,Approved
CNHS-SYN-2627-0205,SY 2026-2027,Grade 8,Term 2,86.2,92.2,84.2,88.1,83.1,85.4,83.5,88.3,86.38,0,0,0,83.1,8,Mapeh,Low Risk,Classroom Remediation,N/A,N/A,Mapeh Diagnostic Assessment,20.8,27.1,,80.1,In Progress,Progressing,In Progress,Approved
CNHS-SYN-2627-0205,SY 2026-2027,Grade 8,Term 3,92.8,92.3,95.1,92.2,85.3,93.8,88.0,88.1,90.95,0,0,0,85.3,8,Mapeh,Low Risk,Classroom Remediation,N/A,N/A,Mapeh Diagnostic Assessment,23.1,29.5,37.3,75.6,Improved,Improved,Completed,Approved
CNHS-SYN-2627-0206,SY 2026-2027,Grade 9,Term 1,72.9,70.6,70.7,69.6,66.1,66.8,75.5,77.4,71.2,6,2,4,66.1,8,Mapeh,High Risk,Classroom Remediation,N/A,N/A,Mapeh Diagnostic Assessment,21.1,,,83.2,In Progress,Progressing,In Progress,Approved
CNHS-SYN-2627-0206,SY 2026-2027,Grade 9,Term 2,67.7,62.4,78.2,71.5,67.5,72.2,71.4,73.3,70.52,7,2,5,62.4,8,Filipino,High Risk,Classroom Remediation,N/A,N/A,Filipino Diagnostic Assessment,21.2,28.6,,78.9,In Progress,Progressing,In Progress,Approved
CNHS-SYN-2627-0206,SY 2026-2027,Grade 9,Term 3,72.9,67.6,71.4,69.9,70.1,69.8,66.9,73.4,70.25,8,2,6,66.9,8,Tle,High Risk,Classroom Remediation,N/A,N/A,Tle Diagnostic Assessment,23.7,31.5,38.2,79.5,Improved,Improved,Completed,Approved
CNHS-SYN-2627-0207,SY 2026-2027,Grade 10,Term 1,89.0,92.7,96.6,94.4,93.9,94.6,89.3,84.3,91.85,0,0,0,84.3,8,Values Education,Low Risk,No Recommendation,N/A,Independent,Classroom Summative,,,,96.2,In Progress,Progressing,Active,Reviewed
CNHS-SYN-2627-0207,SY 2026-2027,Grade 10,Term 2,96.9,91.9,89.3,87.4,88.7,83.5,88.7,90.9,89.66,0,0,0,83.5,8,Araling Panlipunan,Low Risk,No Recommendation,N/A,Independent,Classroom Summative,,,,92.8,In Progress,Progressing,Active,Reviewed
CNHS-SYN-2627-0207,SY 2026-2027,Grade 10,Term 3,91.3,91.7,90.8,93.4,90.7,99.0,89.5,92.4,92.35,0,0,0,89.5,8,Tle,Low Risk,No Recommendation,N/A,Independent,Classroom Summative,,,,92.8,N/A,N/A,Active,Reviewed
CNHS-SYN-2627-0208,SY 2026-2027,Grade 7,Term 1,68.1,66.6,62.6,70.0,62.4,70.0,72.3,72.8,68.1,8,2,6,62.4,8,Mapeh,High Risk,Classroom Remediation,N/A,N/A,Mapeh Diagnostic Assessment,18.2,,,78.7,In Progress,Progressing,In Progress,Approved
CNHS-SYN-2627-0208,SY 2026-2027,Grade 7,Term 2,74.4,68.6,74.3,74.7,70.5,71.1,68.8,66.4,71.1,8,2,6,66.4,8,Values Education,High Risk,Classroom Remediation,N/A,N/A,Values Education Diagnostic Assessment,22.7,29.5,,85.9,In Progress,Progressing,In Progress,Approved
CNHS-SYN-2627-0208,SY 2026-2027,Grade 7,Term 3,74.2,71.3,62.6,65.5,68.2,74.8,67.2,73.6,69.68,8,2,6,62.6,8,Mathematics,High Risk,Classroom Remediation,N/A,N/A,Mathematics Diagnostic Assessment,21.6,27.2,31.3,76.9,Improved,Improved,Completed,Approved
CNHS-SYN-2627-0209,SY 2026-2027,Grade 8,Term 1,89.4,89.1,95.2,90.9,95.1,91.7,97.1,91.2,92.46,0,0,0,89.1,8,Filipino,Low Risk,No Recommendation,N/A,Independent,Classroom Summative,,,,90.7,In Progress,Progressing,Active,Reviewed
CNHS-SYN-2627-0209,SY 2026-2027,Grade 8,Term 2,89.6,92.2,91.2,87.9,94.2,91.6,93.2,94.6,91.81,0,0,0,87.9,8,Science,Low Risk,No Recommendation,N/A,Independent,Classroom Summative,,,,96.0,In Progress,Progressing,Active,Reviewed
CNHS-SYN-2627-0209,SY 2026-2027,Grade 8,Term 3,90.7,93.1,88.3,95.1,86.2,88.1,88.3,92.1,90.24,0,0,0,86.2,8,Mapeh,Low Risk,No Recommendation,N/A,Independent,Classroom Summative,,,,96.8,N/A,N/A,Active,Reviewed
CNHS-SYN-2627-0210,SY 2026-2027,Grade 9,Term 1,86.0,84.9,81.3,82.6,80.7,80.2,79.2,85.4,82.54,0,0,0,79.2,8,Tle,Moderate Risk,Classroom Remediation,N/A,N/A,Tle Diagnostic Assessment,18.7,,,90.2,In Progress,Progressing,In Progress,Approved
CNHS-SYN-2627-0210,SY 2026-2027,Grade 9,Term 2,86.8,83.7,82.4,83.1,84.7,85.6,89.7,85.3,85.16,0,0,0,82.4,8,Mathematics,Low Risk,Classroom Remediation,N/A,N/A,Mathematics Diagnostic Assessment,23.5,30.8,,93.6,In Progress,Progressing,In Progress,Approved
CNHS-SYN-2627-0210,SY 2026-2027,Grade 9,Term 3,89.5,95.4,92.3,87.5,77.4,94.1,98.5,88.8,90.44,0,0,0,77.4,8,Mapeh,Low Risk,Classroom Remediation,N/A,N/A,Mapeh Diagnostic Assessment,18.2,25.3,33.2,88.9,Improved,Improved,Completed,Approved
CNHS-SYN-2627-0211,SY 2026-2027,Grade 10,Term 1,61.5,60.5,76.0,68.9,64.5,72.7,67.0,66.4,67.19,7,2,5,60.5,8,Filipino,High Risk,Classroom Remediation,N/A,N/A,Filipino Diagnostic Assessment,17.2,,,78.6,In Progress,Progressing,In Progress,Approved
CNHS-SYN-2627-0211,SY 2026-2027,Grade 10,Term 2,60.0,65.7,65.4,71.1,68.7,67.7,65.5,74.3,67.3,8,2,6,60.0,8,English,High Risk,Classroom Remediation,N/A,N/A,English Diagnostic Assessment,21.5,26.7,,87.1,In Progress,Progressing,In Progress,Approved
CNHS-SYN-2627-0211,SY 2026-2027,Grade 10,Term 3,68.9,69.5,68.3,71.9,72.8,68.6,67.5,65.1,69.08,8,2,6,65.1,8,Values Education,High Risk,Classroom Remediation,N/A,N/A,Values Education Diagnostic Assessment,21.5,29.2,37.7,81.0,Improved,Improved,Completed,Approved
CNHS-SYN-2627-0212,SY 2026-2027,Grade 7,Term 1,79.7,81.4,76.3,83.1,85.2,81.2,83.9,76.2,80.88,0,0,0,76.2,8,Values Education,Moderate Risk,Classroom Remediation,N/A,N/A,Values Education Diagnostic Assessment,17.6,,,88.4,In Progress,Progressing,In Progress,Approved
CNHS-SYN-2627-0212,SY 2026-2027,Grade 7,Term 2,84.6,82.5,83.8,80.9,87.8,81.4,87.1,75.4,82.94,0,0,0,75.4,8,Values Education,Moderate Risk,Classroom Remediation,N/A,N/A,Values Education Diagnostic Assessment,18.3,24.7,,88.9,In Progress,Progressing,In Progress,Approved
CNHS-SYN-2627-0212,SY 2026-2027,Grade 7,Term 3,89.9,92.2,94.3,83.1,90.1,84.9,96.0,83.3,89.22,0,0,0,83.1,8,Science,Low Risk,Classroom Remediation,N/A,N/A,Science Diagnostic Assessment,22.0,28.6,36.0,86.9,Improved,Improved,Completed,Approved
CNHS-SYN-2627-0213,SY 2026-2027,Grade 8,Term 1,79.3,81.9,82.4,75.5,80.1,81.2,77.9,76.8,79.39,0,0,0,75.5,8,Science,Moderate Risk,Classroom Remediation,N/A,N/A,Science Diagnostic Assessment,25.3,,,82.9,In Progress,Progressing,In Progress,Approved
CNHS-SYN-2627-0213,SY 2026-2027,Grade 8,Term 2,84.5,89.5,83.6,85.7,88.1,83.8,84.7,89.9,86.22,0,0,0,83.6,8,Mathematics,Low Risk,Classroom Remediation,N/A,N/A,Mathematics Diagnostic Assessment,23.9,30.5,,82.0,In Progress,Progressing,In Progress,Approved
CNHS-SYN-2627-0213,SY 2026-2027,Grade 8,Term 3,99.0,88.8,81.8,86.4,87.6,82.3,85.8,95.6,88.41,0,0,0,81.8,8,Mathematics,Low Risk,Classroom Remediation,N/A,N/A,Mathematics Diagnostic Assessment,25.7,31.7,37.8,88.0,Improved,Improved,Completed,Approved
CNHS-SYN-2627-0214,SY 2026-2027,Grade 9,Term 1,81.7,86.3,75.6,78.7,80.9,83.3,80.0,74.5,80.12,1,0,1,74.5,8,Values Education,Moderate Risk,Classroom Remediation,N/A,N/A,Values Education Diagnostic Assessment,19.8,,,77.2,In Progress,Progressing,In Progress,Approved
CNHS-SYN-2627-0214,SY 2026-2027,Grade 9,Term 2,87.0,89.0,88.1,83.8,91.4,85.6,88.6,88.0,87.69,0,0,0,83.8,8,Science,Low Risk,Classroom Remediation,N/A,N/A,Science Diagnostic Assessment,22.3,29.6,,82.5,In Progress,Progressing,In Progress,Approved
CNHS-SYN-2627-0214,SY 2026-2027,Grade 9,Term 3,99.0,87.0,90.4,83.7,92.3,85.0,85.4,92.0,89.35,0,0,0,83.7,8,Science,Low Risk,Classroom Remediation,N/A,N/A,Science Diagnostic Assessment,24.8,30.2,37.0,78.5,Improved,Improved,Completed,Approved
CNHS-SYN-2627-0215,SY 2026-2027,Grade 10,Term 1,84.3,83.3,79.2,86.0,84.2,79.5,80.7,83.4,82.57,0,0,0,79.2,8,Mathematics,Moderate Risk,Classroom Remediation,N/A,N/A,Mathematics Diagnostic Assessment,25.7,,,79.4,In Progress,Progressing,In Progress,Approved
CNHS-SYN-2627-0215,SY 2026-2027,Grade 10,Term 2,84.3,87.8,83.4,86.6,90.5,80.2,84.8,81.6,84.9,0,0,0,80.2,8,Araling Panlipunan,Low Risk,Classroom Remediation,N/A,N/A,Araling Panlipunan Diagnostic Assessment,18.1,24.0,,81.0,In Progress,Progressing,In Progress,Approved
CNHS-SYN-2627-0215,SY 2026-2027,Grade 10,Term 3,89.3,87.2,94.1,90.7,92.3,89.0,88.3,92.1,90.38,0,0,0,87.2,8,Filipino,Low Risk,Classroom Remediation,N/A,N/A,Filipino Diagnostic Assessment,22.7,28.0,36.5,82.6,Improved,Improved,Completed,Approved
CNHS-SYN-2627-0216,SY 2026-2027,Grade 7,Term 1,88.8,89.9,87.5,81.8,88.4,87.3,81.2,85.7,86.33,0,0,0,81.2,8,Tle,Low Risk,No Recommendation,N/A,Independent,Classroom Summative,,,,99.8,In Progress,Progressing,Active,Reviewed
CNHS-SYN-2627-0216,SY 2026-2027,Grade 7,Term 2,83.7,90.8,83.4,82.0,82.2,89.1,87.3,85.6,85.51,0,0,0,82.0,8,Science,Low Risk,No Recommendation,N/A,Independent,Classroom Summative,,,,94.1,In Progress,Progressing,Active,Reviewed
CNHS-SYN-2627-0216,SY 2026-2027,Grade 7,Term 3,88.3,86.7,83.6,93.3,92.1,92.9,84.8,84.2,88.24,0,0,0,83.6,8,Mathematics,Low Risk,No Recommendation,N/A,Independent,Classroom Summative,,,,97.8,N/A,N/A,Active,Reviewed
CNHS-SYN-2627-0217,SY 2026-2027,Grade 8,Term 1,76.9,82.5,81.2,83.4,73.2,80.0,83.2,77.7,79.76,1,0,1,73.2,8,Mapeh,Moderate Risk,Classroom Remediation,N/A,N/A,Mapeh Diagnostic Assessment,17.5,,,78.0,In Progress,Progressing,In Progress,Approved
CNHS-SYN-2627-0217,SY 2026-2027,Grade 8,Term 2,86.8,79.7,85.5,89.3,90.9,89.0,87.4,84.4,86.62,0,0,0,79.7,8,Filipino,Low Risk,Classroom Remediation,N/A,N/A,Filipino Diagnostic Assessment,16.1,23.2,,81.5,In Progress,Progressing,In Progress,Approved
CNHS-SYN-2627-0217,SY 2026-2027,Grade 8,Term 3,93.2,92.6,99.0,98.7,88.8,89.0,89.8,93.5,93.08,0,0,0,88.8,8,Mapeh,Low Risk,Classroom Remediation,N/A,N/A,Mapeh Diagnostic Assessment,18.8,26.7,31.7,79.5,Improved,Improved,Completed,Approved
CNHS-SYN-2627-0218,SY 2026-2027,Grade 9,Term 1,98.5,95.1,99.0,93.1,99.0,88.7,87.3,97.1,94.72,0,0,0,87.3,8,Tle,Low Risk,No Recommendation,N/A,Independent,Classroom Summative,,,,93.1,In Progress,Progressing,Active,Reviewed
CNHS-SYN-2627-0218,SY 2026-2027,Grade 9,Term 2,92.3,92.0,98.6,93.8,89.9,96.9,98.4,93.5,94.43,0,0,0,89.9,8,Mapeh,Low Risk,No Recommendation,N/A,Independent,Classroom Summative,,,,90.5,In Progress,Progressing,Active,Reviewed
CNHS-SYN-2627-0218,SY 2026-2027,Grade 9,Term 3,98.4,96.8,93.2,99.0,94.8,91.7,94.0,90.6,94.81,0,0,0,90.6,8,Values Education,Low Risk,No Recommendation,N/A,Independent,Classroom Summative,,,,92.4,N/A,N/A,Active,Reviewed
CNHS-SYN-2627-0219,SY 2026-2027,Grade 10,Term 1,90.3,89.4,87.9,94.8,91.9,93.5,94.8,89.7,91.54,0,0,0,87.9,8,Mathematics,Low Risk,No Recommendation,N/A,Independent,Classroom Summative,,,,91.8,In Progress,Progressing,Active,Reviewed
CNHS-SYN-2627-0219,SY 2026-2027,Grade 10,Term 2,89.7,,93.3,91.5,94.8,91.3,92.1,96.1,92.69,0,0,0,89.7,7,English,Low Risk,No Recommendation,N/A,Independent,Classroom Summative,,,,89.0,In Progress,Progressing,Active,Reviewed
CNHS-SYN-2627-0219,SY 2026-2027,Grade 10,Term 3,99.0,87.8,90.7,88.8,98.9,88.6,92.6,88.8,91.9,0,0,0,87.8,8,Filipino,Low Risk,No Recommendation,N/A,Independent,Classroom Summative,,,,96.0,N/A,N/A,Active,Reviewed
CNHS-SYN-2627-0220,SY 2026-2027,Grade 7,Term 1,83.6,87.8,88.5,86.2,95.9,85.5,76.6,85.4,86.19,0,0,0,76.6,8,Tle,Low Risk,No Recommendation,N/A,Independent,Classroom Summative,,,,93.2,In Progress,Progressing,Active,Reviewed
CNHS-SYN-2627-0220,SY 2026-2027,Grade 7,Term 2,85.6,83.3,97.1,87.4,85.5,94.3,82.9,88.5,88.08,0,0,0,82.9,8,Tle,Low Risk,No Recommendation,N/A,Independent,Classroom Summative,,,,96.6,In Progress,Progressing,Active,Reviewed
CNHS-SYN-2627-0220,SY 2026-2027,Grade 7,Term 3,84.0,90.1,96.3,86.5,77.9,86.3,88.0,89.6,87.34,0,0,0,77.9,8,Mapeh,Low Risk,No Recommendation,N/A,Independent,Classroom Summative,,,,99.3,N/A,N/A,Active,Reviewed
CNHS-SYN-2627-0221,SY 2026-2027,Grade 8,Term 1,98.9,92.0,94.2,97.0,92.4,96.3,91.8,95.9,94.81,0,0,0,91.8,8,Tle,Low Risk,No Recommendation,N/A,Independent,Classroom Summative,,,,87.3,In Progress,Progressing,Active,Reviewed
CNHS-SYN-2627-0221,SY 2026-2027,Grade 8,Term 2,99.0,94.5,96.8,92.2,96.9,96.1,96.9,92.8,95.65,0,0,0,92.2,8,Science,Low Risk,No Recommendation,N/A,Independent,Classroom Summative,,,,95.5,In Progress,Progressing,Active,Reviewed
CNHS-SYN-2627-0221,SY 2026-2027,Grade 8,Term 3,99.0,98.3,93.9,95.9,94.2,87.3,87.8,94.6,93.88,0,0,0,87.3,8,Araling Panlipunan,Low Risk,No Recommendation,N/A,Independent,Classroom Summative,,,,93.0,N/A,N/A,Active,Reviewed
CNHS-SYN-2627-0222,SY 2026-2027,Grade 9,Term 1,86.8,88.9,87.8,79.4,77.8,88.0,83.2,79.9,83.97,0,0,0,77.8,8,Mapeh,Low Risk,No Recommendation,N/A,Independent,Classroom Summative,,,,99.4,In Progress,Progressing,Active,Reviewed
CNHS-SYN-2627-0222,SY 2026-2027,Grade 9,Term 2,88.8,90.2,91.9,78.7,90.9,92.2,94.5,85.9,89.14,0,0,0,78.7,8,Science,Low Risk,No Recommendation,N/A,Independent,Classroom Summative,,,,98.8,In Progress,Progressing,Active,Reviewed
CNHS-SYN-2627-0222,SY 2026-2027,Grade 9,Term 3,91.0,92.5,88.4,88.5,83.5,87.5,86.2,96.4,89.25,0,0,0,83.5,8,Mapeh,Low Risk,No Recommendation,N/A,Independent,Classroom Summative,,,,86.5,N/A,N/A,Active,Reviewed
CNHS-SYN-2627-0223,SY 2026-2027,Grade 10,Term 1,98.9,92.7,98.7,89.2,91.1,96.8,95.0,93.3,94.46,0,0,0,89.2,8,Science,Low Risk,No Recommendation,N/A,Independent,Classroom Summative,,,,94.3,In Progress,Progressing,Active,Reviewed
CNHS-SYN-2627-0223,SY 2026-2027,Grade 10,Term 2,93.4,90.6,98.7,98.9,95.4,94.1,88.5,96.5,94.51,0,0,0,88.5,8,Tle,Low Risk,No Recommendation,N/A,Independent,Classroom Summative,,,,96.7,In Progress,Progressing,Active,Reviewed
CNHS-SYN-2627-0223,SY 2026-2027,Grade 10,Term 3,99.0,99.0,92.3,88.2,93.7,89.6,89.0,97.8,93.58,0,0,0,88.2,8,Science,Low Risk,No Recommendation,N/A,Independent,Classroom Summative,,,,94.0,N/A,N/A,Active,Reviewed
CNHS-SYN-2627-0224,SY 2026-2027,Grade 7,Term 1,97.6,93.3,99.0,93.3,90.0,93.1,95.0,86.6,93.49,0,0,0,86.6,8,Values Education,Low Risk,No Recommendation,N/A,Independent,Classroom Summative,,,,93.5,In Progress,Progressing,Active,Reviewed
CNHS-SYN-2627-0224,SY 2026-2027,Grade 7,Term 2,89.0,88.9,93.3,95.4,95.4,92.9,92.3,99.0,93.28,0,0,0,88.9,8,Filipino,Low Risk,No Recommendation,N/A,Independent,Classroom Summative,,,,94.8,In Progress,Progressing,Active,Reviewed
CNHS-SYN-2627-0224,SY 2026-2027,Grade 7,Term 3,91.4,88.7,99.0,90.5,94.3,90.7,96.4,87.9,92.36,0,0,0,87.9,8,Values Education,Low Risk,No Recommendation,N/A,Independent,Classroom Summative,,,,97.1,N/A,N/A,Active,Reviewed
CNHS-SYN-2627-0225,SY 2026-2027,Grade 8,Term 1,91.6,87.4,84.8,88.4,84.7,84.8,85.4,89.6,87.09,0,0,0,84.7,8,Mapeh,Low Risk,No Recommendation,N/A,Independent,Classroom Summative,,,,97.6,In Progress,Progressing,Active,Reviewed
CNHS-SYN-2627-0225,SY 2026-2027,Grade 8,Term 2,88.9,85.5,91.0,92.6,90.1,87.1,84.4,87.6,88.4,0,0,0,84.4,8,Tle,Low Risk,No Recommendation,N/A,Independent,Classroom Summative,,,,94.8,In Progress,Progressing,Active,Reviewed
CNHS-SYN-2627-0225,SY 2026-2027,Grade 8,Term 3,88.5,86.3,98.3,82.9,82.5,86.9,85.5,90.2,87.64,0,0,0,82.5,8,Mapeh,Low Risk,No Recommendation,N/A,Independent,Classroom Summative,,,,89.7,N/A,N/A,Active,Reviewed
CNHS-SYN-2627-0226,SY 2026-2027,Grade 9,Term 1,92.1,94.3,91.0,89.3,87.1,92.6,92.6,88.3,90.91,0,0,0,87.1,8,Mapeh,Low Risk,No Recommendation,N/A,Independent,Classroom Summative,,,,97.7,In Progress,Progressing,Active,Reviewed
CNHS-SYN-2627-0226,SY 2026-2027,Grade 9,Term 2,89.6,92.3,97.2,92.1,,90.4,90.3,91.4,91.9,0,0,0,89.6,7,English,Low Risk,No Recommendation,N/A,Independent,Classroom Summative,,,,99.5,In Progress,Progressing,Active,Reviewed
CNHS-SYN-2627-0226,SY 2026-2027,Grade 9,Term 3,92.7,87.0,95.6,98.7,91.5,90.4,90.9,94.3,92.64,0,0,0,87.0,8,Filipino,Low Risk,No Recommendation,N/A,Independent,Classroom Summative,,,,88.7,N/A,N/A,Active,Reviewed
CNHS-SYN-2627-0227,SY 2026-2027,Grade 10,Term 1,88.3,89.6,88.8,88.1,90.2,83.9,89.6,84.3,87.85,0,0,0,83.9,8,Araling Panlipunan,Low Risk,No Recommendation,N/A,Independent,Classroom Summative,,,,91.7,In Progress,Progressing,Active,Reviewed
CNHS-SYN-2627-0227,SY 2026-2027,Grade 10,Term 2,94.6,82.9,90.0,88.3,92.8,95.8,86.8,90.4,90.2,0,0,0,82.9,8,Filipino,Low Risk,No Recommendation,N/A,Independent,Classroom Summative,,,,93.6,In Progress,Progressing,Active,Reviewed
CNHS-SYN-2627-0227,SY 2026-2027,Grade 10,Term 3,90.5,83.4,91.6,90.1,85.1,90.1,81.8,88.8,87.67,0,0,0,81.8,8,Tle,Low Risk,No Recommendation,N/A,Independent,Classroom Summative,,,,93.2,N/A,N/A,Active,Reviewed
CNHS-SYN-2627-0228,SY 2026-2027,Grade 7,Term 1,64.9,63.4,60.0,67.2,64.1,64.3,72.9,60.0,64.6,8,2,6,60.0,8,Mathematics,High Risk,Classroom Remediation,N/A,N/A,Mathematics Diagnostic Assessment,22.4,,,83.2,In Progress,Progressing,In Progress,Approved
CNHS-SYN-2627-0228,SY 2026-2027,Grade 7,Term 2,66.1,61.5,64.8,66.9,67.4,68.6,64.5,68.0,65.97,8,2,6,61.5,8,Filipino,High Risk,Classroom Remediation,N/A,N/A,Filipino Diagnostic Assessment,23.7,29.8,,79.2,In Progress,Progressing,In Progress,Approved
CNHS-SYN-2627-0228,SY 2026-2027,Grade 7,Term 3,61.6,64.0,68.8,63.3,66.4,66.0,73.5,69.5,66.64,8,2,6,61.6,8,English,High Risk,Classroom Remediation,N/A,N/A,English Diagnostic Assessment,25.5,32.3,36.5,82.7,Improved,Improved,Completed,Approved
CNHS-SYN-2627-0229,SY 2026-2027,Grade 8,Term 1,80.7,81.3,78.1,86.2,85.8,89.9,89.8,84.1,84.49,0,0,0,78.1,8,Mathematics,Low Risk,Classroom Remediation,N/A,N/A,Mathematics Diagnostic Assessment,16.4,,,84.9,In Progress,Progressing,In Progress,Approved
CNHS-SYN-2627-0229,SY 2026-2027,Grade 8,Term 2,99.0,87.7,90.9,90.2,84.3,88.9,89.4,87.4,89.72,0,0,0,84.3,8,Mapeh,Low Risk,Classroom Remediation,N/A,N/A,Mapeh Diagnostic Assessment,18.8,25.7,,83.6,In Progress,Progressing,In Progress,Approved
CNHS-SYN-2627-0229,SY 2026-2027,Grade 8,Term 3,92.4,89.3,88.5,89.9,94.3,99.0,93.4,95.0,92.73,0,0,0,88.5,8,Mathematics,Low Risk,Classroom Remediation,N/A,N/A,Mathematics Diagnostic Assessment,18.2,23.9,32.7,83.3,Improved,Improved,Completed,Approved
CNHS-SYN-2627-0230,SY 2026-2027,Grade 9,Term 1,62.4,66.4,64.6,68.7,66.2,69.4,68.7,65.0,66.43,8,2,6,62.4,8,English,High Risk,Classroom Remediation,N/A,N/A,English Diagnostic Assessment,16.9,,,82.1,In Progress,Progressing,In Progress,Approved
CNHS-SYN-2627-0230,SY 2026-2027,Grade 9,Term 2,62.5,65.8,70.9,69.5,67.6,73.3,60.7,62.9,66.65,8,2,6,60.7,8,Tle,High Risk,Classroom Remediation,N/A,N/A,Tle Diagnostic Assessment,18.4,25.6,,80.0,In Progress,Progressing,In Progress,Approved
CNHS-SYN-2627-0230,SY 2026-2027,Grade 9,Term 3,60.0,64.1,69.1,70.8,68.1,65.5,66.7,69.7,66.75,8,2,6,60.0,8,English,High Risk,Classroom Remediation,N/A,N/A,English Diagnostic Assessment,16.8,24.0,32.8,85.7,Improved,Improved,Completed,Approved
CNHS-SYN-2627-0231,SY 2026-2027,Grade 10,Term 1,81.7,84.2,78.5,70.9,78.3,79.1,78.6,76.9,78.53,1,0,1,70.9,8,Science,Moderate Risk,Classroom Remediation,N/A,N/A,Science Diagnostic Assessment,22.1,,,91.4,In Progress,Progressing,In Progress,Approved
CNHS-SYN-2627-0231,SY 2026-2027,Grade 10,Term 2,79.9,81.6,79.0,79.1,85.5,74.5,76.2,81.6,79.68,1,0,1,74.5,8,Araling Panlipunan,Moderate Risk,Classroom Remediation,N/A,N/A,Araling Panlipunan Diagnostic Assessment,20.2,27.1,,84.2,In Progress,Progressing,In Progress,Approved
CNHS-SYN-2627-0231,SY 2026-2027,Grade 10,Term 3,77.2,80.9,78.3,80.6,77.6,74.2,81.3,80.9,78.88,1,0,1,74.2,8,Araling Panlipunan,Moderate Risk,Classroom Remediation,N/A,N/A,Araling Panlipunan Diagnostic Assessment,17.4,23.9,29.2,81.0,Improved,Improved,Completed,Approved
CNHS-SYN-2627-0232,SY 2026-2027,Grade 7,Term 1,94.0,92.7,99.0,99.0,92.5,87.0,94.2,84.8,92.9,0,0,0,84.8,8,Values Education,Low Risk,No Recommendation,N/A,Independent,Classroom Summative,,,,95.4,In Progress,Progressing,Active,Reviewed
CNHS-SYN-2627-0232,SY 2026-2027,Grade 7,Term 2,90.6,94.7,88.4,92.9,97.0,90.4,92.7,89.6,92.04,0,0,0,88.4,8,Mathematics,Low Risk,No Recommendation,N/A,Independent,Classroom Summative,,,,91.1,In Progress,Progressing,Active,Reviewed
CNHS-SYN-2627-0232,SY 2026-2027,Grade 7,Term 3,98.8,90.5,92.8,94.3,96.2,94.4,92.5,90.6,93.76,0,0,0,90.5,8,Filipino,Low Risk,No Recommendation,N/A,Independent,Classroom Summative,,,,91.0,N/A,N/A,Active,Reviewed
CNHS-SYN-2627-0233,SY 2026-2027,Grade 8,Term 1,83.6,81.0,77.3,83.7,82.7,79.5,78.6,82.6,81.12,0,0,0,77.3,8,Mathematics,Moderate Risk,No Recommendation,N/A,Instructional,Classroom Summative,,,,93.5,In Progress,Progressing,Active,Reviewed
CNHS-SYN-2627-0233,SY 2026-2027,Grade 8,Term 2,80.3,80.9,84.3,85.1,80.1,86.1,81.9,89.4,83.51,0,0,0,80.1,8,Mapeh,Low Risk,No Recommendation,N/A,Independent,Classroom Summative,,,,88.4,In Progress,Progressing,Active,Reviewed
CNHS-SYN-2627-0233,SY 2026-2027,Grade 8,Term 3,84.5,83.0,87.3,84.0,91.7,82.1,86.8,80.8,85.03,0,0,0,80.8,8,Values Education,Low Risk,No Recommendation,N/A,Independent,Classroom Summative,,,,96.4,N/A,N/A,Active,Reviewed
CNHS-SYN-2627-0234,SY 2026-2027,Grade 9,Term 1,62.2,62.9,65.1,70.1,67.2,64.5,60.9,72.3,65.65,8,2,6,60.9,8,Tle,High Risk,Classroom Remediation,N/A,N/A,Tle Diagnostic Assessment,21.2,,,80.8,In Progress,Progressing,In Progress,Approved
CNHS-SYN-2627-0234,SY 2026-2027,Grade 9,Term 2,65.3,60.0,60.0,64.6,64.7,66.9,62.7,68.1,64.04,8,2,6,60.0,8,Filipino,High Risk,Classroom Remediation,N/A,N/A,Filipino Diagnostic Assessment,24.8,31.0,,81.3,In Progress,Progressing,In Progress,Approved
CNHS-SYN-2627-0234,SY 2026-2027,Grade 9,Term 3,61.9,63.6,70.9,64.2,70.2,70.8,60.0,65.9,65.94,8,2,6,60.0,8,Tle,High Risk,Classroom Remediation,N/A,N/A,Tle Diagnostic Assessment,21.6,28.8,33.5,83.2,Improved,Improved,Completed,Approved
CNHS-SYN-2627-0235,SY 2026-2027,Grade 10,Term 1,86.4,92.9,88.0,87.1,87.1,86.0,86.6,87.4,87.69,0,0,0,86.0,8,Araling Panlipunan,Low Risk,No Recommendation,N/A,Independent,Classroom Summative,,,,95.4,In Progress,Progressing,Active,Reviewed
CNHS-SYN-2627-0235,SY 2026-2027,Grade 10,Term 2,92.2,90.4,88.0,86.9,84.9,85.8,81.7,91.5,87.67,0,0,0,81.7,8,Tle,Low Risk,No Recommendation,N/A,Independent,Classroom Summative,,,,91.5,In Progress,Progressing,Active,Reviewed
CNHS-SYN-2627-0235,SY 2026-2027,Grade 10,Term 3,91.9,94.5,85.8,78.0,92.0,86.2,84.3,86.4,87.39,0,0,0,78.0,8,Science,Low Risk,No Recommendation,N/A,Independent,Classroom Summative,,,,100.0,N/A,N/A,Active,Reviewed
CNHS-SYN-2627-0236,SY 2026-2027,Grade 7,Term 1,82.0,76.2,75.0,68.2,76.2,76.6,79.3,83.3,77.1,1,0,1,68.2,8,Science,High Risk,Classroom Remediation,N/A,N/A,Science Diagnostic Assessment,17.0,,,82.1,In Progress,Progressing,In Progress,Approved
CNHS-SYN-2627-0236,SY 2026-2027,Grade 7,Term 2,82.2,80.9,77.1,70.6,80.6,77.9,79.1,77.6,78.25,1,0,1,70.6,8,Science,Moderate Risk,Classroom Remediation,N/A,N/A,Science Diagnostic Assessment,18.5,24.8,,78.5,In Progress,Progressing,In Progress,Approved
CNHS-SYN-2627-0236,SY 2026-2027,Grade 7,Term 3,80.0,78.8,73.2,76.8,74.3,75.0,77.8,77.5,76.68,2,0,2,73.2,8,Mathematics,High Risk,Classroom Remediation,N/A,N/A,Mathematics Diagnostic Assessment,20.5,27.6,33.7,80.1,Improved,Improved,Completed,Approved
CNHS-SYN-2627-0237,SY 2026-2027,Grade 8,Term 1,88.3,91.3,89.9,93.8,97.2,94.7,88.6,91.2,91.88,0,0,0,88.3,8,English,Low Risk,No Recommendation,N/A,Independent,Classroom Summative,,,,95.8,In Progress,Progressing,Active,Reviewed
CNHS-SYN-2627-0237,SY 2026-2027,Grade 8,Term 2,93.3,89.6,96.1,97.6,92.1,93.2,87.1,85.0,91.75,0,0,0,85.0,8,Values Education,Low Risk,No Recommendation,N/A,Independent,Classroom Summative,,,,93.8,In Progress,Progressing,Active,Reviewed
CNHS-SYN-2627-0237,SY 2026-2027,Grade 8,Term 3,93.8,97.1,93.1,96.5,96.1,91.6,89.0,85.5,92.84,0,0,0,85.5,8,Values Education,Low Risk,No Recommendation,N/A,Independent,Classroom Summative,,,,90.7,N/A,N/A,Active,Reviewed
CNHS-SYN-2627-0238,SY 2026-2027,Grade 9,Term 1,64.7,69.5,71.1,73.4,70.0,65.9,65.3,67.2,68.39,8,2,6,64.7,8,English,High Risk,Classroom Remediation,N/A,N/A,English Diagnostic Assessment,23.8,,,83.1,In Progress,Progressing,In Progress,Approved
CNHS-SYN-2627-0238,SY 2026-2027,Grade 9,Term 2,63.1,68.8,66.2,70.3,71.1,67.3,69.9,75.3,69.0,7,2,5,63.1,8,English,High Risk,Classroom Remediation,N/A,N/A,English Diagnostic Assessment,21.5,27.0,,78.2,In Progress,Progressing,In Progress,Approved
CNHS-SYN-2627-0238,SY 2026-2027,Grade 9,Term 3,64.5,71.7,73.8,72.3,65.1,69.5,69.2,65.9,69.0,8,2,6,64.5,8,English,High Risk,Classroom Remediation,N/A,N/A,English Diagnostic Assessment,17.7,23.4,29.8,89.7,Improved,Improved,Completed,Approved
CNHS-SYN-2627-0239,SY 2026-2027,Grade 10,Term 1,60.0,60.0,64.2,66.8,69.4,64.3,72.7,64.3,65.21,8,2,6,60.0,8,English,High Risk,Classroom Remediation,N/A,N/A,English Diagnostic Assessment,25.7,,,85.4,In Progress,Progressing,In Progress,Approved
CNHS-SYN-2627-0239,SY 2026-2027,Grade 10,Term 2,60.8,64.1,61.5,62.4,71.1,73.0,71.7,61.3,65.74,8,2,6,60.8,8,English,High Risk,Classroom Remediation,N/A,N/A,English Diagnostic Assessment,18.4,26.1,,86.9,In Progress,Progressing,In Progress,Approved
CNHS-SYN-2627-0239,SY 2026-2027,Grade 10,Term 3,64.9,66.8,60.0,65.6,70.5,64.4,71.6,61.9,65.71,8,2,6,60.0,8,Mathematics,High Risk,Classroom Remediation,N/A,N/A,Mathematics Diagnostic Assessment,24.6,31.0,36.4,84.6,Improved,Improved,Completed,Approved
CNHS-SYN-2627-0240,SY 2026-2027,Grade 7,Term 1,64.2,60.0,71.1,63.7,61.8,64.9,63.8,66.2,64.46,8,2,6,60.0,8,Filipino,High Risk,Classroom Remediation,N/A,N/A,Filipino Diagnostic Assessment,22.6,,,75.5,In Progress,Progressing,In Progress,Approved
CNHS-SYN-2627-0240,SY 2026-2027,Grade 7,Term 2,61.1,65.4,60.0,62.5,60.9,67.6,75.4,62.4,64.41,7,2,5,60.0,8,Mathematics,High Risk,Classroom Remediation,N/A,N/A,Mathematics Diagnostic Assessment,25.1,33.1,,91.7,In Progress,Progressing,In Progress,Approved
CNHS-SYN-2627-0240,SY 2026-2027,Grade 7,Term 3,66.1,66.0,67.2,66.6,68.5,69.7,73.5,65.2,67.85,8,2,6,65.2,8,Values Education,High Risk,Classroom Remediation,N/A,N/A,Values Education Diagnostic Assessment,21.1,27.4,34.4,86.8,Improved,Improved,Completed,Approved
CNHS-SYN-2627-0241,SY 2026-2027,Grade 8,Term 1,62.8,71.5,60.0,73.5,72.0,67.8,60.0,69.8,67.18,8,2,6,60.0,8,Mathematics,High Risk,Classroom Remediation,N/A,N/A,Mathematics Diagnostic Assessment,23.5,,,81.8,In Progress,Progressing,In Progress,Approved
CNHS-SYN-2627-0241,SY 2026-2027,Grade 8,Term 2,66.2,72.3,68.1,63.3,70.5,71.5,76.0,73.4,70.16,7,2,5,63.3,8,Science,High Risk,Classroom Remediation,N/A,N/A,Science Diagnostic Assessment,21.0,28.5,,75.8,In Progress,Progressing,In Progress,Approved
CNHS-SYN-2627-0241,SY 2026-2027,Grade 8,Term 3,69.4,72.1,74.0,77.1,74.7,69.4,72.1,70.7,72.44,7,2,5,69.4,8,English,High Risk,Classroom Remediation,N/A,N/A,English Diagnostic Assessment,22.3,28.3,33.0,91.3,Improved,Improved,Completed,Approved
CNHS-SYN-2627-0242,SY 2026-2027,Grade 9,Term 1,82.7,86.2,86.7,77.3,85.5,86.7,83.7,75.6,83.05,0,0,0,75.6,8,Values Education,Moderate Risk,No Recommendation,N/A,Instructional,Classroom Summative,,,,95.5,In Progress,Progressing,Active,Reviewed
CNHS-SYN-2627-0242,SY 2026-2027,Grade 9,Term 2,79.9,86.6,86.4,83.1,82.7,83.3,82.6,77.7,82.79,0,0,0,77.7,8,Values Education,Moderate Risk,No Recommendation,N/A,Instructional,Classroom Summative,,,,94.3,In Progress,Progressing,Active,Reviewed
CNHS-SYN-2627-0242,SY 2026-2027,Grade 9,Term 3,88.5,85.8,89.2,77.3,81.3,90.5,79.8,79.7,84.01,0,0,0,77.3,8,Science,Low Risk,No Recommendation,N/A,Independent,Classroom Summative,,,,100.0,N/A,N/A,Active,Reviewed
CNHS-SYN-2627-0243,SY 2026-2027,Grade 10,Term 1,84.2,82.2,85.6,90.0,82.1,82.1,93.0,80.7,84.99,0,0,0,80.7,8,Values Education,Low Risk,No Recommendation,N/A,Independent,Classroom Summative,,,,98.8,In Progress,Progressing,Active,Reviewed
CNHS-SYN-2627-0243,SY 2026-2027,Grade 10,Term 2,84.1,85.4,91.5,78.1,82.7,78.7,84.7,81.3,83.31,0,0,0,78.1,8,Science,Moderate Risk,No Recommendation,N/A,Instructional,Classroom Summative,,,,96.6,In Progress,Progressing,Active,Reviewed
CNHS-SYN-2627-0243,SY 2026-2027,Grade 10,Term 3,84.3,79.5,78.5,84.2,77.1,84.3,88.5,86.0,82.8,0,0,0,77.1,8,Mapeh,Moderate Risk,No Recommendation,N/A,Instructional,Classroom Summative,,,,95.0,N/A,N/A,Active,Reviewed
CNHS-SYN-2627-0244,SY 2026-2027,Grade 7,Term 1,79.1,69.2,73.2,72.2,74.4,81.2,,76.7,75.14,4,1,3,69.2,7,Filipino,High Risk,Classroom Remediation,N/A,N/A,Filipino Diagnostic Assessment,17.3,,,85.5,In Progress,Progressing,In Progress,Approved
CNHS-SYN-2627-0244,SY 2026-2027,Grade 7,Term 2,74.8,78.6,79.6,79.1,82.3,71.1,80.1,76.0,77.7,2,1,1,71.1,8,Araling Panlipunan,High Risk,Classroom Remediation,N/A,N/A,Araling Panlipunan Diagnostic Assessment,23.5,28.7,,80.1,In Progress,Progressing,In Progress,Approved
CNHS-SYN-2627-0244,SY 2026-2027,Grade 7,Term 3,80.4,76.6,76.1,74.0,77.4,73.9,76.9,79.7,76.88,2,0,2,73.9,8,Araling Panlipunan,High Risk,Classroom Remediation,N/A,N/A,Araling Panlipunan Diagnostic Assessment,24.5,29.9,37.5,86.4,Improved,Improved,Completed,Approved
CNHS-SYN-2627-0245,SY 2026-2027,Grade 8,Term 1,93.7,92.2,93.5,88.5,87.9,85.8,90.3,93.5,90.67,0,0,0,85.8,8,Araling Panlipunan,Low Risk,No Recommendation,N/A,Independent,Classroom Summative,,,,92.9,In Progress,Progressing,Active,Reviewed
CNHS-SYN-2627-0245,SY 2026-2027,Grade 8,Term 2,90.0,88.9,92.2,91.3,94.8,85.4,89.9,94.5,90.88,0,0,0,85.4,8,Araling Panlipunan,Low Risk,No Recommendation,N/A,Independent,Classroom Summative,,,,98.4,In Progress,Progressing,Active,Reviewed
CNHS-SYN-2627-0245,SY 2026-2027,Grade 8,Term 3,91.0,95.4,92.2,91.7,96.1,89.5,93.8,91.0,92.59,0,0,0,89.5,8,Araling Panlipunan,Low Risk,No Recommendation,N/A,Independent,Classroom Summative,,,,93.5,N/A,N/A,Active,Reviewed
CNHS-SYN-2627-0246,SY 2026-2027,Grade 9,Term 1,67.6,69.9,70.2,65.6,66.4,71.0,69.3,67.8,68.47,8,2,6,65.6,8,Science,High Risk,Classroom Remediation,N/A,N/A,Science Diagnostic Assessment,17.1,,,71.5,In Progress,Progressing,In Progress,Approved
CNHS-SYN-2627-0246,SY 2026-2027,Grade 9,Term 2,67.1,62.5,68.4,73.8,64.0,61.5,66.8,65.2,66.16,8,2,6,61.5,8,Araling Panlipunan,High Risk,Classroom Remediation,N/A,N/A,Araling Panlipunan Diagnostic Assessment,16.5,22.4,,86.8,In Progress,Progressing,In Progress,Approved
CNHS-SYN-2627-0246,SY 2026-2027,Grade 9,Term 3,67.0,63.8,69.0,62.0,71.9,67.9,63.3,66.3,66.4,8,2,6,62.0,8,Science,High Risk,Classroom Remediation,N/A,N/A,Science Diagnostic Assessment,20.4,25.6,32.5,82.1,Improved,Improved,Completed,Approved
CNHS-SYN-2627-0247,SY 2026-2027,Grade 10,Term 1,63.9,61.6,67.3,63.5,68.6,72.6,72.8,63.6,66.74,8,2,6,61.6,8,Filipino,High Risk,Classroom Remediation,N/A,N/A,Filipino Diagnostic Assessment,19.1,,,79.8,In Progress,Progressing,In Progress,Approved
CNHS-SYN-2627-0247,SY 2026-2027,Grade 10,Term 2,66.1,60.0,69.5,72.4,66.8,62.9,73.7,69.1,67.56,8,2,6,60.0,8,Filipino,High Risk,Classroom Remediation,N/A,N/A,Filipino Diagnostic Assessment,18.1,24.5,,86.6,In Progress,Progressing,In Progress,Approved
CNHS-SYN-2627-0247,SY 2026-2027,Grade 10,Term 3,61.5,65.4,61.5,65.6,67.3,70.2,60.3,73.3,65.64,8,2,6,60.3,8,Tle,High Risk,Classroom Remediation,N/A,N/A,Tle Diagnostic Assessment,17.9,25.0,31.2,91.1,Improved,Improved,Completed,Approved
CNHS-SYN-2627-0248,SY 2026-2027,Grade 7,Term 1,83.2,84.7,78.9,74.6,79.4,75.9,77.0,81.7,79.42,1,0,1,74.6,8,Science,Moderate Risk,Classroom Remediation,N/A,N/A,Science Diagnostic Assessment,16.7,,,86.5,In Progress,Progressing,In Progress,Approved
CNHS-SYN-2627-0248,SY 2026-2027,Grade 7,Term 2,80.5,79.4,76.2,71.2,73.2,80.0,75.7,72.9,76.14,3,0,3,71.2,8,Science,High Risk,Classroom Remediation,N/A,N/A,Science Diagnostic Assessment,22.6,30.3,,81.7,In Progress,Progressing,In Progress,Approved
CNHS-SYN-2627-0248,SY 2026-2027,Grade 7,Term 3,78.4,82.9,79.7,78.9,83.1,82.2,78.5,77.9,80.2,0,0,0,77.9,8,Values Education,Moderate Risk,No Recommendation,N/A,Instructional,Classroom Summative,,,,86.9,N/A,N/A,Active,Reviewed
CNHS-SYN-2627-0249,SY 2026-2027,Grade 8,Term 1,73.6,70.3,72.5,68.2,65.5,71.0,63.1,68.6,69.1,8,2,6,63.1,8,Tle,High Risk,Classroom Remediation,N/A,N/A,Tle Diagnostic Assessment,22.7,,,81.3,In Progress,Progressing,In Progress,Approved
CNHS-SYN-2627-0249,SY 2026-2027,Grade 8,Term 2,69.5,66.2,78.3,71.6,68.2,73.7,75.1,67.5,71.26,6,2,4,66.2,8,Filipino,High Risk,Classroom Remediation,N/A,N/A,Filipino Diagnostic Assessment,19.7,26.1,,81.8,In Progress,Progressing,In Progress,Approved
CNHS-SYN-2627-0249,SY 2026-2027,Grade 8,Term 3,62.1,66.7,68.3,71.6,72.7,71.9,77.2,74.6,70.64,7,2,5,62.1,8,English,High Risk,Classroom Remediation,N/A,N/A,English Diagnostic Assessment,16.7,23.1,29.9,82.7,Improved,Improved,Completed,Approved
CNHS-SYN-2627-0250,SY 2026-2027,Grade 9,Term 1,96.5,88.5,,89.1,86.5,88.2,90.3,88.7,89.69,0,0,0,86.5,7,Mapeh,Low Risk,No Recommendation,N/A,Independent,Classroom Summative,,,,95.8,In Progress,Progressing,Active,Reviewed
CNHS-SYN-2627-0250,SY 2026-2027,Grade 9,Term 2,94.1,89.5,85.0,93.8,95.8,90.1,87.8,93.1,91.15,0,0,0,85.0,8,Mathematics,Low Risk,No Recommendation,N/A,Independent,Classroom Summative,,,,93.3,In Progress,Progressing,Active,Reviewed
CNHS-SYN-2627-0250,SY 2026-2027,Grade 9,Term 3,96.1,89.4,87.3,90.5,89.6,91.6,93.7,83.3,90.19,0,0,0,83.3,8,Values Education,Low Risk,No Recommendation,N/A,Independent,Classroom Summative,,,,100.0,N/A,N/A,Active,Reviewed
CNHS-SYN-2627-0251,SY 2026-2027,Grade 10,Term 1,74.6,74.6,70.0,73.7,74.6,74.0,69.6,74.1,73.15,8,2,6,69.6,8,Tle,High Risk,Classroom Remediation,N/A,N/A,Tle Diagnostic Assessment,23.3,,,84.7,In Progress,Progressing,In Progress,Approved
CNHS-SYN-2627-0251,SY 2026-2027,Grade 10,Term 2,70.4,74.8,77.8,80.4,76.8,75.2,68.5,73.4,74.66,4,2,2,68.5,8,Tle,High Risk,Classroom Remediation,N/A,N/A,Tle Diagnostic Assessment,22.9,28.6,,71.5,In Progress,Progressing,In Progress,Approved
CNHS-SYN-2627-0251,SY 2026-2027,Grade 10,Term 3,75.5,69.8,76.8,69.3,72.1,78.3,68.7,73.1,72.95,5,1,4,68.7,8,Tle,High Risk,Classroom Remediation,N/A,N/A,Tle Diagnostic Assessment,19.0,25.9,30.5,84.4,Improved,Improved,Completed,Approved
CNHS-SYN-2627-0252,SY 2026-2027,Grade 7,Term 1,93.5,90.9,85.6,89.1,93.4,83.7,85.5,87.0,88.59,0,0,0,83.7,8,Araling Panlipunan,Low Risk,No Recommendation,N/A,Independent,Classroom Summative,,,,100.0,In Progress,Progressing,Active,Reviewed
CNHS-SYN-2627-0252,SY 2026-2027,Grade 7,Term 2,88.7,92.1,91.7,88.1,89.1,87.5,99.0,92.1,91.04,0,0,0,87.5,8,Araling Panlipunan,Low Risk,No Recommendation,N/A,Independent,Classroom Summative,,,,98.1,In Progress,Progressing,Active,Reviewed
CNHS-SYN-2627-0252,SY 2026-2027,Grade 7,Term 3,92.8,92.0,91.0,88.3,84.6,82.9,90.7,88.5,88.85,0,0,0,82.9,8,Araling Panlipunan,Low Risk,No Recommendation,N/A,Independent,Classroom Summative,,,,90.9,N/A,N/A,Active,Reviewed
CNHS-SYN-2627-0253,SY 2026-2027,Grade 8,Term 1,76.4,83.4,81.9,79.2,80.6,76.6,71.4,79.0,78.56,1,0,1,71.4,8,Tle,Moderate Risk,Classroom Remediation,N/A,N/A,Tle Diagnostic Assessment,24.6,,,81.9,In Progress,Progressing,In Progress,Approved
CNHS-SYN-2627-0253,SY 2026-2027,Grade 8,Term 2,76.5,79.1,79.8,82.8,82.0,76.9,81.8,76.4,79.41,0,0,0,76.4,8,Values Education,Moderate Risk,No Recommendation,N/A,Instructional,Classroom Summative,,,,89.8,In Progress,Progressing,Active,Reviewed
CNHS-SYN-2627-0253,SY 2026-2027,Grade 8,Term 3,81.2,75.1,69.8,79.7,76.0,76.5,76.7,76.3,76.41,1,0,1,69.8,8,Mathematics,High Risk,Classroom Remediation,N/A,N/A,Mathematics Diagnostic Assessment,24.4,32.2,37.5,87.1,Improved,Improved,Completed,Approved
CNHS-SYN-2627-0254,SY 2026-2027,Grade 9,Term 1,88.2,83.1,83.8,79.6,80.1,73.7,85.1,86.1,82.46,1,0,1,73.7,8,Araling Panlipunan,Moderate Risk,Classroom Remediation,N/A,N/A,Araling Panlipunan Diagnostic Assessment,24.4,,,85.3,In Progress,Progressing,In Progress,Approved
CNHS-SYN-2627-0254,SY 2026-2027,Grade 9,Term 2,82.2,83.4,77.7,80.6,83.4,84.0,76.9,81.4,81.2,0,0,0,76.9,8,Tle,Moderate Risk,No Recommendation,N/A,Instructional,Classroom Summative,,,,98.9,In Progress,Progressing,Active,Reviewed
CNHS-SYN-2627-0254,SY 2026-2027,Grade 9,Term 3,81.4,86.5,81.5,81.7,80.0,79.4,81.5,87.3,82.41,0,0,0,79.4,8,Araling Panlipunan,Moderate Risk,No Recommendation,N/A,Instructional,Classroom Summative,,,,90.8,N/A,N/A,Active,Reviewed
CNHS-SYN-2627-0255,SY 2026-2027,Grade 10,Term 1,61.7,62.1,72.6,68.5,71.3,73.7,72.2,63.8,68.24,8,2,6,61.7,8,English,High Risk,Classroom Remediation,N/A,N/A,English Diagnostic Assessment,19.7,,,74.6,In Progress,Progressing,In Progress,Approved
CNHS-SYN-2627-0255,SY 2026-2027,Grade 10,Term 2,63.2,65.8,63.4,72.0,68.6,61.5,66.9,67.9,66.16,8,2,6,61.5,8,Araling Panlipunan,High Risk,Classroom Remediation,N/A,N/A,Araling Panlipunan Diagnostic Assessment,20.3,26.3,,75.3,In Progress,Progressing,In Progress,Approved
CNHS-SYN-2627-0255,SY 2026-2027,Grade 10,Term 3,64.5,66.0,72.6,75.6,75.8,67.3,72.6,70.6,70.62,6,2,4,64.5,8,English,High Risk,Classroom Remediation,N/A,N/A,English Diagnostic Assessment,17.1,24.7,33.4,78.2,Improved,Improved,Completed,Approved
CNHS-SYN-2627-0256,SY 2026-2027,Grade 7,Term 1,63.9,60.0,68.5,69.3,67.1,73.6,64.7,66.6,66.71,8,2,6,60.0,8,Filipino,High Risk,Classroom Remediation,N/A,N/A,Filipino Diagnostic Assessment,24.5,,,86.7,In Progress,Progressing,In Progress,Approved
CNHS-SYN-2627-0256,SY 2026-2027,Grade 7,Term 2,67.9,65.5,65.4,70.9,68.5,69.4,71.1,69.7,68.55,8,2,6,65.4,8,Mathematics,High Risk,Classroom Remediation,N/A,N/A,Mathematics Diagnostic Assessment,23.3,28.9,,88.1,In Progress,Progressing,In Progress,Approved
CNHS-SYN-2627-0256,SY 2026-2027,Grade 7,Term 3,61.8,67.6,64.9,73.3,72.6,69.2,75.1,68.5,69.12,7,2,5,61.8,8,English,High Risk,Classroom Remediation,N/A,N/A,English Diagnostic Assessment,20.9,27.9,35.5,82.1,Improved,Improved,Completed,Approved
CNHS-SYN-2627-0257,SY 2026-2027,Grade 8,Term 1,60.0,65.5,67.0,69.7,65.7,68.6,65.5,74.8,67.1,8,2,6,60.0,8,English,High Risk,Classroom Remediation,N/A,N/A,English Diagnostic Assessment,21.1,,,75.7,In Progress,Progressing,In Progress,Approved
CNHS-SYN-2627-0257,SY 2026-2027,Grade 8,Term 2,67.2,62.1,62.9,64.0,68.8,67.7,67.8,64.8,65.66,8,2,6,62.1,8,Filipino,High Risk,Classroom Remediation,N/A,N/A,Filipino Diagnostic Assessment,24.0,29.4,,74.4,In Progress,Progressing,In Progress,Approved
CNHS-SYN-2627-0257,SY 2026-2027,Grade 8,Term 3,72.4,66.8,66.6,68.9,75.5,72.0,69.0,65.0,69.53,7,2,5,65.0,8,Values Education,High Risk,Classroom Remediation,N/A,N/A,Values Education Diagnostic Assessment,18.4,23.5,29.3,84.9,Improved,Improved,Completed,Approved
CNHS-SYN-2627-0258,SY 2026-2027,Grade 9,Term 1,81.2,90.9,98.4,86.9,78.4,84.9,81.1,85.6,85.93,0,0,0,78.4,8,Mapeh,Low Risk,No Recommendation,N/A,Independent,Classroom Summative,,,,97.3,In Progress,Progressing,Active,Reviewed
CNHS-SYN-2627-0258,SY 2026-2027,Grade 9,Term 2,92.7,91.0,95.2,85.8,88.3,96.3,90.2,90.2,91.21,0,0,0,85.8,8,Science,Low Risk,No Recommendation,N/A,Independent,Classroom Summative,,,,92.5,In Progress,Progressing,Active,Reviewed
CNHS-SYN-2627-0258,SY 2026-2027,Grade 9,Term 3,85.9,96.1,84.6,91.5,90.2,81.9,92.3,87.0,88.69,0,0,0,81.9,8,Araling Panlipunan,Low Risk,No Recommendation,N/A,Independent,Classroom Summative,,,,95.3,N/A,N/A,Active,Reviewed
CNHS-SYN-2627-0259,SY 2026-2027,Grade 10,Term 1,63.7,71.2,70.3,71.1,68.7,70.3,67.3,67.2,68.72,8,2,6,63.7,8,English,High Risk,Classroom Remediation,N/A,N/A,English Diagnostic Assessment,22.1,,,74.3,In Progress,Progressing,In Progress,Approved
CNHS-SYN-2627-0259,SY 2026-2027,Grade 10,Term 2,65.8,68.6,69.5,70.7,71.4,66.2,75.8,69.4,69.67,7,2,5,65.8,8,English,High Risk,Classroom Remediation,N/A,N/A,English Diagnostic Assessment,25.1,32.9,,77.5,In Progress,Progressing,In Progress,Approved
CNHS-SYN-2627-0259,SY 2026-2027,Grade 10,Term 3,64.0,64.9,67.8,68.1,66.2,69.9,76.0,69.5,68.3,7,2,5,64.0,8,English,High Risk,Classroom Remediation,N/A,N/A,English Diagnostic Assessment,25.1,30.6,38.7,83.1,Improved,Improved,Completed,Approved
CNHS-SYN-2627-0260,SY 2026-2027,Grade 7,Term 1,78.9,82.9,88.5,86.2,83.3,79.7,89.2,83.2,83.99,0,0,0,78.9,8,English,Low Risk,No Recommendation,N/A,Independent,Classroom Summative,,,,95.9,In Progress,Progressing,Active,Reviewed
CNHS-SYN-2627-0260,SY 2026-2027,Grade 7,Term 2,80.5,79.3,80.2,80.9,79.1,78.7,87.1,86.0,81.47,0,0,0,78.7,8,Araling Panlipunan,Moderate Risk,No Recommendation,N/A,Instructional,Classroom Summative,,,,97.1,In Progress,Progressing,Active,Reviewed
CNHS-SYN-2627-0260,SY 2026-2027,Grade 7,Term 3,83.4,81.0,78.0,84.7,90.5,83.5,87.2,82.6,83.86,0,0,0,78.0,8,Mathematics,Low Risk,No Recommendation,N/A,Independent,Classroom Summative,,,,93.5,N/A,N/A,Active,Reviewed
CNHS-SYN-2627-0261,SY 2026-2027,Grade 8,Term 1,81.5,82.2,81.7,89.5,89.3,81.0,77.8,76.7,82.46,0,0,0,76.7,8,Values Education,Moderate Risk,No Recommendation,N/A,Instructional,Classroom Summative,,,,94.5,In Progress,Progressing,Active,Reviewed
CNHS-SYN-2627-0261,SY 2026-2027,Grade 8,Term 2,79.1,83.1,79.3,86.6,82.1,79.4,82.2,82.0,81.72,0,0,0,79.1,8,English,Moderate Risk,No Recommendation,N/A,Instructional,Classroom Summative,,,,98.1,In Progress,Progressing,Active,Reviewed
CNHS-SYN-2627-0261,SY 2026-2027,Grade 8,Term 3,86.3,82.7,83.3,81.4,76.8,83.5,80.3,88.2,82.81,0,0,0,76.8,8,Mapeh,Moderate Risk,No Recommendation,N/A,Instructional,Classroom Summative,,,,96.6,N/A,N/A,Active,Reviewed
CNHS-SYN-2627-0262,SY 2026-2027,Grade 9,Term 1,89.7,88.1,92.9,89.9,79.2,86.5,91.3,83.6,87.65,0,0,0,79.2,8,Mapeh,Low Risk,No Recommendation,N/A,Independent,Classroom Summative,,,,93.5,In Progress,Progressing,Active,Reviewed
CNHS-SYN-2627-0262,SY 2026-2027,Grade 9,Term 2,90.5,86.7,94.8,94.5,80.2,86.0,78.8,90.0,87.69,0,0,0,78.8,8,Tle,Low Risk,No Recommendation,N/A,Independent,Classroom Summative,,,,92.3,In Progress,Progressing,Active,Reviewed
CNHS-SYN-2627-0262,SY 2026-2027,Grade 9,Term 3,92.9,83.5,83.9,78.8,92.3,91.4,86.4,82.6,86.47,0,0,0,78.8,8,Science,Low Risk,No Recommendation,N/A,Independent,Classroom Summative,,,,100.0,N/A,N/A,Active,Reviewed
CNHS-SYN-2627-0263,SY 2026-2027,Grade 10,Term 1,82.4,73.8,82.1,,87.3,78.8,85.5,82.1,81.71,1,1,0,73.8,7,Filipino,Moderate Risk,No Recommendation,N/A,Instructional,Classroom Summative,,,,95.8,In Progress,Progressing,Active,Reviewed
CNHS-SYN-2627-0263,SY 2026-2027,Grade 10,Term 2,83.6,81.4,80.2,84.5,75.3,88.9,83.0,81.2,82.26,0,0,0,75.3,8,Mapeh,Moderate Risk,No Recommendation,N/A,Instructional,Classroom Summative,,,,91.9,In Progress,Progressing,Active,Reviewed
CNHS-SYN-2627-0263,SY 2026-2027,Grade 10,Term 3,83.1,79.5,84.7,82.2,83.2,88.2,79.5,82.0,82.8,0,0,0,79.5,8,Filipino,Moderate Risk,No Recommendation,N/A,Instructional,Classroom Summative,,,,95.9,N/A,N/A,Active,Reviewed
CNHS-SYN-2627-0264,SY 2026-2027,Grade 7,Term 1,93.9,99.0,95.2,94.1,88.6,96.3,92.5,94.6,94.28,0,0,0,88.6,8,Mapeh,Low Risk,No Recommendation,N/A,Independent,Classroom Summative,,,,93.6,In Progress,Progressing,Active,Reviewed
CNHS-SYN-2627-0264,SY 2026-2027,Grade 7,Term 2,93.5,87.2,93.6,90.4,88.6,98.5,96.7,,92.64,0,0,0,87.2,7,Filipino,Low Risk,No Recommendation,N/A,Independent,Classroom Summative,,,,95.3,In Progress,Progressing,Active,Reviewed
CNHS-SYN-2627-0264,SY 2026-2027,Grade 7,Term 3,93.0,94.0,98.7,96.1,98.7,92.1,87.4,96.4,94.55,0,0,0,87.4,8,Tle,Low Risk,No Recommendation,N/A,Independent,Classroom Summative,,,,96.2,N/A,N/A,Active,Reviewed
CNHS-SYN-2627-0265,SY 2026-2027,Grade 8,Term 1,77.3,89.6,86.2,80.7,75.2,74.9,80.4,83.4,80.96,1,0,1,74.9,8,Araling Panlipunan,Moderate Risk,Classroom Remediation,N/A,N/A,Araling Panlipunan Diagnostic Assessment,16.3,,,75.9,In Progress,Progressing,In Progress,Approved
CNHS-SYN-2627-0265,SY 2026-2027,Grade 8,Term 2,74.0,80.6,79.2,82.0,71.1,71.9,79.4,74.4,76.57,4,1,3,71.1,8,Mapeh,High Risk,Classroom Remediation,N/A,N/A,Mapeh Diagnostic Assessment,16.9,23.1,,80.9,In Progress,Progressing,In Progress,Approved
CNHS-SYN-2627-0265,SY 2026-2027,Grade 8,Term 3,77.8,81.1,73.6,77.0,82.1,85.8,72.5,78.9,78.6,2,0,2,72.5,8,Tle,High Risk,Classroom Remediation,N/A,N/A,Tle Diagnostic Assessment,16.6,23.3,29.8,85.4,Improved,Improved,Completed,Approved
CNHS-SYN-2627-0266,SY 2026-2027,Grade 9,Term 1,88.7,80.7,78.5,81.7,75.7,82.4,80.7,85.1,81.69,0,0,0,75.7,8,Mapeh,Moderate Risk,No Recommendation,N/A,Instructional,Classroom Summative,,,,97.3,In Progress,Progressing,Active,Reviewed
CNHS-SYN-2627-0266,SY 2026-2027,Grade 9,Term 2,81.7,87.0,82.4,78.9,77.9,78.3,83.2,75.9,80.66,0,0,0,75.9,8,Values Education,Moderate Risk,No Recommendation,N/A,Instructional,Classroom Summative,,,,91.1,In Progress,Progressing,Active,Reviewed
CNHS-SYN-2627-0266,SY 2026-2027,Grade 9,Term 3,76.2,76.8,80.1,83.9,78.4,73.1,93.0,85.2,80.84,1,0,1,73.1,8,Araling Panlipunan,Moderate Risk,Classroom Remediation,N/A,N/A,Araling Panlipunan Diagnostic Assessment,22.2,28.0,33.9,88.1,Improved,Improved,Completed,Approved
CNHS-SYN-2627-0267,SY 2026-2027,Grade 10,Term 1,67.8,75.3,72.9,63.8,67.4,75.2,71.1,70.1,70.45,6,1,5,63.8,8,Science,High Risk,Classroom Remediation,N/A,N/A,Science Diagnostic Assessment,24.8,,,86.5,In Progress,Progressing,In Progress,Approved
CNHS-SYN-2627-0267,SY 2026-2027,Grade 10,Term 2,69.7,71.5,71.9,74.7,71.1,72.5,70.0,65.8,70.9,8,2,6,65.8,8,Values Education,High Risk,Classroom Remediation,N/A,N/A,Values Education Diagnostic Assessment,21.5,27.1,,79.9,In Progress,Progressing,In Progress,Approved
CNHS-SYN-2627-0267,SY 2026-2027,Grade 10,Term 3,69.7,68.3,76.0,70.8,70.9,69.3,68.5,63.9,69.68,7,2,5,63.9,8,Values Education,High Risk,Classroom Remediation,N/A,N/A,Values Education Diagnostic Assessment,22.4,28.6,34.5,86.2,Improved,Improved,Completed,Approved
CNHS-SYN-2627-0268,SY 2026-2027,Grade 7,Term 1,77.3,82.8,79.6,80.3,76.3,83.4,84.9,74.2,79.85,1,0,1,74.2,8,Values Education,Moderate Risk,Classroom Remediation,N/A,N/A,Values Education Diagnostic Assessment,16.1,,,71.9,In Progress,Progressing,In Progress,Approved
CNHS-SYN-2627-0268,SY 2026-2027,Grade 7,Term 2,81.6,83.0,84.3,75.8,79.3,77.3,72.1,77.0,78.8,1,0,1,72.1,8,Tle,Moderate Risk,Classroom Remediation,N/A,N/A,Tle Diagnostic Assessment,17.7,24.5,,79.7,In Progress,Progressing,In Progress,Approved
CNHS-SYN-2627-0268,SY 2026-2027,Grade 7,Term 3,81.7,89.3,80.8,75.5,76.8,81.9,74.3,83.6,80.49,1,0,1,74.3,8,Tle,Moderate Risk,Classroom Remediation,N/A,N/A,Tle Diagnostic Assessment,23.6,29.3,35.5,78.6,Improved,Improved,Completed,Approved
CNHS-SYN-2627-0269,SY 2026-2027,Grade 8,Term 1,88.4,90.5,94.4,94.5,91.7,88.4,89.3,89.3,90.81,0,0,0,88.4,8,English,Low Risk,No Recommendation,N/A,Independent,Classroom Summative,,,,94.3,In Progress,Progressing,Active,Reviewed
CNHS-SYN-2627-0269,SY 2026-2027,Grade 8,Term 2,86.7,93.3,87.2,87.2,94.3,91.9,84.6,89.7,89.36,0,0,0,84.6,8,Tle,Low Risk,No Recommendation,N/A,Independent,Classroom Summative,,,,91.8,In Progress,Progressing,Active,Reviewed
CNHS-SYN-2627-0269,SY 2026-2027,Grade 8,Term 3,91.7,93.9,92.9,88.0,91.9,90.7,98.3,91.4,92.35,0,0,0,88.0,8,Science,Low Risk,No Recommendation,N/A,Independent,Classroom Summative,,,,94.9,N/A,N/A,Active,Reviewed
CNHS-SYN-2627-0270,SY 2026-2027,Grade 9,Term 1,96.4,91.3,92.1,89.7,84.3,82.2,83.1,89.6,88.59,0,0,0,82.2,8,Araling Panlipunan,Low Risk,No Recommendation,N/A,Independent,Classroom Summative,,,,96.6,In Progress,Progressing,Active,Reviewed
CNHS-SYN-2627-0270,SY 2026-2027,Grade 9,Term 2,87.9,94.9,87.5,82.6,87.9,91.9,83.7,80.5,87.11,0,0,0,80.5,8,Values Education,Low Risk,No Recommendation,N/A,Independent,Classroom Summative,,,,96.7,In Progress,Progressing,Active,Reviewed
CNHS-SYN-2627-0270,SY 2026-2027,Grade 9,Term 3,77.2,92.2,84.0,89.7,79.4,81.3,89.3,91.6,85.59,0,0,0,77.2,8,English,Low Risk,No Recommendation,N/A,Independent,Classroom Summative,,,,100.0,N/A,N/A,Active,Reviewed
CNHS-SYN-2627-0271,SY 2026-2027,Grade 10,Term 1,70.0,66.1,72.3,72.9,77.0,69.0,72.2,73.2,71.59,7,2,5,66.1,8,Filipino,High Risk,Classroom Remediation,N/A,N/A,Filipino Diagnostic Assessment,21.3,,,84.7,In Progress,Progressing,In Progress,Approved
CNHS-SYN-2627-0271,SY 2026-2027,Grade 10,Term 2,68.7,65.9,63.7,72.6,71.0,76.2,65.4,69.1,69.08,7,2,5,63.7,8,Mathematics,High Risk,Classroom Remediation,N/A,N/A,Mathematics Diagnostic Assessment,23.3,28.6,,84.3,In Progress,Progressing,In Progress,Approved
CNHS-SYN-2627-0271,SY 2026-2027,Grade 10,Term 3,71.9,70.6,72.3,71.1,73.2,,71.7,71.0,71.69,7,2,5,70.6,7,Filipino,High Risk,Classroom Remediation,N/A,N/A,Filipino Diagnostic Assessment,23.9,29.3,34.8,87.1,Improved,Improved,Completed,Approved
CNHS-SYN-2627-0272,SY 2026-2027,Grade 7,Term 1,79.5,79.4,81.8,71.7,79.6,85.4,83.0,82.6,80.38,1,0,1,71.7,8,Science,Moderate Risk,Classroom Remediation,N/A,N/A,Science Diagnostic Assessment,21.5,,,76.9,In Progress,Progressing,In Progress,Approved
CNHS-SYN-2627-0272,SY 2026-2027,Grade 7,Term 2,82.2,84.2,79.2,80.9,79.0,80.0,69.8,79.0,79.29,1,0,1,69.8,8,Tle,High Risk,Classroom Remediation,N/A,N/A,Tle Diagnostic Assessment,19.8,26.0,,77.2,In Progress,Progressing,In Progress,Approved
CNHS-SYN-2627-0272,SY 2026-2027,Grade 7,Term 3,75.8,73.1,73.1,74.0,72.4,79.9,74.4,70.8,74.19,6,1,5,70.8,8,Values Education,High Risk,Classroom Remediation,N/A,N/A,Values Education Diagnostic Assessment,20.8,26.5,33.8,75.4,Improved,Improved,Completed,Approved
CNHS-SYN-2627-0273,SY 2026-2027,Grade 8,Term 1,78.8,86.5,79.7,82.0,79.2,79.5,80.4,74.8,80.11,1,0,1,74.8,8,Values Education,Moderate Risk,Classroom Remediation,N/A,N/A,Values Education Diagnostic Assessment,23.7,,,88.6,In Progress,Progressing,In Progress,Approved
CNHS-SYN-2627-0273,SY 2026-2027,Grade 8,Term 2,80.0,79.5,85.5,83.6,,85.2,83.1,87.5,83.49,0,0,0,79.5,7,Filipino,Moderate Risk,No Recommendation,N/A,Instructional,Classroom Summative,,,,97.8,In Progress,Progressing,Active,Reviewed
CNHS-SYN-2627-0273,SY 2026-2027,Grade 8,Term 3,73.2,86.8,79.4,84.0,88.4,80.9,80.3,81.9,81.86,1,1,0,73.2,8,English,Moderate Risk,No Recommendation,N/A,Instructional,Classroom Summative,,,,100.0,N/A,N/A,Active,Reviewed
CNHS-SYN-2627-0274,SY 2026-2027,Grade 9,Term 1,85.7,78.0,81.6,85.1,80.9,79.9,85.9,87.0,83.01,0,0,0,78.0,8,Filipino,Moderate Risk,No Recommendation,N/A,Instructional,Classroom Summative,,,,91.6,In Progress,Progressing,Active,Reviewed
CNHS-SYN-2627-0274,SY 2026-2027,Grade 9,Term 2,79.9,80.4,84.7,77.2,77.4,79.0,78.1,85.1,80.23,0,0,0,77.2,8,Science,Moderate Risk,No Recommendation,N/A,Instructional,Classroom Summative,,,,92.3,In Progress,Progressing,Active,Reviewed
CNHS-SYN-2627-0274,SY 2026-2027,Grade 9,Term 3,81.4,72.5,80.2,86.4,79.8,77.5,86.9,77.5,80.28,1,1,0,72.5,8,Filipino,Moderate Risk,No Recommendation,N/A,Instructional,Classroom Summative,,,,100.0,N/A,N/A,Active,Reviewed
CNHS-SYN-2627-0275,SY 2026-2027,Grade 10,Term 1,93.8,99.0,97.6,93.8,89.6,94.0,92.0,91.0,93.85,0,0,0,89.6,8,Mapeh,Low Risk,No Recommendation,N/A,Independent,Classroom Summative,,,,94.7,In Progress,Progressing,Active,Reviewed
CNHS-SYN-2627-0275,SY 2026-2027,Grade 10,Term 2,94.0,96.8,90.9,96.4,95.4,93.6,95.1,98.0,95.03,0,0,0,90.9,8,Mathematics,Low Risk,No Recommendation,N/A,Independent,Classroom Summative,,,,94.2,In Progress,Progressing,Active,Reviewed
CNHS-SYN-2627-0275,SY 2026-2027,Grade 10,Term 3,91.8,97.1,96.6,94.4,97.7,97.6,98.6,93.0,95.85,0,0,0,91.8,8,English,Low Risk,No Recommendation,N/A,Independent,Classroom Summative,,,,95.8,N/A,N/A,Active,Reviewed
CNHS-SYN-2627-0276,SY 2026-2027,Grade 7,Term 1,80.8,76.5,77.1,81.7,83.2,79.3,80.6,83.0,80.28,0,0,0,76.5,8,Filipino,Moderate Risk,No Recommendation,N/A,Instructional,Classroom Summative,,,,94.3,In Progress,Progressing,Active,Reviewed
CNHS-SYN-2627-0276,SY 2026-2027,Grade 7,Term 2,79.6,76.1,85.1,76.4,78.3,85.4,71.0,78.9,78.85,1,0,1,71.0,8,Tle,Moderate Risk,Classroom Remediation,N/A,N/A,Tle Diagnostic Assessment,17.3,22.9,,82.1,In Progress,Progressing,In Progress,Approved
CNHS-SYN-2627-0276,SY 2026-2027,Grade 7,Term 3,78.6,81.1,69.8,77.6,77.4,77.8,78.2,74.9,76.92,2,0,2,69.8,8,Mathematics,High Risk,Classroom Remediation,N/A,N/A,Mathematics Diagnostic Assessment,21.3,28.4,34.2,77.8,Improved,Improved,Completed,Approved
CNHS-SYN-2627-0277,SY 2026-2027,Grade 8,Term 1,79.6,80.2,86.6,75.3,78.6,85.1,84.2,86.2,81.97,0,0,0,75.3,8,Science,Moderate Risk,No Recommendation,N/A,Instructional,Classroom Summative,,,,89.4,In Progress,Progressing,Active,Reviewed
CNHS-SYN-2627-0277,SY 2026-2027,Grade 8,Term 2,76.9,80.0,85.0,80.1,79.8,82.6,81.2,79.4,80.62,0,0,0,76.9,8,English,Moderate Risk,No Recommendation,N/A,Instructional,Classroom Summative,,,,97.3,In Progress,Progressing,Active,Reviewed
CNHS-SYN-2627-0277,SY 2026-2027,Grade 8,Term 3,85.1,77.1,80.6,83.6,76.8,82.5,79.8,76.5,80.25,0,0,0,76.5,8,Values Education,Moderate Risk,No Recommendation,N/A,Instructional,Classroom Summative,,,,92.8,N/A,N/A,Active,Reviewed
CNHS-SYN-2627-0278,SY 2026-2027,Grade 9,Term 1,90.9,96.0,99.0,92.9,96.3,88.3,91.7,95.9,93.88,0,0,0,88.3,8,Araling Panlipunan,Low Risk,No Recommendation,N/A,Independent,Classroom Summative,,,,92.7,In Progress,Progressing,Active,Reviewed
CNHS-SYN-2627-0278,SY 2026-2027,Grade 9,Term 2,90.9,99.0,90.8,99.0,92.1,97.7,97.4,91.0,94.74,0,0,0,90.8,8,Mathematics,Low Risk,No Recommendation,N/A,Independent,Classroom Summative,,,,92.4,In Progress,Progressing,Active,Reviewed
CNHS-SYN-2627-0278,SY 2026-2027,Grade 9,Term 3,95.2,91.7,97.9,92.1,94.3,98.5,96.9,92.3,94.86,0,0,0,91.7,8,Filipino,Low Risk,No Recommendation,N/A,Independent,Classroom Summative,,,,96.3,N/A,N/A,Active,Reviewed
CNHS-SYN-2627-0279,SY 2026-2027,Grade 10,Term 1,87.8,89.7,95.0,86.5,94.0,98.3,92.4,87.4,91.39,0,0,0,86.5,8,Science,Low Risk,No Recommendation,N/A,Independent,Classroom Summative,,,,97.6,In Progress,Progressing,Active,Reviewed
CNHS-SYN-2627-0279,SY 2026-2027,Grade 10,Term 2,93.9,95.4,89.3,88.2,94.4,88.2,81.1,89.8,90.04,0,0,0,81.1,8,Tle,Low Risk,No Recommendation,N/A,Independent,Classroom Summative,,,,97.7,In Progress,Progressing,Active,Reviewed
CNHS-SYN-2627-0279,SY 2026-2027,Grade 10,Term 3,99.0,93.9,94.9,91.4,92.3,90.2,92.4,88.2,92.79,0,0,0,88.2,8,Values Education,Low Risk,No Recommendation,N/A,Independent,Classroom Summative,,,,85.6,N/A,N/A,Active,Reviewed
CNHS-SYN-2627-0280,SY 2026-2027,Grade 7,Term 1,84.0,92.7,93.9,88.2,90.4,85.6,88.6,92.0,89.43,0,0,0,84.0,8,English,Low Risk,No Recommendation,N/A,Independent,Classroom Summative,,,,98.2,In Progress,Progressing,Active,Reviewed
CNHS-SYN-2627-0280,SY 2026-2027,Grade 7,Term 2,84.2,88.1,90.8,94.6,87.4,83.4,94.5,86.9,88.74,0,0,0,83.4,8,Araling Panlipunan,Low Risk,No Recommendation,N/A,Independent,Classroom Summative,,,,92.8,In Progress,Progressing,Active,Reviewed
CNHS-SYN-2627-0280,SY 2026-2027,Grade 7,Term 3,90.9,88.3,97.3,91.9,94.0,84.3,80.4,86.2,89.16,0,0,0,80.4,8,Tle,Low Risk,No Recommendation,N/A,Independent,Classroom Summative,,,,92.9,N/A,N/A,Active,Reviewed
CNHS-SYN-2627-0281,SY 2026-2027,Grade 8,Term 1,91.5,87.7,74.3,85.3,78.4,80.2,84.7,88.1,83.78,1,0,1,74.3,8,Mathematics,Moderate Risk,Classroom Remediation,N/A,N/A,Mathematics Diagnostic Assessment,17.6,,,74.9,In Progress,Progressing,In Progress,Approved
CNHS-SYN-2627-0281,SY 2026-2027,Grade 8,Term 2,90.4,80.7,83.1,80.9,78.4,84.5,83.7,82.4,83.01,0,0,0,78.4,8,Mapeh,Moderate Risk,No Recommendation,N/A,Instructional,Classroom Summative,,,,99.3,In Progress,Progressing,Active,Reviewed
CNHS-SYN-2627-0281,SY 2026-2027,Grade 8,Term 3,91.8,88.2,83.2,76.6,85.2,85.3,85.7,78.5,84.31,0,0,0,76.6,8,Science,Low Risk,No Recommendation,N/A,Independent,Classroom Summative,,,,99.5,N/A,N/A,Active,Reviewed
CNHS-SYN-2627-0282,SY 2026-2027,Grade 9,Term 1,91.0,93.3,90.9,92.8,94.6,95.8,88.7,92.6,92.46,0,0,0,88.7,8,Tle,Low Risk,No Recommendation,N/A,Independent,Classroom Summative,,,,93.6,In Progress,Progressing,Active,Reviewed
CNHS-SYN-2627-0282,SY 2026-2027,Grade 9,Term 2,94.8,91.1,94.3,90.6,91.8,95.9,89.6,94.4,92.81,0,0,0,89.6,8,Tle,Low Risk,No Recommendation,N/A,Independent,Classroom Summative,,,,98.8,In Progress,Progressing,Active,Reviewed
CNHS-SYN-2627-0282,SY 2026-2027,Grade 9,Term 3,93.9,91.0,89.5,85.2,93.8,94.1,91.7,86.0,90.65,0,0,0,85.2,8,Science,Low Risk,No Recommendation,N/A,Independent,Classroom Summative,,,,98.8,N/A,N/A,Active,Reviewed
CNHS-SYN-2627-0283,SY 2026-2027,Grade 10,Term 1,69.0,73.0,78.8,77.7,77.0,77.0,74.6,79.0,75.76,3,2,1,69.0,8,English,High Risk,Classroom Remediation,N/A,N/A,English Diagnostic Assessment,18.3,,,81.9,In Progress,Progressing,In Progress,Approved
CNHS-SYN-2627-0283,SY 2026-2027,Grade 10,Term 2,76.0,79.4,77.3,76.7,83.1,78.0,78.1,79.2,78.47,0,0,0,76.0,8,English,Moderate Risk,No Recommendation,N/A,Instructional,Classroom Summative,,,,96.4,In Progress,Progressing,Active,Reviewed
CNHS-SYN-2627-0283,SY 2026-2027,Grade 10,Term 3,83.1,72.3,78.9,77.2,76.5,80.5,82.5,75.4,78.3,1,1,0,72.3,8,Filipino,Moderate Risk,No Recommendation,N/A,Instructional,Classroom Summative,,,,89.0,N/A,N/A,Active,Reviewed
CNHS-SYN-2627-0284,SY 2026-2027,Grade 7,Term 1,83.1,73.7,85.6,86.9,83.3,83.0,82.5,77.4,81.94,1,1,0,73.7,8,Filipino,Moderate Risk,No Recommendation,N/A,Instructional,Classroom Summative,,,,96.8,In Progress,Progressing,Active,Reviewed
CNHS-SYN-2627-0284,SY 2026-2027,Grade 7,Term 2,88.6,86.8,84.7,86.9,86.7,81.0,84.8,82.8,85.29,0,0,0,81.0,8,Araling Panlipunan,Low Risk,No Recommendation,N/A,Independent,Classroom Summative,,,,98.0,In Progress,Progressing,Active,Reviewed
CNHS-SYN-2627-0284,SY 2026-2027,Grade 7,Term 3,90.6,75.7,82.3,82.8,88.4,78.4,72.6,87.1,82.24,1,0,1,72.6,8,Tle,Moderate Risk,Classroom Remediation,N/A,N/A,Tle Diagnostic Assessment,18.3,26.0,34.9,77.1,Improved,Improved,Completed,Approved
CNHS-SYN-2627-0285,SY 2026-2027,Grade 8,Term 1,65.0,68.2,64.3,71.3,68.9,72.7,74.4,77.2,70.25,7,2,5,64.3,8,Mathematics,High Risk,Classroom Remediation,N/A,N/A,Mathematics Diagnostic Assessment,21.2,,,77.7,In Progress,Progressing,In Progress,Approved
CNHS-SYN-2627-0285,SY 2026-2027,Grade 8,Term 2,72.1,68.5,72.7,68.4,70.2,73.6,71.5,64.6,70.2,8,2,6,64.6,8,Values Education,High Risk,Classroom Remediation,N/A,N/A,Values Education Diagnostic Assessment,24.1,30.2,,71.7,In Progress,Progressing,In Progress,Approved
CNHS-SYN-2627-0285,SY 2026-2027,Grade 8,Term 3,73.4,71.9,65.0,75.3,67.1,76.3,69.5,66.2,70.59,6,2,4,65.0,8,Mathematics,High Risk,Classroom Remediation,N/A,N/A,Mathematics Diagnostic Assessment,16.9,24.4,29.3,79.9,Improved,Improved,Completed,Approved
CNHS-SYN-2627-0286,SY 2026-2027,Grade 9,Term 1,85.0,93.4,92.1,85.9,96.2,90.6,91.9,92.0,90.89,0,0,0,85.0,8,English,Low Risk,No Recommendation,N/A,Independent,Classroom Summative,,,,96.2,In Progress,Progressing,Active,Reviewed
CNHS-SYN-2627-0286,SY 2026-2027,Grade 9,Term 2,92.6,89.2,86.5,88.4,90.5,88.4,87.6,88.4,88.95,0,0,0,86.5,8,Mathematics,Low Risk,No Recommendation,N/A,Independent,Classroom Summative,,,,99.4,In Progress,Progressing,Active,Reviewed
CNHS-SYN-2627-0286,SY 2026-2027,Grade 9,Term 3,92.4,89.5,84.3,87.6,86.1,86.0,91.9,88.6,88.3,0,0,0,84.3,8,Mathematics,Low Risk,No Recommendation,N/A,Independent,Classroom Summative,,,,96.2,N/A,N/A,Active,Reviewed
CNHS-SYN-2627-0287,SY 2026-2027,Grade 10,Term 1,80.6,80.1,81.0,80.9,87.7,81.4,81.5,77.9,81.39,0,0,0,77.9,8,Values Education,Moderate Risk,No Recommendation,N/A,Instructional,Classroom Summative,,,,90.4,In Progress,Progressing,Active,Reviewed
CNHS-SYN-2627-0287,SY 2026-2027,Grade 10,Term 2,85.1,75.0,77.0,74.4,82.2,79.0,83.2,76.9,79.1,1,0,1,74.4,8,Science,Moderate Risk,Classroom Remediation,N/A,N/A,Science Diagnostic Assessment,21.7,26.8,,82.6,In Progress,Progressing,In Progress,Approved
CNHS-SYN-2627-0287,SY 2026-2027,Grade 10,Term 3,77.2,76.6,82.3,79.2,82.3,86.5,78.8,78.3,80.15,0,0,0,76.6,8,Filipino,Moderate Risk,No Recommendation,N/A,Instructional,Classroom Summative,,,,94.1,N/A,N/A,Active,Reviewed
CNHS-SYN-2627-0288,SY 2026-2027,Grade 7,Term 1,71.8,68.7,74.9,71.2,69.6,75.5,71.8,73.0,72.06,7,2,5,68.7,8,Filipino,High Risk,Classroom Remediation,N/A,N/A,Filipino Diagnostic Assessment,18.6,,,86.8,In Progress,Progressing,In Progress,Approved
CNHS-SYN-2627-0288,SY 2026-2027,Grade 7,Term 2,67.6,68.7,72.2,73.1,75.9,71.8,77.3,71.1,72.21,6,2,4,67.6,8,English,High Risk,Classroom Remediation,N/A,N/A,English Diagnostic Assessment,24.9,32.8,,80.8,In Progress,Progressing,In Progress,Approved
CNHS-SYN-2627-0288,SY 2026-2027,Grade 7,Term 3,69.3,67.8,72.3,76.7,72.6,72.7,71.2,70.1,71.59,7,2,5,67.8,8,Filipino,High Risk,Classroom Remediation,N/A,N/A,Filipino Diagnostic Assessment,22.3,29.9,38.5,88.5,Improved,Improved,Completed,Approved
CNHS-SYN-2627-0289,SY 2026-2027,Grade 8,Term 1,66.6,71.6,71.8,71.9,65.3,81.3,69.1,74.1,71.46,7,2,5,65.3,8,Mapeh,High Risk,Classroom Remediation,N/A,N/A,Mapeh Diagnostic Assessment,24.5,,,84.7,In Progress,Progressing,In Progress,Approved
CNHS-SYN-2627-0289,SY 2026-2027,Grade 8,Term 2,65.4,68.7,73.4,78.8,69.5,70.8,74.4,65.5,70.81,7,2,5,65.4,8,English,High Risk,Classroom Remediation,N/A,N/A,English Diagnostic Assessment,20.7,27.2,,82.2,In Progress,Progressing,In Progress,Approved
CNHS-SYN-2627-0289,SY 2026-2027,Grade 8,Term 3,66.6,76.8,61.0,68.8,70.7,69.5,77.7,66.8,69.74,6,1,5,61.0,8,Mathematics,High Risk,Classroom Remediation,N/A,N/A,Mathematics Diagnostic Assessment,20.1,25.4,30.4,81.0,Improved,Improved,Completed,Approved
CNHS-SYN-2627-0290,SY 2026-2027,Grade 9,Term 1,79.7,78.7,83.0,81.0,83.1,84.5,79.0,80.3,81.16,0,0,0,78.7,8,Filipino,Moderate Risk,No Recommendation,N/A,Instructional,Classroom Summative,,,,85.4,In Progress,Progressing,Active,Reviewed
CNHS-SYN-2627-0290,SY 2026-2027,Grade 9,Term 2,79.9,79.4,80.7,77.1,84.3,77.3,78.4,77.6,79.34,0,0,0,77.1,8,Science,Moderate Risk,No Recommendation,N/A,Instructional,Classroom Summative,,,,86.7,In Progress,Progressing,Active,Reviewed
CNHS-SYN-2627-0290,SY 2026-2027,Grade 9,Term 3,87.1,85.9,77.2,84.0,80.6,86.4,83.7,88.5,84.17,0,0,0,77.2,8,Mathematics,Low Risk,No Recommendation,N/A,Independent,Classroom Summative,,,,94.7,N/A,N/A,Active,Reviewed
CNHS-SYN-2627-0291,SY 2026-2027,Grade 10,Term 1,68.8,67.1,69.5,66.3,65.6,66.2,60.0,67.9,66.43,8,2,6,60.0,8,Tle,High Risk,Classroom Remediation,N/A,N/A,Tle Diagnostic Assessment,24.1,,,86.0,In Progress,Progressing,In Progress,Approved
CNHS-SYN-2627-0291,SY 2026-2027,Grade 10,Term 2,60.6,62.1,70.6,70.5,73.4,73.2,77.4,67.1,69.36,7,2,5,60.6,8,English,High Risk,Classroom Remediation,N/A,N/A,English Diagnostic Assessment,16.6,22.0,,84.4,In Progress,Progressing,In Progress,Approved
CNHS-SYN-2627-0291,SY 2026-2027,Grade 10,Term 3,68.9,60.0,63.7,68.7,69.6,76.2,64.6,74.1,68.22,7,2,5,60.0,8,Filipino,High Risk,Classroom Remediation,N/A,N/A,Filipino Diagnostic Assessment,25.4,31.1,36.8,80.6,Improved,Improved,Completed,Approved
CNHS-SYN-2627-0292,SY 2026-2027,Grade 7,Term 1,78.5,71.4,80.2,82.1,83.2,78.9,70.7,80.1,78.14,2,1,1,70.7,8,Tle,High Risk,Classroom Remediation,N/A,N/A,Tle Diagnostic Assessment,21.8,,,90.0,In Progress,Progressing,In Progress,Approved
CNHS-SYN-2627-0292,SY 2026-2027,Grade 7,Term 2,75.8,80.1,79.2,78.4,82.7,74.4,78.5,77.7,78.35,1,0,1,74.4,8,Araling Panlipunan,Moderate Risk,Classroom Remediation,N/A,N/A,Araling Panlipunan Diagnostic Assessment,18.0,23.2,,80.8,In Progress,Progressing,In Progress,Approved
CNHS-SYN-2627-0292,SY 2026-2027,Grade 7,Term 3,76.8,79.4,78.2,75.1,75.6,77.6,74.1,78.9,76.96,1,0,1,74.1,8,Tle,Moderate Risk,Classroom Remediation,N/A,N/A,Tle Diagnostic Assessment,24.6,32.6,40.0,82.6,Improved,Improved,Completed,Approved
CNHS-SYN-2627-0293,SY 2026-2027,Grade 8,Term 1,83.1,88.9,89.4,89.6,84.7,91.9,83.4,91.5,87.81,0,0,0,83.1,8,English,Low Risk,No Recommendation,N/A,Independent,Classroom Summative,,,,89.5,In Progress,Progressing,Active,Reviewed
CNHS-SYN-2627-0293,SY 2026-2027,Grade 8,Term 2,91.8,86.6,86.6,82.3,80.5,80.9,84.2,83.1,84.5,0,0,0,80.5,8,Mapeh,Low Risk,No Recommendation,N/A,Independent,Classroom Summative,,,,99.9,In Progress,Progressing,Active,Reviewed
CNHS-SYN-2627-0293,SY 2026-2027,Grade 8,Term 3,82.5,88.8,81.9,84.3,87.4,86.9,82.7,85.6,85.01,0,0,0,81.9,8,Mathematics,Low Risk,No Recommendation,N/A,Independent,Classroom Summative,,,,93.5,N/A,N/A,Active,Reviewed
CNHS-SYN-2627-0294,SY 2026-2027,Grade 9,Term 1,86.5,83.9,77.2,86.4,79.2,82.0,75.9,77.7,81.1,0,0,0,75.9,8,Tle,Moderate Risk,No Recommendation,N/A,Instructional,Classroom Summative,,,,90.9,In Progress,Progressing,Active,Reviewed
CNHS-SYN-2627-0294,SY 2026-2027,Grade 9,Term 2,80.7,82.3,76.5,72.7,82.9,90.3,81.2,81.9,81.06,1,0,1,72.7,8,Science,Moderate Risk,Classroom Remediation,N/A,N/A,Science Diagnostic Assessment,22.1,27.9,,84.7,In Progress,Progressing,In Progress,Approved
CNHS-SYN-2627-0294,SY 2026-2027,Grade 9,Term 3,82.9,82.7,82.5,80.5,83.1,76.7,78.6,85.0,81.5,0,0,0,76.7,8,Araling Panlipunan,Moderate Risk,No Recommendation,N/A,Instructional,Classroom Summative,,,,92.9,N/A,N/A,Active,Reviewed
CNHS-SYN-2627-0295,SY 2026-2027,Grade 10,Term 1,71.2,73.3,68.9,73.0,64.3,67.9,74.1,81.2,71.74,7,2,5,64.3,8,Mapeh,High Risk,Classroom Remediation,N/A,N/A,Mapeh Diagnostic Assessment,25.4,,,87.6,In Progress,Progressing,In Progress,Approved
CNHS-SYN-2627-0295,SY 2026-2027,Grade 10,Term 2,70.8,74.6,68.3,75.6,65.1,71.4,73.3,70.3,71.17,7,2,5,65.1,8,Mapeh,High Risk,Classroom Remediation,N/A,N/A,Mapeh Diagnostic Assessment,17.5,24.6,,83.8,In Progress,Progressing,In Progress,Approved
CNHS-SYN-2627-0295,SY 2026-2027,Grade 10,Term 3,74.0,65.5,66.0,66.0,73.4,72.9,76.5,72.6,70.86,7,2,5,65.5,8,Filipino,High Risk,Classroom Remediation,N/A,N/A,Filipino Diagnostic Assessment,24.9,31.0,35.8,71.4,Improved,Improved,Completed,Approved
CNHS-SYN-2627-0296,SY 2026-2027,Grade 7,Term 1,63.3,68.5,61.6,70.1,65.0,61.7,72.8,73.2,67.03,8,2,6,61.6,8,Mathematics,High Risk,Classroom Remediation,N/A,N/A,Mathematics Diagnostic Assessment,25.5,,,79.1,In Progress,Progressing,In Progress,Approved
CNHS-SYN-2627-0296,SY 2026-2027,Grade 7,Term 2,67.5,73.7,65.7,72.0,69.5,61.8,68.0,67.6,68.22,8,2,6,61.8,8,Araling Panlipunan,High Risk,Classroom Remediation,N/A,N/A,Araling Panlipunan Diagnostic Assessment,18.3,23.7,,81.3,In Progress,Progressing,In Progress,Approved
CNHS-SYN-2627-0296,SY 2026-2027,Grade 7,Term 3,70.1,66.2,71.2,72.7,70.9,65.3,66.5,71.0,69.24,8,2,6,65.3,8,Araling Panlipunan,High Risk,Classroom Remediation,N/A,N/A,Araling Panlipunan Diagnostic Assessment,25.7,30.9,36.6,82.9,Improved,Improved,Completed,Approved
CNHS-SYN-2627-0297,SY 2026-2027,Grade 8,Term 1,88.9,79.7,84.5,81.9,76.7,76.6,81.0,73.9,80.4,1,0,1,73.9,8,Values Education,Moderate Risk,Classroom Remediation,N/A,N/A,Values Education Diagnostic Assessment,25.5,,,81.4,In Progress,Progressing,In Progress,Approved
CNHS-SYN-2627-0297,SY 2026-2027,Grade 8,Term 2,84.0,79.3,82.7,85.0,78.1,83.3,72.2,86.2,81.35,1,0,1,72.2,8,Tle,Moderate Risk,Classroom Remediation,N/A,N/A,Tle Diagnostic Assessment,16.2,22.0,,77.3,In Progress,Progressing,In Progress,Approved
CNHS-SYN-2627-0297,SY 2026-2027,Grade 8,Term 3,83.5,83.6,79.2,83.4,83.5,79.9,76.4,81.2,81.34,0,0,0,76.4,8,Tle,Moderate Risk,No Recommendation,N/A,Instructional,Classroom Summative,,,,93.8,N/A,N/A,Active,Reviewed
CNHS-SYN-2627-0298,SY 2026-2027,Grade 9,Term 1,75.2,86.8,78.2,72.4,75.4,74.4,78.7,78.4,77.44,2,0,2,72.4,8,Science,High Risk,Classroom Remediation,N/A,N/A,Science Diagnostic Assessment,18.2,,,76.5,In Progress,Progressing,In Progress,Approved
CNHS-SYN-2627-0298,SY 2026-2027,Grade 9,Term 2,72.9,71.6,76.4,73.9,80.2,75.0,80.4,79.1,76.19,3,2,1,71.6,8,Filipino,High Risk,Classroom Remediation,N/A,N/A,Filipino Diagnostic Assessment,25.3,32.9,,85.8,In Progress,Progressing,In Progress,Approved
CNHS-SYN-2627-0298,SY 2026-2027,Grade 9,Term 3,77.8,80.4,77.5,81.7,72.3,,75.1,76.9,77.39,1,0,1,72.3,7,Mapeh,Moderate Risk,Classroom Remediation,N/A,N/A,Mapeh Diagnostic Assessment,23.2,29.9,38.1,74.3,Improved,Improved,Completed,Approved
CNHS-SYN-2627-0299,SY 2026-2027,Grade 10,Term 1,84.3,80.6,80.7,78.4,79.1,76.2,77.4,84.3,80.12,0,0,0,76.2,8,Araling Panlipunan,Moderate Risk,No Recommendation,N/A,Instructional,Classroom Summative,,,,89.3,In Progress,Progressing,Active,Reviewed
CNHS-SYN-2627-0299,SY 2026-2027,Grade 10,Term 2,80.1,80.8,78.5,69.9,81.9,77.9,75.8,81.5,78.3,1,0,1,69.9,8,Science,High Risk,Classroom Remediation,N/A,N/A,Science Diagnostic Assessment,18.6,26.4,,83.1,In Progress,Progressing,In Progress,Approved
CNHS-SYN-2627-0299,SY 2026-2027,Grade 10,Term 3,74.2,81.8,68.6,79.0,72.2,75.3,76.1,80.5,75.96,3,1,2,68.6,8,Mathematics,High Risk,Classroom Remediation,N/A,N/A,Mathematics Diagnostic Assessment,25.9,32.2,38.0,79.4,Improved,Improved,Completed,Approved
CNHS-SYN-2627-0300,SY 2026-2027,Grade 7,Term 1,81.2,79.5,86.7,79.3,74.9,76.7,80.0,87.9,80.78,1,0,1,74.9,8,Mapeh,Moderate Risk,Classroom Remediation,N/A,N/A,Mapeh Diagnostic Assessment,22.0,,,70.5,In Progress,Progressing,In Progress,Approved
CNHS-SYN-2627-0300,SY 2026-2027,Grade 7,Term 2,78.0,80.1,88.3,80.1,79.3,82.9,76.9,82.1,80.96,0,0,0,76.9,8,Tle,Moderate Risk,No Recommendation,N/A,Instructional,Classroom Summative,,,,100.0,In Progress,Progressing,Active,Reviewed
CNHS-SYN-2627-0300,SY 2026-2027,Grade 7,Term 3,79.0,89.9,77.4,83.2,84.1,82.8,82.5,85.5,83.05,0,0,0,77.4,8,Mathematics,Moderate Risk,No Recommendation,N/A,Instructional,Classroom Summative,,,,93.4,N/A,N/A,Active,Reviewed
CNHS-SYN-2627-0301,SY 2026-2027,Grade 8,Term 1,77.1,71.5,73.2,79.6,67.9,81.0,74.3,82.8,75.92,4,1,3,67.9,8,Mapeh,High Risk,Classroom Remediation,N/A,N/A,Mapeh Diagnostic Assessment,16.3,,,87.7,In Progress,Progressing,In Progress,Approved
CNHS-SYN-2627-0301,SY 2026-2027,Grade 8,Term 2,80.5,81.2,73.0,77.2,73.5,72.2,77.1,74.9,76.2,4,0,4,72.2,8,Araling Panlipunan,High Risk,Classroom Remediation,N/A,N/A,Araling Panlipunan Diagnostic Assessment,22.6,30.5,,82.7,In Progress,Progressing,In Progress,Approved
CNHS-SYN-2627-0301,SY 2026-2027,Grade 8,Term 3,71.4,77.5,82.9,80.1,74.5,74.6,72.8,73.6,75.92,5,1,4,71.4,8,English,High Risk,Classroom Remediation,N/A,N/A,English Diagnostic Assessment,18.0,25.8,33.8,80.1,Improved,Improved,Completed,Approved
CNHS-SYN-2627-0302,SY 2026-2027,Grade 9,Term 1,92.8,88.8,87.3,84.0,88.5,92.3,83.4,87.1,88.03,0,0,0,83.4,8,Tle,Low Risk,No Recommendation,N/A,Independent,Classroom Summative,,,,94.9,In Progress,Progressing,Active,Reviewed
CNHS-SYN-2627-0302,SY 2026-2027,Grade 9,Term 2,90.4,91.5,96.3,84.9,84.7,89.2,93.7,82.7,89.18,0,0,0,82.7,8,Values Education,Low Risk,No Recommendation,N/A,Independent,Classroom Summative,,,,93.3,In Progress,Progressing,Active,Reviewed
CNHS-SYN-2627-0302,SY 2026-2027,Grade 9,Term 3,92.7,91.8,89.3,90.1,85.7,91.3,93.5,88.6,90.38,0,0,0,85.7,8,Mapeh,Low Risk,No Recommendation,N/A,Independent,Classroom Summative,,,,93.5,N/A,N/A,Active,Reviewed
CNHS-SYN-2627-0303,SY 2026-2027,Grade 10,Term 1,60.5,65.9,60.0,66.4,65.8,60.0,67.3,61.8,63.46,8,2,6,60.0,8,Mathematics,High Risk,Classroom Remediation,N/A,N/A,Mathematics Diagnostic Assessment,20.2,,,77.7,In Progress,Progressing,In Progress,Approved
CNHS-SYN-2627-0303,SY 2026-2027,Grade 10,Term 2,68.0,67.4,73.2,64.1,64.0,66.5,64.7,63.8,66.46,8,2,6,63.8,8,Values Education,High Risk,Classroom Remediation,N/A,N/A,Values Education Diagnostic Assessment,21.3,27.4,,75.7,In Progress,Progressing,In Progress,Approved
CNHS-SYN-2627-0303,SY 2026-2027,Grade 10,Term 3,63.7,65.9,69.1,64.4,66.4,60.0,62.7,66.8,64.88,8,2,6,60.0,8,Araling Panlipunan,High Risk,Classroom Remediation,N/A,N/A,Araling Panlipunan Diagnostic Assessment,26.0,31.9,37.6,75.3,Improved,Improved,Completed,Approved
CNHS-SYN-2627-0304,SY 2026-2027,Grade 7,Term 1,81.0,84.6,81.4,84.4,81.5,85.0,79.7,83.8,82.67,0,0,0,79.7,8,Tle,Moderate Risk,No Recommendation,N/A,Instructional,Classroom Summative,,,,98.8,In Progress,Progressing,Active,Reviewed
CNHS-SYN-2627-0304,SY 2026-2027,Grade 7,Term 2,84.0,82.8,78.5,80.7,79.7,79.6,82.8,83.6,81.46,0,0,0,78.5,8,Mathematics,Moderate Risk,No Recommendation,N/A,Instructional,Classroom Summative,,,,98.4,In Progress,Progressing,Active,Reviewed
CNHS-SYN-2627-0304,SY 2026-2027,Grade 7,Term 3,83.7,77.2,84.9,84.9,87.5,82.1,82.1,86.8,83.65,0,0,0,77.2,8,Filipino,Low Risk,No Recommendation,N/A,Independent,Classroom Summative,,,,88.4,N/A,N/A,Active,Reviewed
CNHS-SYN-2627-0305,SY 2026-2027,Grade 8,Term 1,99.0,90.1,91.4,89.0,99.0,99.0,91.0,96.0,94.31,0,0,0,89.0,8,Science,Low Risk,No Recommendation,N/A,Independent,Classroom Summative,,,,93.0,In Progress,Progressing,Active,Reviewed
CNHS-SYN-2627-0305,SY 2026-2027,Grade 8,Term 2,90.7,99.0,88.6,94.6,91.3,97.6,97.0,90.0,93.6,0,0,0,88.6,8,Mathematics,Low Risk,No Recommendation,N/A,Independent,Classroom Summative,,,,92.9,In Progress,Progressing,Active,Reviewed
CNHS-SYN-2627-0305,SY 2026-2027,Grade 8,Term 3,91.0,97.6,98.2,92.1,92.8,99.0,97.3,98.9,95.86,0,0,0,91.0,8,English,Low Risk,No Recommendation,N/A,Independent,Classroom Summative,,,,95.9,N/A,N/A,Active,Reviewed
CNHS-SYN-2627-0306,SY 2026-2027,Grade 9,Term 1,60.0,61.4,65.2,68.8,64.0,65.0,70.6,60.0,64.38,8,2,6,60.0,8,English,High Risk,Classroom Remediation,N/A,N/A,English Diagnostic Assessment,20.4,,,77.2,In Progress,Progressing,In Progress,Approved
CNHS-SYN-2627-0306,SY 2026-2027,Grade 9,Term 2,70.2,61.2,62.7,66.7,63.9,70.7,65.7,71.2,66.54,8,2,6,61.2,8,Filipino,High Risk,Classroom Remediation,N/A,N/A,Filipino Diagnostic Assessment,16.2,22.1,,80.6,In Progress,Progressing,In Progress,Approved
CNHS-SYN-2627-0306,SY 2026-2027,Grade 9,Term 3,66.5,65.3,64.4,60.8,66.6,63.9,66.8,65.1,64.92,8,2,6,60.8,8,Science,High Risk,Classroom Remediation,N/A,N/A,Science Diagnostic Assessment,22.5,28.6,37.3,83.9,Improved,Improved,Completed,Approved
CNHS-SYN-2627-0307,SY 2026-2027,Grade 10,Term 1,80.3,82.0,84.6,75.6,84.4,79.3,76.0,78.7,80.11,0,0,0,75.6,8,Science,Moderate Risk,No Recommendation,N/A,Instructional,Classroom Summative,,,,95.6,In Progress,Progressing,Active,Reviewed
CNHS-SYN-2627-0307,SY 2026-2027,Grade 10,Term 2,73.6,73.6,74.8,76.7,79.8,75.2,77.9,84.8,77.05,3,2,1,73.6,8,English,High Risk,Classroom Remediation,N/A,N/A,English Diagnostic Assessment,20.8,27.7,,82.4,In Progress,Progressing,In Progress,Approved
CNHS-SYN-2627-0307,SY 2026-2027,Grade 10,Term 3,78.5,82.1,82.2,72.4,77.2,78.1,74.4,83.3,78.53,2,0,2,72.4,8,Science,High Risk,Classroom Remediation,N/A,N/A,Science Diagnostic Assessment,23.5,30.1,34.1,82.4,Improved,Improved,Completed,Approved
CNHS-SYN-2627-0308,SY 2026-2027,Grade 7,Term 1,78.1,78.9,87.8,76.8,81.2,88.0,77.0,80.1,80.99,0,0,0,76.8,8,Science,Moderate Risk,No Recommendation,N/A,Instructional,Classroom Summative,,,,95.4,In Progress,Progressing,Active,Reviewed
CNHS-SYN-2627-0308,SY 2026-2027,Grade 7,Term 2,80.5,77.5,82.5,81.4,84.2,85.3,76.2,85.7,81.66,0,0,0,76.2,8,Tle,Moderate Risk,No Recommendation,N/A,Instructional,Classroom Summative,,,,96.9,In Progress,Progressing,Active,Reviewed
CNHS-SYN-2627-0308,SY 2026-2027,Grade 7,Term 3,82.7,87.9,80.8,80.3,79.9,77.9,84.9,77.6,81.5,0,0,0,77.6,8,Values Education,Moderate Risk,No Recommendation,N/A,Instructional,Classroom Summative,,,,93.2,N/A,N/A,Active,Reviewed
CNHS-SYN-2627-0309,SY 2026-2027,Grade 8,Term 1,84.9,75.2,84.4,81.1,82.7,88.8,84.2,82.3,82.95,0,0,0,75.2,8,Filipino,Moderate Risk,No Recommendation,N/A,Instructional,Classroom Summative,,,,100.0,In Progress,Progressing,Active,Reviewed
CNHS-SYN-2627-0309,SY 2026-2027,Grade 8,Term 2,85.5,80.6,80.8,79.2,82.0,89.8,83.0,78.6,82.44,0,0,0,78.6,8,Values Education,Moderate Risk,No Recommendation,N/A,Instructional,Classroom Summative,,,,92.6,In Progress,Progressing,Active,Reviewed
CNHS-SYN-2627-0309,SY 2026-2027,Grade 8,Term 3,86.1,83.1,88.2,80.2,79.2,87.2,76.1,83.0,82.89,0,0,0,76.1,8,Tle,Moderate Risk,No Recommendation,N/A,Instructional,Classroom Summative,,,,86.3,N/A,N/A,Active,Reviewed
CNHS-SYN-2627-0310,SY 2026-2027,Grade 9,Term 1,93.9,92.0,98.1,92.7,90.5,87.4,93.2,99.0,93.35,0,0,0,87.4,8,Araling Panlipunan,Low Risk,No Recommendation,N/A,Independent,Classroom Summative,,,,92.0,In Progress,Progressing,Active,Reviewed
CNHS-SYN-2627-0310,SY 2026-2027,Grade 9,Term 2,90.6,99.0,97.4,90.7,90.1,88.8,91.3,96.3,93.03,0,0,0,88.8,8,Araling Panlipunan,Low Risk,No Recommendation,N/A,Independent,Classroom Summative,,,,98.5,In Progress,Progressing,Active,Reviewed
CNHS-SYN-2627-0310,SY 2026-2027,Grade 9,Term 3,91.9,85.9,99.0,93.2,95.3,89.4,87.2,93.0,91.86,0,0,0,85.9,8,Filipino,Low Risk,No Recommendation,N/A,Independent,Classroom Summative,,,,93.1,N/A,N/A,Active,Reviewed
CNHS-SYN-2627-0311,SY 2026-2027,Grade 10,Term 1,84.2,75.5,82.1,89.2,80.7,88.9,85.7,80.3,83.33,0,0,0,75.5,8,Filipino,Moderate Risk,No Recommendation,N/A,Instructional,Classroom Summative,,,,95.2,In Progress,Progressing,Active,Reviewed
CNHS-SYN-2627-0311,SY 2026-2027,Grade 10,Term 2,87.6,76.8,83.2,74.1,80.6,75.6,84.0,79.2,80.14,1,0,1,74.1,8,Science,Moderate Risk,Classroom Remediation,N/A,N/A,Science Diagnostic Assessment,16.4,22.7,,83.8,In Progress,Progressing,In Progress,Approved
CNHS-SYN-2627-0311,SY 2026-2027,Grade 10,Term 3,84.7,86.4,85.2,83.4,84.1,84.5,85.3,76.0,83.7,0,0,0,76.0,8,Values Education,Low Risk,No Recommendation,N/A,Independent,Classroom Summative,,,,88.3,N/A,N/A,Active,Reviewed
CNHS-SYN-2627-0312,SY 2026-2027,Grade 7,Term 1,81.1,80.5,79.4,73.8,83.8,74.3,77.4,82.4,79.09,2,0,2,73.8,8,Science,High Risk,Classroom Remediation,N/A,N/A,Science Diagnostic Assessment,17.4,,,82.5,In Progress,Progressing,In Progress,Approved
CNHS-SYN-2627-0312,SY 2026-2027,Grade 7,Term 2,79.9,79.4,75.1,72.9,82.6,82.7,80.1,80.0,79.09,1,0,1,72.9,8,Science,Moderate Risk,Classroom Remediation,N/A,N/A,Science Diagnostic Assessment,17.2,23.8,,82.8,In Progress,Progressing,In Progress,Approved
CNHS-SYN-2627-0312,SY 2026-2027,Grade 7,Term 3,84.1,76.8,76.4,75.0,78.9,78.7,74.9,82.2,78.38,1,0,1,74.9,8,Tle,Moderate Risk,Classroom Remediation,N/A,N/A,Tle Diagnostic Assessment,16.6,22.4,27.7,79.7,Needs Further Intervention,Limited Improvement,Needs Further Support,Approved
CNHS-SYN-2627-0313,SY 2026-2027,Grade 8,Term 1,84.4,87.2,82.4,81.9,85.4,85.5,84.4,83.7,84.36,0,0,0,81.9,8,Science,Low Risk,No Recommendation,N/A,Independent,Classroom Summative,,,,93.0,In Progress,Progressing,Active,Reviewed
CNHS-SYN-2627-0313,SY 2026-2027,Grade 8,Term 2,78.7,77.1,86.0,83.2,84.5,79.6,83.1,83.0,81.9,0,0,0,77.1,8,Filipino,Moderate Risk,No Recommendation,N/A,Instructional,Classroom Summative,,,,97.0,In Progress,Progressing,Active,Reviewed
CNHS-SYN-2627-0313,SY 2026-2027,Grade 8,Term 3,80.2,84.9,80.9,72.8,89.3,81.3,86.7,80.2,82.04,1,0,1,72.8,8,Science,Moderate Risk,Classroom Remediation,N/A,N/A,Science Diagnostic Assessment,19.1,25.7,32.9,84.2,Improved,Improved,Completed,Approved
CNHS-SYN-2627-0314,SY 2026-2027,Grade 9,Term 1,86.0,87.8,88.6,98.5,92.3,86.2,92.6,91.4,90.42,0,0,0,86.0,8,English,Low Risk,No Recommendation,N/A,Independent,Classroom Summative,,,,96.4,In Progress,Progressing,Active,Reviewed
CNHS-SYN-2627-0314,SY 2026-2027,Grade 9,Term 2,91.2,91.6,84.3,94.9,87.7,84.7,87.5,87.7,88.7,0,0,0,84.3,8,Mathematics,Low Risk,No Recommendation,N/A,Independent,Classroom Summative,,,,96.7,In Progress,Progressing,Active,Reviewed
CNHS-SYN-2627-0314,SY 2026-2027,Grade 9,Term 3,94.7,83.5,88.2,87.7,88.8,95.9,,95.4,90.6,0,0,0,83.5,7,Filipino,Low Risk,No Recommendation,N/A,Independent,Classroom Summative,,,,92.9,N/A,N/A,Active,Reviewed
CNHS-SYN-2627-0315,SY 2026-2027,Grade 10,Term 1,82.5,84.1,77.1,82.3,78.6,86.6,82.6,83.6,82.17,0,0,0,77.1,8,Mathematics,Moderate Risk,No Recommendation,N/A,Instructional,Classroom Summative,,,,96.5,In Progress,Progressing,Active,Reviewed
CNHS-SYN-2627-0315,SY 2026-2027,Grade 10,Term 2,81.0,76.2,80.8,75.2,83.3,86.5,74.2,80.9,79.76,1,0,1,74.2,8,Tle,Moderate Risk,Classroom Remediation,N/A,N/A,Tle Diagnostic Assessment,18.2,26.2,,91.1,In Progress,Progressing,In Progress,Approved
CNHS-SYN-2627-0315,SY 2026-2027,Grade 10,Term 3,83.5,78.3,82.4,85.9,79.2,84.3,72.1,86.6,81.54,1,0,1,72.1,8,Tle,Moderate Risk,Classroom Remediation,N/A,N/A,Tle Diagnostic Assessment,24.5,32.2,38.5,79.3,Improved,Improved,Completed,Approved
CNHS-SYN-2627-0316,SY 2026-2027,Grade 7,Term 1,65.3,69.7,65.7,68.2,68.7,68.1,72.7,65.8,68.03,8,2,6,65.3,8,English,High Risk,Classroom Remediation,N/A,N/A,English Diagnostic Assessment,17.2,,,77.9,In Progress,Progressing,In Progress,Approved
CNHS-SYN-2627-0316,SY 2026-2027,Grade 7,Term 2,64.6,71.4,66.4,70.3,62.9,73.6,67.8,64.4,67.67,8,2,6,62.9,8,Mapeh,High Risk,Classroom Remediation,N/A,N/A,Mapeh Diagnostic Assessment,21.0,28.4,,80.1,In Progress,Progressing,In Progress,Approved
CNHS-SYN-2627-0316,SY 2026-2027,Grade 7,Term 3,65.7,66.1,68.7,69.2,70.8,67.3,76.2,66.5,68.81,7,2,5,65.7,8,English,High Risk,Classroom Remediation,N/A,N/A,English Diagnostic Assessment,17.7,25.6,32.5,83.4,Improved,Improved,Completed,Approved
CNHS-SYN-2627-0317,SY 2026-2027,Grade 8,Term 1,82.5,80.3,79.0,85.0,86.3,85.7,84.0,79.9,82.84,0,0,0,79.0,8,Mathematics,Moderate Risk,No Recommendation,N/A,Instructional,Classroom Summative,,,,94.8,In Progress,Progressing,Active,Reviewed
CNHS-SYN-2627-0317,SY 2026-2027,Grade 8,Term 2,77.5,81.3,85.3,83.6,76.4,81.4,81.2,86.0,81.59,0,0,0,76.4,8,Mapeh,Moderate Risk,No Recommendation,N/A,Instructional,Classroom Summative,,,,94.5,In Progress,Progressing,Active,Reviewed
CNHS-SYN-2627-0317,SY 2026-2027,Grade 8,Term 3,77.9,81.9,83.9,86.7,88.6,89.1,85.9,83.9,84.74,0,0,0,77.9,8,English,Low Risk,No Recommendation,N/A,Independent,Classroom Summative,,,,92.8,N/A,N/A,Active,Reviewed
CNHS-SYN-2627-0318,SY 2026-2027,Grade 9,Term 1,89.6,78.0,93.4,85.0,89.9,86.4,81.0,86.2,86.19,0,0,0,78.0,8,Filipino,Low Risk,No Recommendation,N/A,Independent,Classroom Summative,,,,89.7,In Progress,Progressing,Active,Reviewed
CNHS-SYN-2627-0318,SY 2026-2027,Grade 9,Term 2,90.3,88.5,95.3,84.6,82.5,88.6,83.0,85.0,87.22,0,0,0,82.5,8,Mapeh,Low Risk,No Recommendation,N/A,Independent,Classroom Summative,,,,93.6,In Progress,Progressing,Active,Reviewed
CNHS-SYN-2627-0318,SY 2026-2027,Grade 9,Term 3,85.1,81.7,93.2,84.7,88.5,88.0,90.3,85.3,87.1,0,0,0,81.7,8,Filipino,Low Risk,No Recommendation,N/A,Independent,Classroom Summative,,,,90.1,N/A,N/A,Active,Reviewed
CNHS-SYN-2627-0319,SY 2026-2027,Grade 10,Term 1,95.1,87.8,83.7,85.8,82.0,92.5,87.7,84.6,87.4,0,0,0,82.0,8,Mapeh,Low Risk,No Recommendation,N/A,Independent,Classroom Summative,,,,89.9,In Progress,Progressing,Active,Reviewed
CNHS-SYN-2627-0319,SY 2026-2027,Grade 10,Term 2,93.4,96.5,83.0,91.3,86.4,92.2,80.4,88.2,88.93,0,0,0,80.4,8,Tle,Low Risk,No Recommendation,N/A,Independent,Classroom Summative,,,,96.3,In Progress,Progressing,Active,Reviewed
CNHS-SYN-2627-0319,SY 2026-2027,Grade 10,Term 3,89.8,89.6,88.3,93.3,86.7,90.7,89.8,90.8,89.88,0,0,0,86.7,8,Mapeh,Low Risk,No Recommendation,N/A,Independent,Classroom Summative,,,,96.5,N/A,N/A,Active,Reviewed
CNHS-SYN-2627-0320,SY 2026-2027,Grade 7,Term 1,88.7,88.8,92.9,86.9,89.5,87.2,90.5,88.7,89.15,0,0,0,86.9,8,Science,Low Risk,No Recommendation,N/A,Independent,Classroom Summative,,,,94.2,In Progress,Progressing,Active,Reviewed
CNHS-SYN-2627-0320,SY 2026-2027,Grade 7,Term 2,89.4,94.1,85.9,95.4,85.2,93.5,94.5,86.9,90.61,0,0,0,85.2,8,Mapeh,Low Risk,No Recommendation,N/A,Independent,Classroom Summative,,,,93.6,In Progress,Progressing,Active,Reviewed
CNHS-SYN-2627-0320,SY 2026-2027,Grade 7,Term 3,92.6,86.4,90.8,87.7,84.6,85.0,89.4,89.4,88.24,0,0,0,84.6,8,Mapeh,Low Risk,No Recommendation,N/A,Independent,Classroom Summative,,,,94.3,N/A,N/A,Active,Reviewed
CNHS-SYN-2627-0321,SY 2026-2027,Grade 8,Term 1,73.0,80.6,84.2,80.4,78.8,80.3,83.7,76.3,79.66,1,1,0,73.0,8,English,Moderate Risk,No Recommendation,N/A,Instructional,Classroom Summative,,,,95.1,In Progress,Progressing,Active,Reviewed
CNHS-SYN-2627-0321,SY 2026-2027,Grade 8,Term 2,78.4,78.6,82.2,87.2,82.2,77.3,79.2,76.5,80.2,0,0,0,76.5,8,Values Education,Moderate Risk,No Recommendation,N/A,Instructional,Classroom Summative,,,,89.9,In Progress,Progressing,Active,Reviewed
CNHS-SYN-2627-0321,SY 2026-2027,Grade 8,Term 3,79.9,84.3,85.7,76.5,77.9,77.3,71.1,80.3,79.12,1,0,1,71.1,8,Tle,Moderate Risk,Classroom Remediation,N/A,N/A,Tle Diagnostic Assessment,17.7,24.9,30.0,80.5,Improved,Improved,Completed,Approved
CNHS-SYN-2627-0322,SY 2026-2027,Grade 9,Term 1,67.3,62.9,62.9,62.4,69.4,66.0,60.0,69.0,64.99,8,2,6,60.0,8,Tle,High Risk,Classroom Remediation,N/A,N/A,Tle Diagnostic Assessment,16.3,,,72.5,In Progress,Progressing,In Progress,Approved
CNHS-SYN-2627-0322,SY 2026-2027,Grade 9,Term 2,73.9,65.7,66.2,64.8,66.0,67.7,63.2,73.6,67.64,8,2,6,63.2,8,Tle,High Risk,Classroom Remediation,N/A,N/A,Tle Diagnostic Assessment,17.6,23.0,,86.6,In Progress,Progressing,In Progress,Approved
CNHS-SYN-2627-0322,SY 2026-2027,Grade 9,Term 3,68.8,64.9,61.4,61.1,67.2,66.2,71.6,70.9,66.51,8,2,6,61.1,8,Science,High Risk,Classroom Remediation,N/A,N/A,Science Diagnostic Assessment,22.3,30.1,37.2,81.7,Improved,Improved,Completed,Approved
CNHS-SYN-2627-0323,SY 2026-2027,Grade 10,Term 1,89.3,82.2,79.1,84.5,78.6,81.0,77.6,79.7,81.5,0,0,0,77.6,8,Tle,Moderate Risk,No Recommendation,N/A,Instructional,Classroom Summative,,,,91.4,In Progress,Progressing,Active,Reviewed
CNHS-SYN-2627-0323,SY 2026-2027,Grade 10,Term 2,80.9,77.5,82.4,78.6,73.2,82.1,82.2,88.3,80.65,1,0,1,73.2,8,Mapeh,Moderate Risk,Classroom Remediation,N/A,N/A,Mapeh Diagnostic Assessment,24.5,30.0,,86.6,In Progress,Progressing,In Progress,Approved
CNHS-SYN-2627-0323,SY 2026-2027,Grade 10,Term 3,83.6,81.2,80.1,83.0,79.5,74.9,74.1,78.7,79.39,2,0,2,74.1,8,Tle,High Risk,Classroom Remediation,N/A,N/A,Tle Diagnostic Assessment,22.2,27.6,35.4,80.2,Improved,Improved,Completed,Approved
CNHS-SYN-2627-0324,SY 2026-2027,Grade 7,Term 1,88.0,86.3,89.0,88.2,85.7,93.2,92.1,86.8,88.66,0,0,0,85.7,8,Mapeh,Low Risk,No Recommendation,N/A,Independent,Classroom Summative,,,,93.9,In Progress,Progressing,Active,Reviewed
CNHS-SYN-2627-0324,SY 2026-2027,Grade 7,Term 2,89.0,89.3,88.3,83.7,87.8,86.3,86.7,88.0,87.39,0,0,0,83.7,8,Science,Low Risk,No Recommendation,N/A,Independent,Classroom Summative,,,,94.3,In Progress,Progressing,Active,Reviewed
CNHS-SYN-2627-0324,SY 2026-2027,Grade 7,Term 3,88.0,90.9,87.1,83.5,84.3,85.1,82.8,81.2,85.36,0,0,0,81.2,8,Values Education,Low Risk,No Recommendation,N/A,Independent,Classroom Summative,,,,98.5,N/A,N/A,Active,Reviewed
CNHS-SYN-2627-0325,SY 2026-2027,Grade 8,Term 1,71.3,77.1,74.2,69.6,83.9,73.5,76.9,77.7,75.53,4,1,3,69.6,8,Science,High Risk,Classroom Remediation,N/A,N/A,Science Diagnostic Assessment,17.6,,,83.4,In Progress,Progressing,In Progress,Approved
CNHS-SYN-2627-0325,SY 2026-2027,Grade 8,Term 2,72.2,78.3,73.3,73.8,79.3,76.7,79.6,79.7,76.61,3,1,2,72.2,8,English,High Risk,Classroom Remediation,N/A,N/A,English Diagnostic Assessment,16.6,21.7,,81.4,In Progress,Progressing,In Progress,Approved
CNHS-SYN-2627-0325,SY 2026-2027,Grade 8,Term 3,80.3,76.2,85.3,83.9,78.7,77.4,77.5,75.9,79.4,0,0,0,75.9,8,Values Education,Moderate Risk,No Recommendation,N/A,Instructional,Classroom Summative,,,,96.4,N/A,N/A,Active,Reviewed
CNHS-SYN-2627-0326,SY 2026-2027,Grade 9,Term 1,83.8,82.4,81.6,82.6,85.5,80.4,80.7,88.7,83.21,0,0,0,80.4,8,Araling Panlipunan,Moderate Risk,No Recommendation,N/A,Instructional,Classroom Summative,,,,90.5,In Progress,Progressing,Active,Reviewed
CNHS-SYN-2627-0326,SY 2026-2027,Grade 9,Term 2,83.6,81.8,79.6,76.4,81.5,80.4,75.9,80.3,79.94,0,0,0,75.9,8,Tle,Moderate Risk,No Recommendation,N/A,Instructional,Classroom Summative,,,,93.8,In Progress,Progressing,Active,Reviewed
CNHS-SYN-2627-0326,SY 2026-2027,Grade 9,Term 3,82.1,73.5,77.9,78.8,85.7,89.6,80.6,80.8,81.12,1,1,0,73.5,8,Filipino,Moderate Risk,No Recommendation,N/A,Instructional,Classroom Summative,,,,97.2,N/A,N/A,Active,Reviewed
CNHS-SYN-2627-0327,SY 2026-2027,Grade 10,Term 1,99.0,96.2,97.8,93.3,96.2,88.2,84.5,88.3,92.94,0,0,0,84.5,8,Tle,Low Risk,No Recommendation,N/A,Independent,Classroom Summative,,,,91.7,In Progress,Progressing,Active,Reviewed
CNHS-SYN-2627-0327,SY 2026-2027,Grade 10,Term 2,96.8,94.1,93.9,88.6,88.3,93.3,91.1,93.1,92.4,0,0,0,88.3,8,Mapeh,Low Risk,No Recommendation,N/A,Independent,Classroom Summative,,,,99.7,In Progress,Progressing,Active,Reviewed
CNHS-SYN-2627-0327,SY 2026-2027,Grade 10,Term 3,95.0,99.0,95.5,95.7,97.1,95.9,90.1,97.2,95.69,0,0,0,90.1,8,Tle,Low Risk,No Recommendation,N/A,Independent,Classroom Summative,,,,95.1,N/A,N/A,Active,Reviewed
CNHS-SYN-2627-0328,SY 2026-2027,Grade 7,Term 1,99.0,97.1,91.6,87.9,95.8,88.3,95.3,96.3,93.91,0,0,0,87.9,8,Science,Low Risk,No Recommendation,N/A,Independent,Classroom Summative,,,,91.4,In Progress,Progressing,Active,Reviewed
CNHS-SYN-2627-0328,SY 2026-2027,Grade 7,Term 2,92.1,90.2,94.6,93.6,95.0,89.0,95.4,88.5,92.3,0,0,0,88.5,8,Values Education,Low Risk,No Recommendation,N/A,Independent,Classroom Summative,,,,88.8,In Progress,Progressing,Active,Reviewed
CNHS-SYN-2627-0328,SY 2026-2027,Grade 7,Term 3,99.0,92.0,96.0,94.8,87.4,95.4,90.1,91.0,93.21,0,0,0,87.4,8,Mapeh,Low Risk,No Recommendation,N/A,Independent,Classroom Summative,,,,99.6,N/A,N/A,Active,Reviewed
CNHS-SYN-2627-0329,SY 2026-2027,Grade 8,Term 1,77.0,65.8,69.7,68.9,74.3,69.4,73.8,68.8,70.96,7,1,6,65.8,8,Filipino,High Risk,Classroom Remediation,N/A,N/A,Filipino Diagnostic Assessment,19.4,,,81.8,In Progress,Progressing,In Progress,Approved
CNHS-SYN-2627-0329,SY 2026-2027,Grade 8,Term 2,69.2,68.4,70.0,71.9,77.0,60.0,77.4,80.1,71.75,5,2,3,60.0,8,Araling Panlipunan,High Risk,Classroom Remediation,N/A,N/A,Araling Panlipunan Diagnostic Assessment,22.3,28.8,,89.5,In Progress,Progressing,In Progress,Approved
CNHS-SYN-2627-0329,SY 2026-2027,Grade 8,Term 3,69.6,60.4,74.1,72.8,75.9,64.5,65.7,70.4,69.17,7,2,5,60.4,8,Filipino,High Risk,Classroom Remediation,N/A,N/A,Filipino Diagnostic Assessment,17.0,22.4,26.9,80.2,Needs Further Intervention,Limited Improvement,Needs Further Support,Approved
CNHS-SYN-2627-0330,SY 2026-2027,Grade 9,Term 1,91.7,86.6,85.8,85.1,84.4,85.4,88.5,93.7,87.65,0,0,0,84.4,8,Mapeh,Low Risk,No Recommendation,N/A,Independent,Classroom Summative,,,,90.5,In Progress,Progressing,Active,Reviewed
CNHS-SYN-2627-0330,SY 2026-2027,Grade 9,Term 2,89.9,86.6,82.8,90.6,86.8,87.2,79.2,84.3,85.92,0,0,0,79.2,8,Tle,Low Risk,No Recommendation,N/A,Independent,Classroom Summative,,,,93.9,In Progress,Progressing,Active,Reviewed
CNHS-SYN-2627-0330,SY 2026-2027,Grade 9,Term 3,90.4,90.4,86.4,83.3,85.8,87.9,84.3,82.9,86.42,0,0,0,82.9,8,Values Education,Low Risk,No Recommendation,N/A,Independent,Classroom Summative,,,,91.7,N/A,N/A,Active,Reviewed
CNHS-SYN-2627-0331,SY 2026-2027,Grade 10,Term 1,78.7,75.1,71.4,85.5,82.9,79.6,83.0,80.5,79.59,1,0,1,71.4,8,Mathematics,Moderate Risk,Classroom Remediation,N/A,N/A,Mathematics Diagnostic Assessment,21.8,,,80.3,In Progress,Progressing,In Progress,Approved
CNHS-SYN-2627-0331,SY 2026-2027,Grade 10,Term 2,79.9,80.0,82.2,80.3,76.4,78.6,80.6,76.0,79.25,0,0,0,76.0,8,Values Education,Moderate Risk,No Recommendation,N/A,Instructional,Classroom Summative,,,,93.9,In Progress,Progressing,Active,Reviewed
CNHS-SYN-2627-0331,SY 2026-2027,Grade 10,Term 3,85.8,74.5,82.5,75.2,76.1,82.0,77.7,88.4,80.28,1,1,0,74.5,8,Filipino,Moderate Risk,No Recommendation,N/A,Instructional,Classroom Summative,,,,91.6,N/A,N/A,Active,Reviewed
CNHS-SYN-2627-0332,SY 2026-2027,Grade 7,Term 1,85.7,84.9,82.9,87.2,76.4,83.6,80.6,78.1,82.43,0,0,0,76.4,8,Mapeh,Moderate Risk,No Recommendation,N/A,Instructional,Classroom Summative,,,,91.8,In Progress,Progressing,Active,Reviewed
CNHS-SYN-2627-0332,SY 2026-2027,Grade 7,Term 2,83.3,85.5,84.7,81.7,89.3,81.9,75.9,,83.19,0,0,0,75.9,7,Tle,Moderate Risk,No Recommendation,N/A,Instructional,Classroom Summative,,,,82.5,In Progress,Progressing,Active,Reviewed
CNHS-SYN-2627-0332,SY 2026-2027,Grade 7,Term 3,88.8,83.8,78.3,79.6,86.2,86.6,80.8,78.1,82.78,0,0,0,78.1,8,Values Education,Moderate Risk,No Recommendation,N/A,Instructional,Classroom Summative,,,,95.1,N/A,N/A,Active,Reviewed
CNHS-SYN-2627-0333,SY 2026-2027,Grade 8,Term 1,94.0,95.4,97.9,94.8,96.7,93.7,87.6,95.6,94.46,0,0,0,87.6,8,Tle,Low Risk,No Recommendation,N/A,Independent,Classroom Summative,,,,100.0,In Progress,Progressing,Active,Reviewed
CNHS-SYN-2627-0333,SY 2026-2027,Grade 8,Term 2,86.7,93.7,97.3,91.6,82.0,86.2,91.2,92.2,90.11,0,0,0,82.0,8,Mapeh,Low Risk,No Recommendation,N/A,Independent,Classroom Summative,,,,94.3,In Progress,Progressing,Active,Reviewed
CNHS-SYN-2627-0333,SY 2026-2027,Grade 8,Term 3,84.8,97.1,90.4,92.8,95.2,85.4,90.3,90.9,90.86,0,0,0,84.8,8,English,Low Risk,No Recommendation,N/A,Independent,Classroom Summative,,,,97.2,N/A,N/A,Active,Reviewed
CNHS-SYN-2627-0334,SY 2026-2027,Grade 9,Term 1,72.9,72.5,79.1,82.9,72.6,76.4,72.3,68.4,74.64,5,2,3,68.4,8,Values Education,High Risk,Classroom Remediation,N/A,N/A,Values Education Diagnostic Assessment,20.1,,,82.0,In Progress,Progressing,In Progress,Approved
CNHS-SYN-2627-0334,SY 2026-2027,Grade 9,Term 2,70.5,76.4,80.9,81.1,75.1,79.4,73.5,74.7,76.45,3,1,2,70.5,8,English,High Risk,Classroom Remediation,N/A,N/A,English Diagnostic Assessment,18.8,26.8,,78.3,In Progress,Progressing,In Progress,Approved
CNHS-SYN-2627-0334,SY 2026-2027,Grade 9,Term 3,73.0,79.0,78.3,76.7,70.5,71.6,77.6,78.4,75.64,3,1,2,70.5,8,Mapeh,High Risk,Classroom Remediation,N/A,N/A,Mapeh Diagnostic Assessment,21.3,28.3,33.0,76.4,Improved,Improved,Completed,Approved
CNHS-SYN-2627-0335,SY 2026-2027,Grade 10,Term 1,92.3,91.4,86.7,81.8,88.9,81.7,92.5,84.8,87.51,0,0,0,81.7,8,Araling Panlipunan,Low Risk,No Recommendation,N/A,Independent,Classroom Summative,,,,90.6,In Progress,Progressing,Active,Reviewed
CNHS-SYN-2627-0335,SY 2026-2027,Grade 10,Term 2,91.8,87.3,90.3,89.6,92.2,92.8,91.7,92.8,91.06,0,0,0,87.3,8,Filipino,Low Risk,No Recommendation,N/A,Independent,Classroom Summative,,,,96.3,In Progress,Progressing,Active,Reviewed
CNHS-SYN-2627-0335,SY 2026-2027,Grade 10,Term 3,88.8,93.8,91.4,91.3,90.0,91.8,85.8,82.9,89.47,0,0,0,82.9,8,Values Education,Low Risk,No Recommendation,N/A,Independent,Classroom Summative,,,,98.7,N/A,N/A,Active,Reviewed
CNHS-SYN-2627-0336,SY 2026-2027,Grade 7,Term 1,85.3,78.4,77.8,84.1,81.2,82.2,81.9,78.6,81.19,0,0,0,77.8,8,Mathematics,Moderate Risk,No Recommendation,N/A,Instructional,Classroom Summative,,,,94.0,In Progress,Progressing,Active,Reviewed
CNHS-SYN-2627-0336,SY 2026-2027,Grade 7,Term 2,82.7,83.0,82.8,86.6,83.1,76.2,78.9,87.0,82.54,0,0,0,76.2,8,Araling Panlipunan,Moderate Risk,No Recommendation,N/A,Instructional,Classroom Summative,,,,93.7,In Progress,Progressing,Active,Reviewed
CNHS-SYN-2627-0336,SY 2026-2027,Grade 7,Term 3,92.3,87.3,75.4,89.0,84.1,84.9,84.6,87.0,85.58,0,0,0,75.4,8,Mathematics,Low Risk,No Recommendation,N/A,Independent,Classroom Summative,,,,88.8,N/A,N/A,Active,Reviewed
CNHS-SYN-2627-0337,SY 2026-2027,Grade 8,Term 1,77.3,74.9,79.0,78.2,73.9,78.2,76.7,76.1,76.79,2,1,1,73.9,8,Mapeh,High Risk,Classroom Remediation,N/A,N/A,Mapeh Diagnostic Assessment,18.1,,,85.3,In Progress,Progressing,In Progress,Approved
CNHS-SYN-2627-0337,SY 2026-2027,Grade 8,Term 2,81.8,78.6,76.4,66.4,71.9,84.7,80.9,77.3,77.25,2,0,2,66.4,8,Science,High Risk,Classroom Remediation,N/A,N/A,Science Diagnostic Assessment,25.4,31.4,,77.0,In Progress,Progressing,In Progress,Approved
CNHS-SYN-2627-0337,SY 2026-2027,Grade 8,Term 3,75.6,80.8,85.1,74.0,72.7,80.4,71.7,72.0,76.54,4,0,4,71.7,8,Tle,High Risk,Classroom Remediation,N/A,N/A,Tle Diagnostic Assessment,26.0,32.0,38.8,82.5,Improved,Improved,Completed,Approved
CNHS-SYN-2627-0338,SY 2026-2027,Grade 9,Term 1,90.7,88.7,95.2,85.2,83.0,93.4,78.7,86.5,87.68,0,0,0,78.7,8,Tle,Low Risk,No Recommendation,N/A,Independent,Classroom Summative,,,,93.6,In Progress,Progressing,Active,Reviewed
CNHS-SYN-2627-0338,SY 2026-2027,Grade 9,Term 2,83.4,84.8,93.1,92.3,85.5,83.5,80.3,90.7,86.7,0,0,0,80.3,8,Tle,Low Risk,No Recommendation,N/A,Independent,Classroom Summative,,,,84.2,In Progress,Progressing,Active,Reviewed
CNHS-SYN-2627-0338,SY 2026-2027,Grade 9,Term 3,80.0,89.8,90.5,85.3,87.0,86.1,87.2,83.7,86.2,0,0,0,80.0,8,English,Low Risk,No Recommendation,N/A,Independent,Classroom Summative,,,,91.6,N/A,N/A,Active,Reviewed
CNHS-SYN-2627-0339,SY 2026-2027,Grade 10,Term 1,95.0,94.9,99.0,98.5,99.0,99.0,94.8,90.2,96.3,0,0,0,90.2,8,Values Education,Low Risk,No Recommendation,N/A,Independent,Classroom Summative,,,,96.0,In Progress,Progressing,Active,Reviewed
CNHS-SYN-2627-0339,SY 2026-2027,Grade 10,Term 2,99.0,92.3,98.0,91.6,94.0,94.0,96.0,99.0,95.49,0,0,0,91.6,8,Science,Low Risk,No Recommendation,N/A,Independent,Classroom Summative,,,,92.5,In Progress,Progressing,Active,Reviewed
CNHS-SYN-2627-0339,SY 2026-2027,Grade 10,Term 3,94.0,95.5,93.7,95.1,85.4,93.8,94.1,90.2,92.72,0,0,0,85.4,8,Mapeh,Low Risk,No Recommendation,N/A,Independent,Classroom Summative,,,,97.9,N/A,N/A,Active,Reviewed
CNHS-SYN-2627-0340,SY 2026-2027,Grade 7,Term 1,73.1,77.6,81.2,85.8,84.5,80.8,76.5,85.1,80.57,1,1,0,73.1,8,English,Moderate Risk,No Recommendation,N/A,Instructional,Classroom Summative,,,,95.6,In Progress,Progressing,Active,Reviewed
CNHS-SYN-2627-0340,SY 2026-2027,Grade 7,Term 2,78.3,,78.0,83.5,79.6,82.1,86.1,72.4,80.0,1,0,1,72.4,7,Values Education,Moderate Risk,Classroom Remediation,N/A,N/A,Values Education Diagnostic Assessment,24.2,30.1,,79.7,In Progress,Progressing,In Progress,Approved
CNHS-SYN-2627-0340,SY 2026-2027,Grade 7,Term 3,79.5,73.9,81.6,76.9,82.8,75.0,77.8,77.1,78.07,1,1,0,73.9,8,Filipino,Moderate Risk,No Recommendation,N/A,Instructional,Classroom Summative,,,,98.8,N/A,N/A,Active,Reviewed
CNHS-SYN-2627-0341,SY 2026-2027,Grade 8,Term 1,88.4,92.9,91.0,90.8,94.5,88.9,95.2,99.0,92.59,0,0,0,88.4,8,English,Low Risk,No Recommendation,N/A,Independent,Classroom Summative,,,,93.7,In Progress,Progressing,Active,Reviewed
CNHS-SYN-2627-0341,SY 2026-2027,Grade 8,Term 2,97.2,88.6,99.0,88.6,99.0,88.7,94.0,85.5,92.57,0,0,0,85.5,8,Values Education,Low Risk,No Recommendation,N/A,Independent,Classroom Summative,,,,90.2,In Progress,Progressing,Active,Reviewed
CNHS-SYN-2627-0341,SY 2026-2027,Grade 8,Term 3,87.3,97.4,88.6,88.7,88.2,95.8,95.3,96.3,92.2,0,0,0,87.3,8,English,Low Risk,No Recommendation,N/A,Independent,Classroom Summative,,,,98.7,N/A,N/A,Active,Reviewed
CNHS-SYN-2627-0342,SY 2026-2027,Grade 9,Term 1,77.7,74.8,79.0,66.9,77.7,72.6,74.2,74.3,74.65,5,1,4,66.9,8,Science,High Risk,Classroom Remediation,N/A,N/A,Science Diagnostic Assessment,21.5,,,85.5,In Progress,Progressing,In Progress,Approved
CNHS-SYN-2627-0342,SY 2026-2027,Grade 9,Term 2,84.9,77.9,72.1,74.1,78.9,75.1,73.5,73.4,76.24,4,0,4,72.1,8,Mathematics,High Risk,Classroom Remediation,N/A,N/A,Mathematics Diagnostic Assessment,17.2,23.7,,80.0,In Progress,Progressing,In Progress,Approved
CNHS-SYN-2627-0342,SY 2026-2027,Grade 9,Term 3,74.1,81.9,73.1,77.4,79.5,77.4,81.5,72.5,77.17,3,1,2,72.5,8,Values Education,High Risk,Classroom Remediation,N/A,N/A,Values Education Diagnostic Assessment,20.1,26.2,31.0,85.1,Improved,Improved,Completed,Approved
CNHS-SYN-2627-0343,SY 2026-2027,Grade 10,Term 1,78.3,78.9,82.4,72.7,73.0,73.2,79.0,79.1,77.07,3,0,3,72.7,8,Science,High Risk,Classroom Remediation,N/A,N/A,Science Diagnostic Assessment,22.0,,,81.1,In Progress,Progressing,In Progress,Approved
CNHS-SYN-2627-0343,SY 2026-2027,Grade 10,Term 2,80.8,78.7,85.7,72.5,71.2,74.3,79.2,75.4,77.22,3,0,3,71.2,8,Mapeh,High Risk,Classroom Remediation,N/A,N/A,Mapeh Diagnostic Assessment,23.9,29.6,,87.3,In Progress,Progressing,In Progress,Approved
CNHS-SYN-2627-0343,SY 2026-2027,Grade 10,Term 3,82.5,75.1,80.4,78.1,79.0,81.9,80.8,79.0,79.6,0,0,0,75.1,8,Filipino,Moderate Risk,No Recommendation,N/A,Instructional,Classroom Summative,,,,89.6,N/A,N/A,Active,Reviewed
CNHS-SYN-2627-0344,SY 2026-2027,Grade 7,Term 1,91.1,81.6,87.4,90.2,85.9,91.0,83.4,89.4,87.5,0,0,0,81.6,8,Filipino,Low Risk,No Recommendation,N/A,Independent,Classroom Summative,,,,96.8,In Progress,Progressing,Active,Reviewed
CNHS-SYN-2627-0344,SY 2026-2027,Grade 7,Term 2,88.6,94.1,97.2,79.4,88.2,81.1,84.7,85.0,87.29,0,0,0,79.4,8,Science,Low Risk,No Recommendation,N/A,Independent,Classroom Summative,,,,95.3,In Progress,Progressing,Active,Reviewed
CNHS-SYN-2627-0344,SY 2026-2027,Grade 7,Term 3,94.6,92.1,94.0,83.9,92.0,75.5,93.8,93.1,89.88,0,0,0,75.5,8,Araling Panlipunan,Low Risk,No Recommendation,N/A,Independent,Classroom Summative,,,,100.0,N/A,N/A,Active,Reviewed
CNHS-SYN-2627-0345,SY 2026-2027,Grade 8,Term 1,88.3,94.3,94.1,89.6,92.0,87.2,90.7,95.9,91.51,0,0,0,87.2,8,Araling Panlipunan,Low Risk,No Recommendation,N/A,Independent,Classroom Summative,,,,96.7,In Progress,Progressing,Active,Reviewed
CNHS-SYN-2627-0345,SY 2026-2027,Grade 8,Term 2,96.4,96.5,90.3,93.5,96.4,87.0,87.0,86.8,91.74,0,0,0,86.8,8,Values Education,Low Risk,No Recommendation,N/A,Independent,Classroom Summative,,,,90.3,In Progress,Progressing,Active,Reviewed
CNHS-SYN-2627-0345,SY 2026-2027,Grade 8,Term 3,90.8,98.5,91.1,86.5,92.9,91.5,89.3,90.0,91.33,0,0,0,86.5,8,Science,Low Risk,No Recommendation,N/A,Independent,Classroom Summative,,,,89.1,N/A,N/A,Active,Reviewed
CNHS-SYN-2627-0346,SY 2026-2027,Grade 9,Term 1,75.3,79.5,82.1,84.3,74.9,82.6,79.9,85.2,80.47,1,0,1,74.9,8,Mapeh,Moderate Risk,Classroom Remediation,N/A,N/A,Mapeh Diagnostic Assessment,24.0,,,80.9,In Progress,Progressing,In Progress,Approved
CNHS-SYN-2627-0346,SY 2026-2027,Grade 9,Term 2,81.1,86.7,81.4,82.8,90.0,82.8,72.0,78.8,81.95,1,0,1,72.0,8,Tle,Moderate Risk,Classroom Remediation,N/A,N/A,Tle Diagnostic Assessment,19.4,25.6,,84.8,In Progress,Progressing,In Progress,Approved
CNHS-SYN-2627-0346,SY 2026-2027,Grade 9,Term 3,82.4,75.4,84.4,86.5,75.8,80.1,82.6,81.7,81.11,0,0,0,75.4,8,Filipino,Moderate Risk,No Recommendation,N/A,Instructional,Classroom Summative,,,,96.5,N/A,N/A,Active,Reviewed
CNHS-SYN-2627-0347,SY 2026-2027,Grade 10,Term 1,85.7,90.9,86.3,86.1,82.0,89.2,91.1,82.8,86.76,0,0,0,82.0,8,Mapeh,Low Risk,No Recommendation,N/A,Independent,Classroom Summative,,,,92.3,In Progress,Progressing,Active,Reviewed
CNHS-SYN-2627-0347,SY 2026-2027,Grade 10,Term 2,91.2,92.5,87.3,74.7,90.8,86.6,86.6,90.1,87.47,1,0,1,74.7,8,Science,Moderate Risk,Classroom Remediation,N/A,N/A,Science Diagnostic Assessment,25.4,30.9,,86.0,In Progress,Progressing,In Progress,Approved
CNHS-SYN-2627-0347,SY 2026-2027,Grade 10,Term 3,93.3,88.6,88.6,89.8,82.7,91.8,87.2,85.5,88.44,0,0,0,82.7,8,Mapeh,Low Risk,No Recommendation,N/A,Independent,Classroom Summative,,,,96.2,N/A,N/A,Active,Reviewed
CNHS-SYN-2627-0348,SY 2026-2027,Grade 7,Term 1,85.5,89.3,88.3,76.0,84.5,80.5,82.1,89.9,84.51,0,0,0,76.0,8,Science,Low Risk,No Recommendation,N/A,Independent,Classroom Summative,,,,95.0,In Progress,Progressing,Active,Reviewed
CNHS-SYN-2627-0348,SY 2026-2027,Grade 7,Term 2,85.7,85.0,85.6,87.3,87.7,79.5,90.4,81.6,85.35,0,0,0,79.5,8,Araling Panlipunan,Low Risk,No Recommendation,N/A,Independent,Classroom Summative,,,,89.9,In Progress,Progressing,Active,Reviewed
CNHS-SYN-2627-0348,SY 2026-2027,Grade 7,Term 3,85.9,82.8,87.3,85.3,81.7,87.3,87.8,96.3,86.8,0,0,0,81.7,8,Mapeh,Low Risk,No Recommendation,N/A,Independent,Classroom Summative,,,,98.1,N/A,N/A,Active,Reviewed
CNHS-SYN-2627-0349,SY 2026-2027,Grade 8,Term 1,87.4,75.4,76.6,81.0,78.2,78.3,81.3,89.3,80.94,0,0,0,75.4,8,Filipino,Moderate Risk,No Recommendation,N/A,Instructional,Classroom Summative,,,,100.0,In Progress,Progressing,Active,Reviewed
CNHS-SYN-2627-0349,SY 2026-2027,Grade 8,Term 2,71.0,82.1,75.3,85.3,84.1,81.2,76.1,77.1,79.03,1,1,0,71.0,8,English,Moderate Risk,No Recommendation,N/A,Instructional,Classroom Summative,,,,96.7,In Progress,Progressing,Active,Reviewed
CNHS-SYN-2627-0349,SY 2026-2027,Grade 8,Term 3,79.5,83.4,85.0,75.7,80.7,80.7,78.6,82.5,80.76,0,0,0,75.7,8,Science,Moderate Risk,No Recommendation,N/A,Instructional,Classroom Summative,,,,92.0,N/A,N/A,Active,Reviewed
CNHS-SYN-2627-0350,SY 2026-2027,Grade 9,Term 1,71.8,67.9,63.2,72.0,75.6,70.4,73.8,70.8,70.69,7,2,5,63.2,8,Mathematics,High Risk,Classroom Remediation,N/A,N/A,Mathematics Diagnostic Assessment,25.6,,,78.5,In Progress,Progressing,In Progress,Approved
CNHS-SYN-2627-0350,SY 2026-2027,Grade 9,Term 2,74.2,69.0,77.8,70.4,67.4,63.7,74.4,67.1,70.5,7,2,5,63.7,8,Araling Panlipunan,High Risk,Classroom Remediation,N/A,N/A,Araling Panlipunan Diagnostic Assessment,16.9,24.7,,80.0,In Progress,Progressing,In Progress,Approved
CNHS-SYN-2627-0350,SY 2026-2027,Grade 9,Term 3,61.5,60.4,71.0,73.6,71.6,71.0,67.6,75.8,69.06,7,2,5,60.4,8,Filipino,High Risk,Classroom Remediation,N/A,N/A,Filipino Diagnostic Assessment,21.9,28.1,34.6,82.0,Improved,Improved,Completed,Approved
CNHS-SYN-2627-0351,SY 2026-2027,Grade 10,Term 1,72.6,69.7,72.0,73.2,65.7,66.0,72.9,70.1,70.28,8,2,6,65.7,8,Mapeh,High Risk,Classroom Remediation,N/A,N/A,Mapeh Diagnostic Assessment,18.5,,,71.1,In Progress,Progressing,In Progress,Approved
CNHS-SYN-2627-0351,SY 2026-2027,Grade 10,Term 2,77.3,75.6,76.5,68.1,72.1,67.5,72.1,71.0,72.53,5,0,5,67.5,8,Araling Panlipunan,High Risk,Classroom Remediation,N/A,N/A,Araling Panlipunan Diagnostic Assessment,16.4,22.3,,82.4,In Progress,Progressing,In Progress,Approved
CNHS-SYN-2627-0351,SY 2026-2027,Grade 10,Term 3,61.3,64.1,79.9,71.0,73.3,72.4,77.8,65.1,70.61,6,2,4,61.3,8,English,High Risk,Classroom Remediation,N/A,N/A,English Diagnostic Assessment,19.4,25.2,31.5,80.3,Improved,Improved,Completed,Approved
CNHS-SYN-2627-0352,SY 2026-2027,Grade 7,Term 1,93.7,89.6,99.0,91.0,,89.9,94.9,91.3,92.77,0,0,0,89.6,7,Filipino,Low Risk,No Recommendation,N/A,Independent,Classroom Summative,,,,98.2,In Progress,Progressing,Active,Reviewed
CNHS-SYN-2627-0352,SY 2026-2027,Grade 7,Term 2,85.3,90.8,91.5,92.4,92.2,90.9,88.2,,90.19,0,0,0,85.3,7,English,Low Risk,No Recommendation,N/A,Independent,Classroom Summative,,,,97.9,In Progress,Progressing,Active,Reviewed
CNHS-SYN-2627-0352,SY 2026-2027,Grade 7,Term 3,94.2,92.0,84.9,90.1,93.3,89.9,92.1,90.1,90.82,0,0,0,84.9,8,Mathematics,Low Risk,No Recommendation,N/A,Independent,Classroom Summative,,,,98.9,N/A,N/A,Active,Reviewed
CNHS-SYN-2627-0353,SY 2026-2027,Grade 8,Term 1,75.6,64.9,71.2,83.0,73.0,83.6,70.9,71.5,74.21,5,1,4,64.9,8,Filipino,High Risk,Classroom Remediation,N/A,N/A,Filipino Diagnostic Assessment,18.1,,,82.7,In Progress,Progressing,In Progress,Approved
CNHS-SYN-2627-0353,SY 2026-2027,Grade 8,Term 2,68.4,69.4,77.5,77.7,73.0,75.6,67.8,75.0,73.05,4,2,2,67.8,8,Tle,High Risk,Classroom Remediation,N/A,N/A,Tle Diagnostic Assessment,19.9,27.5,,76.1,In Progress,Progressing,In Progress,Approved
CNHS-SYN-2627-0353,SY 2026-2027,Grade 8,Term 3,77.6,74.8,70.5,67.3,64.6,81.6,73.3,76.9,73.32,5,1,4,64.6,8,Mapeh,High Risk,Classroom Remediation,N/A,N/A,Mapeh Diagnostic Assessment,25.0,32.8,36.9,82.4,Improved,Improved,Completed,Approved
CNHS-SYN-2627-0354,SY 2026-2027,Grade 9,Term 1,89.4,91.9,93.1,95.8,88.3,90.2,83.0,91.3,90.38,0,0,0,83.0,8,Tle,Low Risk,No Recommendation,N/A,Independent,Classroom Summative,,,,92.9,In Progress,Progressing,Active,Reviewed
CNHS-SYN-2627-0354,SY 2026-2027,Grade 9,Term 2,94.3,94.4,86.1,93.1,89.9,94.9,95.6,96.2,93.06,0,0,0,86.1,8,Mathematics,Low Risk,No Recommendation,N/A,Independent,Classroom Summative,,,,95.4,In Progress,Progressing,Active,Reviewed
CNHS-SYN-2627-0354,SY 2026-2027,Grade 9,Term 3,86.5,97.4,97.1,93.8,88.5,92.1,88.0,90.1,91.69,0,0,0,86.5,8,English,Low Risk,No Recommendation,N/A,Independent,Classroom Summative,,,,87.0,N/A,N/A,Active,Reviewed
CNHS-SYN-2627-0355,SY 2026-2027,Grade 10,Term 1,76.9,75.3,76.7,75.3,68.2,79.9,83.0,72.5,75.97,2,0,2,68.2,8,Mapeh,High Risk,Classroom Remediation,N/A,N/A,Mapeh Diagnostic Assessment,22.1,,,100.0,In Progress,Progressing,In Progress,Approved
CNHS-SYN-2627-0355,SY 2026-2027,Grade 10,Term 2,79.3,77.2,79.9,79.8,74.4,,79.1,79.7,78.49,1,0,1,74.4,7,Mapeh,Moderate Risk,Classroom Remediation,N/A,N/A,Mapeh Diagnostic Assessment,25.8,31.4,,80.7,In Progress,Progressing,In Progress,Approved
CNHS-SYN-2627-0355,SY 2026-2027,Grade 10,Term 3,69.0,76.2,69.6,67.9,79.4,81.3,69.5,75.9,73.6,4,1,3,67.9,8,Science,High Risk,Classroom Remediation,N/A,N/A,Science Diagnostic Assessment,22.6,30.6,36.8,75.9,Improved,Improved,Completed,Approved
CNHS-SYN-2627-0356,SY 2026-2027,Grade 7,Term 1,94.9,99.0,99.0,86.2,96.9,99.0,94.5,94.1,95.45,0,0,0,86.2,8,Science,Low Risk,No Recommendation,N/A,Independent,Classroom Summative,,,,91.5,In Progress,Progressing,Active,Reviewed
CNHS-SYN-2627-0356,SY 2026-2027,Grade 7,Term 2,97.2,99.0,98.1,93.9,95.3,99.0,98.0,94.7,96.9,0,0,0,93.9,8,Science,Low Risk,No Recommendation,N/A,Independent,Classroom Summative,,,,91.4,In Progress,Progressing,Active,Reviewed
CNHS-SYN-2627-0356,SY 2026-2027,Grade 7,Term 3,99.0,91.8,99.0,94.9,89.7,95.7,91.9,93.4,94.43,0,0,0,89.7,8,Mapeh,Low Risk,No Recommendation,N/A,Independent,Classroom Summative,,,,93.2,N/A,N/A,Active,Reviewed
CNHS-SYN-2627-0357,SY 2026-2027,Grade 8,Term 1,65.6,68.7,74.8,72.9,76.4,69.6,72.7,72.9,71.7,7,2,5,65.6,8,English,High Risk,Classroom Remediation,N/A,N/A,English Diagnostic Assessment,24.1,,,79.4,In Progress,Progressing,In Progress,Approved
CNHS-SYN-2627-0357,SY 2026-2027,Grade 8,Term 2,67.2,70.3,67.3,67.9,69.0,71.7,67.9,72.5,69.22,8,2,6,67.2,8,English,High Risk,Classroom Remediation,N/A,N/A,English Diagnostic Assessment,23.8,28.8,,82.5,In Progress,Progressing,In Progress,Approved
CNHS-SYN-2627-0357,SY 2026-2027,Grade 8,Term 3,63.9,67.7,71.5,68.0,77.3,70.3,69.1,72.2,70.0,7,2,5,63.9,8,English,High Risk,Classroom Remediation,N/A,N/A,English Diagnostic Assessment,24.3,31.4,38.6,84.7,Improved,Improved,Completed,Approved
CNHS-SYN-2627-0358,SY 2026-2027,Grade 9,Term 1,70.4,74.1,74.9,75.6,84.7,81.6,83.3,81.5,78.26,3,2,1,70.4,8,English,High Risk,Classroom Remediation,N/A,N/A,English Diagnostic Assessment,22.3,,,81.7,In Progress,Progressing,In Progress,Approved
CNHS-SYN-2627-0358,SY 2026-2027,Grade 9,Term 2,74.3,82.9,81.2,84.1,74.3,77.3,72.8,81.0,78.49,3,1,2,72.8,8,Tle,High Risk,Classroom Remediation,N/A,N/A,Tle Diagnostic Assessment,19.5,26.8,,74.5,In Progress,Progressing,In Progress,Approved
CNHS-SYN-2627-0358,SY 2026-2027,Grade 9,Term 3,78.5,79.9,71.2,79.3,75.7,75.4,77.1,80.1,77.15,1,0,1,71.2,8,Mathematics,Moderate Risk,Classroom Remediation,N/A,N/A,Mathematics Diagnostic Assessment,25.9,32.4,39.1,77.8,Improved,Improved,Completed,Approved
CNHS-SYN-2627-0359,SY 2026-2027,Grade 10,Term 1,83.6,82.8,86.6,89.8,83.7,81.4,78.3,86.2,84.05,0,0,0,78.3,8,Tle,Low Risk,No Recommendation,N/A,Independent,Classroom Summative,,,,100.0,In Progress,Progressing,Active,Reviewed
CNHS-SYN-2627-0359,SY 2026-2027,Grade 10,Term 2,93.6,82.2,77.2,86.2,91.7,78.8,91.0,76.7,84.68,0,0,0,76.7,8,Values Education,Low Risk,No Recommendation,N/A,Independent,Classroom Summative,,,,95.1,In Progress,Progressing,Active,Reviewed
CNHS-SYN-2627-0359,SY 2026-2027,Grade 10,Term 3,86.9,82.8,85.2,87.9,88.4,81.4,80.5,87.8,85.11,0,0,0,80.5,8,Tle,Low Risk,No Recommendation,N/A,Independent,Classroom Summative,,,,96.1,N/A,N/A,Active,Reviewed
CNHS-SYN-2627-0360,SY 2026-2027,Grade 7,Term 1,76.4,76.4,80.3,73.4,79.9,77.4,74.3,72.3,76.3,3,0,3,72.3,8,Values Education,High Risk,Classroom Remediation,N/A,N/A,Values Education Diagnostic Assessment,22.7,,,76.9,In Progress,Progressing,In Progress,Approved
CNHS-SYN-2627-0360,SY 2026-2027,Grade 7,Term 2,80.1,79.8,80.4,77.0,80.1,74.2,78.1,77.1,78.35,1,0,1,74.2,8,Araling Panlipunan,Moderate Risk,Classroom Remediation,N/A,N/A,Araling Panlipunan Diagnostic Assessment,17.1,23.9,,76.8,In Progress,Progressing,In Progress,Approved
CNHS-SYN-2627-0360,SY 2026-2027,Grade 7,Term 3,78.2,70.3,77.6,68.9,76.2,75.4,81.7,83.6,76.49,2,1,1,68.9,8,Science,High Risk,Classroom Remediation,N/A,N/A,Science Diagnostic Assessment,21.0,28.6,37.3,82.4,Improved,Improved,Completed,Approved
CNHS-SYN-2627-0361,SY 2026-2027,Grade 8,Term 1,98.0,98.1,85.5,93.6,95.7,91.8,90.0,86.7,92.42,0,0,0,85.5,8,Mathematics,Low Risk,No Recommendation,N/A,Independent,Classroom Summative,,,,94.5,In Progress,Progressing,Active,Reviewed
CNHS-SYN-2627-0361,SY 2026-2027,Grade 8,Term 2,94.5,94.4,99.0,87.1,90.6,98.3,90.7,92.1,93.34,0,0,0,87.1,8,Science,Low Risk,No Recommendation,N/A,Independent,Classroom Summative,,,,96.5,In Progress,Progressing,Active,Reviewed
CNHS-SYN-2627-0361,SY 2026-2027,Grade 8,Term 3,87.5,94.6,94.3,88.1,93.2,94.9,93.6,98.6,93.1,0,0,0,87.5,8,English,Low Risk,No Recommendation,N/A,Independent,Classroom Summative,,,,98.0,N/A,N/A,Active,Reviewed
CNHS-SYN-2627-0362,SY 2026-2027,Grade 9,Term 1,83.7,80.5,75.1,83.2,78.4,79.1,79.4,83.1,80.31,0,0,0,75.1,8,Mathematics,Moderate Risk,No Recommendation,N/A,Instructional,Classroom Summative,,,,93.4,In Progress,Progressing,Active,Reviewed
CNHS-SYN-2627-0362,SY 2026-2027,Grade 9,Term 2,78.6,71.6,76.9,76.7,81.5,79.9,76.9,80.9,77.88,1,1,0,71.6,8,Filipino,Moderate Risk,No Recommendation,N/A,Instructional,Classroom Summative,,,,85.1,In Progress,Progressing,Active,Reviewed
CNHS-SYN-2627-0362,SY 2026-2027,Grade 9,Term 3,83.6,83.2,78.7,81.6,79.1,74.2,88.5,83.2,81.51,1,0,1,74.2,8,Araling Panlipunan,Moderate Risk,Classroom Remediation,N/A,N/A,Araling Panlipunan Diagnostic Assessment,25.6,33.6,38.0,80.9,Improved,Improved,Completed,Approved
CNHS-SYN-2627-0363,SY 2026-2027,Grade 10,Term 1,71.6,68.1,70.6,78.8,72.1,73.5,74.1,67.1,71.99,7,2,5,67.1,8,Values Education,High Risk,Classroom Remediation,N/A,N/A,Values Education Diagnostic Assessment,23.7,,,77.8,In Progress,Progressing,In Progress,Approved
CNHS-SYN-2627-0363,SY 2026-2027,Grade 10,Term 2,73.4,68.0,76.8,70.4,78.7,70.8,71.2,77.4,73.34,5,2,3,68.0,8,Filipino,High Risk,Classroom Remediation,N/A,N/A,Filipino Diagnostic Assessment,22.3,29.6,,82.2,In Progress,Progressing,In Progress,Approved
CNHS-SYN-2627-0363,SY 2026-2027,Grade 10,Term 3,70.5,74.1,69.7,75.1,72.9,73.9,75.7,70.2,72.76,6,2,4,69.7,8,Mathematics,High Risk,Classroom Remediation,N/A,N/A,Mathematics Diagnostic Assessment,19.9,26.3,34.8,78.7,Improved,Improved,Completed,Approved
CNHS-SYN-2627-0364,SY 2026-2027,Grade 7,Term 1,95.1,90.6,91.5,85.6,80.3,81.8,85.5,89.3,87.46,0,0,0,80.3,8,Mapeh,Low Risk,No Recommendation,N/A,Independent,Classroom Summative,,,,98.2,In Progress,Progressing,Active,Reviewed
CNHS-SYN-2627-0364,SY 2026-2027,Grade 7,Term 2,96.4,86.1,95.4,80.1,93.3,86.1,85.4,86.2,88.62,0,0,0,80.1,8,Science,Low Risk,No Recommendation,N/A,Independent,Classroom Summative,,,,99.3,In Progress,Progressing,Active,Reviewed
CNHS-SYN-2627-0364,SY 2026-2027,Grade 7,Term 3,86.9,87.3,82.1,83.5,83.6,83.4,85.6,82.0,84.3,0,0,0,82.0,8,Values Education,Low Risk,No Recommendation,N/A,Independent,Classroom Summative,,,,93.5,N/A,N/A,Active,Reviewed
CNHS-SYN-2627-0365,SY 2026-2027,Grade 8,Term 1,66.5,63.3,69.4,72.8,69.3,69.0,69.6,61.7,67.7,8,2,6,61.7,8,Values Education,High Risk,Classroom Remediation,N/A,N/A,Values Education Diagnostic Assessment,25.2,,,87.2,In Progress,Progressing,In Progress,Approved
CNHS-SYN-2627-0365,SY 2026-2027,Grade 8,Term 2,65.5,69.1,68.2,61.1,68.1,64.9,69.3,71.4,67.2,8,2,6,61.1,8,Science,High Risk,Classroom Remediation,N/A,N/A,Science Diagnostic Assessment,24.2,31.1,,72.2,In Progress,Progressing,In Progress,Approved
CNHS-SYN-2627-0365,SY 2026-2027,Grade 8,Term 3,68.3,65.3,66.5,68.4,67.5,71.1,67.9,60.6,66.95,8,2,6,60.6,8,Values Education,High Risk,Classroom Remediation,N/A,N/A,Values Education Diagnostic Assessment,21.7,27.0,32.3,87.5,Improved,Improved,Completed,Approved
CNHS-SYN-2627-0366,SY 2026-2027,Grade 9,Term 1,83.5,76.8,79.8,69.6,71.7,79.6,80.2,76.2,77.18,2,0,2,69.6,8,Science,High Risk,Classroom Remediation,N/A,N/A,Science Diagnostic Assessment,24.9,,,84.1,In Progress,Progressing,In Progress,Approved
CNHS-SYN-2627-0366,SY 2026-2027,Grade 9,Term 2,78.3,79.1,77.7,72.5,73.5,83.5,75.3,80.8,77.59,2,0,2,72.5,8,Science,High Risk,Classroom Remediation,N/A,N/A,Science Diagnostic Assessment,24.8,31.4,,80.5,In Progress,Progressing,In Progress,Approved
CNHS-SYN-2627-0366,SY 2026-2027,Grade 9,Term 3,83.6,85.5,79.0,76.1,72.7,72.4,83.2,72.1,78.08,3,0,3,72.1,8,Values Education,High Risk,Classroom Remediation,N/A,N/A,Values Education Diagnostic Assessment,17.4,23.5,32.3,76.0,Improved,Improved,Completed,Approved
CNHS-SYN-2627-0367,SY 2026-2027,Grade 10,Term 1,92.2,93.5,91.2,92.5,92.6,80.6,93.4,91.4,90.92,0,0,0,80.6,8,Araling Panlipunan,Low Risk,No Recommendation,N/A,Independent,Classroom Summative,,,,98.1,In Progress,Progressing,Active,Reviewed
CNHS-SYN-2627-0367,SY 2026-2027,Grade 10,Term 2,87.2,89.2,94.0,82.1,90.1,94.2,92.4,91.2,90.05,0,0,0,82.1,8,Science,Low Risk,No Recommendation,N/A,Independent,Classroom Summative,,,,95.9,In Progress,Progressing,Active,Reviewed
CNHS-SYN-2627-0367,SY 2026-2027,Grade 10,Term 3,93.1,92.3,92.4,91.8,85.0,96.5,88.1,93.1,91.54,0,0,0,85.0,8,Mapeh,Low Risk,No Recommendation,N/A,Independent,Classroom Summative,,,,90.0,N/A,N/A,Active,Reviewed
CNHS-SYN-2627-0368,SY 2026-2027,Grade 7,Term 1,97.4,88.8,86.8,90.1,88.2,89.3,88.2,92.8,90.2,0,0,0,86.8,8,Mathematics,Low Risk,No Recommendation,N/A,Independent,Classroom Summative,,,,97.9,In Progress,Progressing,Active,Reviewed
CNHS-SYN-2627-0368,SY 2026-2027,Grade 7,Term 2,97.3,99.0,88.5,90.8,93.7,94.9,90.8,91.3,93.29,0,0,0,88.5,8,Mathematics,Low Risk,No Recommendation,N/A,Independent,Classroom Summative,,,,93.0,In Progress,Progressing,Active,Reviewed
CNHS-SYN-2627-0368,SY 2026-2027,Grade 7,Term 3,99.0,97.9,95.0,88.4,88.5,92.4,97.5,92.5,93.9,0,0,0,88.4,8,Science,Low Risk,No Recommendation,N/A,Independent,Classroom Summative,,,,91.4,N/A,N/A,Active,Reviewed
CNHS-SYN-2627-0369,SY 2026-2027,Grade 8,Term 1,77.3,73.0,79.2,72.7,78.4,77.4,83.5,74.3,76.98,3,1,2,72.7,8,Science,High Risk,Classroom Remediation,N/A,N/A,Science Diagnostic Assessment,22.5,,,85.9,In Progress,Progressing,In Progress,Approved
CNHS-SYN-2627-0369,SY 2026-2027,Grade 8,Term 2,75.9,72.3,77.0,74.8,73.0,70.2,80.4,75.5,74.89,4,1,3,70.2,8,Araling Panlipunan,High Risk,Classroom Remediation,N/A,N/A,Araling Panlipunan Diagnostic Assessment,24.4,29.8,,85.0,In Progress,Progressing,In Progress,Approved
CNHS-SYN-2627-0369,SY 2026-2027,Grade 8,Term 3,82.3,78.6,75.1,72.0,74.2,78.0,83.0,74.7,77.24,3,0,3,72.0,8,Science,High Risk,Classroom Remediation,N/A,N/A,Science Diagnostic Assessment,17.8,25.6,30.8,81.3,Improved,Improved,Completed,Approved
CNHS-SYN-2627-0370,SY 2026-2027,Grade 9,Term 1,88.8,90.8,92.9,89.4,80.7,88.4,84.9,85.4,87.66,0,0,0,80.7,8,Mapeh,Low Risk,No Recommendation,N/A,Independent,Classroom Summative,,,,99.9,In Progress,Progressing,Active,Reviewed
CNHS-SYN-2627-0370,SY 2026-2027,Grade 9,Term 2,88.4,96.7,85.7,92.1,89.1,88.2,92.7,85.0,89.74,0,0,0,85.0,8,Values Education,Low Risk,No Recommendation,N/A,Independent,Classroom Summative,,,,93.3,In Progress,Progressing,Active,Reviewed
CNHS-SYN-2627-0370,SY 2026-2027,Grade 9,Term 3,86.8,84.2,95.9,91.8,85.6,89.5,87.9,86.1,88.47,0,0,0,84.2,8,Filipino,Low Risk,No Recommendation,N/A,Independent,Classroom Summative,,,,91.8,N/A,N/A,Active,Reviewed
CNHS-SYN-2627-0371,SY 2026-2027,Grade 10,Term 1,78.5,75.9,81.0,78.9,85.8,84.1,80.3,84.2,81.09,0,0,0,75.9,8,Filipino,Moderate Risk,No Recommendation,N/A,Instructional,Classroom Summative,,,,93.1,In Progress,Progressing,Active,Reviewed
CNHS-SYN-2627-0371,SY 2026-2027,Grade 10,Term 2,81.6,88.6,84.8,81.0,85.6,85.4,83.2,80.9,83.89,0,0,0,80.9,8,Values Education,Low Risk,No Recommendation,N/A,Independent,Classroom Summative,,,,90.2,In Progress,Progressing,Active,Reviewed
CNHS-SYN-2627-0371,SY 2026-2027,Grade 10,Term 3,82.5,79.5,80.7,84.5,88.6,83.6,81.8,82.1,82.91,0,0,0,79.5,8,Filipino,Moderate Risk,No Recommendation,N/A,Instructional,Classroom Summative,,,,95.4,N/A,N/A,Active,Reviewed
CNHS-SYN-2627-0372,SY 2026-2027,Grade 7,Term 1,80.3,85.1,80.2,84.9,82.1,78.3,81.5,91.0,82.92,0,0,0,78.3,8,Araling Panlipunan,Moderate Risk,No Recommendation,N/A,Instructional,Classroom Summative,,,,94.6,In Progress,Progressing,Active,Reviewed
CNHS-SYN-2627-0372,SY 2026-2027,Grade 7,Term 2,79.8,88.9,86.1,83.4,86.1,83.6,82.7,80.4,83.88,0,0,0,79.8,8,English,Low Risk,No Recommendation,N/A,Independent,Classroom Summative,,,,92.4,In Progress,Progressing,Active,Reviewed
CNHS-SYN-2627-0372,SY 2026-2027,Grade 7,Term 3,83.7,76.5,86.9,90.0,81.0,87.1,82.1,80.4,83.46,0,0,0,76.5,8,Filipino,Moderate Risk,No Recommendation,N/A,Instructional,Classroom Summative,,,,94.3,N/A,N/A,Active,Reviewed
CNHS-SYN-2627-0373,SY 2026-2027,Grade 8,Term 1,95.6,93.1,93.4,93.3,88.4,99.0,96.6,,94.2,0,0,0,88.4,7,Mapeh,Low Risk,No Recommendation,N/A,Independent,Classroom Summative,,,,94.7,In Progress,Progressing,Active,Reviewed
CNHS-SYN-2627-0373,SY 2026-2027,Grade 8,Term 2,99.0,94.8,99.0,88.4,89.0,99.0,91.9,89.1,93.78,0,0,0,88.4,8,Science,Low Risk,No Recommendation,N/A,Independent,Classroom Summative,,,,98.4,In Progress,Progressing,Active,Reviewed
CNHS-SYN-2627-0373,SY 2026-2027,Grade 8,Term 3,92.8,95.6,87.6,91.7,97.3,90.5,88.7,90.6,91.85,0,0,0,87.6,8,Mathematics,Low Risk,No Recommendation,N/A,Independent,Classroom Summative,,,,96.7,N/A,N/A,Active,Reviewed
CNHS-SYN-2627-0374,SY 2026-2027,Grade 9,Term 1,92.6,97.2,99.0,91.1,90.8,90.4,97.8,94.5,94.17,0,0,0,90.4,8,Araling Panlipunan,Low Risk,No Recommendation,N/A,Independent,Classroom Summative,,,,92.2,In Progress,Progressing,Active,Reviewed
CNHS-SYN-2627-0374,SY 2026-2027,Grade 9,Term 2,97.9,94.5,90.3,98.2,94.5,93.5,95.8,89.2,94.24,0,0,0,89.2,8,Values Education,Low Risk,No Recommendation,N/A,Independent,Classroom Summative,,,,91.9,In Progress,Progressing,Active,Reviewed
CNHS-SYN-2627-0374,SY 2026-2027,Grade 9,Term 3,95.0,99.0,98.6,94.0,94.3,85.0,91.6,95.3,94.1,0,0,0,85.0,8,Araling Panlipunan,Low Risk,No Recommendation,N/A,Independent,Classroom Summative,,,,89.4,N/A,N/A,Active,Reviewed
CNHS-SYN-2627-0375,SY 2026-2027,Grade 10,Term 1,79.2,72.7,74.8,83.4,72.3,74.3,84.1,74.4,76.9,5,1,4,72.3,8,Mapeh,High Risk,Classroom Remediation,N/A,N/A,Mapeh Diagnostic Assessment,22.9,,,79.9,In Progress,Progressing,In Progress,Approved
CNHS-SYN-2627-0375,SY 2026-2027,Grade 10,Term 2,76.8,79.2,74.2,85.1,80.5,75.2,75.7,83.9,78.83,1,0,1,74.2,8,Mathematics,Moderate Risk,Classroom Remediation,N/A,N/A,Mathematics Diagnostic Assessment,23.8,30.2,,81.6,In Progress,Progressing,In Progress,Approved
CNHS-SYN-2627-0375,SY 2026-2027,Grade 10,Term 3,76.7,73.7,71.7,76.9,79.2,74.0,72.1,81.4,75.71,4,1,3,71.7,8,Mathematics,High Risk,Classroom Remediation,N/A,N/A,Mathematics Diagnostic Assessment,16.3,21.8,27.1,90.1,Needs Further Intervention,Limited Improvement,Needs Further Support,Approved
CNHS-SYN-2627-0376,SY 2026-2027,Grade 7,Term 1,95.3,93.0,89.9,95.7,97.2,93.1,94.2,89.8,93.53,0,0,0,89.8,8,Values Education,Low Risk,No Recommendation,N/A,Independent,Classroom Summative,,,,92.3,In Progress,Progressing,Active,Reviewed
CNHS-SYN-2627-0376,SY 2026-2027,Grade 7,Term 2,96.3,95.1,92.9,92.0,86.0,99.0,85.5,95.0,92.72,0,0,0,85.5,8,Tle,Low Risk,No Recommendation,N/A,Independent,Classroom Summative,,,,90.6,In Progress,Progressing,Active,Reviewed
CNHS-SYN-2627-0376,SY 2026-2027,Grade 7,Term 3,93.1,94.1,91.6,95.9,88.5,94.7,90.9,91.8,92.57,0,0,0,88.5,8,Mapeh,Low Risk,No Recommendation,N/A,Independent,Classroom Summative,,,,93.4,N/A,N/A,Active,Reviewed
CNHS-SYN-2627-0377,SY 2026-2027,Grade 8,Term 1,69.9,71.3,78.2,66.7,76.1,77.9,73.7,79.3,74.14,4,2,2,66.7,8,Science,High Risk,Classroom Remediation,N/A,N/A,Science Diagnostic Assessment,22.5,,,79.2,In Progress,Progressing,In Progress,Approved
CNHS-SYN-2627-0377,SY 2026-2027,Grade 8,Term 2,79.0,71.7,70.7,66.7,73.0,67.5,74.9,62.5,70.75,7,1,6,62.5,8,Values Education,High Risk,Classroom Remediation,N/A,N/A,Values Education Diagnostic Assessment,23.9,29.2,,82.1,In Progress,Progressing,In Progress,Approved
CNHS-SYN-2627-0377,SY 2026-2027,Grade 8,Term 3,68.5,74.0,71.9,75.0,71.1,73.6,67.1,73.0,71.77,7,2,5,67.1,8,Tle,High Risk,Classroom Remediation,N/A,N/A,Tle Diagnostic Assessment,16.8,22.2,29.6,83.2,Improved,Improved,Completed,Approved
CNHS-SYN-2627-0378,SY 2026-2027,Grade 9,Term 1,73.1,77.0,86.4,81.8,81.0,84.8,82.3,84.2,81.32,1,1,0,73.1,8,English,Moderate Risk,No Recommendation,N/A,Instructional,Classroom Summative,,,,95.9,In Progress,Progressing,Active,Reviewed
CNHS-SYN-2627-0378,SY 2026-2027,Grade 9,Term 2,79.2,84.9,77.4,81.6,86.1,81.3,80.2,90.6,82.66,0,0,0,77.4,8,Mathematics,Moderate Risk,No Recommendation,N/A,Instructional,Classroom Summative,,,,94.5,In Progress,Progressing,Active,Reviewed
CNHS-SYN-2627-0378,SY 2026-2027,Grade 9,Term 3,77.2,73.2,84.7,86.7,83.4,75.4,82.5,80.0,80.39,1,1,0,73.2,8,Filipino,Moderate Risk,No Recommendation,N/A,Instructional,Classroom Summative,,,,100.0,N/A,N/A,Active,Reviewed
CNHS-SYN-2627-0379,SY 2026-2027,Grade 10,Term 1,63.9,68.7,67.7,66.2,72.4,60.9,67.3,71.7,67.35,8,2,6,60.9,8,Araling Panlipunan,High Risk,Classroom Remediation,N/A,N/A,Araling Panlipunan Diagnostic Assessment,25.1,,,83.3,In Progress,Progressing,In Progress,Approved
CNHS-SYN-2627-0379,SY 2026-2027,Grade 10,Term 2,72.5,70.1,72.0,69.6,65.3,64.0,68.2,72.0,69.21,8,2,6,64.0,8,Araling Panlipunan,High Risk,Classroom Remediation,N/A,N/A,Araling Panlipunan Diagnostic Assessment,18.9,25.0,,88.3,In Progress,Progressing,In Progress,Approved
CNHS-SYN-2627-0379,SY 2026-2027,Grade 10,Term 3,69.5,65.4,65.3,72.9,72.7,71.8,68.7,65.2,68.94,8,2,6,65.2,8,Values Education,High Risk,Classroom Remediation,N/A,N/A,Values Education Diagnostic Assessment,25.8,32.9,37.0,89.4,Improved,Improved,Completed,Approved
CNHS-SYN-2627-0380,SY 2026-2027,Grade 7,Term 1,64.8,61.7,66.7,70.9,64.1,64.8,72.2,69.8,66.88,8,2,6,61.7,8,Filipino,High Risk,Classroom Remediation,N/A,N/A,Filipino Diagnostic Assessment,20.9,,,87.8,In Progress,Progressing,In Progress,Approved
CNHS-SYN-2627-0380,SY 2026-2027,Grade 7,Term 2,67.2,70.7,70.8,63.3,62.7,66.6,64.1,71.1,67.06,8,2,6,62.7,8,Mapeh,High Risk,Classroom Remediation,N/A,N/A,Mapeh Diagnostic Assessment,23.8,30.5,,77.8,In Progress,Progressing,In Progress,Approved
CNHS-SYN-2627-0380,SY 2026-2027,Grade 7,Term 3,69.6,64.0,73.0,74.7,72.8,69.4,72.2,64.3,70.0,8,2,6,64.0,8,Filipino,High Risk,Classroom Remediation,N/A,N/A,Filipino Diagnostic Assessment,21.4,26.6,34.9,82.1,Improved,Improved,Completed,Approved
CNHS-SYN-2627-0381,SY 2026-2027,Grade 8,Term 1,88.9,89.0,86.7,87.4,86.0,86.2,85.4,87.4,87.12,0,0,0,85.4,8,Tle,Low Risk,No Recommendation,N/A,Independent,Classroom Summative,,,,94.0,In Progress,Progressing,Active,Reviewed
CNHS-SYN-2627-0381,SY 2026-2027,Grade 8,Term 2,87.2,85.0,83.1,91.1,90.3,84.4,90.1,83.6,86.85,0,0,0,83.1,8,Mathematics,Low Risk,No Recommendation,N/A,Independent,Classroom Summative,,,,92.1,In Progress,Progressing,Active,Reviewed
CNHS-SYN-2627-0381,SY 2026-2027,Grade 8,Term 3,87.5,91.0,88.9,86.2,90.3,87.7,85.2,88.4,88.15,0,0,0,85.2,8,Tle,Low Risk,No Recommendation,N/A,Independent,Classroom Summative,,,,97.7,N/A,N/A,Active,Reviewed
CNHS-SYN-2627-0382,SY 2026-2027,Grade 9,Term 1,71.7,77.3,80.1,79.4,83.5,77.0,84.1,81.6,79.34,1,1,0,71.7,8,English,Moderate Risk,No Recommendation,N/A,Instructional,Classroom Summative,,,,92.9,In Progress,Progressing,Active,Reviewed
CNHS-SYN-2627-0382,SY 2026-2027,Grade 9,Term 2,81.9,80.2,83.2,78.3,82.7,79.0,90.2,75.5,81.38,0,0,0,75.5,8,Values Education,Moderate Risk,No Recommendation,N/A,Instructional,Classroom Summative,,,,90.7,In Progress,Progressing,Active,Reviewed
CNHS-SYN-2627-0382,SY 2026-2027,Grade 9,Term 3,84.9,83.2,78.3,82.8,78.7,81.6,81.1,79.2,81.23,0,0,0,78.3,8,Mathematics,Moderate Risk,No Recommendation,N/A,Instructional,Classroom Summative,,,,95.2,N/A,N/A,Active,Reviewed
CNHS-SYN-2627-0383,SY 2026-2027,Grade 10,Term 1,90.4,91.6,86.0,95.8,95.0,88.2,94.8,99.0,92.6,0,0,0,86.0,8,Mathematics,Low Risk,No Recommendation,N/A,Independent,Classroom Summative,,,,91.8,In Progress,Progressing,Active,Reviewed
CNHS-SYN-2627-0383,SY 2026-2027,Grade 10,Term 2,89.5,99.0,93.8,90.9,93.2,90.3,90.8,93.4,92.61,0,0,0,89.5,8,English,Low Risk,No Recommendation,N/A,Independent,Classroom Summative,,,,92.4,In Progress,Progressing,Active,Reviewed
CNHS-SYN-2627-0383,SY 2026-2027,Grade 10,Term 3,94.8,95.8,96.4,94.6,86.7,97.7,92.6,91.1,93.71,0,0,0,86.7,8,Mapeh,Low Risk,No Recommendation,N/A,Independent,Classroom Summative,,,,100.0,N/A,N/A,Active,Reviewed
CNHS-SYN-2627-0384,SY 2026-2027,Grade 7,Term 1,98.3,91.7,,91.1,97.5,95.7,89.7,96.0,94.29,0,0,0,89.7,7,Tle,Low Risk,No Recommendation,N/A,Independent,Classroom Summative,,,,92.1,In Progress,Progressing,Active,Reviewed
CNHS-SYN-2627-0384,SY 2026-2027,Grade 7,Term 2,91.5,93.2,89.4,88.2,84.7,87.1,91.1,94.2,89.93,0,0,0,84.7,8,Mapeh,Low Risk,No Recommendation,N/A,Independent,Classroom Summative,,,,95.5,In Progress,Progressing,Active,Reviewed
CNHS-SYN-2627-0384,SY 2026-2027,Grade 7,Term 3,86.8,89.4,91.6,93.9,88.1,85.6,95.7,87.4,89.81,0,0,0,85.6,8,Araling Panlipunan,Low Risk,No Recommendation,N/A,Independent,Classroom Summative,,,,94.8,N/A,N/A,Active,Reviewed
CNHS-SYN-2627-0385,SY 2026-2027,Grade 8,Term 1,88.0,89.6,92.0,82.7,94.1,85.3,86.9,94.3,89.11,0,0,0,82.7,8,Science,Low Risk,No Recommendation,N/A,Independent,Classroom Summative,,,,94.3,In Progress,Progressing,Active,Reviewed
CNHS-SYN-2627-0385,SY 2026-2027,Grade 8,Term 2,85.0,89.2,91.3,89.9,94.8,98.1,92.8,88.4,91.19,0,0,0,85.0,8,English,Low Risk,No Recommendation,N/A,Independent,Classroom Summative,,,,91.9,In Progress,Progressing,Active,Reviewed
CNHS-SYN-2627-0385,SY 2026-2027,Grade 8,Term 3,,86.8,83.1,89.0,89.8,84.4,87.2,85.1,86.49,0,0,0,83.1,7,Mathematics,Low Risk,No Recommendation,N/A,Independent,Classroom Summative,,,,97.5,N/A,N/A,Active,Reviewed
CNHS-SYN-2627-0386,SY 2026-2027,Grade 9,Term 1,81.4,79.4,90.4,74.7,79.5,75.3,74.6,73.8,78.64,3,0,3,73.8,8,Values Education,High Risk,Classroom Remediation,N/A,N/A,Values Education Diagnostic Assessment,25.9,,,84.1,In Progress,Progressing,In Progress,Approved
CNHS-SYN-2627-0386,SY 2026-2027,Grade 9,Term 2,82.9,86.0,87.4,76.9,83.5,80.6,81.1,75.9,81.79,0,0,0,75.9,8,Values Education,Moderate Risk,No Recommendation,N/A,Instructional,Classroom Summative,,,,92.5,In Progress,Progressing,Active,Reviewed
CNHS-SYN-2627-0386,SY 2026-2027,Grade 9,Term 3,86.8,77.0,72.2,81.6,76.9,81.1,84.1,81.3,80.12,1,0,1,72.2,8,Mathematics,Moderate Risk,Classroom Remediation,N/A,N/A,Mathematics Diagnostic Assessment,20.1,28.0,35.7,85.3,Improved,Improved,Completed,Approved
CNHS-SYN-2627-0387,SY 2026-2027,Grade 10,Term 1,89.3,90.1,92.8,84.6,87.7,88.9,86.6,90.5,88.81,0,0,0,84.6,8,Science,Low Risk,No Recommendation,N/A,Independent,Classroom Summative,,,,92.0,In Progress,Progressing,Active,Reviewed
CNHS-SYN-2627-0387,SY 2026-2027,Grade 10,Term 2,94.5,91.8,85.9,84.5,86.9,89.5,79.4,84.7,87.15,0,0,0,79.4,8,Tle,Low Risk,No Recommendation,N/A,Independent,Classroom Summative,,,,89.0,In Progress,Progressing,Active,Reviewed
CNHS-SYN-2627-0387,SY 2026-2027,Grade 10,Term 3,85.8,90.2,87.3,86.2,82.5,87.0,82.0,93.3,86.79,0,0,0,82.0,8,Tle,Low Risk,No Recommendation,N/A,Independent,Classroom Summative,,,,92.3,N/A,N/A,Active,Reviewed
CNHS-SYN-2627-0388,SY 2026-2027,Grade 7,Term 1,99.0,83.1,96.1,87.9,90.8,91.7,91.5,92.5,91.58,0,0,0,83.1,8,Filipino,Low Risk,No Recommendation,N/A,Independent,Classroom Summative,,,,90.7,In Progress,Progressing,Active,Reviewed
CNHS-SYN-2627-0388,SY 2026-2027,Grade 7,Term 2,95.4,87.5,98.8,85.8,87.3,88.0,82.9,82.9,88.58,0,0,0,82.9,8,Tle,Low Risk,No Recommendation,N/A,Independent,Classroom Summative,,,,88.0,In Progress,Progressing,Active,Reviewed
CNHS-SYN-2627-0388,SY 2026-2027,Grade 7,Term 3,99.0,90.5,87.8,90.3,79.4,87.5,88.0,83.9,88.3,0,0,0,79.4,8,Mapeh,Low Risk,No Recommendation,N/A,Independent,Classroom Summative,,,,99.3,N/A,N/A,Active,Reviewed
CNHS-SYN-2627-0389,SY 2026-2027,Grade 8,Term 1,89.3,80.9,85.7,84.3,81.3,91.5,88.5,86.7,86.03,0,0,0,80.9,8,Filipino,Low Risk,No Recommendation,N/A,Independent,Classroom Summative,,,,88.2,In Progress,Progressing,Active,Reviewed
CNHS-SYN-2627-0389,SY 2026-2027,Grade 8,Term 2,85.1,94.5,98.6,91.6,90.8,86.8,86.9,89.9,90.52,0,0,0,85.1,8,English,Low Risk,No Recommendation,N/A,Independent,Classroom Summative,,,,95.5,In Progress,Progressing,Active,Reviewed
CNHS-SYN-2627-0389,SY 2026-2027,Grade 8,Term 3,93.9,86.7,92.2,86.5,89.6,91.4,87.0,85.2,89.06,0,0,0,85.2,8,Values Education,Low Risk,No Recommendation,N/A,Independent,Classroom Summative,,,,93.5,N/A,N/A,Active,Reviewed
CNHS-SYN-2627-0390,SY 2026-2027,Grade 9,Term 1,83.9,80.0,80.5,82.5,79.4,82.5,,88.1,82.41,0,0,0,79.4,7,Mapeh,Moderate Risk,No Recommendation,N/A,Instructional,Classroom Summative,,,,94.4,In Progress,Progressing,Active,Reviewed
CNHS-SYN-2627-0390,SY 2026-2027,Grade 9,Term 2,80.0,89.1,77.0,78.1,84.1,81.7,78.6,78.7,80.91,0,0,0,77.0,8,Mathematics,Moderate Risk,No Recommendation,N/A,Instructional,Classroom Summative,,,,94.4,In Progress,Progressing,Active,Reviewed
CNHS-SYN-2627-0390,SY 2026-2027,Grade 9,Term 3,87.8,84.2,85.7,79.2,82.8,74.9,81.5,81.3,82.17,1,0,1,74.9,8,Araling Panlipunan,Moderate Risk,Classroom Remediation,N/A,N/A,Araling Panlipunan Diagnostic Assessment,24.4,31.4,38.9,78.4,Improved,Improved,Completed,Approved
CNHS-SYN-2627-0391,SY 2026-2027,Grade 10,Term 1,82.1,75.3,75.5,79.7,74.8,71.9,73.6,81.8,76.84,3,0,3,71.9,8,Araling Panlipunan,High Risk,Classroom Remediation,N/A,N/A,Araling Panlipunan Diagnostic Assessment,21.4,,,80.8,In Progress,Progressing,In Progress,Approved
CNHS-SYN-2627-0391,SY 2026-2027,Grade 10,Term 2,80.7,77.2,80.1,75.7,77.4,76.7,77.8,78.8,78.05,0,0,0,75.7,8,Science,Moderate Risk,No Recommendation,N/A,Instructional,Classroom Summative,,,,93.6,In Progress,Progressing,Active,Reviewed
CNHS-SYN-2627-0391,SY 2026-2027,Grade 10,Term 3,79.7,81.0,77.9,74.4,78.1,80.3,72.7,72.7,77.1,3,0,3,72.7,8,Tle,High Risk,Classroom Remediation,N/A,N/A,Tle Diagnostic Assessment,16.1,23.7,31.7,81.2,Improved,Improved,Completed,Approved
CNHS-SYN-2627-0392,SY 2026-2027,Grade 7,Term 1,85.1,82.1,86.2,78.9,84.3,80.3,82.0,84.1,82.88,0,0,0,78.9,8,Science,Moderate Risk,No Recommendation,N/A,Instructional,Classroom Summative,,,,96.8,In Progress,Progressing,Active,Reviewed
CNHS-SYN-2627-0392,SY 2026-2027,Grade 7,Term 2,82.0,79.7,86.8,86.8,83.1,87.8,81.9,82.3,83.8,0,0,0,79.7,8,Filipino,Low Risk,No Recommendation,N/A,Independent,Classroom Summative,,,,93.5,In Progress,Progressing,Active,Reviewed
CNHS-SYN-2627-0392,SY 2026-2027,Grade 7,Term 3,80.3,78.7,79.8,83.2,87.3,85.9,84.2,87.5,83.36,0,0,0,78.7,8,Filipino,Moderate Risk,No Recommendation,N/A,Instructional,Classroom Summative,,,,90.5,N/A,N/A,Active,Reviewed
CNHS-SYN-2627-0393,SY 2026-2027,Grade 8,Term 1,84.7,74.6,81.0,70.1,80.8,80.7,87.9,86.7,80.81,2,1,1,70.1,8,Science,High Risk,Classroom Remediation,N/A,N/A,Science Diagnostic Assessment,20.6,,,88.9,In Progress,Progressing,In Progress,Approved
CNHS-SYN-2627-0393,SY 2026-2027,Grade 8,Term 2,77.7,79.7,78.1,76.3,82.4,81.7,72.6,,78.36,1,0,1,72.6,7,Tle,Moderate Risk,Classroom Remediation,N/A,N/A,Tle Diagnostic Assessment,16.3,22.9,,79.3,In Progress,Progressing,In Progress,Approved
CNHS-SYN-2627-0393,SY 2026-2027,Grade 8,Term 3,83.2,78.7,82.7,76.7,78.0,74.3,73.3,,78.13,2,0,2,73.3,7,Tle,High Risk,Classroom Remediation,N/A,N/A,Tle Diagnostic Assessment,19.8,25.4,29.8,72.5,Improved,Improved,Completed,Approved
CNHS-SYN-2627-0394,SY 2026-2027,Grade 9,Term 1,65.7,69.4,70.6,68.5,69.3,67.6,68.3,71.8,68.9,8,2,6,65.7,8,English,High Risk,Classroom Remediation,N/A,N/A,English Diagnostic Assessment,24.4,,,80.6,In Progress,Progressing,In Progress,Approved
CNHS-SYN-2627-0394,SY 2026-2027,Grade 9,Term 2,61.9,69.8,68.0,66.4,72.6,68.0,63.3,72.9,67.86,8,2,6,61.9,8,English,High Risk,Classroom Remediation,N/A,N/A,English Diagnostic Assessment,19.6,26.3,,89.6,In Progress,Progressing,In Progress,Approved
CNHS-SYN-2627-0394,SY 2026-2027,Grade 9,Term 3,66.3,67.5,69.7,64.1,61.0,76.7,63.3,75.5,68.01,6,2,4,61.0,8,Mapeh,High Risk,Classroom Remediation,N/A,N/A,Mapeh Diagnostic Assessment,23.6,30.6,36.4,78.6,Improved,Improved,Completed,Approved
CNHS-SYN-2627-0395,SY 2026-2027,Grade 10,Term 1,90.1,93.7,95.9,98.5,99.0,84.6,95.4,87.7,93.11,0,0,0,84.6,8,Araling Panlipunan,Low Risk,No Recommendation,N/A,Independent,Classroom Summative,,,,91.9,In Progress,Progressing,Active,Reviewed
CNHS-SYN-2627-0395,SY 2026-2027,Grade 10,Term 2,91.7,89.9,84.5,96.9,94.8,91.3,87.7,96.1,91.61,0,0,0,84.5,8,Mathematics,Low Risk,No Recommendation,N/A,Independent,Classroom Summative,,,,91.8,In Progress,Progressing,Active,Reviewed
CNHS-SYN-2627-0395,SY 2026-2027,Grade 10,Term 3,87.7,96.0,92.1,92.4,92.0,93.8,92.2,90.3,92.06,0,0,0,87.7,8,English,Low Risk,No Recommendation,N/A,Independent,Classroom Summative,,,,97.2,N/A,N/A,Active,Reviewed
CNHS-SYN-2627-0396,SY 2026-2027,Grade 7,Term 1,93.4,87.3,95.1,94.5,89.7,88.9,88.7,87.3,90.61,0,0,0,87.3,8,Filipino,Low Risk,No Recommendation,N/A,Independent,Classroom Summative,,,,93.6,In Progress,Progressing,Active,Reviewed
CNHS-SYN-2627-0396,SY 2026-2027,Grade 7,Term 2,81.5,93.1,95.2,89.2,86.1,84.6,86.1,89.8,88.2,0,0,0,81.5,8,English,Low Risk,No Recommendation,N/A,Independent,Classroom Summative,,,,95.5,In Progress,Progressing,Active,Reviewed
CNHS-SYN-2627-0396,SY 2026-2027,Grade 7,Term 3,90.0,94.6,94.7,86.3,82.6,85.9,94.3,90.2,89.83,0,0,0,82.6,8,Mapeh,Low Risk,No Recommendation,N/A,Independent,Classroom Summative,,,,91.8,N/A,N/A,Active,Reviewed
CNHS-SYN-2627-0397,SY 2026-2027,Grade 8,Term 1,83.1,99.0,92.3,89.6,82.1,91.5,92.5,88.4,89.81,0,0,0,82.1,8,Mapeh,Low Risk,No Recommendation,N/A,Independent,Classroom Summative,,,,98.1,In Progress,Progressing,Active,Reviewed
CNHS-SYN-2627-0397,SY 2026-2027,Grade 8,Term 2,92.6,82.4,87.4,95.6,89.5,89.5,86.0,86.7,88.71,0,0,0,82.4,8,Filipino,Low Risk,No Recommendation,N/A,Independent,Classroom Summative,,,,99.2,In Progress,Progressing,Active,Reviewed
CNHS-SYN-2627-0397,SY 2026-2027,Grade 8,Term 3,93.6,92.7,94.2,88.9,84.6,83.8,94.2,89.0,90.12,0,0,0,83.8,8,Araling Panlipunan,Low Risk,No Recommendation,N/A,Independent,Classroom Summative,,,,94.7,N/A,N/A,Active,Reviewed
CNHS-SYN-2627-0398,SY 2026-2027,Grade 9,Term 1,70.3,63.0,65.6,61.8,65.7,63.8,66.4,69.1,65.71,8,2,6,61.8,8,Science,High Risk,Classroom Remediation,N/A,N/A,Science Diagnostic Assessment,22.2,,,81.6,In Progress,Progressing,In Progress,Approved
CNHS-SYN-2627-0398,SY 2026-2027,Grade 9,Term 2,67.2,68.4,60.0,68.7,61.7,68.3,70.5,67.4,66.53,8,2,6,60.0,8,Mathematics,High Risk,Classroom Remediation,N/A,N/A,Mathematics Diagnostic Assessment,19.7,25.6,,84.7,In Progress,Progressing,In Progress,Approved
CNHS-SYN-2627-0398,SY 2026-2027,Grade 9,Term 3,69.5,70.1,63.8,68.0,67.1,60.7,69.1,71.6,67.49,8,2,6,60.7,8,Araling Panlipunan,High Risk,Classroom Remediation,N/A,N/A,Araling Panlipunan Diagnostic Assessment,17.7,24.7,29.2,87.2,Improved,Improved,Completed,Approved
CNHS-SYN-2627-0399,SY 2026-2027,Grade 10,Term 1,71.7,69.7,74.5,63.8,72.9,72.6,74.2,76.6,72.0,7,2,5,63.8,8,Science,High Risk,Classroom Remediation,N/A,N/A,Science Diagnostic Assessment,17.5,,,81.2,In Progress,Progressing,In Progress,Approved
CNHS-SYN-2627-0399,SY 2026-2027,Grade 10,Term 2,64.3,68.5,69.6,72.1,68.4,73.1,69.2,75.4,70.08,7,2,5,64.3,8,English,High Risk,Classroom Remediation,N/A,N/A,English Diagnostic Assessment,25.3,30.3,,83.2,In Progress,Progressing,In Progress,Approved
CNHS-SYN-2627-0399,SY 2026-2027,Grade 10,Term 3,62.6,71.0,66.3,71.5,67.0,73.8,69.2,74.2,69.45,8,2,6,62.6,8,English,High Risk,Classroom Remediation,N/A,N/A,English Diagnostic Assessment,23.9,29.4,37.4,90.1,Improved,Improved,Completed,Approved
CNHS-SYN-2627-0400,SY 2026-2027,Grade 7,Term 1,70.3,63.1,65.9,69.3,75.3,73.2,75.5,69.6,70.28,6,2,4,63.1,8,Filipino,High Risk,Classroom Remediation,N/A,N/A,Filipino Diagnostic Assessment,22.2,,,79.3,In Progress,Progressing,In Progress,Approved
CNHS-SYN-2627-0400,SY 2026-2027,Grade 7,Term 2,73.5,65.6,69.4,72.0,64.2,69.2,70.2,69.0,69.14,8,2,6,64.2,8,Mapeh,High Risk,Classroom Remediation,N/A,N/A,Mapeh Diagnostic Assessment,16.8,22.0,,79.4,In Progress,Progressing,In Progress,Approved
CNHS-SYN-2627-0400,SY 2026-2027,Grade 7,Term 3,69.3,69.7,69.6,72.9,70.4,67.5,65.8,64.6,68.72,8,2,6,64.6,8,Values Education,High Risk,Classroom Remediation,N/A,N/A,Values Education Diagnostic Assessment,19.1,25.3,29.3,77.3,Improved,Improved,Completed,Approved
CNHS-SYN-2627-0401,SY 2026-2027,Grade 8,Term 1,69.1,65.5,63.4,69.7,61.6,73.3,67.7,65.7,67.0,8,2,6,61.6,8,Mapeh,High Risk,Classroom Remediation,N/A,N/A,Mapeh Diagnostic Assessment,16.5,,,83.0,In Progress,Progressing,In Progress,Approved
CNHS-SYN-2627-0401,SY 2026-2027,Grade 8,Term 2,66.6,66.8,75.5,65.0,72.6,65.1,64.0,66.4,67.75,7,2,5,64.0,8,Tle,High Risk,Classroom Remediation,N/A,N/A,Tle Diagnostic Assessment,21.5,28.3,,79.3,In Progress,Progressing,In Progress,Approved
CNHS-SYN-2627-0401,SY 2026-2027,Grade 8,Term 3,62.6,60.4,65.1,64.7,65.0,60.4,67.0,63.6,63.6,8,2,6,60.4,8,Filipino,High Risk,Classroom Remediation,N/A,N/A,Filipino Diagnostic Assessment,19.2,26.2,30.2,79.5,Improved,Improved,Completed,Approved
CNHS-SYN-2627-0402,SY 2026-2027,Grade 9,Term 1,82.5,82.9,77.9,83.7,80.3,75.6,76.4,78.1,79.67,0,0,0,75.6,8,Araling Panlipunan,Moderate Risk,No Recommendation,N/A,Instructional,Classroom Summative,,,,95.3,In Progress,Progressing,Active,Reviewed
CNHS-SYN-2627-0402,SY 2026-2027,Grade 9,Term 2,77.5,76.2,85.3,78.3,78.1,77.9,78.3,73.6,78.15,1,0,1,73.6,8,Values Education,Moderate Risk,Classroom Remediation,N/A,N/A,Values Education Diagnostic Assessment,20.8,26.9,,83.5,In Progress,Progressing,In Progress,Approved
CNHS-SYN-2627-0402,SY 2026-2027,Grade 9,Term 3,81.4,78.9,87.4,79.7,83.9,82.7,84.6,78.9,82.19,0,0,0,78.9,8,Filipino,Moderate Risk,No Recommendation,N/A,Instructional,Classroom Summative,,,,92.7,N/A,N/A,Active,Reviewed
CNHS-SYN-2627-0403,SY 2026-2027,Grade 10,Term 1,85.2,76.7,76.4,84.8,85.5,78.0,81.1,80.1,80.97,0,0,0,76.4,8,Mathematics,Moderate Risk,No Recommendation,N/A,Instructional,Classroom Summative,,,,92.1,In Progress,Progressing,Active,Reviewed
CNHS-SYN-2627-0403,SY 2026-2027,Grade 10,Term 2,80.4,86.9,76.4,78.5,80.9,86.2,75.9,77.7,80.36,0,0,0,75.9,8,Tle,Moderate Risk,No Recommendation,N/A,Instructional,Classroom Summative,,,,96.6,In Progress,Progressing,Active,Reviewed
CNHS-SYN-2627-0403,SY 2026-2027,Grade 10,Term 3,82.6,81.4,80.7,74.7,80.8,86.0,75.4,77.4,79.88,1,0,1,74.7,8,Science,Moderate Risk,Classroom Remediation,N/A,N/A,Science Diagnostic Assessment,23.8,29.5,36.1,77.8,Improved,Improved,Completed,Approved
CNHS-SYN-2627-0404,SY 2026-2027,Grade 7,Term 1,96.0,98.5,92.0,96.3,95.4,93.6,89.9,95.4,94.64,0,0,0,89.9,8,Tle,Low Risk,No Recommendation,N/A,Independent,Classroom Summative,,,,92.1,In Progress,Progressing,Active,Reviewed
CNHS-SYN-2627-0404,SY 2026-2027,Grade 7,Term 2,94.8,99.0,99.0,98.2,95.5,93.7,94.5,89.6,95.54,0,0,0,89.6,8,Values Education,Low Risk,No Recommendation,N/A,Independent,Classroom Summative,,,,97.9,In Progress,Progressing,Active,Reviewed
CNHS-SYN-2627-0404,SY 2026-2027,Grade 7,Term 3,96.9,94.4,95.2,94.5,89.9,91.2,99.0,90.7,93.97,0,0,0,89.9,8,Mapeh,Low Risk,No Recommendation,N/A,Independent,Classroom Summative,,,,95.0,N/A,N/A,Active,Reviewed
CNHS-SYN-2627-0405,SY 2026-2027,Grade 8,Term 1,91.9,86.8,86.5,93.4,80.7,88.3,90.3,83.5,87.68,0,0,0,80.7,8,Mapeh,Low Risk,No Recommendation,N/A,Independent,Classroom Summative,,,,92.7,In Progress,Progressing,Active,Reviewed
CNHS-SYN-2627-0405,SY 2026-2027,Grade 8,Term 2,86.4,89.2,91.0,84.7,89.6,91.4,87.7,88.1,88.51,0,0,0,84.7,8,Science,Low Risk,No Recommendation,N/A,Independent,Classroom Summative,,,,84.8,In Progress,Progressing,Active,Reviewed
CNHS-SYN-2627-0405,SY 2026-2027,Grade 8,Term 3,91.2,92.0,88.5,89.5,84.0,88.0,91.7,88.6,89.19,0,0,0,84.0,8,Mapeh,Low Risk,No Recommendation,N/A,Independent,Classroom Summative,,,,98.7,N/A,N/A,Active,Reviewed
CNHS-SYN-2627-0406,SY 2026-2027,Grade 9,Term 1,83.1,90.9,82.4,76.6,77.8,85.1,80.4,75.5,81.47,0,0,0,75.5,8,Values Education,Moderate Risk,No Recommendation,N/A,Instructional,Classroom Summative,,,,94.6,In Progress,Progressing,Active,Reviewed
CNHS-SYN-2627-0406,SY 2026-2027,Grade 9,Term 2,87.2,82.5,86.9,86.8,80.3,82.8,81.0,85.4,84.11,0,0,0,80.3,8,Mapeh,Low Risk,No Recommendation,N/A,Independent,Classroom Summative,,,,89.8,In Progress,Progressing,Active,Reviewed
CNHS-SYN-2627-0406,SY 2026-2027,Grade 9,Term 3,84.4,88.5,86.4,87.1,86.8,83.5,81.0,80.0,84.71,0,0,0,80.0,8,Values Education,Low Risk,No Recommendation,N/A,Independent,Classroom Summative,,,,98.2,N/A,N/A,Active,Reviewed
CNHS-SYN-2627-0407,SY 2026-2027,Grade 10,Term 1,83.7,79.0,77.4,81.6,81.9,78.8,84.9,83.5,81.35,0,0,0,77.4,8,Mathematics,Moderate Risk,No Recommendation,N/A,Instructional,Classroom Summative,,,,90.1,In Progress,Progressing,Active,Reviewed
CNHS-SYN-2627-0407,SY 2026-2027,Grade 10,Term 2,75.3,84.6,72.1,79.5,80.4,78.0,79.7,81.5,78.89,1,0,1,72.1,8,Mathematics,Moderate Risk,Classroom Remediation,N/A,N/A,Mathematics Diagnostic Assessment,17.0,24.6,,78.3,In Progress,Progressing,In Progress,Approved
CNHS-SYN-2627-0407,SY 2026-2027,Grade 10,Term 3,79.7,88.0,77.6,85.7,73.2,76.6,77.8,83.5,80.26,1,0,1,73.2,8,Mapeh,Moderate Risk,Classroom Remediation,N/A,N/A,Mapeh Diagnostic Assessment,20.9,28.6,35.8,80.5,Improved,Improved,Completed,Approved
CNHS-SYN-2627-0408,SY 2026-2027,Grade 7,Term 1,86.6,80.1,90.4,83.9,85.1,85.3,83.5,84.0,84.86,0,0,0,80.1,8,Filipino,Low Risk,No Recommendation,N/A,Independent,Classroom Summative,,,,95.8,In Progress,Progressing,Active,Reviewed
CNHS-SYN-2627-0408,SY 2026-2027,Grade 7,Term 2,81.3,80.7,86.6,83.6,76.0,81.8,89.4,83.0,82.8,0,0,0,76.0,8,Mapeh,Moderate Risk,No Recommendation,N/A,Instructional,Classroom Summative,,,,88.8,In Progress,Progressing,Active,Reviewed
CNHS-SYN-2627-0408,SY 2026-2027,Grade 7,Term 3,82.3,80.0,85.1,83.8,82.2,80.7,89.4,80.9,83.05,0,0,0,80.0,8,Filipino,Moderate Risk,No Recommendation,N/A,Instructional,Classroom Summative,,,,93.1,N/A,N/A,Active,Reviewed
CNHS-SYN-2627-0409,SY 2026-2027,Grade 8,Term 1,99.0,83.3,91.2,85.0,94.6,87.7,79.3,88.6,88.59,0,0,0,79.3,8,Tle,Low Risk,No Recommendation,N/A,Independent,Classroom Summative,,,,96.7,In Progress,Progressing,Active,Reviewed
CNHS-SYN-2627-0409,SY 2026-2027,Grade 8,Term 2,87.0,91.0,89.3,84.4,88.3,87.6,91.0,87.1,88.21,0,0,0,84.4,8,Science,Low Risk,No Recommendation,N/A,Independent,Classroom Summative,,,,89.8,In Progress,Progressing,Active,Reviewed
CNHS-SYN-2627-0409,SY 2026-2027,Grade 8,Term 3,95.0,86.8,93.8,88.0,87.5,89.9,78.9,84.8,88.09,0,0,0,78.9,8,Tle,Low Risk,No Recommendation,N/A,Independent,Classroom Summative,,,,100.0,N/A,N/A,Active,Reviewed
CNHS-SYN-2627-0410,SY 2026-2027,Grade 9,Term 1,,63.5,62.0,70.4,68.9,64.1,69.4,64.6,66.13,7,1,6,62.0,7,Mathematics,High Risk,Classroom Remediation,N/A,N/A,Mathematics Diagnostic Assessment,21.2,,,87.0,In Progress,Progressing,In Progress,Approved
CNHS-SYN-2627-0410,SY 2026-2027,Grade 9,Term 2,64.0,61.9,66.9,63.3,60.5,63.4,60.0,61.6,62.7,8,2,6,60.0,8,Tle,High Risk,Classroom Remediation,N/A,N/A,Tle Diagnostic Assessment,19.5,27.1,,87.0,In Progress,Progressing,In Progress,Approved
CNHS-SYN-2627-0410,SY 2026-2027,Grade 9,Term 3,66.6,62.2,65.7,67.4,74.7,68.3,69.2,75.3,68.68,7,2,5,62.2,8,Filipino,High Risk,Classroom Remediation,N/A,N/A,Filipino Diagnostic Assessment,19.2,26.0,34.7,77.7,Improved,Improved,Completed,Approved
CNHS-SYN-2627-0411,SY 2026-2027,Grade 10,Term 1,75.0,69.9,71.8,73.3,70.9,70.1,65.6,70.7,70.91,7,1,6,65.6,8,Tle,High Risk,Classroom Remediation,N/A,N/A,Tle Diagnostic Assessment,24.2,,,91.3,In Progress,Progressing,In Progress,Approved
CNHS-SYN-2627-0411,SY 2026-2027,Grade 10,Term 2,70.7,73.9,69.3,66.9,69.7,76.9,70.3,69.5,70.9,7,2,5,66.9,8,Science,High Risk,Classroom Remediation,N/A,N/A,Science Diagnostic Assessment,17.9,24.0,,82.0,In Progress,Progressing,In Progress,Approved
CNHS-SYN-2627-0411,SY 2026-2027,Grade 10,Term 3,72.0,73.7,70.1,67.9,69.7,72.8,72.8,64.5,70.44,8,2,6,64.5,8,Values Education,High Risk,Classroom Remediation,N/A,N/A,Values Education Diagnostic Assessment,16.7,24.1,28.4,79.9,Improved,Improved,Completed,Approved
CNHS-SYN-2627-0412,SY 2026-2027,Grade 7,Term 1,71.4,79.8,80.9,81.2,69.6,78.7,75.1,71.7,76.05,3,1,2,69.6,8,Mapeh,High Risk,Classroom Remediation,N/A,N/A,Mapeh Diagnostic Assessment,21.6,,,84.8,In Progress,Progressing,In Progress,Approved
CNHS-SYN-2627-0412,SY 2026-2027,Grade 7,Term 2,85.4,84.9,63.6,84.8,80.1,67.7,73.6,81.3,77.68,3,0,3,63.6,8,Mathematics,High Risk,Classroom Remediation,N/A,N/A,Mathematics Diagnostic Assessment,16.4,24.1,,79.4,In Progress,Progressing,In Progress,Approved
CNHS-SYN-2627-0412,SY 2026-2027,Grade 7,Term 3,77.4,81.3,74.1,71.3,74.1,73.1,74.2,69.9,74.42,6,0,6,69.9,8,Values Education,High Risk,Classroom Remediation,N/A,N/A,Values Education Diagnostic Assessment,19.5,26.6,34.1,79.1,Improved,Improved,Completed,Approved
CNHS-SYN-2627-0413,SY 2026-2027,Grade 8,Term 1,93.7,92.8,98.0,92.5,99.0,94.8,97.8,92.2,95.1,0,0,0,92.2,8,Values Education,Low Risk,No Recommendation,N/A,Independent,Classroom Summative,,,,93.9,In Progress,Progressing,Active,Reviewed
CNHS-SYN-2627-0413,SY 2026-2027,Grade 8,Term 2,93.1,88.1,98.0,93.5,90.8,94.9,93.6,98.8,93.85,0,0,0,88.1,8,Filipino,Low Risk,No Recommendation,N/A,Independent,Classroom Summative,,,,93.5,In Progress,Progressing,Active,Reviewed
CNHS-SYN-2627-0413,SY 2026-2027,Grade 8,Term 3,98.3,95.5,94.9,98.1,89.0,90.1,91.8,92.4,93.76,0,0,0,89.0,8,Mapeh,Low Risk,No Recommendation,N/A,Independent,Classroom Summative,,,,89.0,N/A,N/A,Active,Reviewed
CNHS-SYN-2627-0414,SY 2026-2027,Grade 9,Term 1,77.6,80.4,72.2,84.0,73.1,81.1,78.4,77.3,78.01,2,0,2,72.2,8,Mathematics,High Risk,Classroom Remediation,N/A,N/A,Mathematics Diagnostic Assessment,24.6,,,82.6,In Progress,Progressing,In Progress,Approved
CNHS-SYN-2627-0414,SY 2026-2027,Grade 9,Term 2,76.3,78.0,81.1,78.1,77.0,73.8,77.6,69.9,76.47,2,0,2,69.9,8,Values Education,High Risk,Classroom Remediation,N/A,N/A,Values Education Diagnostic Assessment,18.1,25.9,,82.9,In Progress,Progressing,In Progress,Approved
CNHS-SYN-2627-0414,SY 2026-2027,Grade 9,Term 3,78.1,79.3,76.4,72.6,77.8,83.8,72.8,75.8,77.07,2,0,2,72.6,8,Science,High Risk,Classroom Remediation,N/A,N/A,Science Diagnostic Assessment,22.1,30.1,36.2,80.4,Improved,Improved,Completed,Approved
CNHS-SYN-2627-0415,SY 2026-2027,Grade 10,Term 1,90.7,98.2,82.4,85.6,87.2,90.3,88.6,89.6,89.07,0,0,0,82.4,8,Mathematics,Low Risk,No Recommendation,N/A,Independent,Classroom Summative,,,,99.1,In Progress,Progressing,Active,Reviewed
CNHS-SYN-2627-0415,SY 2026-2027,Grade 10,Term 2,95.9,93.0,90.7,94.5,97.5,92.8,88.5,91.3,93.03,0,0,0,88.5,8,Tle,Low Risk,No Recommendation,N/A,Independent,Classroom Summative,,,,92.1,In Progress,Progressing,Active,Reviewed
CNHS-SYN-2627-0415,SY 2026-2027,Grade 10,Term 3,96.1,93.8,95.4,86.6,83.7,88.8,90.4,83.5,89.79,0,0,0,83.5,8,Values Education,Low Risk,No Recommendation,N/A,Independent,Classroom Summative,,,,98.5,N/A,N/A,Active,Reviewed
CNHS-SYN-2627-0416,SY 2026-2027,Grade 7,Term 1,78.1,80.1,82.7,81.7,86.7,83.3,82.4,80.7,81.96,0,0,0,78.1,8,English,Moderate Risk,No Recommendation,N/A,Instructional,Classroom Summative,,,,93.3,In Progress,Progressing,Active,Reviewed
CNHS-SYN-2627-0416,SY 2026-2027,Grade 7,Term 2,80.4,78.4,79.3,77.6,80.0,79.8,88.0,84.8,81.04,0,0,0,77.6,8,Science,Moderate Risk,No Recommendation,N/A,Instructional,Classroom Summative,,,,92.5,In Progress,Progressing,Active,Reviewed
CNHS-SYN-2627-0416,SY 2026-2027,Grade 7,Term 3,82.0,87.1,84.2,74.5,84.3,85.0,89.4,80.1,83.32,1,0,1,74.5,8,Science,Moderate Risk,Classroom Remediation,N/A,N/A,Science Diagnostic Assessment,21.4,26.6,34.7,83.8,Improved,Improved,Completed,Approved
CNHS-SYN-2627-0417,SY 2026-2027,Grade 8,Term 1,84.9,81.9,79.1,84.5,78.0,78.4,79.4,81.3,80.94,0,0,0,78.0,8,Mapeh,Moderate Risk,No Recommendation,N/A,Instructional,Classroom Summative,,,,88.8,In Progress,Progressing,Active,Reviewed
CNHS-SYN-2627-0417,SY 2026-2027,Grade 8,Term 2,79.2,80.1,79.5,77.9,81.6,73.5,81.2,86.4,79.93,1,0,1,73.5,8,Araling Panlipunan,Moderate Risk,Classroom Remediation,N/A,N/A,Araling Panlipunan Diagnostic Assessment,22.3,28.5,,77.4,In Progress,Progressing,In Progress,Approved
CNHS-SYN-2627-0417,SY 2026-2027,Grade 8,Term 3,87.7,81.6,76.5,76.7,79.9,71.4,83.6,77.7,79.39,1,0,1,71.4,8,Araling Panlipunan,Moderate Risk,Classroom Remediation,N/A,N/A,Araling Panlipunan Diagnostic Assessment,16.4,24.2,31.6,85.3,Improved,Improved,Completed,Approved
CNHS-SYN-2627-0418,SY 2026-2027,Grade 9,Term 1,90.7,87.6,89.1,88.9,87.8,94.4,85.9,90.0,89.3,0,0,0,85.9,8,Tle,Low Risk,No Recommendation,N/A,Independent,Classroom Summative,,,,100.0,In Progress,Progressing,Active,Reviewed
CNHS-SYN-2627-0418,SY 2026-2027,Grade 9,Term 2,86.3,98.7,89.4,78.9,92.6,87.7,85.7,89.9,88.65,0,0,0,78.9,8,Science,Low Risk,No Recommendation,N/A,Independent,Classroom Summative,,,,95.5,In Progress,Progressing,Active,Reviewed
CNHS-SYN-2627-0418,SY 2026-2027,Grade 9,Term 3,,91.7,92.3,85.4,90.3,85.4,83.1,86.6,87.83,0,0,0,83.1,7,Tle,Low Risk,No Recommendation,N/A,Independent,Classroom Summative,,,,97.2,N/A,N/A,Active,Reviewed
CNHS-SYN-2627-0419,SY 2026-2027,Grade 10,Term 1,73.2,76.6,80.0,76.3,72.2,73.9,72.3,77.8,75.29,4,1,3,72.2,8,Mapeh,High Risk,Classroom Remediation,N/A,N/A,Mapeh Diagnostic Assessment,19.0,,,91.1,In Progress,Progressing,In Progress,Approved
CNHS-SYN-2627-0419,SY 2026-2027,Grade 10,Term 2,80.2,76.7,74.5,81.0,82.6,72.4,72.8,77.9,77.26,3,0,3,72.4,8,Araling Panlipunan,High Risk,Classroom Remediation,N/A,N/A,Araling Panlipunan Diagnostic Assessment,17.7,25.6,,82.2,In Progress,Progressing,In Progress,Approved
CNHS-SYN-2627-0419,SY 2026-2027,Grade 10,Term 3,80.5,80.5,75.8,74.5,75.1,83.3,73.1,75.6,77.3,2,0,2,73.1,8,Tle,High Risk,Classroom Remediation,N/A,N/A,Tle Diagnostic Assessment,25.4,32.8,40.0,82.9,Improved,Improved,Completed,Approved
CNHS-SYN-2627-0420,SY 2026-2027,Grade 7,Term 1,77.9,83.0,80.2,71.6,74.0,74.8,77.8,76.5,76.98,3,0,3,71.6,8,Science,High Risk,Classroom Remediation,N/A,N/A,Science Diagnostic Assessment,21.9,,,81.3,In Progress,Progressing,In Progress,Approved
CNHS-SYN-2627-0420,SY 2026-2027,Grade 7,Term 2,69.8,78.8,82.0,79.5,78.1,77.2,75.3,80.5,77.65,1,1,0,69.8,8,English,High Risk,No Recommendation,N/A,Instructional,Classroom Summative,,,,91.8,In Progress,Progressing,Active,Reviewed
CNHS-SYN-2627-0420,SY 2026-2027,Grade 7,Term 3,79.6,76.9,82.6,78.9,74.2,72.8,75.0,86.0,78.25,2,0,2,72.8,8,Araling Panlipunan,High Risk,Classroom Remediation,N/A,N/A,Araling Panlipunan Diagnostic Assessment,17.0,24.1,30.9,81.2,Improved,Improved,Completed,Approved
CNHS-SYN-2627-0421,SY 2026-2027,Grade 8,Term 1,76.2,71.8,74.7,68.4,66.8,67.5,68.5,72.7,70.83,7,1,6,66.8,8,Mapeh,High Risk,Classroom Remediation,N/A,N/A,Mapeh Diagnostic Assessment,23.8,,,86.0,In Progress,Progressing,In Progress,Approved
CNHS-SYN-2627-0421,SY 2026-2027,Grade 8,Term 2,66.5,75.6,75.3,68.1,76.4,67.6,76.7,73.1,72.41,4,1,3,66.5,8,English,High Risk,Classroom Remediation,N/A,N/A,English Diagnostic Assessment,20.7,25.8,,81.2,In Progress,Progressing,In Progress,Approved
CNHS-SYN-2627-0421,SY 2026-2027,Grade 8,Term 3,69.4,70.3,64.5,75.0,76.9,74.8,70.2,68.5,71.2,6,2,4,64.5,8,Mathematics,High Risk,Classroom Remediation,N/A,N/A,Mathematics Diagnostic Assessment,22.9,30.0,34.0,86.1,Improved,Improved,Completed,Approved
CNHS-SYN-2627-0422,SY 2026-2027,Grade 9,Term 1,85.0,91.4,84.4,85.5,85.5,92.5,77.9,96.0,87.28,0,0,0,77.9,8,Tle,Low Risk,No Recommendation,N/A,Independent,Classroom Summative,,,,93.6,In Progress,Progressing,Active,Reviewed
CNHS-SYN-2627-0422,SY 2026-2027,Grade 9,Term 2,90.7,90.4,91.5,89.5,94.9,90.0,86.7,85.1,89.85,0,0,0,85.1,8,Values Education,Low Risk,No Recommendation,N/A,Independent,Classroom Summative,,,,98.5,In Progress,Progressing,Active,Reviewed
CNHS-SYN-2627-0422,SY 2026-2027,Grade 9,Term 3,95.8,92.9,76.3,78.6,87.2,86.6,87.3,91.9,87.07,0,0,0,76.3,8,Mathematics,Low Risk,No Recommendation,N/A,Independent,Classroom Summative,,,,94.6,N/A,N/A,Active,Reviewed
CNHS-SYN-2627-0423,SY 2026-2027,Grade 10,Term 1,76.5,83.6,74.2,69.8,76.6,85.2,85.7,73.9,78.19,3,0,3,69.8,8,Science,High Risk,Classroom Remediation,N/A,N/A,Science Diagnostic Assessment,22.0,,,85.4,In Progress,Progressing,In Progress,Approved
CNHS-SYN-2627-0423,SY 2026-2027,Grade 10,Term 2,84.6,78.0,82.6,87.6,80.5,79.8,78.3,73.9,80.66,1,0,1,73.9,8,Values Education,Moderate Risk,Classroom Remediation,N/A,N/A,Values Education Diagnostic Assessment,17.7,23.1,,71.0,In Progress,Progressing,In Progress,Approved
CNHS-SYN-2627-0423,SY 2026-2027,Grade 10,Term 3,78.1,83.6,79.7,78.8,82.9,86.4,88.6,80.5,82.32,0,0,0,78.1,8,English,Moderate Risk,No Recommendation,N/A,Instructional,Classroom Summative,,,,92.6,N/A,N/A,Active,Reviewed
CNHS-SYN-2627-0424,SY 2026-2027,Grade 7,Term 1,78.5,73.2,80.9,88.7,88.6,86.8,81.3,80.2,82.28,1,1,0,73.2,8,Filipino,Moderate Risk,No Recommendation,N/A,Instructional,Classroom Summative,,,,90.2,In Progress,Progressing,Active,Reviewed
CNHS-SYN-2627-0424,SY 2026-2027,Grade 7,Term 2,82.3,88.5,83.9,82.1,87.6,83.5,83.9,89.0,85.1,0,0,0,82.1,8,Science,Low Risk,No Recommendation,N/A,Independent,Classroom Summative,,,,95.3,In Progress,Progressing,Active,Reviewed
CNHS-SYN-2627-0424,SY 2026-2027,Grade 7,Term 3,79.2,81.3,83.9,80.6,84.1,84.7,84.0,83.6,82.67,0,0,0,79.2,8,English,Moderate Risk,No Recommendation,N/A,Instructional,Classroom Summative,,,,93.7,N/A,N/A,Active,Reviewed
CNHS-SYN-2627-0425,SY 2026-2027,Grade 8,Term 1,69.0,72.1,69.0,76.6,75.3,72.3,75.5,72.8,72.82,5,2,3,69.0,8,English,High Risk,Classroom Remediation,N/A,N/A,English Diagnostic Assessment,19.2,,,85.1,In Progress,Progressing,In Progress,Approved
CNHS-SYN-2627-0425,SY 2026-2027,Grade 8,Term 2,72.2,72.0,74.7,71.8,70.5,74.9,69.2,71.0,72.04,8,2,6,69.2,8,Tle,High Risk,Classroom Remediation,N/A,N/A,Tle Diagnostic Assessment,25.0,30.1,,77.0,In Progress,Progressing,In Progress,Approved
CNHS-SYN-2627-0425,SY 2026-2027,Grade 8,Term 3,67.6,77.5,68.4,72.6,66.3,81.7,68.6,67.5,71.28,6,1,5,66.3,8,Mapeh,High Risk,Classroom Remediation,N/A,N/A,Mapeh Diagnostic Assessment,20.1,27.5,31.9,87.1,Improved,Improved,Completed,Approved
CNHS-SYN-2627-0426,SY 2026-2027,Grade 9,Term 1,92.8,88.0,91.1,95.8,92.4,92.3,93.9,91.2,92.19,0,0,0,88.0,8,Filipino,Low Risk,No Recommendation,N/A,Independent,Classroom Summative,,,,94.5,In Progress,Progressing,Active,Reviewed
CNHS-SYN-2627-0426,SY 2026-2027,Grade 9,Term 2,94.3,95.7,97.0,97.4,91.9,86.7,96.0,90.9,93.74,0,0,0,86.7,8,Araling Panlipunan,Low Risk,No Recommendation,N/A,Independent,Classroom Summative,,,,96.5,In Progress,Progressing,Active,Reviewed
CNHS-SYN-2627-0426,SY 2026-2027,Grade 9,Term 3,94.0,87.7,97.6,99.0,93.1,90.9,85.5,99.0,93.35,0,0,0,85.5,8,Tle,Low Risk,No Recommendation,N/A,Independent,Classroom Summative,,,,89.1,N/A,N/A,Active,Reviewed
CNHS-SYN-2627-0427,SY 2026-2027,Grade 10,Term 1,94.0,94.4,98.2,95.8,94.6,97.1,88.4,95.2,94.71,0,0,0,88.4,8,Tle,Low Risk,No Recommendation,N/A,Independent,Classroom Summative,,,,93.8,In Progress,Progressing,Active,Reviewed
CNHS-SYN-2627-0427,SY 2026-2027,Grade 10,Term 2,93.4,94.9,92.3,99.0,98.8,97.7,91.6,90.0,94.71,0,0,0,90.0,8,Values Education,Low Risk,No Recommendation,N/A,Independent,Classroom Summative,,,,94.4,In Progress,Progressing,Active,Reviewed
CNHS-SYN-2627-0427,SY 2026-2027,Grade 10,Term 3,88.9,96.2,98.6,85.1,90.2,98.3,95.0,90.3,92.83,0,0,0,85.1,8,Science,Low Risk,No Recommendation,N/A,Independent,Classroom Summative,,,,91.9,N/A,N/A,Active,Reviewed
CNHS-SYN-2627-0428,SY 2026-2027,Grade 7,Term 1,79.0,83.2,78.9,83.7,77.9,85.6,82.2,80.6,81.39,0,0,0,77.9,8,Mapeh,Moderate Risk,No Recommendation,N/A,Instructional,Classroom Summative,,,,92.4,In Progress,Progressing,Active,Reviewed
CNHS-SYN-2627-0428,SY 2026-2027,Grade 7,Term 2,78.8,81.8,74.5,77.4,76.1,81.8,81.9,84.5,79.6,1,0,1,74.5,8,Mathematics,Moderate Risk,Classroom Remediation,N/A,N/A,Mathematics Diagnostic Assessment,18.0,24.8,,88.3,In Progress,Progressing,In Progress,Approved
CNHS-SYN-2627-0428,SY 2026-2027,Grade 7,Term 3,80.5,80.9,79.1,80.6,83.4,86.9,81.5,81.8,81.84,0,0,0,79.1,8,Mathematics,Moderate Risk,No Recommendation,N/A,Instructional,Classroom Summative,,,,93.6,N/A,N/A,Active,Reviewed
CNHS-SYN-2627-0429,SY 2026-2027,Grade 8,Term 1,82.9,81.6,83.4,78.2,84.9,80.3,77.5,83.7,81.56,0,0,0,77.5,8,Tle,Moderate Risk,No Recommendation,N/A,Instructional,Classroom Summative,,,,91.0,In Progress,Progressing,Active,Reviewed
CNHS-SYN-2627-0429,SY 2026-2027,Grade 8,Term 2,85.1,85.1,90.4,81.0,81.7,79.6,83.8,81.9,83.58,0,0,0,79.6,8,Araling Panlipunan,Low Risk,No Recommendation,N/A,Independent,Classroom Summative,,,,92.5,In Progress,Progressing,Active,Reviewed
CNHS-SYN-2627-0429,SY 2026-2027,Grade 8,Term 3,84.5,81.8,75.9,84.3,75.3,81.3,81.3,81.9,80.79,0,0,0,75.3,8,Mapeh,Moderate Risk,No Recommendation,N/A,Instructional,Classroom Summative,,,,94.1,N/A,N/A,Active,Reviewed
CNHS-SYN-2627-0430,SY 2026-2027,Grade 9,Term 1,88.4,87.7,97.8,85.8,87.3,86.7,93.6,96.9,90.53,0,0,0,85.8,8,Science,Low Risk,No Recommendation,N/A,Independent,Classroom Summative,,,,95.5,In Progress,Progressing,Active,Reviewed
CNHS-SYN-2627-0430,SY 2026-2027,Grade 9,Term 2,83.1,90.3,97.6,90.7,95.7,83.4,89.1,93.6,90.44,0,0,0,83.1,8,English,Low Risk,No Recommendation,N/A,Independent,Classroom Summative,,,,95.8,In Progress,Progressing,Active,Reviewed
CNHS-SYN-2627-0430,SY 2026-2027,Grade 9,Term 3,93.9,88.7,92.3,99.0,87.1,86.5,94.5,87.9,91.24,0,0,0,86.5,8,Araling Panlipunan,Low Risk,No Recommendation,N/A,Independent,Classroom Summative,,,,100.0,N/A,N/A,Active,Reviewed
CNHS-SYN-2627-0431,SY 2026-2027,Grade 10,Term 1,60.0,60.0,64.4,68.2,60.5,64.1,60.0,65.0,62.78,8,2,6,60.0,8,English,High Risk,Classroom Remediation,N/A,N/A,English Diagnostic Assessment,22.8,,,84.5,In Progress,Progressing,In Progress,Approved
CNHS-SYN-2627-0431,SY 2026-2027,Grade 10,Term 2,62.5,65.7,63.9,64.3,68.3,64.6,64.9,70.2,65.55,8,2,6,62.5,8,English,High Risk,Classroom Remediation,N/A,N/A,English Diagnostic Assessment,20.9,26.1,,76.2,In Progress,Progressing,In Progress,Approved
CNHS-SYN-2627-0431,SY 2026-2027,Grade 10,Term 3,61.9,60.1,64.0,69.0,68.3,67.8,66.7,65.6,65.42,8,2,6,60.1,8,Filipino,High Risk,Classroom Remediation,N/A,N/A,Filipino Diagnostic Assessment,22.2,29.2,35.0,79.0,Improved,Improved,Completed,Approved
CNHS-SYN-2627-0432,SY 2026-2027,Grade 7,Term 1,76.2,79.0,82.8,86.9,79.8,77.9,81.2,74.8,79.82,1,0,1,74.8,8,Values Education,Moderate Risk,Classroom Remediation,N/A,N/A,Values Education Diagnostic Assessment,20.9,,,84.8,In Progress,Progressing,In Progress,Approved
CNHS-SYN-2627-0432,SY 2026-2027,Grade 7,Term 2,82.1,81.1,81.7,84.1,87.8,76.8,74.0,75.1,80.34,1,0,1,74.0,8,Tle,Moderate Risk,Classroom Remediation,N/A,N/A,Tle Diagnostic Assessment,25.5,31.6,,85.8,In Progress,Progressing,In Progress,Approved
CNHS-SYN-2627-0432,SY 2026-2027,Grade 7,Term 3,83.5,78.7,78.1,88.6,83.2,81.6,81.4,79.8,81.86,0,0,0,78.1,8,Mathematics,Moderate Risk,No Recommendation,N/A,Instructional,Classroom Summative,,,,93.3,N/A,N/A,Active,Reviewed
CNHS-SYN-2627-0433,SY 2026-2027,Grade 8,Term 1,86.7,81.9,85.0,81.5,79.6,79.5,83.2,84.2,82.7,0,0,0,79.5,8,Araling Panlipunan,Moderate Risk,No Recommendation,N/A,Instructional,Classroom Summative,,,,91.1,In Progress,Progressing,Active,Reviewed
CNHS-SYN-2627-0433,SY 2026-2027,Grade 8,Term 2,84.4,83.7,80.8,84.1,90.7,83.3,78.3,89.4,84.34,0,0,0,78.3,8,Tle,Low Risk,No Recommendation,N/A,Independent,Classroom Summative,,,,99.0,In Progress,Progressing,Active,Reviewed
CNHS-SYN-2627-0433,SY 2026-2027,Grade 8,Term 3,84.7,81.9,81.4,88.2,89.9,80.3,74.3,83.8,83.06,1,0,1,74.3,8,Tle,Moderate Risk,Classroom Remediation,N/A,N/A,Tle Diagnostic Assessment,16.5,21.5,28.9,78.5,Improved,Improved,Completed,Approved
CNHS-SYN-2627-0434,SY 2026-2027,Grade 9,Term 1,73.1,70.1,72.9,76.9,76.3,78.5,77.8,71.6,74.65,4,2,2,70.1,8,Filipino,High Risk,Classroom Remediation,N/A,N/A,Filipino Diagnostic Assessment,25.0,,,85.0,In Progress,Progressing,In Progress,Approved
CNHS-SYN-2627-0434,SY 2026-2027,Grade 9,Term 2,71.1,73.5,72.1,78.7,72.6,83.9,74.2,79.1,75.65,5,2,3,71.1,8,English,High Risk,Classroom Remediation,N/A,N/A,English Diagnostic Assessment,25.8,31.1,,83.2,In Progress,Progressing,In Progress,Approved
CNHS-SYN-2627-0434,SY 2026-2027,Grade 9,Term 3,79.7,76.0,72.1,76.4,73.3,76.7,73.1,77.5,75.6,3,0,3,72.1,8,Mathematics,High Risk,Classroom Remediation,N/A,N/A,Mathematics Diagnostic Assessment,17.2,23.2,29.7,75.2,Improved,Improved,Completed,Approved
CNHS-SYN-2627-0435,SY 2026-2027,Grade 10,Term 1,73.0,80.1,77.7,78.2,78.8,73.0,77.4,78.4,77.08,2,1,1,73.0,8,English,High Risk,Classroom Remediation,N/A,N/A,English Diagnostic Assessment,16.3,,,76.9,In Progress,Progressing,In Progress,Approved
CNHS-SYN-2627-0435,SY 2026-2027,Grade 10,Term 2,77.6,69.8,73.1,79.2,77.7,74.8,70.1,76.5,74.85,4,1,3,69.8,8,Filipino,High Risk,Classroom Remediation,N/A,N/A,Filipino Diagnostic Assessment,20.5,28.3,,75.8,In Progress,Progressing,In Progress,Approved
CNHS-SYN-2627-0435,SY 2026-2027,Grade 10,Term 3,73.6,75.6,71.8,73.8,79.6,80.9,77.7,75.6,76.07,3,1,2,71.8,8,Mathematics,High Risk,Classroom Remediation,N/A,N/A,Mathematics Diagnostic Assessment,16.8,22.6,30.7,86.4,Improved,Improved,Completed,Approved
CNHS-SYN-2627-0436,SY 2026-2027,Grade 7,Term 1,92.6,92.5,87.3,98.6,91.7,86.4,97.4,87.7,91.78,0,0,0,86.4,8,Araling Panlipunan,Low Risk,No Recommendation,N/A,Independent,Classroom Summative,,,,94.3,In Progress,Progressing,Active,Reviewed
CNHS-SYN-2627-0436,SY 2026-2027,Grade 7,Term 2,91.1,91.5,98.0,92.9,89.1,81.8,90.7,84.9,90.0,0,0,0,81.8,8,Araling Panlipunan,Low Risk,No Recommendation,N/A,Independent,Classroom Summative,,,,91.5,In Progress,Progressing,Active,Reviewed
CNHS-SYN-2627-0436,SY 2026-2027,Grade 7,Term 3,90.5,90.4,96.4,82.9,92.4,90.9,89.3,87.9,90.09,0,0,0,82.9,8,Science,Low Risk,No Recommendation,N/A,Independent,Classroom Summative,,,,92.5,N/A,N/A,Active,Reviewed
CNHS-SYN-2627-0437,SY 2026-2027,Grade 8,Term 1,98.5,96.0,94.9,88.1,87.2,95.2,89.1,97.8,93.35,0,0,0,87.2,8,Mapeh,Low Risk,No Recommendation,N/A,Independent,Classroom Summative,,,,95.9,In Progress,Progressing,Active,Reviewed
CNHS-SYN-2627-0437,SY 2026-2027,Grade 8,Term 2,94.4,94.2,92.2,95.6,96.6,92.7,96.1,93.9,94.46,0,0,0,92.2,8,Mathematics,Low Risk,No Recommendation,N/A,Independent,Classroom Summative,,,,95.3,In Progress,Progressing,Active,Reviewed
CNHS-SYN-2627-0437,SY 2026-2027,Grade 8,Term 3,95.4,86.6,94.2,87.5,89.2,93.0,93.6,90.7,91.28,0,0,0,86.6,8,Filipino,Low Risk,No Recommendation,N/A,Independent,Classroom Summative,,,,93.6,N/A,N/A,Active,Reviewed
CNHS-SYN-2627-0438,SY 2026-2027,Grade 9,Term 1,82.6,75.3,74.8,76.6,74.8,74.2,81.3,78.7,77.29,3,0,3,74.2,8,Araling Panlipunan,High Risk,Classroom Remediation,N/A,N/A,Araling Panlipunan Diagnostic Assessment,17.1,,,82.8,In Progress,Progressing,In Progress,Approved
CNHS-SYN-2627-0438,SY 2026-2027,Grade 9,Term 2,80.0,71.6,78.8,75.6,80.2,74.6,82.1,77.2,77.51,2,1,1,71.6,8,Filipino,High Risk,Classroom Remediation,N/A,N/A,Filipino Diagnostic Assessment,25.3,30.6,,86.8,In Progress,Progressing,In Progress,Approved
CNHS-SYN-2627-0438,SY 2026-2027,Grade 9,Term 3,78.5,72.4,77.8,78.3,72.7,78.2,80.2,82.4,77.56,2,1,1,72.4,8,Filipino,High Risk,Classroom Remediation,N/A,N/A,Filipino Diagnostic Assessment,23.3,28.7,33.2,79.3,Improved,Improved,Completed,Approved
CNHS-SYN-2627-0439,SY 2026-2027,Grade 10,Term 1,80.4,87.4,86.2,82.4,83.4,85.0,85.3,89.6,84.96,0,0,0,80.4,8,English,Low Risk,No Recommendation,N/A,Independent,Classroom Summative,,,,91.3,In Progress,Progressing,Active,Reviewed
CNHS-SYN-2627-0439,SY 2026-2027,Grade 10,Term 2,86.2,76.8,83.0,82.8,86.5,90.7,84.8,82.6,84.17,0,0,0,76.8,8,Filipino,Low Risk,No Recommendation,N/A,Independent,Classroom Summative,,,,96.9,In Progress,Progressing,Active,Reviewed
CNHS-SYN-2627-0439,SY 2026-2027,Grade 10,Term 3,82.7,81.5,88.1,88.4,80.3,78.3,83.6,79.6,82.81,0,0,0,78.3,8,Araling Panlipunan,Moderate Risk,No Recommendation,N/A,Instructional,Classroom Summative,,,,90.4,N/A,N/A,Active,Reviewed
CNHS-SYN-2627-0440,SY 2026-2027,Grade 7,Term 1,86.4,83.2,79.9,80.8,79.2,82.3,85.1,80.0,82.11,0,0,0,79.2,8,Mapeh,Moderate Risk,No Recommendation,N/A,Instructional,Classroom Summative,,,,98.4,In Progress,Progressing,Active,Reviewed
CNHS-SYN-2627-0440,SY 2026-2027,Grade 7,Term 2,87.0,76.9,81.8,84.1,77.2,76.4,81.3,79.8,80.56,0,0,0,76.4,8,Araling Panlipunan,Moderate Risk,No Recommendation,N/A,Instructional,Classroom Summative,,,,92.4,In Progress,Progressing,Active,Reviewed
CNHS-SYN-2627-0440,SY 2026-2027,Grade 7,Term 3,89.6,79.6,84.2,83.3,74.9,86.9,83.7,82.0,83.03,1,0,1,74.9,8,Mapeh,Moderate Risk,Classroom Remediation,N/A,N/A,Mapeh Diagnostic Assessment,22.3,28.6,35.0,85.7,Improved,Improved,Completed,Approved
CNHS-SYN-2627-0441,SY 2026-2027,Grade 8,Term 1,80.2,76.9,81.3,86.2,74.8,,78.6,78.2,79.46,1,0,1,74.8,7,Mapeh,Moderate Risk,Classroom Remediation,N/A,N/A,Mapeh Diagnostic Assessment,25.2,,,82.4,In Progress,Progressing,In Progress,Approved
CNHS-SYN-2627-0441,SY 2026-2027,Grade 8,Term 2,83.4,85.8,72.6,82.6,79.6,84.1,77.2,83.8,81.14,1,0,1,72.6,8,Mathematics,Moderate Risk,Classroom Remediation,N/A,N/A,Mathematics Diagnostic Assessment,25.1,31.3,,77.4,In Progress,Progressing,In Progress,Approved
CNHS-SYN-2627-0441,SY 2026-2027,Grade 8,Term 3,79.8,84.7,85.6,87.7,82.2,81.2,81.9,87.6,83.84,0,0,0,79.8,8,English,Low Risk,No Recommendation,N/A,Independent,Classroom Summative,,,,94.3,N/A,N/A,Active,Reviewed
CNHS-SYN-2627-0442,SY 2026-2027,Grade 9,Term 1,62.0,64.1,65.7,69.3,69.6,68.1,68.9,67.5,66.9,8,2,6,62.0,8,English,High Risk,Classroom Remediation,N/A,N/A,English Diagnostic Assessment,20.0,,,85.2,In Progress,Progressing,In Progress,Approved
CNHS-SYN-2627-0442,SY 2026-2027,Grade 9,Term 2,61.2,67.6,70.9,66.0,64.8,67.1,66.9,69.4,66.74,8,2,6,61.2,8,English,High Risk,Classroom Remediation,N/A,N/A,English Diagnostic Assessment,18.4,23.7,,79.8,In Progress,Progressing,In Progress,Approved
CNHS-SYN-2627-0442,SY 2026-2027,Grade 9,Term 3,60.0,62.9,65.5,68.8,66.1,60.6,68.4,76.3,66.08,7,2,5,60.0,8,English,High Risk,Classroom Remediation,N/A,N/A,English Diagnostic Assessment,25.6,31.4,37.5,79.5,Improved,Improved,Completed,Approved
CNHS-SYN-2627-0443,SY 2026-2027,Grade 10,Term 1,89.0,93.0,99.0,93.6,79.6,90.6,96.6,92.0,91.67,0,0,0,79.6,8,Mapeh,Low Risk,No Recommendation,N/A,Independent,Classroom Summative,,,,92.6,In Progress,Progressing,Active,Reviewed
CNHS-SYN-2627-0443,SY 2026-2027,Grade 10,Term 2,96.2,95.7,93.6,95.3,98.9,94.6,93.5,89.9,94.71,0,0,0,89.9,8,Values Education,Low Risk,No Recommendation,N/A,Independent,Classroom Summative,,,,92.2,In Progress,Progressing,Active,Reviewed
CNHS-SYN-2627-0443,SY 2026-2027,Grade 10,Term 3,97.7,98.4,99.0,96.9,96.8,88.3,89.9,87.9,94.36,0,0,0,87.9,8,Values Education,Low Risk,No Recommendation,N/A,Independent,Classroom Summative,,,,99.3,N/A,N/A,Active,Reviewed
CNHS-SYN-2627-0444,SY 2026-2027,Grade 7,Term 1,89.0,79.4,83.9,78.9,75.6,79.1,79.2,79.1,80.53,0,0,0,75.6,8,Mapeh,Moderate Risk,No Recommendation,N/A,Instructional,Classroom Summative,,,,94.5,In Progress,Progressing,Active,Reviewed
CNHS-SYN-2627-0444,SY 2026-2027,Grade 7,Term 2,79.2,74.6,82.7,84.8,86.5,72.7,79.1,76.7,79.54,2,1,1,72.7,8,Araling Panlipunan,High Risk,Classroom Remediation,N/A,N/A,Araling Panlipunan Diagnostic Assessment,21.8,29.2,,78.3,In Progress,Progressing,In Progress,Approved
CNHS-SYN-2627-0444,SY 2026-2027,Grade 7,Term 3,86.6,71.7,80.1,78.6,75.4,86.1,75.1,80.2,79.22,1,1,0,71.7,8,Filipino,Moderate Risk,No Recommendation,N/A,Instructional,Classroom Summative,,,,91.4,N/A,N/A,Active,Reviewed
CNHS-SYN-2627-0445,SY 2026-2027,Grade 8,Term 1,93.6,99.0,90.2,90.6,87.0,94.9,88.4,88.0,91.46,0,0,0,87.0,8,Mapeh,Low Risk,No Recommendation,N/A,Independent,Classroom Summative,,,,91.7,In Progress,Progressing,Active,Reviewed
CNHS-SYN-2627-0445,SY 2026-2027,Grade 8,Term 2,89.7,93.7,92.6,90.6,88.1,89.4,92.0,84.2,90.04,0,0,0,84.2,8,Values Education,Low Risk,No Recommendation,N/A,Independent,Classroom Summative,,,,83.8,In Progress,Progressing,Active,Reviewed
CNHS-SYN-2627-0445,SY 2026-2027,Grade 8,Term 3,94.4,88.7,87.0,87.9,90.7,97.5,82.5,85.1,89.22,0,0,0,82.5,8,Tle,Low Risk,No Recommendation,N/A,Independent,Classroom Summative,,,,100.0,N/A,N/A,Active,Reviewed
CNHS-SYN-2627-0446,SY 2026-2027,Grade 9,Term 1,66.1,69.1,66.1,76.8,62.9,66.7,64.0,72.4,68.01,7,2,5,62.9,8,Mapeh,High Risk,Classroom Remediation,N/A,N/A,Mapeh Diagnostic Assessment,19.2,,,83.7,In Progress,Progressing,In Progress,Approved
CNHS-SYN-2627-0446,SY 2026-2027,Grade 9,Term 2,69.4,66.1,73.2,68.8,70.7,68.4,62.3,68.9,68.47,8,2,6,62.3,8,Tle,High Risk,Classroom Remediation,N/A,N/A,Tle Diagnostic Assessment,21.8,28.3,,81.2,In Progress,Progressing,In Progress,Approved
CNHS-SYN-2627-0446,SY 2026-2027,Grade 9,Term 3,68.6,61.8,68.6,66.9,77.4,66.8,73.8,73.8,69.71,7,2,5,61.8,8,Filipino,High Risk,Classroom Remediation,N/A,N/A,Filipino Diagnostic Assessment,22.7,30.2,37.3,83.7,Improved,Improved,Completed,Approved
CNHS-SYN-2627-0447,SY 2026-2027,Grade 10,Term 1,96.2,90.3,95.9,98.8,97.6,92.9,94.1,88.9,94.34,0,0,0,88.9,8,Values Education,Low Risk,No Recommendation,N/A,Independent,Classroom Summative,,,,92.8,In Progress,Progressing,Active,Reviewed
CNHS-SYN-2627-0447,SY 2026-2027,Grade 10,Term 2,97.9,92.8,91.8,97.4,92.9,91.3,97.6,96.2,94.74,0,0,0,91.3,8,Araling Panlipunan,Low Risk,No Recommendation,N/A,Independent,Classroom Summative,,,,92.8,In Progress,Progressing,Active,Reviewed
CNHS-SYN-2627-0447,SY 2026-2027,Grade 10,Term 3,96.9,97.5,96.5,94.9,92.2,92.4,93.8,90.8,94.38,0,0,0,90.8,8,Values Education,Low Risk,No Recommendation,N/A,Independent,Classroom Summative,,,,93.7,N/A,N/A,Active,Reviewed
CNHS-SYN-2627-0448,SY 2026-2027,Grade 7,Term 1,98.8,99.0,92.2,99.0,94.4,95.7,88.6,94.4,95.26,0,0,0,88.6,8,Tle,Low Risk,No Recommendation,N/A,Independent,Classroom Summative,,,,91.6,In Progress,Progressing,Active,Reviewed
CNHS-SYN-2627-0448,SY 2026-2027,Grade 7,Term 2,84.8,95.3,92.4,97.7,90.6,90.0,88.2,90.2,91.15,0,0,0,84.8,8,English,Low Risk,No Recommendation,N/A,Independent,Classroom Summative,,,,88.4,In Progress,Progressing,Active,Reviewed
CNHS-SYN-2627-0448,SY 2026-2027,Grade 7,Term 3,89.6,94.5,99.0,95.5,,91.2,87.4,90.9,92.59,0,0,0,87.4,7,Tle,Low Risk,No Recommendation,N/A,Independent,Classroom Summative,,,,94.0,N/A,N/A,Active,Reviewed
CNHS-SYN-2627-0449,SY 2026-2027,Grade 8,Term 1,83.9,79.7,85.8,84.0,87.7,89.4,79.0,83.6,84.14,0,0,0,79.0,8,Tle,Low Risk,No Recommendation,N/A,Independent,Classroom Summative,,,,88.6,In Progress,Progressing,Active,Reviewed
CNHS-SYN-2627-0449,SY 2026-2027,Grade 8,Term 2,82.2,90.2,82.7,80.5,83.4,87.0,82.4,84.0,84.05,0,0,0,80.5,8,Science,Low Risk,No Recommendation,N/A,Independent,Classroom Summative,,,,96.0,In Progress,Progressing,Active,Reviewed
CNHS-SYN-2627-0449,SY 2026-2027,Grade 8,Term 3,85.1,87.6,78.0,82.4,87.2,81.4,83.8,82.0,83.44,0,0,0,78.0,8,Mathematics,Moderate Risk,No Recommendation,N/A,Instructional,Classroom Summative,,,,98.1,N/A,N/A,Active,Reviewed
CNHS-SYN-2627-0450,SY 2026-2027,Grade 9,Term 1,81.2,85.3,83.6,83.5,83.4,85.6,85.1,78.9,83.33,0,0,0,78.9,8,Values Education,Moderate Risk,No Recommendation,N/A,Instructional,Classroom Summative,,,,95.9,In Progress,Progressing,Active,Reviewed
CNHS-SYN-2627-0450,SY 2026-2027,Grade 9,Term 2,87.2,77.8,85.9,81.8,83.8,79.0,83.0,84.3,82.85,0,0,0,77.8,8,Filipino,Moderate Risk,No Recommendation,N/A,Instructional,Classroom Summative,,,,99.1,In Progress,Progressing,Active,Reviewed
CNHS-SYN-2627-0450,SY 2026-2027,Grade 9,Term 3,75.8,83.7,74.6,82.1,84.9,85.8,82.7,82.2,81.47,1,0,1,74.6,8,Mathematics,Moderate Risk,Classroom Remediation,N/A,N/A,Mathematics Diagnostic Assessment,18.1,24.5,28.8,81.1,Improved,Improved,Completed,Approved
CNHS-SYN-2627-0451,SY 2026-2027,Grade 10,Term 1,81.0,81.7,84.1,81.2,76.1,80.9,83.2,85.5,81.71,0,0,0,76.1,8,Mapeh,Moderate Risk,No Recommendation,N/A,Instructional,Classroom Summative,,,,95.6,In Progress,Progressing,Active,Reviewed
CNHS-SYN-2627-0451,SY 2026-2027,Grade 10,Term 2,86.3,87.0,83.6,79.4,79.0,79.3,79.6,84.1,82.29,0,0,0,79.0,8,Mapeh,Moderate Risk,No Recommendation,N/A,Instructional,Classroom Summative,,,,94.7,In Progress,Progressing,Active,Reviewed
CNHS-SYN-2627-0451,SY 2026-2027,Grade 10,Term 3,82.5,86.4,79.8,87.7,87.4,83.9,91.7,87.9,85.91,0,0,0,79.8,8,Mathematics,Low Risk,No Recommendation,N/A,Independent,Classroom Summative,,,,93.5,N/A,N/A,Active,Reviewed
CNHS-SYN-2627-0452,SY 2026-2027,Grade 7,Term 1,81.3,77.6,80.8,76.0,83.6,82.4,81.6,85.4,81.09,0,0,0,76.0,8,Science,Moderate Risk,No Recommendation,N/A,Instructional,Classroom Summative,,,,91.5,In Progress,Progressing,Active,Reviewed
CNHS-SYN-2627-0452,SY 2026-2027,Grade 7,Term 2,76.5,86.0,85.3,87.1,88.1,80.4,79.4,75.2,82.25,0,0,0,75.2,8,Values Education,Moderate Risk,No Recommendation,N/A,Instructional,Classroom Summative,,,,92.9,In Progress,Progressing,Active,Reviewed
CNHS-SYN-2627-0452,SY 2026-2027,Grade 7,Term 3,74.3,78.0,82.7,85.5,79.3,82.5,89.1,75.2,80.83,1,1,0,74.3,8,English,Moderate Risk,No Recommendation,N/A,Instructional,Classroom Summative,,,,95.3,N/A,N/A,Active,Reviewed
CNHS-SYN-2627-0453,SY 2026-2027,Grade 8,Term 1,60.0,63.4,67.2,70.0,71.8,74.8,67.1,73.2,68.44,8,2,6,60.0,8,English,High Risk,Classroom Remediation,N/A,N/A,English Diagnostic Assessment,17.1,,,78.2,In Progress,Progressing,In Progress,Approved
CNHS-SYN-2627-0453,SY 2026-2027,Grade 8,Term 2,61.5,61.3,65.0,65.5,73.5,60.0,69.2,70.8,65.85,8,2,6,60.0,8,Araling Panlipunan,High Risk,Classroom Remediation,N/A,N/A,Araling Panlipunan Diagnostic Assessment,22.4,28.3,,85.0,In Progress,Progressing,In Progress,Approved
CNHS-SYN-2627-0453,SY 2026-2027,Grade 8,Term 3,67.6,63.1,61.3,69.4,66.3,66.8,69.7,67.1,66.41,8,2,6,61.3,8,Mathematics,High Risk,Classroom Remediation,N/A,N/A,Mathematics Diagnostic Assessment,21.0,28.8,36.3,84.3,Improved,Improved,Completed,Approved
CNHS-SYN-2627-0454,SY 2026-2027,Grade 9,Term 1,94.4,89.2,88.6,93.7,87.7,94.6,97.0,91.1,92.04,0,0,0,87.7,8,Mapeh,Low Risk,No Recommendation,N/A,Independent,Classroom Summative,,,,94.9,In Progress,Progressing,Active,Reviewed
CNHS-SYN-2627-0454,SY 2026-2027,Grade 9,Term 2,94.2,94.4,91.0,88.3,85.7,89.2,99.0,86.3,91.01,0,0,0,85.7,8,Mapeh,Low Risk,No Recommendation,N/A,Independent,Classroom Summative,,,,91.2,In Progress,Progressing,Active,Reviewed
CNHS-SYN-2627-0454,SY 2026-2027,Grade 9,Term 3,91.3,95.2,91.9,91.2,88.7,90.1,91.7,91.4,91.44,0,0,0,88.7,8,Mapeh,Low Risk,No Recommendation,N/A,Independent,Classroom Summative,,,,93.9,N/A,N/A,Active,Reviewed
CNHS-SYN-2627-0455,SY 2026-2027,Grade 10,Term 1,80.7,79.1,83.1,76.5,79.0,81.5,75.4,81.2,79.56,0,0,0,75.4,8,Tle,Moderate Risk,No Recommendation,N/A,Instructional,Classroom Summative,,,,93.5,In Progress,Progressing,Active,Reviewed
CNHS-SYN-2627-0455,SY 2026-2027,Grade 10,Term 2,84.6,80.5,73.7,82.7,76.4,81.9,80.0,68.9,78.59,2,0,2,68.9,8,Values Education,High Risk,Classroom Remediation,N/A,N/A,Values Education Diagnostic Assessment,18.7,25.4,,85.5,In Progress,Progressing,In Progress,Approved
CNHS-SYN-2627-0455,SY 2026-2027,Grade 10,Term 3,75.1,82.8,74.2,80.0,81.8,81.8,79.6,78.1,79.17,1,0,1,74.2,8,Mathematics,Moderate Risk,Classroom Remediation,N/A,N/A,Mathematics Diagnostic Assessment,25.5,32.5,37.3,76.9,Improved,Improved,Completed,Approved
CNHS-SYN-2627-0456,SY 2026-2027,Grade 7,Term 1,61.0,60.9,62.4,70.4,69.1,66.0,77.2,66.8,66.73,7,2,5,60.9,8,Filipino,High Risk,Classroom Remediation,N/A,N/A,Filipino Diagnostic Assessment,20.2,,,85.8,In Progress,Progressing,In Progress,Approved
CNHS-SYN-2627-0456,SY 2026-2027,Grade 7,Term 2,67.0,69.8,63.9,69.1,68.0,68.5,63.6,62.9,66.6,8,2,6,62.9,8,Values Education,High Risk,Classroom Remediation,N/A,N/A,Values Education Diagnostic Assessment,20.6,27.0,,87.4,In Progress,Progressing,In Progress,Approved
CNHS-SYN-2627-0456,SY 2026-2027,Grade 7,Term 3,63.5,60.0,61.6,64.3,65.2,66.7,66.8,65.8,64.24,8,2,6,60.0,8,Filipino,High Risk,Classroom Remediation,N/A,N/A,Filipino Diagnostic Assessment,19.0,24.7,33.7,85.9,Improved,Improved,Completed,Approved
CNHS-SYN-2627-0457,SY 2026-2027,Grade 8,Term 1,85.8,85.6,84.8,81.7,97.1,78.7,82.4,88.4,85.56,0,0,0,78.7,8,Araling Panlipunan,Low Risk,No Recommendation,N/A,Independent,Classroom Summative,,,,92.8,In Progress,Progressing,Active,Reviewed
CNHS-SYN-2627-0457,SY 2026-2027,Grade 8,Term 2,90.0,92.4,86.4,89.7,79.7,83.9,88.0,93.7,87.97,0,0,0,79.7,8,Mapeh,Low Risk,No Recommendation,N/A,Independent,Classroom Summative,,,,90.0,In Progress,Progressing,Active,Reviewed
CNHS-SYN-2627-0457,SY 2026-2027,Grade 8,Term 3,89.7,88.7,84.7,81.5,84.2,88.1,84.9,90.6,86.55,0,0,0,81.5,8,Science,Low Risk,No Recommendation,N/A,Independent,Classroom Summative,,,,96.1,N/A,N/A,Active,Reviewed
CNHS-SYN-2627-0458,SY 2026-2027,Grade 9,Term 1,67.7,68.2,73.4,74.7,69.2,68.7,72.6,66.4,70.11,8,2,6,66.4,8,Values Education,High Risk,Classroom Remediation,N/A,N/A,Values Education Diagnostic Assessment,19.4,,,76.7,In Progress,Progressing,In Progress,Approved
CNHS-SYN-2627-0458,SY 2026-2027,Grade 9,Term 2,65.3,71.0,73.0,69.4,71.9,68.0,71.3,77.9,70.98,7,2,5,65.3,8,English,High Risk,Classroom Remediation,N/A,N/A,English Diagnostic Assessment,16.0,22.5,,83.8,In Progress,Progressing,In Progress,Approved
CNHS-SYN-2627-0458,SY 2026-2027,Grade 9,Term 3,63.3,65.4,63.1,74.0,79.7,76.3,72.5,71.9,70.77,6,2,4,63.1,8,Mathematics,High Risk,Classroom Remediation,N/A,N/A,Mathematics Diagnostic Assessment,18.4,25.3,33.7,77.0,Improved,Improved,Completed,Approved
CNHS-SYN-2627-0459,SY 2026-2027,Grade 10,Term 1,76.6,81.7,80.0,79.5,77.3,78.8,77.3,84.7,79.49,0,0,0,76.6,8,English,Moderate Risk,No Recommendation,N/A,Instructional,Classroom Summative,,,,95.1,In Progress,Progressing,Active,Reviewed
CNHS-SYN-2627-0459,SY 2026-2027,Grade 10,Term 2,75.5,90.2,80.1,88.2,84.4,80.6,89.3,83.7,84.0,0,0,0,75.5,8,English,Low Risk,No Recommendation,N/A,Independent,Classroom Summative,,,,92.6,In Progress,Progressing,Active,Reviewed
CNHS-SYN-2627-0459,SY 2026-2027,Grade 10,Term 3,86.7,80.8,80.2,79.3,78.7,78.9,88.3,85.4,82.29,0,0,0,78.7,8,Mapeh,Moderate Risk,No Recommendation,N/A,Instructional,Classroom Summative,,,,92.1,N/A,N/A,Active,Reviewed
CNHS-SYN-2627-0460,SY 2026-2027,Grade 7,Term 1,80.4,78.3,73.8,77.6,73.1,81.7,74.3,75.0,76.78,3,0,3,73.1,8,Mapeh,High Risk,Classroom Remediation,N/A,N/A,Mapeh Diagnostic Assessment,16.7,,,80.5,In Progress,Progressing,In Progress,Approved
CNHS-SYN-2627-0460,SY 2026-2027,Grade 7,Term 2,79.8,75.1,79.3,77.1,81.3,74.4,76.3,71.6,76.86,2,0,2,71.6,8,Values Education,High Risk,Classroom Remediation,N/A,N/A,Values Education Diagnostic Assessment,19.1,24.7,,80.1,In Progress,Progressing,In Progress,Approved
CNHS-SYN-2627-0460,SY 2026-2027,Grade 7,Term 3,75.0,77.6,84.8,63.9,77.0,81.6,75.2,79.2,76.79,1,0,1,63.9,8,Science,High Risk,Classroom Remediation,N/A,N/A,Science Diagnostic Assessment,25.7,32.4,36.9,84.2,Improved,Improved,Completed,Approved
CNHS-SYN-2627-0461,SY 2026-2027,Grade 8,Term 1,84.2,80.4,84.0,83.7,79.9,86.2,77.8,81.2,82.18,0,0,0,77.8,8,Tle,Moderate Risk,No Recommendation,N/A,Instructional,Classroom Summative,,,,90.3,In Progress,Progressing,Active,Reviewed
CNHS-SYN-2627-0461,SY 2026-2027,Grade 8,Term 2,83.9,81.3,87.9,84.0,81.1,82.6,82.7,89.4,84.11,0,0,0,81.1,8,Mapeh,Low Risk,No Recommendation,N/A,Independent,Classroom Summative,,,,93.5,In Progress,Progressing,Active,Reviewed
CNHS-SYN-2627-0461,SY 2026-2027,Grade 8,Term 3,79.8,81.3,78.5,80.2,77.8,78.3,84.7,81.8,80.3,0,0,0,77.8,8,Mapeh,Moderate Risk,No Recommendation,N/A,Instructional,Classroom Summative,,,,93.5,N/A,N/A,Active,Reviewed
CNHS-SYN-2627-0462,SY 2026-2027,Grade 9,Term 1,78.7,80.7,81.1,,85.9,90.0,86.2,80.9,83.36,0,0,0,78.7,7,English,Moderate Risk,No Recommendation,N/A,Instructional,Classroom Summative,,,,91.9,In Progress,Progressing,Active,Reviewed
CNHS-SYN-2627-0462,SY 2026-2027,Grade 9,Term 2,89.2,91.8,78.3,88.5,80.8,82.0,84.1,88.9,85.45,0,0,0,78.3,8,Mathematics,Low Risk,No Recommendation,N/A,Independent,Classroom Summative,,,,95.4,In Progress,Progressing,Active,Reviewed
CNHS-SYN-2627-0462,SY 2026-2027,Grade 9,Term 3,87.4,88.0,85.8,86.9,80.8,76.4,90.0,79.1,84.3,0,0,0,76.4,8,Araling Panlipunan,Low Risk,No Recommendation,N/A,Independent,Classroom Summative,,,,92.8,N/A,N/A,Active,Reviewed
CNHS-SYN-2627-0463,SY 2026-2027,Grade 10,Term 1,94.3,94.1,91.5,88.2,94.1,87.8,87.8,93.4,91.4,0,0,0,87.8,8,Araling Panlipunan,Low Risk,No Recommendation,N/A,Independent,Classroom Summative,,,,92.2,In Progress,Progressing,Active,Reviewed
CNHS-SYN-2627-0463,SY 2026-2027,Grade 10,Term 2,90.1,96.2,95.3,90.7,85.4,90.7,89.0,86.4,90.47,0,0,0,85.4,8,Mapeh,Low Risk,No Recommendation,N/A,Independent,Classroom Summative,,,,96.4,In Progress,Progressing,Active,Reviewed
CNHS-SYN-2627-0463,SY 2026-2027,Grade 10,Term 3,96.7,87.9,89.5,92.5,88.3,91.9,88.2,92.0,90.88,0,0,0,87.9,8,Filipino,Low Risk,No Recommendation,N/A,Independent,Classroom Summative,,,,95.9,N/A,N/A,Active,Reviewed
CNHS-SYN-2627-0464,SY 2026-2027,Grade 7,Term 1,83.9,76.5,87.8,83.1,84.7,78.8,82.7,76.8,81.79,0,0,0,76.5,8,Filipino,Moderate Risk,No Recommendation,N/A,Instructional,Classroom Summative,,,,90.7,In Progress,Progressing,Active,Reviewed
CNHS-SYN-2627-0464,SY 2026-2027,Grade 7,Term 2,99.0,85.3,87.7,80.9,83.3,85.3,77.8,79.3,84.83,0,0,0,77.8,8,Tle,Low Risk,No Recommendation,N/A,Independent,Classroom Summative,,,,93.2,In Progress,Progressing,Active,Reviewed
CNHS-SYN-2627-0464,SY 2026-2027,Grade 7,Term 3,80.1,80.6,78.0,74.4,75.4,82.0,84.4,91.4,80.79,1,0,1,74.4,8,Science,Moderate Risk,Classroom Remediation,N/A,N/A,Science Diagnostic Assessment,18.4,25.3,32.1,86.6,Improved,Improved,Completed,Approved
CNHS-SYN-2627-0465,SY 2026-2027,Grade 8,Term 1,60.4,60.0,76.0,68.2,70.4,60.0,74.3,72.8,67.76,7,2,5,60.0,8,Filipino,High Risk,Classroom Remediation,N/A,N/A,Filipino Diagnostic Assessment,20.9,,,83.2,In Progress,Progressing,In Progress,Approved
CNHS-SYN-2627-0465,SY 2026-2027,Grade 8,Term 2,60.1,66.8,72.0,69.6,62.5,64.5,67.9,67.5,66.36,8,2,6,60.1,8,English,High Risk,Classroom Remediation,N/A,N/A,English Diagnostic Assessment,16.1,21.7,,84.8,In Progress,Progressing,In Progress,Approved
CNHS-SYN-2627-0465,SY 2026-2027,Grade 8,Term 3,66.9,66.6,,66.1,64.5,74.3,68.3,62.1,66.97,7,2,5,62.1,7,Values Education,High Risk,Classroom Remediation,N/A,N/A,Values Education Diagnostic Assessment,25.9,31.7,37.0,79.6,Improved,Improved,Completed,Approved
CNHS-SYN-2627-0466,SY 2026-2027,Grade 9,Term 1,99.0,92.4,90.5,98.7,97.6,92.0,88.8,90.1,93.64,0,0,0,88.8,8,Tle,Low Risk,No Recommendation,N/A,Independent,Classroom Summative,,,,98.3,In Progress,Progressing,Active,Reviewed
CNHS-SYN-2627-0466,SY 2026-2027,Grade 9,Term 2,99.0,96.6,98.0,92.8,90.3,87.9,94.8,97.0,94.55,0,0,0,87.9,8,Araling Panlipunan,Low Risk,No Recommendation,N/A,Independent,Classroom Summative,,,,98.2,In Progress,Progressing,Active,Reviewed
CNHS-SYN-2627-0466,SY 2026-2027,Grade 9,Term 3,94.5,96.3,94.7,98.3,95.4,93.3,93.9,89.1,94.44,0,0,0,89.1,8,Values Education,Low Risk,No Recommendation,N/A,Independent,Classroom Summative,,,,92.1,N/A,N/A,Active,Reviewed
CNHS-SYN-2627-0467,SY 2026-2027,Grade 10,Term 1,65.3,78.5,78.5,79.5,76.5,80.8,74.3,76.2,76.2,2,1,1,65.3,8,English,High Risk,Classroom Remediation,N/A,N/A,English Diagnostic Assessment,16.5,,,83.2,In Progress,Progressing,In Progress,Approved
CNHS-SYN-2627-0467,SY 2026-2027,Grade 10,Term 2,75.7,79.9,71.3,74.0,82.4,73.8,76.1,81.7,76.86,3,0,3,71.3,8,Mathematics,High Risk,Classroom Remediation,N/A,N/A,Mathematics Diagnostic Assessment,19.0,25.6,,81.0,In Progress,Progressing,In Progress,Approved
CNHS-SYN-2627-0467,SY 2026-2027,Grade 10,Term 3,68.9,76.0,80.3,74.8,71.5,74.6,74.1,75.4,74.45,5,1,4,68.9,8,English,High Risk,Classroom Remediation,N/A,N/A,English Diagnostic Assessment,20.5,26.3,33.4,82.3,Improved,Improved,Completed,Approved
CNHS-SYN-2627-0468,SY 2026-2027,Grade 7,Term 1,88.2,77.1,85.5,81.7,79.6,79.0,86.7,83.3,82.64,0,0,0,77.1,8,Filipino,Moderate Risk,No Recommendation,N/A,Instructional,Classroom Summative,,,,97.1,In Progress,Progressing,Active,Reviewed
CNHS-SYN-2627-0468,SY 2026-2027,Grade 7,Term 2,82.5,77.1,76.5,87.3,82.3,81.8,88.3,77.4,81.65,0,0,0,76.5,8,Mathematics,Moderate Risk,No Recommendation,N/A,Instructional,Classroom Summative,,,,87.7,In Progress,Progressing,Active,Reviewed
CNHS-SYN-2627-0468,SY 2026-2027,Grade 7,Term 3,79.1,81.6,87.8,84.7,71.8,92.1,79.9,86.2,82.9,1,0,1,71.8,8,Mapeh,Moderate Risk,Classroom Remediation,N/A,N/A,Mapeh Diagnostic Assessment,17.3,22.7,27.1,76.2,Needs Further Intervention,Limited Improvement,Needs Further Support,Approved
CNHS-SYN-2627-0469,SY 2026-2027,Grade 8,Term 1,78.1,68.5,68.6,74.1,70.9,75.6,77.3,76.0,73.64,4,1,3,68.5,8,Filipino,High Risk,Classroom Remediation,N/A,N/A,Filipino Diagnostic Assessment,21.9,,,85.1,In Progress,Progressing,In Progress,Approved
CNHS-SYN-2627-0469,SY 2026-2027,Grade 8,Term 2,67.8,68.3,70.5,76.1,72.3,71.8,71.3,70.5,71.07,7,2,5,67.8,8,English,High Risk,Classroom Remediation,N/A,N/A,English Diagnostic Assessment,21.4,27.9,,80.2,In Progress,Progressing,In Progress,Approved
CNHS-SYN-2627-0469,SY 2026-2027,Grade 8,Term 3,73.1,68.9,67.1,75.6,68.7,72.4,76.7,69.1,71.45,6,2,4,67.1,8,Mathematics,High Risk,Classroom Remediation,N/A,N/A,Mathematics Diagnostic Assessment,17.6,23.8,29.1,86.1,Improved,Improved,Completed,Approved
CNHS-SYN-2627-0470,SY 2026-2027,Grade 9,Term 1,89.6,92.4,92.7,96.7,89.6,95.3,90.4,90.2,92.11,0,0,0,89.6,8,English,Low Risk,No Recommendation,N/A,Independent,Classroom Summative,,,,93.1,In Progress,Progressing,Active,Reviewed
CNHS-SYN-2627-0470,SY 2026-2027,Grade 9,Term 2,96.0,89.8,96.8,95.5,87.8,94.6,94.0,93.3,93.47,0,0,0,87.8,8,Mapeh,Low Risk,No Recommendation,N/A,Independent,Classroom Summative,,,,93.6,In Progress,Progressing,Active,Reviewed
CNHS-SYN-2627-0470,SY 2026-2027,Grade 9,Term 3,92.1,99.0,93.2,89.3,85.6,86.3,87.4,91.4,90.54,0,0,0,85.6,8,Mapeh,Low Risk,No Recommendation,N/A,Independent,Classroom Summative,,,,91.7,N/A,N/A,Active,Reviewed
CNHS-SYN-2627-0471,SY 2026-2027,Grade 10,Term 1,80.9,89.4,89.3,84.1,82.0,86.0,86.7,87.2,85.7,0,0,0,80.9,8,English,Low Risk,No Recommendation,N/A,Independent,Classroom Summative,,,,97.4,In Progress,Progressing,Active,Reviewed
CNHS-SYN-2627-0471,SY 2026-2027,Grade 10,Term 2,82.4,88.5,81.8,74.3,82.1,81.8,84.8,87.1,82.85,1,0,1,74.3,8,Science,Moderate Risk,Classroom Remediation,N/A,N/A,Science Diagnostic Assessment,25.4,32.1,,83.3,In Progress,Progressing,In Progress,Approved
CNHS-SYN-2627-0471,SY 2026-2027,Grade 10,Term 3,83.0,80.9,82.4,80.9,81.3,89.7,84.3,82.9,83.18,0,0,0,80.9,8,Filipino,Moderate Risk,No Recommendation,N/A,Instructional,Classroom Summative,,,,91.1,N/A,N/A,Active,Reviewed
CNHS-SYN-2627-0472,SY 2026-2027,Grade 7,Term 1,64.5,66.3,69.0,76.1,76.7,74.3,71.8,69.6,71.04,6,2,4,64.5,8,English,High Risk,Classroom Remediation,N/A,N/A,English Diagnostic Assessment,17.1,,,81.3,In Progress,Progressing,In Progress,Approved
CNHS-SYN-2627-0472,SY 2026-2027,Grade 7,Term 2,69.7,72.8,67.6,73.3,74.0,73.1,67.7,71.2,71.17,8,2,6,67.6,8,Mathematics,High Risk,Classroom Remediation,N/A,N/A,Mathematics Diagnostic Assessment,21.1,28.1,,82.8,In Progress,Progressing,In Progress,Approved
CNHS-SYN-2627-0472,SY 2026-2027,Grade 7,Term 3,64.6,65.7,75.1,71.1,70.3,76.1,71.2,67.3,70.17,6,2,4,64.6,8,English,High Risk,Classroom Remediation,N/A,N/A,English Diagnostic Assessment,16.5,21.8,28.7,80.3,Improved,Improved,Completed,Approved
CNHS-SYN-2627-0473,SY 2026-2027,Grade 8,Term 1,71.2,75.7,73.8,78.4,77.4,76.3,71.1,72.3,74.53,4,1,3,71.1,8,Tle,High Risk,Classroom Remediation,N/A,N/A,Tle Diagnostic Assessment,22.4,,,75.1,In Progress,Progressing,In Progress,Approved
CNHS-SYN-2627-0473,SY 2026-2027,Grade 8,Term 2,75.0,70.5,76.2,73.9,76.2,75.5,68.5,69.1,73.11,4,1,3,68.5,8,Tle,High Risk,Classroom Remediation,N/A,N/A,Tle Diagnostic Assessment,25.6,31.3,,84.1,In Progress,Progressing,In Progress,Approved
CNHS-SYN-2627-0473,SY 2026-2027,Grade 8,Term 3,63.9,72.1,68.1,75.8,68.4,76.1,74.6,69.3,71.04,6,2,4,63.9,8,English,High Risk,Classroom Remediation,N/A,N/A,English Diagnostic Assessment,25.6,30.7,35.8,85.6,Improved,Improved,Completed,Approved
CNHS-SYN-2627-0474,SY 2026-2027,Grade 9,Term 1,68.5,66.1,64.7,74.2,63.8,75.8,74.9,71.9,69.99,7,2,5,63.8,8,Mapeh,High Risk,Classroom Remediation,N/A,N/A,Mapeh Diagnostic Assessment,22.1,,,73.2,In Progress,Progressing,In Progress,Approved
CNHS-SYN-2627-0474,SY 2026-2027,Grade 9,Term 2,63.3,70.9,72.9,76.6,72.3,74.0,76.0,72.5,72.31,6,2,4,63.3,8,English,High Risk,Classroom Remediation,N/A,N/A,English Diagnostic Assessment,17.9,25.5,,85.5,In Progress,Progressing,In Progress,Approved
CNHS-SYN-2627-0474,SY 2026-2027,Grade 9,Term 3,69.1,74.3,67.4,70.8,73.9,70.5,71.1,63.1,70.03,8,2,6,63.1,8,Values Education,High Risk,Classroom Remediation,N/A,N/A,Values Education Diagnostic Assessment,21.7,27.5,32.5,90.2,Improved,Improved,Completed,Approved
CNHS-SYN-2627-0475,SY 2026-2027,Grade 10,Term 1,89.2,88.9,87.8,81.3,89.9,82.8,77.7,82.0,84.95,0,0,0,77.7,8,Tle,Low Risk,No Recommendation,N/A,Independent,Classroom Summative,,,,91.7,In Progress,Progressing,Active,Reviewed
CNHS-SYN-2627-0475,SY 2026-2027,Grade 10,Term 2,84.3,85.8,84.3,86.1,82.9,80.8,78.0,83.2,83.17,0,0,0,78.0,8,Tle,Moderate Risk,No Recommendation,N/A,Instructional,Classroom Summative,,,,93.6,In Progress,Progressing,Active,Reviewed
CNHS-SYN-2627-0475,SY 2026-2027,Grade 10,Term 3,75.9,78.0,84.7,77.4,82.9,80.4,80.2,83.9,80.43,0,0,0,75.9,8,English,Moderate Risk,No Recommendation,N/A,Instructional,Classroom Summative,,,,95.9,N/A,N/A,Active,Reviewed
CNHS-SYN-2627-0476,SY 2026-2027,Grade 7,Term 1,69.3,66.0,68.0,60.0,73.0,66.9,63.9,64.6,66.46,8,2,6,60.0,8,Science,High Risk,Classroom Remediation,N/A,N/A,Science Diagnostic Assessment,16.1,,,85.9,In Progress,Progressing,In Progress,Approved
CNHS-SYN-2627-0476,SY 2026-2027,Grade 7,Term 2,65.9,65.7,65.4,71.1,68.5,66.5,67.4,73.2,67.96,8,2,6,65.4,8,Mathematics,High Risk,Classroom Remediation,N/A,N/A,Mathematics Diagnostic Assessment,17.8,23.2,,84.1,In Progress,Progressing,In Progress,Approved
CNHS-SYN-2627-0476,SY 2026-2027,Grade 7,Term 3,68.6,67.1,67.7,60.0,72.5,63.8,65.9,63.3,66.11,8,2,6,60.0,8,Science,High Risk,Classroom Remediation,N/A,N/A,Science Diagnostic Assessment,21.3,28.0,33.9,90.7,Improved,Improved,Completed,Approved
CNHS-SYN-2627-0477,SY 2026-2027,Grade 8,Term 1,74.8,77.1,78.0,69.4,81.3,78.2,80.3,71.3,76.3,3,1,2,69.4,8,Science,High Risk,Classroom Remediation,N/A,N/A,Science Diagnostic Assessment,19.0,,,85.9,In Progress,Progressing,In Progress,Approved
CNHS-SYN-2627-0477,SY 2026-2027,Grade 8,Term 2,78.9,75.7,86.4,76.3,73.8,70.1,77.6,79.9,77.34,2,0,2,70.1,8,Araling Panlipunan,High Risk,Classroom Remediation,N/A,N/A,Araling Panlipunan Diagnostic Assessment,25.4,32.7,,84.8,In Progress,Progressing,In Progress,Approved
CNHS-SYN-2627-0477,SY 2026-2027,Grade 8,Term 3,77.5,74.2,81.7,80.8,72.9,78.4,78.0,77.0,77.56,2,1,1,72.9,8,Mapeh,High Risk,Classroom Remediation,N/A,N/A,Mapeh Diagnostic Assessment,19.9,26.6,34.0,73.3,Improved,Improved,Completed,Approved
CNHS-SYN-2627-0478,SY 2026-2027,Grade 9,Term 1,77.9,79.3,81.5,80.7,85.2,74.5,82.2,82.1,80.42,1,0,1,74.5,8,Araling Panlipunan,Moderate Risk,Classroom Remediation,N/A,N/A,Araling Panlipunan Diagnostic Assessment,16.8,,,71.1,In Progress,Progressing,In Progress,Approved
CNHS-SYN-2627-0478,SY 2026-2027,Grade 9,Term 2,83.3,80.5,83.2,68.0,78.9,75.4,85.8,76.7,78.97,1,0,1,68.0,8,Science,High Risk,Classroom Remediation,N/A,N/A,Science Diagnostic Assessment,19.2,26.5,,77.8,In Progress,Progressing,In Progress,Approved
CNHS-SYN-2627-0478,SY 2026-2027,Grade 9,Term 3,76.7,83.1,78.1,75.8,79.7,77.5,88.0,83.8,80.34,0,0,0,75.8,8,Science,Moderate Risk,No Recommendation,N/A,Instructional,Classroom Summative,,,,90.5,N/A,N/A,Active,Reviewed
CNHS-SYN-2627-0479,SY 2026-2027,Grade 10,Term 1,62.1,66.1,69.6,66.9,72.5,70.7,69.6,70.6,68.51,8,2,6,62.1,8,English,High Risk,Classroom Remediation,N/A,N/A,English Diagnostic Assessment,21.7,,,77.4,In Progress,Progressing,In Progress,Approved
CNHS-SYN-2627-0479,SY 2026-2027,Grade 10,Term 2,67.9,67.0,70.7,64.2,70.4,64.6,65.0,68.2,67.25,8,2,6,64.2,8,Science,High Risk,Classroom Remediation,N/A,N/A,Science Diagnostic Assessment,25.4,32.9,,80.3,In Progress,Progressing,In Progress,Approved
CNHS-SYN-2627-0479,SY 2026-2027,Grade 10,Term 3,74.7,69.1,65.6,68.2,74.7,67.8,67.8,67.2,69.39,8,2,6,65.6,8,Mathematics,High Risk,Classroom Remediation,N/A,N/A,Mathematics Diagnostic Assessment,16.4,22.4,29.3,84.8,Improved,Improved,Completed,Approved
CNHS-SYN-2627-0480,SY 2026-2027,Grade 7,Term 1,65.6,67.7,71.6,68.5,65.6,67.2,77.3,72.9,69.55,7,2,5,65.6,8,English,High Risk,Classroom Remediation,N/A,N/A,English Diagnostic Assessment,18.0,,,83.2,In Progress,Progressing,In Progress,Approved
CNHS-SYN-2627-0480,SY 2026-2027,Grade 7,Term 2,70.7,71.7,75.4,69.2,76.2,68.5,69.5,70.9,71.51,6,2,4,68.5,8,Araling Panlipunan,High Risk,Classroom Remediation,N/A,N/A,Araling Panlipunan Diagnostic Assessment,21.5,26.8,,89.4,In Progress,Progressing,In Progress,Approved
CNHS-SYN-2627-0480,SY 2026-2027,Grade 7,Term 3,73.6,68.7,66.1,74.6,62.9,73.6,67.7,75.6,70.35,7,2,5,62.9,8,Mapeh,High Risk,Classroom Remediation,N/A,N/A,Mapeh Diagnostic Assessment,23.8,29.1,36.5,79.2,Improved,Improved,Completed,Approved
CNHS-SYN-2627-0481,SY 2026-2027,Grade 8,Term 1,66.7,63.8,70.1,73.9,71.3,67.2,77.6,62.8,69.17,7,2,5,62.8,8,Values Education,High Risk,Classroom Remediation,N/A,N/A,Values Education Diagnostic Assessment,24.9,,,81.3,In Progress,Progressing,In Progress,Approved
CNHS-SYN-2627-0481,SY 2026-2027,Grade 8,Term 2,70.2,68.7,62.3,77.3,73.2,70.9,71.1,77.2,71.36,6,2,4,62.3,8,Mathematics,High Risk,Classroom Remediation,N/A,N/A,Mathematics Diagnostic Assessment,17.8,24.1,,77.5,In Progress,Progressing,In Progress,Approved
CNHS-SYN-2627-0481,SY 2026-2027,Grade 8,Term 3,73.2,70.2,65.7,72.6,72.1,70.4,72.2,73.1,71.19,8,2,6,65.7,8,Mathematics,High Risk,Classroom Remediation,N/A,N/A,Mathematics Diagnostic Assessment,24.8,30.4,35.7,87.4,Improved,Improved,Completed,Approved
CNHS-SYN-2627-0482,SY 2026-2027,Grade 9,Term 1,95.3,93.0,97.5,89.9,93.2,99.0,94.4,98.1,95.05,0,0,0,89.9,8,Science,Low Risk,No Recommendation,N/A,Independent,Classroom Summative,,,,92.3,In Progress,Progressing,Active,Reviewed
CNHS-SYN-2627-0482,SY 2026-2027,Grade 9,Term 2,96.9,85.5,93.9,95.9,94.1,84.0,86.8,91.5,91.08,0,0,0,84.0,8,Araling Panlipunan,Low Risk,No Recommendation,N/A,Independent,Classroom Summative,,,,95.8,In Progress,Progressing,Active,Reviewed
CNHS-SYN-2627-0482,SY 2026-2027,Grade 9,Term 3,92.4,95.2,94.9,91.5,94.0,89.5,94.4,88.7,92.58,0,0,0,88.7,8,Values Education,Low Risk,No Recommendation,N/A,Independent,Classroom Summative,,,,95.6,N/A,N/A,Active,Reviewed
CNHS-SYN-2627-0483,SY 2026-2027,Grade 10,Term 1,93.6,94.1,90.8,91.8,87.8,93.5,78.3,94.2,90.51,0,0,0,78.3,8,Tle,Low Risk,No Recommendation,N/A,Independent,Classroom Summative,,,,94.3,In Progress,Progressing,Active,Reviewed
CNHS-SYN-2627-0483,SY 2026-2027,Grade 10,Term 2,86.9,95.6,90.8,86.7,93.0,91.5,87.5,85.0,89.62,0,0,0,85.0,8,Values Education,Low Risk,No Recommendation,N/A,Independent,Classroom Summative,,,,98.5,In Progress,Progressing,Active,Reviewed
CNHS-SYN-2627-0483,SY 2026-2027,Grade 10,Term 3,91.5,90.6,93.5,81.3,87.5,87.6,92.5,83.1,88.45,0,0,0,81.3,8,Science,Low Risk,No Recommendation,N/A,Independent,Classroom Summative,,,,100.0,N/A,N/A,Active,Reviewed
CNHS-SYN-2627-0484,SY 2026-2027,Grade 7,Term 1,80.4,89.9,88.1,86.1,95.0,86.3,88.9,86.7,87.68,0,0,0,80.4,8,English,Low Risk,No Recommendation,N/A,Independent,Classroom Summative,,,,95.9,In Progress,Progressing,Active,Reviewed
CNHS-SYN-2627-0484,SY 2026-2027,Grade 7,Term 2,92.0,85.7,89.5,87.9,80.9,83.5,90.5,85.4,86.93,0,0,0,80.9,8,Mapeh,Low Risk,No Recommendation,N/A,Independent,Classroom Summative,,,,97.4,In Progress,Progressing,Active,Reviewed
CNHS-SYN-2627-0484,SY 2026-2027,Grade 7,Term 3,90.3,94.3,91.9,87.9,81.8,89.7,92.5,84.9,89.16,0,0,0,81.8,8,Mapeh,Low Risk,No Recommendation,N/A,Independent,Classroom Summative,,,,90.3,N/A,N/A,Active,Reviewed
CNHS-SYN-2627-0485,SY 2026-2027,Grade 8,Term 1,69.4,79.4,69.1,72.1,74.8,71.9,76.0,74.7,73.42,6,1,5,69.1,8,Mathematics,High Risk,Classroom Remediation,N/A,N/A,Mathematics Diagnostic Assessment,23.1,,,78.7,In Progress,Progressing,In Progress,Approved
CNHS-SYN-2627-0485,SY 2026-2027,Grade 8,Term 2,72.4,68.2,65.0,68.7,74.5,75.7,71.1,71.5,70.89,7,2,5,65.0,8,Mathematics,High Risk,Classroom Remediation,N/A,N/A,Mathematics Diagnostic Assessment,17.6,24.4,,78.3,In Progress,Progressing,In Progress,Approved
CNHS-SYN-2627-0485,SY 2026-2027,Grade 8,Term 3,75.5,,67.6,76.4,78.5,73.7,69.2,78.9,74.26,3,0,3,67.6,7,Mathematics,High Risk,Classroom Remediation,N/A,N/A,Mathematics Diagnostic Assessment,21.3,28.5,34.3,76.6,Improved,Improved,Completed,Approved
CNHS-SYN-2627-0486,SY 2026-2027,Grade 9,Term 1,81.8,77.6,84.3,86.1,82.1,78.0,82.0,75.6,80.94,0,0,0,75.6,8,Values Education,Moderate Risk,No Recommendation,N/A,Instructional,Classroom Summative,,,,93.1,In Progress,Progressing,Active,Reviewed
CNHS-SYN-2627-0486,SY 2026-2027,Grade 9,Term 2,81.2,76.4,82.9,82.8,80.0,72.6,81.2,87.7,80.6,1,0,1,72.6,8,Araling Panlipunan,Moderate Risk,Classroom Remediation,N/A,N/A,Araling Panlipunan Diagnostic Assessment,18.6,26.4,,82.9,In Progress,Progressing,In Progress,Approved
CNHS-SYN-2627-0486,SY 2026-2027,Grade 9,Term 3,83.6,76.8,82.4,79.1,82.2,73.4,79.3,82.9,79.96,1,0,1,73.4,8,Araling Panlipunan,Moderate Risk,Classroom Remediation,N/A,N/A,Araling Panlipunan Diagnostic Assessment,22.3,30.2,38.4,89.1,Improved,Improved,Completed,Approved
CNHS-SYN-2627-0487,SY 2026-2027,Grade 10,Term 1,75.0,74.6,66.7,70.4,,71.9,73.6,71.7,71.99,6,1,5,66.7,7,Mathematics,High Risk,Classroom Remediation,N/A,N/A,Mathematics Diagnostic Assessment,17.5,,,81.7,In Progress,Progressing,In Progress,Approved
CNHS-SYN-2627-0487,SY 2026-2027,Grade 10,Term 2,70.6,72.9,71.5,78.6,76.9,70.3,73.0,76.8,73.83,5,2,3,70.3,8,Araling Panlipunan,High Risk,Classroom Remediation,N/A,N/A,Araling Panlipunan Diagnostic Assessment,17.8,24.3,,86.8,In Progress,Progressing,In Progress,Approved
CNHS-SYN-2627-0487,SY 2026-2027,Grade 10,Term 3,72.0,69.8,67.4,72.8,76.9,77.0,76.3,75.2,73.42,4,2,2,67.4,8,Mathematics,High Risk,Classroom Remediation,N/A,N/A,Mathematics Diagnostic Assessment,25.7,32.7,40.0,89.0,Improved,Improved,Completed,Approved
CNHS-SYN-2627-0488,SY 2026-2027,Grade 7,Term 1,94.6,94.9,95.9,97.1,93.2,97.0,97.6,92.0,95.29,0,0,0,92.0,8,Values Education,Low Risk,No Recommendation,N/A,Independent,Classroom Summative,,,,96.6,In Progress,Progressing,Active,Reviewed
CNHS-SYN-2627-0488,SY 2026-2027,Grade 7,Term 2,93.3,97.3,98.6,95.9,94.4,80.5,90.0,96.2,93.28,0,0,0,80.5,8,Araling Panlipunan,Low Risk,No Recommendation,N/A,Independent,Classroom Summative,,,,95.8,In Progress,Progressing,Active,Reviewed
CNHS-SYN-2627-0488,SY 2026-2027,Grade 7,Term 3,98.3,94.6,87.9,90.8,96.2,98.4,85.7,93.9,93.22,0,0,0,85.7,8,Tle,Low Risk,No Recommendation,N/A,Independent,Classroom Summative,,,,94.3,N/A,N/A,Active,Reviewed
CNHS-SYN-2627-0489,SY 2026-2027,Grade 8,Term 1,71.3,66.7,70.5,69.7,66.9,66.6,68.2,65.4,68.16,8,2,6,65.4,8,Values Education,High Risk,Classroom Remediation,N/A,N/A,Values Education Diagnostic Assessment,17.4,,,81.1,In Progress,Progressing,In Progress,Approved
CNHS-SYN-2627-0489,SY 2026-2027,Grade 8,Term 2,64.5,69.1,73.1,67.9,66.0,68.0,69.0,74.1,68.96,8,2,6,64.5,8,English,High Risk,Classroom Remediation,N/A,N/A,English Diagnostic Assessment,22.3,28.4,,88.4,In Progress,Progressing,In Progress,Approved
CNHS-SYN-2627-0489,SY 2026-2027,Grade 8,Term 3,72.1,71.8,71.3,70.2,69.8,73.0,66.7,68.7,70.45,8,2,6,66.7,8,Tle,High Risk,Classroom Remediation,N/A,N/A,Tle Diagnostic Assessment,23.4,30.1,35.6,80.1,Improved,Improved,Completed,Approved
CNHS-SYN-2627-0490,SY 2026-2027,Grade 9,Term 1,97.4,92.2,94.7,98.3,96.3,89.6,86.4,91.4,93.29,0,0,0,86.4,8,Tle,Low Risk,No Recommendation,N/A,Independent,Classroom Summative,,,,98.7,In Progress,Progressing,Active,Reviewed
CNHS-SYN-2627-0490,SY 2026-2027,Grade 9,Term 2,93.2,99.0,96.1,83.3,94.6,91.0,87.3,90.9,91.92,0,0,0,83.3,8,Science,Low Risk,No Recommendation,N/A,Independent,Classroom Summative,,,,91.2,In Progress,Progressing,Active,Reviewed
CNHS-SYN-2627-0490,SY 2026-2027,Grade 9,Term 3,92.8,92.0,94.7,89.4,84.1,88.8,87.0,85.6,89.3,0,0,0,84.1,8,Mapeh,Low Risk,No Recommendation,N/A,Independent,Classroom Summative,,,,96.8,N/A,N/A,Active,Reviewed
CNHS-SYN-2627-0491,SY 2026-2027,Grade 10,Term 1,75.8,76.9,78.2,79.1,74.8,78.0,82.6,69.8,76.9,2,0,2,69.8,8,Values Education,High Risk,Classroom Remediation,N/A,N/A,Values Education Diagnostic Assessment,21.8,,,85.5,In Progress,Progressing,In Progress,Approved
CNHS-SYN-2627-0491,SY 2026-2027,Grade 10,Term 2,73.4,77.7,78.4,68.8,78.3,80.1,72.4,80.1,76.15,3,1,2,68.8,8,Science,High Risk,Classroom Remediation,N/A,N/A,Science Diagnostic Assessment,25.7,32.3,,83.5,In Progress,Progressing,In Progress,Approved
CNHS-SYN-2627-0491,SY 2026-2027,Grade 10,Term 3,66.0,75.3,77.4,68.8,80.3,78.1,78.1,80.5,75.56,2,1,1,66.0,8,English,High Risk,Classroom Remediation,N/A,N/A,English Diagnostic Assessment,21.1,29.0,37.4,73.7,Improved,Improved,Completed,Approved
CNHS-SYN-2627-0492,SY 2026-2027,Grade 7,Term 1,75.8,75.8,84.0,79.1,83.3,83.9,75.2,74.9,79.0,1,0,1,74.9,8,Values Education,Moderate Risk,Classroom Remediation,N/A,N/A,Values Education Diagnostic Assessment,17.6,,,83.8,In Progress,Progressing,In Progress,Approved
CNHS-SYN-2627-0492,SY 2026-2027,Grade 7,Term 2,75.2,75.4,80.2,85.9,76.9,79.3,75.7,78.9,78.44,0,0,0,75.2,8,English,Moderate Risk,No Recommendation,N/A,Instructional,Classroom Summative,,,,93.1,In Progress,Progressing,Active,Reviewed
CNHS-SYN-2627-0492,SY 2026-2027,Grade 7,Term 3,88.8,79.9,72.6,80.5,82.3,80.6,77.4,74.6,79.59,2,0,2,72.6,8,Mathematics,High Risk,Classroom Remediation,N/A,N/A,Mathematics Diagnostic Assessment,18.1,24.0,28.7,79.5,Improved,Improved,Completed,Approved
CNHS-SYN-2627-0493,SY 2026-2027,Grade 8,Term 1,76.3,80.1,80.6,79.8,80.9,85.6,78.7,82.6,80.57,0,0,0,76.3,8,English,Moderate Risk,No Recommendation,N/A,Instructional,Classroom Summative,,,,94.3,In Progress,Progressing,Active,Reviewed
CNHS-SYN-2627-0493,SY 2026-2027,Grade 8,Term 2,82.7,76.8,75.3,81.2,73.3,81.5,75.3,85.3,78.92,1,0,1,73.3,8,Mapeh,Moderate Risk,Classroom Remediation,N/A,N/A,Mapeh Diagnostic Assessment,16.9,22.7,,85.9,In Progress,Progressing,In Progress,Approved
CNHS-SYN-2627-0493,SY 2026-2027,Grade 8,Term 3,80.9,79.5,77.4,78.1,88.5,73.2,75.0,84.0,79.57,1,0,1,73.2,8,Araling Panlipunan,Moderate Risk,Classroom Remediation,N/A,N/A,Araling Panlipunan Diagnostic Assessment,18.1,26.0,33.4,77.3,Improved,Improved,Completed,Approved
CNHS-SYN-2627-0494,SY 2026-2027,Grade 9,Term 1,95.6,92.2,91.0,97.8,91.8,95.2,92.8,86.2,92.83,0,0,0,86.2,8,Values Education,Low Risk,No Recommendation,N/A,Independent,Classroom Summative,,,,97.8,In Progress,Progressing,Active,Reviewed
CNHS-SYN-2627-0494,SY 2026-2027,Grade 9,Term 2,99.0,88.3,82.0,95.3,90.6,87.4,93.3,91.2,90.89,0,0,0,82.0,8,Mathematics,Low Risk,No Recommendation,N/A,Independent,Classroom Summative,,,,93.7,In Progress,Progressing,Active,Reviewed
CNHS-SYN-2627-0494,SY 2026-2027,Grade 9,Term 3,97.7,96.2,94.7,94.6,86.4,92.7,93.8,91.4,93.44,0,0,0,86.4,8,Mapeh,Low Risk,No Recommendation,N/A,Independent,Classroom Summative,,,,91.4,N/A,N/A,Active,Reviewed
CNHS-SYN-2627-0495,SY 2026-2027,Grade 10,Term 1,89.5,91.8,99.0,99.0,90.6,95.0,90.0,95.3,93.78,0,0,0,89.5,8,English,Low Risk,No Recommendation,N/A,Independent,Classroom Summative,,,,94.6,In Progress,Progressing,Active,Reviewed
CNHS-SYN-2627-0495,SY 2026-2027,Grade 10,Term 2,90.8,89.2,99.0,94.5,99.0,99.0,88.0,95.6,94.39,0,0,0,88.0,8,Tle,Low Risk,No Recommendation,N/A,Independent,Classroom Summative,,,,93.0,In Progress,Progressing,Active,Reviewed
CNHS-SYN-2627-0495,SY 2026-2027,Grade 10,Term 3,88.3,89.4,93.5,92.2,94.4,90.3,94.8,98.6,92.69,0,0,0,88.3,8,English,Low Risk,No Recommendation,N/A,Independent,Classroom Summative,,,,93.8,N/A,N/A,Active,Reviewed
CNHS-SYN-2627-0496,SY 2026-2027,Grade 7,Term 1,78.4,75.4,75.5,76.1,73.8,70.8,70.2,80.4,75.08,3,0,3,70.2,8,Tle,High Risk,Classroom Remediation,N/A,N/A,Tle Diagnostic Assessment,24.3,,,80.5,In Progress,Progressing,In Progress,Approved
CNHS-SYN-2627-0496,SY 2026-2027,Grade 7,Term 2,69.1,75.3,76.9,75.0,74.0,70.8,75.6,71.4,73.51,4,1,3,69.1,8,English,High Risk,Classroom Remediation,N/A,N/A,English Diagnostic Assessment,22.2,30.1,,87.9,In Progress,Progressing,In Progress,Approved
CNHS-SYN-2627-0496,SY 2026-2027,Grade 7,Term 3,65.9,71.0,69.2,71.0,82.2,73.4,75.1,76.8,73.08,5,2,3,65.9,8,English,High Risk,Classroom Remediation,N/A,N/A,English Diagnostic Assessment,18.1,23.5,32.0,78.7,Improved,Improved,Completed,Approved
CNHS-SYN-2627-0497,SY 2026-2027,Grade 8,Term 1,88.5,82.1,80.2,80.1,81.0,78.6,83.5,81.0,81.88,0,0,0,78.6,8,Araling Panlipunan,Moderate Risk,No Recommendation,N/A,Instructional,Classroom Summative,,,,92.5,In Progress,Progressing,Active,Reviewed
CNHS-SYN-2627-0497,SY 2026-2027,Grade 8,Term 2,80.3,79.1,87.8,75.5,81.4,82.2,76.7,91.1,81.76,0,0,0,75.5,8,Science,Moderate Risk,No Recommendation,N/A,Instructional,Classroom Summative,,,,94.1,In Progress,Progressing,Active,Reviewed
CNHS-SYN-2627-0497,SY 2026-2027,Grade 8,Term 3,87.2,79.4,81.2,79.7,80.8,85.1,79.4,70.9,80.46,1,0,1,70.9,8,Values Education,Moderate Risk,Classroom Remediation,N/A,N/A,Values Education Diagnostic Assessment,17.3,23.5,31.3,78.1,Improved,Improved,Completed,Approved
CNHS-SYN-2627-0498,SY 2026-2027,Grade 9,Term 1,86.9,89.7,85.4,93.0,82.2,89.5,89.4,89.1,88.15,0,0,0,82.2,8,Mapeh,Low Risk,No Recommendation,N/A,Independent,Classroom Summative,,,,86.9,In Progress,Progressing,Active,Reviewed
CNHS-SYN-2627-0498,SY 2026-2027,Grade 9,Term 2,91.3,87.3,86.7,86.5,84.1,83.4,88.1,80.8,86.02,0,0,0,80.8,8,Values Education,Low Risk,No Recommendation,N/A,Independent,Classroom Summative,,,,91.7,In Progress,Progressing,Active,Reviewed
CNHS-SYN-2627-0498,SY 2026-2027,Grade 9,Term 3,90.8,99.0,85.4,89.6,88.9,90.2,87.3,93.6,90.6,0,0,0,85.4,8,Mathematics,Low Risk,No Recommendation,N/A,Independent,Classroom Summative,,,,96.5,N/A,N/A,Active,Reviewed
CNHS-SYN-2627-0499,SY 2026-2027,Grade 10,Term 1,90.0,92.2,94.1,95.4,95.2,92.8,91.9,90.4,92.75,0,0,0,90.0,8,English,Low Risk,No Recommendation,N/A,Independent,Classroom Summative,,,,91.3,In Progress,Progressing,Active,Reviewed
CNHS-SYN-2627-0499,SY 2026-2027,Grade 10,Term 2,90.7,93.7,98.2,91.1,88.6,95.4,84.1,95.6,92.18,0,0,0,84.1,8,Tle,Low Risk,No Recommendation,N/A,Independent,Classroom Summative,,,,91.4,In Progress,Progressing,Active,Reviewed
CNHS-SYN-2627-0499,SY 2026-2027,Grade 10,Term 3,86.9,94.9,90.5,92.9,99.0,88.5,87.9,92.0,91.58,0,0,0,86.9,8,English,Low Risk,No Recommendation,N/A,Independent,Classroom Summative,,,,94.6,N/A,N/A,Active,Reviewed
CNHS-SYN-2627-0500,SY 2026-2027,Grade 7,Term 1,68.6,75.1,74.0,66.1,70.1,73.1,67.4,67.0,70.17,7,1,6,66.1,8,Science,High Risk,Classroom Remediation,N/A,N/A,Science Diagnostic Assessment,23.8,,,93.1,In Progress,Progressing,In Progress,Approved
CNHS-SYN-2627-0500,SY 2026-2027,Grade 7,Term 2,67.5,72.9,66.7,77.3,76.3,73.8,64.5,73.8,71.6,6,2,4,64.5,8,Tle,High Risk,Classroom Remediation,N/A,N/A,Tle Diagnostic Assessment,19.4,26.2,,80.4,In Progress,Progressing,In Progress,Approved
CNHS-SYN-2627-0500,SY 2026-2027,Grade 7,Term 3,67.2,72.4,70.7,70.4,73.9,78.4,72.2,64.3,71.19,7,2,5,64.3,8,Values Education,High Risk,Classroom Remediation,N/A,N/A,Values Education Diagnostic Assessment,16.0,23.5,28.8,84.3,Improved,Improved,Completed,Approved
CNHS-SYN-2627-0501,SY 2026-2027,Grade 8,Term 1,92.7,85.1,93.2,87.7,89.4,,89.8,94.1,90.29,0,0,0,85.1,7,Filipino,Low Risk,No Recommendation,N/A,Independent,Classroom Summative,,,,98.7,In Progress,Progressing,Active,Reviewed
CNHS-SYN-2627-0501,SY 2026-2027,Grade 8,Term 2,98.2,90.9,89.5,87.0,90.5,88.0,82.1,93.0,89.9,0,0,0,82.1,8,Tle,Low Risk,No Recommendation,N/A,Independent,Classroom Summative,,,,98.0,In Progress,Progressing,Active,Reviewed
CNHS-SYN-2627-0501,SY 2026-2027,Grade 8,Term 3,96.1,91.7,92.4,92.6,84.1,87.4,88.5,92.2,90.62,0,0,0,84.1,8,Mapeh,Low Risk,No Recommendation,N/A,Independent,Classroom Summative,,,,91.5,N/A,N/A,Active,Reviewed
CNHS-SYN-2627-0502,SY 2026-2027,Grade 9,Term 1,90.3,85.1,86.7,89.2,89.3,88.8,86.9,91.7,88.5,0,0,0,85.1,8,Filipino,Low Risk,No Recommendation,N/A,Independent,Classroom Summative,,,,95.2,In Progress,Progressing,Active,Reviewed
CNHS-SYN-2627-0502,SY 2026-2027,Grade 9,Term 2,92.0,96.7,87.6,87.1,87.4,93.4,87.2,85.7,89.64,0,0,0,85.7,8,Values Education,Low Risk,No Recommendation,N/A,Independent,Classroom Summative,,,,94.4,In Progress,Progressing,Active,Reviewed
CNHS-SYN-2627-0502,SY 2026-2027,Grade 9,Term 3,95.1,89.2,88.8,85.2,87.4,98.4,90.1,90.9,90.64,0,0,0,85.2,8,Science,Low Risk,No Recommendation,N/A,Independent,Classroom Summative,,,,94.5,N/A,N/A,Active,Reviewed
CNHS-SYN-2627-0503,SY 2026-2027,Grade 10,Term 1,66.1,69.1,67.5,77.4,73.3,66.8,64.9,67.8,69.11,7,2,5,64.9,8,Tle,High Risk,Classroom Remediation,N/A,N/A,Tle Diagnostic Assessment,20.6,,,80.6,In Progress,Progressing,In Progress,Approved
CNHS-SYN-2627-0503,SY 2026-2027,Grade 10,Term 2,68.0,66.7,63.8,73.9,70.9,67.3,66.0,63.8,67.55,8,2,6,63.8,8,Mathematics,High Risk,Classroom Remediation,N/A,N/A,Mathematics Diagnostic Assessment,21.9,29.3,,88.1,In Progress,Progressing,In Progress,Approved
CNHS-SYN-2627-0503,SY 2026-2027,Grade 10,Term 3,69.8,68.2,70.5,71.7,69.9,68.4,68.9,63.2,68.83,8,2,6,63.2,8,Values Education,High Risk,Classroom Remediation,N/A,N/A,Values Education Diagnostic Assessment,21.0,26.6,34.9,86.1,Improved,Improved,Completed,Approved
CNHS-SYN-2627-0504,SY 2026-2027,Grade 7,Term 1,80.8,73.0,79.6,80.6,74.2,82.1,80.6,71.7,77.83,3,1,2,71.7,8,Values Education,High Risk,Classroom Remediation,N/A,N/A,Values Education Diagnostic Assessment,24.4,,,86.7,In Progress,Progressing,In Progress,Approved
CNHS-SYN-2627-0504,SY 2026-2027,Grade 7,Term 2,75.3,72.6,76.2,74.9,79.6,74.8,73.9,70.8,74.76,5,1,4,70.8,8,Values Education,High Risk,Classroom Remediation,N/A,N/A,Values Education Diagnostic Assessment,16.1,22.0,,86.4,In Progress,Progressing,In Progress,Approved
CNHS-SYN-2627-0504,SY 2026-2027,Grade 7,Term 3,71.2,70.0,83.2,79.6,80.3,78.3,81.4,79.7,77.96,2,2,0,70.0,8,Filipino,High Risk,No Recommendation,N/A,Instructional,Classroom Summative,,,,90.3,N/A,N/A,Active,Reviewed
CNHS-SYN-2627-0505,SY 2026-2027,Grade 8,Term 1,95.0,99.0,89.3,93.0,88.1,90.8,96.4,89.7,92.66,0,0,0,88.1,8,Mapeh,Low Risk,No Recommendation,N/A,Independent,Classroom Summative,,,,94.5,In Progress,Progressing,Active,Reviewed
CNHS-SYN-2627-0505,SY 2026-2027,Grade 8,Term 2,98.3,93.5,99.0,91.2,94.7,92.2,95.7,99.0,95.45,0,0,0,91.2,8,Science,Low Risk,No Recommendation,N/A,Independent,Classroom Summative,,,,93.9,In Progress,Progressing,Active,Reviewed
CNHS-SYN-2627-0505,SY 2026-2027,Grade 8,Term 3,94.0,93.4,92.4,92.8,89.9,90.1,80.9,98.2,91.46,0,0,0,80.9,8,Tle,Low Risk,No Recommendation,N/A,Independent,Classroom Summative,,,,96.3,N/A,N/A,Active,Reviewed
CNHS-SYN-2627-0506,SY 2026-2027,Grade 9,Term 1,85.3,81.1,86.3,83.4,78.7,85.5,85.3,77.9,82.94,0,0,0,77.9,8,Values Education,Moderate Risk,No Recommendation,N/A,Instructional,Classroom Summative,,,,93.5,In Progress,Progressing,Active,Reviewed
CNHS-SYN-2627-0506,SY 2026-2027,Grade 9,Term 2,79.5,82.0,84.4,85.1,78.5,83.8,77.3,81.0,81.45,0,0,0,77.3,8,Tle,Moderate Risk,No Recommendation,N/A,Instructional,Classroom Summative,,,,97.4,In Progress,Progressing,Active,Reviewed
CNHS-SYN-2627-0506,SY 2026-2027,Grade 9,Term 3,80.5,79.5,88.5,80.0,79.9,74.5,80.9,78.1,80.24,1,0,1,74.5,8,Araling Panlipunan,Moderate Risk,Classroom Remediation,N/A,N/A,Araling Panlipunan Diagnostic Assessment,18.6,25.4,34.2,74.8,Improved,Improved,Completed,Approved
CNHS-SYN-2627-0507,SY 2026-2027,Grade 10,Term 1,98.2,88.2,94.2,86.9,98.5,94.6,87.5,92.9,92.62,0,0,0,86.9,8,Science,Low Risk,No Recommendation,N/A,Independent,Classroom Summative,,,,93.5,In Progress,Progressing,Active,Reviewed
CNHS-SYN-2627-0507,SY 2026-2027,Grade 10,Term 2,92.4,95.9,98.6,91.6,90.6,79.2,97.4,89.0,91.84,0,0,0,79.2,8,Araling Panlipunan,Low Risk,No Recommendation,N/A,Independent,Classroom Summative,,,,100.0,In Progress,Progressing,Active,Reviewed
CNHS-SYN-2627-0507,SY 2026-2027,Grade 10,Term 3,88.6,93.2,96.8,95.6,91.5,95.9,89.9,93.5,93.12,0,0,0,88.6,8,English,Low Risk,No Recommendation,N/A,Independent,Classroom Summative,,,,93.7,N/A,N/A,Active,Reviewed
CNHS-SYN-2627-0508,SY 2026-2027,Grade 7,Term 1,90.3,96.3,94.2,91.1,83.8,91.1,89.6,91.9,91.04,0,0,0,83.8,8,Mapeh,Low Risk,No Recommendation,N/A,Independent,Classroom Summative,,,,92.6,In Progress,Progressing,Active,Reviewed
CNHS-SYN-2627-0508,SY 2026-2027,Grade 7,Term 2,90.8,95.5,90.3,90.2,82.3,88.7,94.8,91.2,90.47,0,0,0,82.3,8,Mapeh,Low Risk,No Recommendation,N/A,Independent,Classroom Summative,,,,97.3,In Progress,Progressing,Active,Reviewed
CNHS-SYN-2627-0508,SY 2026-2027,Grade 7,Term 3,97.1,90.7,96.2,98.4,89.8,84.9,87.6,91.7,92.05,0,0,0,84.9,8,Araling Panlipunan,Low Risk,No Recommendation,N/A,Independent,Classroom Summative,,,,91.3,N/A,N/A,Active,Reviewed
CNHS-SYN-2627-0509,SY 2026-2027,Grade 8,Term 1,76.4,95.3,78.3,72.8,75.2,75.3,74.1,81.1,78.56,2,0,2,72.8,8,Science,High Risk,Classroom Remediation,N/A,N/A,Science Diagnostic Assessment,23.2,,,86.1,In Progress,Progressing,In Progress,Approved
CNHS-SYN-2627-0509,SY 2026-2027,Grade 8,Term 2,76.5,77.4,80.4,78.4,76.8,78.7,84.2,84.0,79.55,0,0,0,76.5,8,English,Moderate Risk,No Recommendation,N/A,Instructional,Classroom Summative,,,,92.8,In Progress,Progressing,Active,Reviewed
CNHS-SYN-2627-0509,SY 2026-2027,Grade 8,Term 3,82.6,77.4,82.8,82.8,86.5,76.1,75.7,81.3,80.65,0,0,0,75.7,8,Tle,Moderate Risk,No Recommendation,N/A,Instructional,Classroom Summative,,,,98.6,N/A,N/A,Active,Reviewed
CNHS-SYN-2627-0510,SY 2026-2027,Grade 9,Term 1,78.6,77.6,78.5,86.0,73.9,79.0,79.2,81.5,79.29,1,0,1,73.9,8,Mapeh,Moderate Risk,Classroom Remediation,N/A,N/A,Mapeh Diagnostic Assessment,16.2,,,87.2,In Progress,Progressing,In Progress,Approved
CNHS-SYN-2627-0510,SY 2026-2027,Grade 9,Term 2,72.2,71.7,82.5,77.8,77.9,78.0,83.1,76.9,77.51,2,2,0,71.7,8,Filipino,High Risk,No Recommendation,N/A,Instructional,Classroom Summative,,,,90.0,In Progress,Progressing,Active,Reviewed
CNHS-SYN-2627-0510,SY 2026-2027,Grade 9,Term 3,79.0,81.2,84.2,73.2,77.9,85.1,82.5,78.3,80.18,1,0,1,73.2,8,Science,Moderate Risk,Classroom Remediation,N/A,N/A,Science Diagnostic Assessment,17.3,24.1,29.5,84.5,Improved,Improved,Completed,Approved
CNHS-SYN-2627-0511,SY 2026-2027,Grade 10,Term 1,66.2,68.2,68.4,67.0,74.8,69.7,75.3,75.2,70.6,6,2,4,66.2,8,English,High Risk,Classroom Remediation,N/A,N/A,English Diagnostic Assessment,16.6,,,85.3,In Progress,Progressing,In Progress,Approved
CNHS-SYN-2627-0511,SY 2026-2027,Grade 10,Term 2,67.7,65.0,74.0,68.1,72.5,69.6,69.5,72.3,69.84,8,2,6,65.0,8,Filipino,High Risk,Classroom Remediation,N/A,N/A,Filipino Diagnostic Assessment,21.3,27.3,,84.2,In Progress,Progressing,In Progress,Approved
CNHS-SYN-2627-0511,SY 2026-2027,Grade 10,Term 3,67.8,71.0,69.0,79.1,69.7,74.1,71.4,71.4,71.69,7,2,5,67.8,8,English,High Risk,Classroom Remediation,N/A,N/A,English Diagnostic Assessment,23.6,29.6,37.2,79.4,Improved,Improved,Completed,Approved
CNHS-SYN-2627-0512,SY 2026-2027,Grade 7,Term 1,86.9,97.3,96.2,93.5,83.4,90.2,85.3,91.8,90.58,0,0,0,83.4,8,Mapeh,Low Risk,No Recommendation,N/A,Independent,Classroom Summative,,,,95.8,In Progress,Progressing,Active,Reviewed
CNHS-SYN-2627-0512,SY 2026-2027,Grade 7,Term 2,88.2,87.0,89.6,90.0,88.0,89.8,85.0,88.8,88.3,0,0,0,85.0,8,Tle,Low Risk,No Recommendation,N/A,Independent,Classroom Summative,,,,96.1,In Progress,Progressing,Active,Reviewed
CNHS-SYN-2627-0512,SY 2026-2027,Grade 7,Term 3,96.2,92.2,93.5,90.4,86.9,95.1,90.2,89.5,91.75,0,0,0,86.9,8,Mapeh,Low Risk,No Recommendation,N/A,Independent,Classroom Summative,,,,97.3,N/A,N/A,Active,Reviewed
CNHS-SYN-2627-0513,SY 2026-2027,Grade 8,Term 1,90.2,93.4,89.8,89.6,86.5,86.5,86.0,94.7,89.59,0,0,0,86.0,8,Tle,Low Risk,No Recommendation,N/A,Independent,Classroom Summative,,,,98.0,In Progress,Progressing,Active,Reviewed
CNHS-SYN-2627-0513,SY 2026-2027,Grade 8,Term 2,89.0,88.6,92.5,83.3,90.8,87.8,86.2,85.4,87.95,0,0,0,83.3,8,Science,Low Risk,No Recommendation,N/A,Independent,Classroom Summative,,,,93.9,In Progress,Progressing,Active,Reviewed
CNHS-SYN-2627-0513,SY 2026-2027,Grade 8,Term 3,90.4,94.0,87.8,92.6,88.1,83.0,86.3,84.1,88.29,0,0,0,83.0,8,Araling Panlipunan,Low Risk,No Recommendation,N/A,Independent,Classroom Summative,,,,91.2,N/A,N/A,Active,Reviewed
CNHS-SYN-2627-0514,SY 2026-2027,Grade 9,Term 1,86.5,82.3,85.8,77.8,85.8,84.7,86.8,82.0,83.96,0,0,0,77.8,8,Science,Low Risk,No Recommendation,N/A,Independent,Classroom Summative,,,,93.0,In Progress,Progressing,Active,Reviewed
CNHS-SYN-2627-0514,SY 2026-2027,Grade 9,Term 2,87.5,83.1,78.2,85.6,81.4,87.3,85.2,87.9,84.53,0,0,0,78.2,8,Mathematics,Low Risk,No Recommendation,N/A,Independent,Classroom Summative,,,,97.3,In Progress,Progressing,Active,Reviewed
CNHS-SYN-2627-0514,SY 2026-2027,Grade 9,Term 3,86.4,85.1,81.3,78.8,80.0,85.9,74.7,83.1,81.91,1,0,1,74.7,8,Tle,Moderate Risk,Classroom Remediation,N/A,N/A,Tle Diagnostic Assessment,16.6,24.3,29.1,87.9,Improved,Improved,Completed,Approved
CNHS-SYN-2627-0515,SY 2026-2027,Grade 10,Term 1,76.5,76.5,83.3,78.6,76.7,74.6,79.1,76.3,77.7,1,0,1,74.6,8,Araling Panlipunan,Moderate Risk,Classroom Remediation,N/A,N/A,Araling Panlipunan Diagnostic Assessment,21.8,,,83.9,In Progress,Progressing,In Progress,Approved
CNHS-SYN-2627-0515,SY 2026-2027,Grade 10,Term 2,75.7,80.5,79.7,78.8,81.6,84.3,83.2,73.4,79.65,1,0,1,73.4,8,Values Education,Moderate Risk,Classroom Remediation,N/A,N/A,Values Education Diagnostic Assessment,20.8,28.5,,79.5,In Progress,Progressing,In Progress,Approved
CNHS-SYN-2627-0515,SY 2026-2027,Grade 10,Term 3,75.0,78.9,80.2,73.8,76.4,71.2,69.3,80.2,75.62,3,0,3,69.3,8,Tle,High Risk,Classroom Remediation,N/A,N/A,Tle Diagnostic Assessment,17.8,23.9,28.3,72.6,Improved,Improved,Completed,Approved
CNHS-SYN-2627-0516,SY 2026-2027,Grade 7,Term 1,89.8,92.6,90.9,85.3,84.9,88.5,81.0,74.8,85.97,1,0,1,74.8,8,Values Education,Moderate Risk,Classroom Remediation,N/A,N/A,Values Education Diagnostic Assessment,16.2,,,83.4,In Progress,Progressing,In Progress,Approved
CNHS-SYN-2627-0516,SY 2026-2027,Grade 7,Term 2,87.5,85.6,88.4,90.5,88.6,90.4,87.3,83.4,87.71,0,0,0,83.4,8,Values Education,Low Risk,No Recommendation,N/A,Independent,Classroom Summative,,,,97.7,In Progress,Progressing,Active,Reviewed
CNHS-SYN-2627-0516,SY 2026-2027,Grade 7,Term 3,89.4,90.8,91.4,85.1,85.9,83.4,85.9,90.8,87.84,0,0,0,83.4,8,Araling Panlipunan,Low Risk,No Recommendation,N/A,Independent,Classroom Summative,,,,96.0,N/A,N/A,Active,Reviewed
CNHS-SYN-2627-0517,SY 2026-2027,Grade 8,Term 1,79.5,82.4,81.4,83.0,71.5,76.1,78.8,81.0,79.21,1,0,1,71.5,8,Mapeh,Moderate Risk,Classroom Remediation,N/A,N/A,Mapeh Diagnostic Assessment,20.6,,,80.1,In Progress,Progressing,In Progress,Approved
CNHS-SYN-2627-0517,SY 2026-2027,Grade 8,Term 2,77.0,76.4,79.6,82.9,79.6,75.9,78.4,75.2,78.12,0,0,0,75.2,8,Values Education,Moderate Risk,No Recommendation,N/A,Instructional,Classroom Summative,,,,99.1,In Progress,Progressing,Active,Reviewed
CNHS-SYN-2627-0517,SY 2026-2027,Grade 8,Term 3,73.7,80.7,76.5,79.4,78.8,74.1,83.7,78.6,78.19,2,1,1,73.7,8,English,High Risk,Classroom Remediation,N/A,N/A,English Diagnostic Assessment,18.8,25.2,32.5,73.7,Improved,Improved,Completed,Approved
CNHS-SYN-2627-0518,SY 2026-2027,Grade 9,Term 1,77.4,77.3,78.1,80.7,84.9,80.0,74.7,80.9,79.25,1,0,1,74.7,8,Tle,Moderate Risk,Classroom Remediation,N/A,N/A,Tle Diagnostic Assessment,18.3,,,79.5,In Progress,Progressing,In Progress,Approved
CNHS-SYN-2627-0518,SY 2026-2027,Grade 9,Term 2,80.8,85.0,81.7,79.9,78.6,79.9,80.1,,80.86,0,0,0,78.6,7,Mapeh,Moderate Risk,No Recommendation,N/A,Instructional,Classroom Summative,,,,94.9,In Progress,Progressing,Active,Reviewed
CNHS-SYN-2627-0518,SY 2026-2027,Grade 9,Term 3,77.8,79.8,77.4,73.9,81.7,84.1,78.3,79.7,79.09,1,0,1,73.9,8,Science,Moderate Risk,Classroom Remediation,N/A,N/A,Science Diagnostic Assessment,22.8,27.8,33.7,79.5,Improved,Improved,Completed,Approved
CNHS-SYN-2627-0519,SY 2026-2027,Grade 10,Term 1,63.1,71.9,66.2,67.5,68.4,63.8,69.6,72.8,67.91,8,2,6,63.1,8,English,High Risk,Classroom Remediation,N/A,N/A,English Diagnostic Assessment,24.5,,,73.3,In Progress,Progressing,In Progress,Approved
CNHS-SYN-2627-0519,SY 2026-2027,Grade 10,Term 2,73.1,66.7,75.4,68.1,69.9,70.7,66.9,64.2,69.38,7,2,5,64.2,8,Values Education,High Risk,Classroom Remediation,N/A,N/A,Values Education Diagnostic Assessment,21.0,26.7,,74.6,In Progress,Progressing,In Progress,Approved
CNHS-SYN-2627-0519,SY 2026-2027,Grade 10,Term 3,69.8,62.2,62.9,60.0,71.5,66.3,72.8,70.1,66.95,8,2,6,60.0,8,Science,High Risk,Classroom Remediation,N/A,N/A,Science Diagnostic Assessment,25.2,31.8,38.9,78.4,Improved,Improved,Completed,Approved
CNHS-SYN-2627-0520,SY 2026-2027,Grade 7,Term 1,93.3,89.3,90.9,89.3,96.0,88.8,93.4,93.0,91.75,0,0,0,88.8,8,Araling Panlipunan,Low Risk,No Recommendation,N/A,Independent,Classroom Summative,,,,94.7,In Progress,Progressing,Active,Reviewed
CNHS-SYN-2627-0520,SY 2026-2027,Grade 7,Term 2,89.5,87.8,86.5,93.4,99.0,87.2,91.1,91.5,90.75,0,0,0,86.5,8,Mathematics,Low Risk,No Recommendation,N/A,Independent,Classroom Summative,,,,98.9,In Progress,Progressing,Active,Reviewed
CNHS-SYN-2627-0520,SY 2026-2027,Grade 7,Term 3,99.0,90.1,97.6,88.2,86.6,89.8,93.6,89.9,91.85,0,0,0,86.6,8,Mapeh,Low Risk,No Recommendation,N/A,Independent,Classroom Summative,,,,94.8,N/A,N/A,Active,Reviewed
CNHS-SYN-2627-0521,SY 2026-2027,Grade 8,Term 1,91.6,92.3,89.3,85.8,91.1,92.1,90.0,93.6,90.72,0,0,0,85.8,8,Science,Low Risk,No Recommendation,N/A,Independent,Classroom Summative,,,,92.6,In Progress,Progressing,Active,Reviewed
CNHS-SYN-2627-0521,SY 2026-2027,Grade 8,Term 2,87.8,92.9,94.4,94.7,85.1,91.0,95.1,85.8,90.85,0,0,0,85.1,8,Mapeh,Low Risk,No Recommendation,N/A,Independent,Classroom Summative,,,,88.8,In Progress,Progressing,Active,Reviewed
CNHS-SYN-2627-0521,SY 2026-2027,Grade 8,Term 3,94.7,89.6,94.4,88.8,96.5,92.6,86.6,88.5,91.46,0,0,0,86.6,8,Tle,Low Risk,No Recommendation,N/A,Independent,Classroom Summative,,,,90.3,N/A,N/A,Active,Reviewed
CNHS-SYN-2627-0522,SY 2026-2027,Grade 9,Term 1,67.2,66.6,77.0,70.2,83.1,71.9,68.1,65.3,71.17,6,2,4,65.3,8,Values Education,High Risk,Classroom Remediation,N/A,N/A,Values Education Diagnostic Assessment,23.9,,,85.0,In Progress,Progressing,In Progress,Approved
CNHS-SYN-2627-0522,SY 2026-2027,Grade 9,Term 2,70.5,73.8,73.5,66.6,76.4,71.2,77.2,73.3,72.81,6,2,4,66.6,8,Science,High Risk,Classroom Remediation,N/A,N/A,Science Diagnostic Assessment,26.0,33.0,,75.2,In Progress,Progressing,In Progress,Approved
CNHS-SYN-2627-0522,SY 2026-2027,Grade 9,Term 3,71.3,72.9,68.3,70.6,62.9,70.8,66.6,73.3,69.59,8,2,6,62.9,8,Mapeh,High Risk,Classroom Remediation,N/A,N/A,Mapeh Diagnostic Assessment,18.5,26.0,32.6,82.9,Improved,Improved,Completed,Approved
CNHS-SYN-2627-0523,SY 2026-2027,Grade 10,Term 1,84.0,87.0,79.6,77.4,78.6,89.4,80.2,78.0,81.78,0,0,0,77.4,8,Science,Moderate Risk,No Recommendation,N/A,Instructional,Classroom Summative,,,,84.5,In Progress,Progressing,Active,Reviewed
CNHS-SYN-2627-0523,SY 2026-2027,Grade 10,Term 2,78.7,87.7,79.9,81.5,83.6,83.6,80.5,84.6,82.51,0,0,0,78.7,8,English,Moderate Risk,No Recommendation,N/A,Instructional,Classroom Summative,,,,90.3,In Progress,Progressing,Active,Reviewed
CNHS-SYN-2627-0523,SY 2026-2027,Grade 10,Term 3,80.5,82.0,86.2,82.7,82.0,76.6,78.2,83.3,81.44,0,0,0,76.6,8,Araling Panlipunan,Moderate Risk,No Recommendation,N/A,Instructional,Classroom Summative,,,,91.0,N/A,N/A,Active,Reviewed
CNHS-SYN-2627-0524,SY 2026-2027,Grade 7,Term 1,95.5,95.2,93.6,86.2,89.9,87.9,97.1,91.0,92.05,0,0,0,86.2,8,Science,Low Risk,No Recommendation,N/A,Independent,Classroom Summative,,,,100.0,In Progress,Progressing,Active,Reviewed
CNHS-SYN-2627-0524,SY 2026-2027,Grade 7,Term 2,88.9,92.3,93.3,90.7,89.0,92.6,87.0,93.7,90.94,0,0,0,87.0,8,Tle,Low Risk,No Recommendation,N/A,Independent,Classroom Summative,,,,98.7,In Progress,Progressing,Active,Reviewed
CNHS-SYN-2627-0524,SY 2026-2027,Grade 7,Term 3,94.2,92.3,90.2,93.6,91.6,77.2,86.3,90.1,89.44,0,0,0,77.2,8,Araling Panlipunan,Low Risk,No Recommendation,N/A,Independent,Classroom Summative,,,,96.5,N/A,N/A,Active,Reviewed
CNHS-SYN-2627-0525,SY 2026-2027,Grade 8,Term 1,99.0,98.0,96.9,92.5,98.0,93.1,96.7,96.0,96.27,0,0,0,92.5,8,Science,Low Risk,No Recommendation,N/A,Independent,Classroom Summative,,,,95.7,In Progress,Progressing,Active,Reviewed
CNHS-SYN-2627-0525,SY 2026-2027,Grade 8,Term 2,98.3,99.0,98.7,98.4,91.5,91.3,94.6,97.3,96.14,0,0,0,91.3,8,Araling Panlipunan,Low Risk,No Recommendation,N/A,Independent,Classroom Summative,,,,91.4,In Progress,Progressing,Active,Reviewed
CNHS-SYN-2627-0525,SY 2026-2027,Grade 8,Term 3,99.0,95.1,98.7,95.5,93.6,92.4,94.9,94.7,95.49,0,0,0,92.4,8,Araling Panlipunan,Low Risk,No Recommendation,N/A,Independent,Classroom Summative,,,,96.1,N/A,N/A,Active,Reviewed
CNHS-SYN-2627-0526,SY 2026-2027,Grade 9,Term 1,92.1,91.1,92.2,92.3,88.4,81.8,91.8,90.3,90.0,0,0,0,81.8,8,Araling Panlipunan,Low Risk,No Recommendation,N/A,Independent,Classroom Summative,,,,89.9,In Progress,Progressing,Active,Reviewed
CNHS-SYN-2627-0526,SY 2026-2027,Grade 9,Term 2,88.5,88.9,89.5,86.9,,96.9,94.5,89.8,90.71,0,0,0,86.9,7,Science,Low Risk,No Recommendation,N/A,Independent,Classroom Summative,,,,99.7,In Progress,Progressing,Active,Reviewed
CNHS-SYN-2627-0526,SY 2026-2027,Grade 9,Term 3,88.8,92.6,91.0,87.7,88.1,88.4,89.6,89.6,89.47,0,0,0,87.7,8,Science,Low Risk,No Recommendation,N/A,Independent,Classroom Summative,,,,91.2,N/A,N/A,Active,Reviewed
CNHS-SYN-2627-0527,SY 2026-2027,Grade 10,Term 1,87.1,83.7,85.6,90.0,81.4,85.8,87.3,82.2,85.39,0,0,0,81.4,8,Mapeh,Low Risk,No Recommendation,N/A,Independent,Classroom Summative,,,,100.0,In Progress,Progressing,Active,Reviewed
CNHS-SYN-2627-0527,SY 2026-2027,Grade 10,Term 2,89.0,89.1,78.0,78.7,83.4,81.2,86.1,72.9,82.3,1,0,1,72.9,8,Values Education,Moderate Risk,Classroom Remediation,N/A,N/A,Values Education Diagnostic Assessment,22.5,30.0,,80.6,In Progress,Progressing,In Progress,Approved
CNHS-SYN-2627-0527,SY 2026-2027,Grade 10,Term 3,78.7,86.6,86.0,83.0,92.6,84.5,87.5,84.9,85.47,0,0,0,78.7,8,English,Low Risk,No Recommendation,N/A,Independent,Classroom Summative,,,,92.8,N/A,N/A,Active,Reviewed
CNHS-SYN-2627-0528,SY 2026-2027,Grade 7,Term 1,85.0,86.9,80.3,85.4,77.5,81.7,80.9,85.4,82.89,0,0,0,77.5,8,Mapeh,Moderate Risk,No Recommendation,N/A,Instructional,Classroom Summative,,,,89.2,In Progress,Progressing,Active,Reviewed
CNHS-SYN-2627-0528,SY 2026-2027,Grade 7,Term 2,81.7,,83.1,80.7,86.7,89.5,87.0,74.8,83.36,1,0,1,74.8,7,Values Education,Moderate Risk,Classroom Remediation,N/A,N/A,Values Education Diagnostic Assessment,23.9,30.8,,85.6,In Progress,Progressing,In Progress,Approved
CNHS-SYN-2627-0528,SY 2026-2027,Grade 7,Term 3,84.6,84.2,80.2,87.6,78.9,80.2,82.3,77.7,81.96,0,0,0,77.7,8,Values Education,Moderate Risk,No Recommendation,N/A,Instructional,Classroom Summative,,,,97.7,N/A,N/A,Active,Reviewed
CNHS-SYN-2627-0529,SY 2026-2027,Grade 8,Term 1,64.8,70.4,62.7,70.7,73.6,76.0,72.1,70.4,70.09,7,2,5,62.7,8,Mathematics,High Risk,Classroom Remediation,N/A,N/A,Mathematics Diagnostic Assessment,25.1,,,89.5,In Progress,Progressing,In Progress,Approved
CNHS-SYN-2627-0529,SY 2026-2027,Grade 8,Term 2,71.5,70.1,73.1,72.7,67.6,68.5,75.0,67.5,70.75,7,2,5,67.5,8,Values Education,High Risk,Classroom Remediation,N/A,N/A,Values Education Diagnostic Assessment,21.3,29.3,,76.7,In Progress,Progressing,In Progress,Approved
CNHS-SYN-2627-0529,SY 2026-2027,Grade 8,Term 3,63.3,72.5,72.2,69.8,67.5,77.1,74.4,70.3,70.89,7,2,5,63.3,8,English,High Risk,Classroom Remediation,N/A,N/A,English Diagnostic Assessment,18.6,25.5,32.2,75.2,Improved,Improved,Completed,Approved
CNHS-SYN-2627-0530,SY 2026-2027,Grade 9,Term 1,79.6,77.8,77.9,77.3,79.8,74.0,76.3,69.2,76.49,2,0,2,69.2,8,Values Education,High Risk,Classroom Remediation,N/A,N/A,Values Education Diagnostic Assessment,23.3,,,85.1,In Progress,Progressing,In Progress,Approved
CNHS-SYN-2627-0530,SY 2026-2027,Grade 9,Term 2,79.4,78.9,74.9,78.2,78.9,86.3,76.6,80.7,79.24,1,0,1,74.9,8,Mathematics,Moderate Risk,Classroom Remediation,N/A,N/A,Mathematics Diagnostic Assessment,21.4,28.0,,85.9,In Progress,Progressing,In Progress,Approved
CNHS-SYN-2627-0530,SY 2026-2027,Grade 9,Term 3,85.1,78.9,75.9,79.7,79.0,86.4,80.8,74.4,80.03,1,0,1,74.4,8,Values Education,Moderate Risk,Classroom Remediation,N/A,N/A,Values Education Diagnostic Assessment,22.9,28.9,34.9,86.5,Improved,Improved,Completed,Approved
CNHS-SYN-2627-0531,SY 2026-2027,Grade 10,Term 1,82.9,81.9,79.4,79.6,80.3,73.5,84.2,81.6,80.43,1,0,1,73.5,8,Araling Panlipunan,Moderate Risk,Classroom Remediation,N/A,N/A,Araling Panlipunan Diagnostic Assessment,20.0,,,83.7,In Progress,Progressing,In Progress,Approved
CNHS-SYN-2627-0531,SY 2026-2027,Grade 10,Term 2,87.1,82.7,77.6,79.0,83.5,81.9,84.0,81.8,82.2,0,0,0,77.6,8,Mathematics,Moderate Risk,No Recommendation,N/A,Instructional,Classroom Summative,,,,100.0,In Progress,Progressing,Active,Reviewed
CNHS-SYN-2627-0531,SY 2026-2027,Grade 10,Term 3,76.5,90.8,84.1,90.3,76.6,81.8,80.9,83.7,83.09,0,0,0,76.5,8,English,Moderate Risk,No Recommendation,N/A,Instructional,Classroom Summative,,,,95.3,N/A,N/A,Active,Reviewed
CNHS-SYN-2627-0532,SY 2026-2027,Grade 7,Term 1,79.2,80.7,75.9,82.4,78.7,82.1,78.1,82.1,79.9,0,0,0,75.9,8,Mathematics,Moderate Risk,No Recommendation,N/A,Instructional,Classroom Summative,,,,91.9,In Progress,Progressing,Active,Reviewed
CNHS-SYN-2627-0532,SY 2026-2027,Grade 7,Term 2,77.7,84.2,84.9,83.8,80.4,79.8,81.0,82.0,81.72,0,0,0,77.7,8,English,Moderate Risk,No Recommendation,N/A,Instructional,Classroom Summative,,,,90.6,In Progress,Progressing,Active,Reviewed
CNHS-SYN-2627-0532,SY 2026-2027,Grade 7,Term 3,86.0,82.0,86.1,86.1,81.0,81.1,85.9,85.1,84.16,0,0,0,81.0,8,Mapeh,Low Risk,No Recommendation,N/A,Independent,Classroom Summative,,,,94.0,N/A,N/A,Active,Reviewed
CNHS-SYN-2627-0533,SY 2026-2027,Grade 8,Term 1,65.2,64.8,65.8,71.2,62.8,69.5,64.7,65.0,66.12,8,2,6,62.8,8,Mapeh,High Risk,Classroom Remediation,N/A,N/A,Mapeh Diagnostic Assessment,23.9,,,82.2,In Progress,Progressing,In Progress,Approved
CNHS-SYN-2627-0533,SY 2026-2027,Grade 8,Term 2,61.8,66.1,62.9,68.0,63.4,76.0,71.5,69.1,67.35,7,2,5,61.8,8,English,High Risk,Classroom Remediation,N/A,N/A,English Diagnostic Assessment,22.5,27.9,,83.8,In Progress,Progressing,In Progress,Approved
CNHS-SYN-2627-0533,SY 2026-2027,Grade 8,Term 3,66.3,66.8,66.9,69.5,65.8,64.2,75.2,69.8,68.06,7,2,5,64.2,8,Araling Panlipunan,High Risk,Classroom Remediation,N/A,N/A,Araling Panlipunan Diagnostic Assessment,18.7,25.2,32.4,87.2,Improved,Improved,Completed,Approved
CNHS-SYN-2627-0534,SY 2026-2027,Grade 9,Term 1,,88.9,94.8,91.8,93.8,90.0,82.7,87.2,89.89,0,0,0,82.7,7,Tle,Low Risk,No Recommendation,N/A,Independent,Classroom Summative,,,,98.6,In Progress,Progressing,Active,Reviewed
CNHS-SYN-2627-0534,SY 2026-2027,Grade 9,Term 2,93.3,88.4,99.0,87.1,87.4,84.3,82.5,83.9,88.24,0,0,0,82.5,8,Tle,Low Risk,No Recommendation,N/A,Independent,Classroom Summative,,,,96.6,In Progress,Progressing,Active,Reviewed
CNHS-SYN-2627-0534,SY 2026-2027,Grade 9,Term 3,85.6,89.3,94.7,80.7,95.1,92.4,91.5,93.0,90.29,0,0,0,80.7,8,Science,Low Risk,No Recommendation,N/A,Independent,Classroom Summative,,,,93.2,N/A,N/A,Active,Reviewed
CNHS-SYN-2627-0535,SY 2026-2027,Grade 10,Term 1,69.1,65.4,68.2,60.7,68.9,69.9,67.6,71.4,67.65,8,2,6,60.7,8,Science,High Risk,Classroom Remediation,N/A,N/A,Science Diagnostic Assessment,23.7,,,88.3,In Progress,Progressing,In Progress,Approved
CNHS-SYN-2627-0535,SY 2026-2027,Grade 10,Term 2,71.4,69.6,64.4,68.3,63.9,64.9,67.5,63.6,66.7,8,2,6,63.6,8,Values Education,High Risk,Classroom Remediation,N/A,N/A,Values Education Diagnostic Assessment,19.4,24.9,,91.9,In Progress,Progressing,In Progress,Approved
CNHS-SYN-2627-0535,SY 2026-2027,Grade 10,Term 3,62.5,63.2,65.8,70.1,66.7,71.1,69.5,60.7,66.2,8,2,6,60.7,8,Values Education,High Risk,Classroom Remediation,N/A,N/A,Values Education Diagnostic Assessment,25.9,31.9,39.1,85.8,Improved,Improved,Completed,Approved
CNHS-SYN-2627-0536,SY 2026-2027,Grade 7,Term 1,79.2,80.6,79.1,75.5,75.3,81.2,82.9,78.7,79.06,0,0,0,75.3,8,Mapeh,Moderate Risk,No Recommendation,N/A,Instructional,Classroom Summative,,,,94.4,In Progress,Progressing,Active,Reviewed
CNHS-SYN-2627-0536,SY 2026-2027,Grade 7,Term 2,83.8,74.2,77.3,79.1,83.0,76.9,80.7,84.2,79.9,1,1,0,74.2,8,Filipino,Moderate Risk,No Recommendation,N/A,Instructional,Classroom Summative,,,,89.8,In Progress,Progressing,Active,Reviewed
CNHS-SYN-2627-0536,SY 2026-2027,Grade 7,Term 3,77.7,81.8,79.7,82.9,72.4,80.2,68.1,83.9,78.34,2,0,2,68.1,8,Tle,High Risk,Classroom Remediation,N/A,N/A,Tle Diagnostic Assessment,22.5,30.4,37.0,87.5,Improved,Improved,Completed,Approved
CNHS-SYN-2627-0537,SY 2026-2027,Grade 8,Term 1,60.0,63.2,61.3,70.0,62.6,71.1,69.9,67.9,65.75,8,2,6,60.0,8,English,High Risk,Classroom Remediation,N/A,N/A,English Diagnostic Assessment,19.4,,,85.9,In Progress,Progressing,In Progress,Approved
CNHS-SYN-2627-0537,SY 2026-2027,Grade 8,Term 2,71.7,64.9,71.2,67.9,69.5,62.2,64.6,64.6,67.08,8,2,6,62.2,8,Araling Panlipunan,High Risk,Classroom Remediation,N/A,N/A,Araling Panlipunan Diagnostic Assessment,19.9,25.9,,80.9,In Progress,Progressing,In Progress,Approved
CNHS-SYN-2627-0537,SY 2026-2027,Grade 8,Term 3,60.5,60.0,64.9,66.2,63.9,67.8,74.7,72.9,66.36,8,2,6,60.0,8,Filipino,High Risk,Classroom Remediation,N/A,N/A,Filipino Diagnostic Assessment,18.7,25.8,31.8,85.2,Improved,Improved,Completed,Approved
CNHS-SYN-2627-0538,SY 2026-2027,Grade 9,Term 1,60.0,68.3,60.9,70.5,65.8,74.4,69.9,69.5,67.41,8,2,6,60.0,8,English,High Risk,Classroom Remediation,N/A,N/A,English Diagnostic Assessment,16.7,,,79.7,In Progress,Progressing,In Progress,Approved
CNHS-SYN-2627-0538,SY 2026-2027,Grade 9,Term 2,63.3,65.7,68.2,65.2,67.6,67.1,68.6,68.6,66.79,8,2,6,63.3,8,English,High Risk,Classroom Remediation,N/A,N/A,English Diagnostic Assessment,18.5,25.1,,81.1,In Progress,Progressing,In Progress,Approved
CNHS-SYN-2627-0538,SY 2026-2027,Grade 9,Term 3,69.7,60.0,67.3,67.2,69.8,66.9,71.4,72.1,68.05,8,2,6,60.0,8,Filipino,High Risk,Classroom Remediation,N/A,N/A,Filipino Diagnostic Assessment,19.9,27.8,36.4,79.9,Improved,Improved,Completed,Approved
CNHS-SYN-2627-0539,SY 2026-2027,Grade 10,Term 1,84.2,90.5,93.4,88.5,81.6,86.5,89.6,86.5,87.6,0,0,0,81.6,8,Mapeh,Low Risk,No Recommendation,N/A,Independent,Classroom Summative,,,,92.5,In Progress,Progressing,Active,Reviewed
CNHS-SYN-2627-0539,SY 2026-2027,Grade 10,Term 2,88.4,87.3,92.1,89.6,84.9,89.9,81.6,86.4,87.53,0,0,0,81.6,8,Tle,Low Risk,No Recommendation,N/A,Independent,Classroom Summative,,,,90.0,In Progress,Progressing,Active,Reviewed
CNHS-SYN-2627-0539,SY 2026-2027,Grade 10,Term 3,84.6,87.3,92.1,86.7,84.8,86.4,79.2,89.2,86.29,0,0,0,79.2,8,Tle,Low Risk,No Recommendation,N/A,Independent,Classroom Summative,,,,91.5,N/A,N/A,Active,Reviewed
CNHS-SYN-2627-0540,SY 2026-2027,Grade 7,Term 1,71.3,73.4,67.1,68.8,68.6,66.9,70.6,74.0,70.09,8,2,6,66.9,8,Araling Panlipunan,High Risk,Classroom Remediation,N/A,N/A,Araling Panlipunan Diagnostic Assessment,20.0,,,83.9,In Progress,Progressing,In Progress,Approved
CNHS-SYN-2627-0540,SY 2026-2027,Grade 7,Term 2,60.0,68.4,71.0,69.9,66.7,70.9,65.2,64.7,67.1,8,2,6,60.0,8,English,High Risk,Classroom Remediation,N/A,N/A,English Diagnostic Assessment,22.7,30.2,,78.0,In Progress,Progressing,In Progress,Approved
CNHS-SYN-2627-0540,SY 2026-2027,Grade 7,Term 3,66.5,61.3,72.0,67.4,70.6,66.4,71.4,71.7,68.41,8,2,6,61.3,8,Filipino,High Risk,Classroom Remediation,N/A,N/A,Filipino Diagnostic Assessment,23.2,30.9,35.9,85.9,Improved,Improved,Completed,Approved
CNHS-SYN-2627-0541,SY 2026-2027,Grade 8,Term 1,72.5,63.8,70.6,67.7,70.2,68.8,70.8,70.6,69.38,8,2,6,63.8,8,Filipino,High Risk,Classroom Remediation,N/A,N/A,Filipino Diagnostic Assessment,21.2,,,84.3,In Progress,Progressing,In Progress,Approved
CNHS-SYN-2627-0541,SY 2026-2027,Grade 8,Term 2,63.9,60.0,78.3,67.0,68.9,63.5,68.9,71.4,67.74,7,2,5,60.0,8,Filipino,High Risk,Classroom Remediation,N/A,N/A,Filipino Diagnostic Assessment,23.2,30.9,,83.1,In Progress,Progressing,In Progress,Approved
CNHS-SYN-2627-0541,SY 2026-2027,Grade 8,Term 3,70.1,72.5,70.4,75.9,69.5,73.3,73.4,64.4,71.19,7,2,5,64.4,8,Values Education,High Risk,Classroom Remediation,N/A,N/A,Values Education Diagnostic Assessment,18.8,26.3,33.7,82.7,Improved,Improved,Completed,Approved
CNHS-SYN-2627-0542,SY 2026-2027,Grade 9,Term 1,78.4,85.3,82.6,79.9,84.9,87.3,79.2,77.2,81.85,0,0,0,77.2,8,Values Education,Moderate Risk,No Recommendation,N/A,Instructional,Classroom Summative,,,,89.0,In Progress,Progressing,Active,Reviewed
CNHS-SYN-2627-0542,SY 2026-2027,Grade 9,Term 2,75.9,85.8,83.4,76.8,91.9,74.8,82.4,77.0,81.0,1,0,1,74.8,8,Araling Panlipunan,Moderate Risk,Classroom Remediation,N/A,N/A,Araling Panlipunan Diagnostic Assessment,23.1,30.4,,91.4,In Progress,Progressing,In Progress,Approved
CNHS-SYN-2627-0542,SY 2026-2027,Grade 9,Term 3,78.5,82.6,81.2,77.9,71.6,79.1,79.0,81.2,78.89,1,0,1,71.6,8,Mapeh,Moderate Risk,Classroom Remediation,N/A,N/A,Mapeh Diagnostic Assessment,25.2,31.4,36.1,76.1,Improved,Improved,Completed,Approved
CNHS-SYN-2627-0543,SY 2026-2027,Grade 10,Term 1,86.4,97.6,93.1,90.3,87.3,89.7,88.2,87.0,89.95,0,0,0,86.4,8,English,Low Risk,No Recommendation,N/A,Independent,Classroom Summative,,,,92.4,In Progress,Progressing,Active,Reviewed
CNHS-SYN-2627-0543,SY 2026-2027,Grade 10,Term 2,95.6,91.4,94.1,91.8,93.0,88.3,94.9,87.0,92.01,0,0,0,87.0,8,Values Education,Low Risk,No Recommendation,N/A,Independent,Classroom Summative,,,,89.8,In Progress,Progressing,Active,Reviewed
CNHS-SYN-2627-0543,SY 2026-2027,Grade 10,Term 3,92.3,96.2,95.7,95.5,90.4,95.0,88.9,89.8,92.97,0,0,0,88.9,8,Tle,Low Risk,No Recommendation,N/A,Independent,Classroom Summative,,,,97.0,N/A,N/A,Active,Reviewed
CNHS-SYN-2627-0544,SY 2026-2027,Grade 7,Term 1,84.8,86.6,88.2,88.8,84.4,82.6,79.4,90.3,85.64,0,0,0,79.4,8,Tle,Low Risk,No Recommendation,N/A,Independent,Classroom Summative,,,,87.0,In Progress,Progressing,Active,Reviewed
CNHS-SYN-2627-0544,SY 2026-2027,Grade 7,Term 2,88.3,86.6,93.2,86.7,89.6,85.9,84.9,90.4,88.2,0,0,0,84.9,8,Tle,Low Risk,No Recommendation,N/A,Independent,Classroom Summative,,,,89.6,In Progress,Progressing,Active,Reviewed
CNHS-SYN-2627-0544,SY 2026-2027,Grade 7,Term 3,92.4,84.3,79.7,87.5,89.4,81.7,80.0,85.6,85.08,0,0,0,79.7,8,Mathematics,Low Risk,No Recommendation,N/A,Independent,Classroom Summative,,,,98.8,N/A,N/A,Active,Reviewed
CNHS-SYN-2627-0545,SY 2026-2027,Grade 8,Term 1,65.7,68.7,63.2,74.5,75.6,74.7,70.9,65.7,69.88,7,2,5,63.2,8,Mathematics,High Risk,Classroom Remediation,N/A,N/A,Mathematics Diagnostic Assessment,23.3,,,80.0,In Progress,Progressing,In Progress,Approved
CNHS-SYN-2627-0545,SY 2026-2027,Grade 8,Term 2,77.3,72.1,73.3,69.4,67.2,75.4,77.1,66.5,72.29,5,1,4,66.5,8,Values Education,High Risk,Classroom Remediation,N/A,N/A,Values Education Diagnostic Assessment,24.0,30.5,,80.3,In Progress,Progressing,In Progress,Approved
CNHS-SYN-2627-0545,SY 2026-2027,Grade 8,Term 3,,61.6,65.5,77.1,73.3,74.9,70.0,70.3,70.39,6,1,5,61.6,7,Filipino,High Risk,Classroom Remediation,N/A,N/A,Filipino Diagnostic Assessment,18.3,23.9,32.1,81.4,Improved,Improved,Completed,Approved
CNHS-SYN-2627-0546,SY 2026-2027,Grade 9,Term 1,97.8,95.7,99.0,94.1,95.4,92.9,93.5,91.9,95.04,0,0,0,91.9,8,Values Education,Low Risk,No Recommendation,N/A,Independent,Classroom Summative,,,,90.2,In Progress,Progressing,Active,Reviewed
CNHS-SYN-2627-0546,SY 2026-2027,Grade 9,Term 2,96.4,91.6,97.3,99.0,95.0,96.8,95.8,83.5,94.43,0,0,0,83.5,8,Values Education,Low Risk,No Recommendation,N/A,Independent,Classroom Summative,,,,95.6,In Progress,Progressing,Active,Reviewed
CNHS-SYN-2627-0546,SY 2026-2027,Grade 9,Term 3,86.9,93.8,95.0,87.7,88.7,97.4,78.7,93.4,90.2,0,0,0,78.7,8,Tle,Low Risk,No Recommendation,N/A,Independent,Classroom Summative,,,,93.9,N/A,N/A,Active,Reviewed
CNHS-SYN-2627-0547,SY 2026-2027,Grade 10,Term 1,68.0,67.3,68.4,67.5,67.3,66.2,72.0,66.7,67.93,8,2,6,66.2,8,Araling Panlipunan,High Risk,Classroom Remediation,N/A,N/A,Araling Panlipunan Diagnostic Assessment,21.8,,,85.4,In Progress,Progressing,In Progress,Approved
CNHS-SYN-2627-0547,SY 2026-2027,Grade 10,Term 2,70.3,71.5,68.9,72.2,72.1,67.7,66.4,75.6,70.59,7,2,5,66.4,8,Tle,High Risk,Classroom Remediation,N/A,N/A,Tle Diagnostic Assessment,16.9,22.9,,75.8,In Progress,Progressing,In Progress,Approved
CNHS-SYN-2627-0547,SY 2026-2027,Grade 10,Term 3,71.9,67.2,67.0,77.9,73.0,73.0,65.9,63.4,69.91,7,2,5,63.4,8,Values Education,High Risk,Classroom Remediation,N/A,N/A,Values Education Diagnostic Assessment,25.5,31.8,38.5,77.8,Improved,Improved,Completed,Approved
CNHS-SYN-2627-0548,SY 2026-2027,Grade 7,Term 1,86.1,75.4,82.9,84.8,84.5,81.9,80.5,85.6,82.71,0,0,0,75.4,8,Filipino,Moderate Risk,No Recommendation,N/A,Instructional,Classroom Summative,,,,87.4,In Progress,Progressing,Active,Reviewed
CNHS-SYN-2627-0548,SY 2026-2027,Grade 7,Term 2,81.2,82.2,78.0,81.8,84.6,79.6,83.6,79.0,81.25,0,0,0,78.0,8,Mathematics,Moderate Risk,No Recommendation,N/A,Instructional,Classroom Summative,,,,96.2,In Progress,Progressing,Active,Reviewed
CNHS-SYN-2627-0548,SY 2026-2027,Grade 7,Term 3,86.5,77.5,85.7,82.7,74.4,77.3,85.1,76.6,80.72,1,0,1,74.4,8,Mapeh,Moderate Risk,Classroom Remediation,N/A,N/A,Mapeh Diagnostic Assessment,23.6,31.3,35.4,89.1,Improved,Improved,Completed,Approved
CNHS-SYN-2627-0549,SY 2026-2027,Grade 8,Term 1,75.2,69.6,74.0,69.6,72.8,75.0,76.8,75.3,73.54,4,1,3,69.6,8,Filipino,High Risk,Classroom Remediation,N/A,N/A,Filipino Diagnostic Assessment,23.5,,,84.5,In Progress,Progressing,In Progress,Approved
CNHS-SYN-2627-0549,SY 2026-2027,Grade 8,Term 2,79.5,74.5,73.0,67.9,69.9,71.9,76.5,69.5,72.84,6,1,5,67.9,8,Science,High Risk,Classroom Remediation,N/A,N/A,Science Diagnostic Assessment,25.1,32.9,,79.3,In Progress,Progressing,In Progress,Approved
CNHS-SYN-2627-0549,SY 2026-2027,Grade 8,Term 3,67.5,73.5,71.2,69.0,73.9,86.1,72.3,79.4,74.11,6,2,4,67.5,8,English,High Risk,Classroom Remediation,N/A,N/A,English Diagnostic Assessment,22.8,30.6,34.6,79.1,Improved,Improved,Completed,Approved
CNHS-SYN-2627-0550,SY 2026-2027,Grade 9,Term 1,63.7,64.7,65.2,64.4,67.1,66.6,63.1,70.8,65.7,8,2,6,63.1,8,Tle,High Risk,Classroom Remediation,N/A,N/A,Tle Diagnostic Assessment,25.1,,,79.5,In Progress,Progressing,In Progress,Approved
CNHS-SYN-2627-0550,SY 2026-2027,Grade 9,Term 2,68.2,67.4,64.1,68.8,67.4,63.9,67.0,69.3,67.01,8,2,6,63.9,8,Araling Panlipunan,High Risk,Classroom Remediation,N/A,N/A,Araling Panlipunan Diagnostic Assessment,22.2,28.7,,73.5,In Progress,Progressing,In Progress,Approved
CNHS-SYN-2627-0550,SY 2026-2027,Grade 9,Term 3,62.6,67.5,71.3,61.4,71.4,60.5,73.0,66.7,66.8,8,2,6,60.5,8,Araling Panlipunan,High Risk,Classroom Remediation,N/A,N/A,Araling Panlipunan Diagnostic Assessment,24.0,31.6,39.1,81.4,Improved,Improved,Completed,Approved
CNHS-SYN-2627-0551,SY 2026-2027,Grade 10,Term 1,66.9,70.2,69.1,73.5,66.1,72.2,72.3,63.3,69.2,8,2,6,63.3,8,Values Education,High Risk,Classroom Remediation,N/A,N/A,Values Education Diagnostic Assessment,17.7,,,77.3,In Progress,Progressing,In Progress,Approved
CNHS-SYN-2627-0551,SY 2026-2027,Grade 10,Term 2,68.6,67.3,70.1,,70.3,68.3,73.6,71.8,70.0,7,2,5,67.3,7,Filipino,High Risk,Classroom Remediation,N/A,N/A,Filipino Diagnostic Assessment,20.8,26.5,,87.7,In Progress,Progressing,In Progress,Approved
CNHS-SYN-2627-0551,SY 2026-2027,Grade 10,Term 3,63.5,63.6,64.2,64.6,66.0,70.5,67.6,67.4,65.92,8,2,6,63.5,8,English,High Risk,Classroom Remediation,N/A,N/A,English Diagnostic Assessment,16.4,23.0,28.1,78.6,Improved,Improved,Completed,Approved
CNHS-SYN-2627-0552,SY 2026-2027,Grade 7,Term 1,64.0,71.0,77.7,,70.6,72.2,68.2,66.6,70.04,6,2,4,64.0,7,English,High Risk,Classroom Remediation,N/A,N/A,English Diagnostic Assessment,16.8,,,74.8,In Progress,Progressing,In Progress,Approved
CNHS-SYN-2627-0552,SY 2026-2027,Grade 7,Term 2,70.0,68.6,75.5,75.2,73.4,74.8,68.8,71.2,72.19,6,2,4,68.6,8,Filipino,High Risk,Classroom Remediation,N/A,N/A,Filipino Diagnostic Assessment,21.5,28.4,,81.1,In Progress,Progressing,In Progress,Approved
CNHS-SYN-2627-0552,SY 2026-2027,Grade 7,Term 3,69.2,69.6,73.3,68.0,65.4,72.8,73.5,71.6,70.42,8,2,6,65.4,8,Mapeh,High Risk,Classroom Remediation,N/A,N/A,Mapeh Diagnostic Assessment,24.8,31.0,36.0,78.6,Improved,Improved,Completed,Approved
CNHS-SYN-2627-0553,SY 2026-2027,Grade 8,Term 1,78.7,77.0,77.8,82.4,72.3,84.6,88.0,80.3,80.14,1,0,1,72.3,8,Mapeh,Moderate Risk,Classroom Remediation,N/A,N/A,Mapeh Diagnostic Assessment,23.4,,,77.6,In Progress,Progressing,In Progress,Approved
CNHS-SYN-2627-0553,SY 2026-2027,Grade 8,Term 2,77.9,80.2,82.8,80.7,81.4,78.4,82.9,78.8,80.39,0,0,0,77.9,8,English,Moderate Risk,No Recommendation,N/A,Instructional,Classroom Summative,,,,91.7,In Progress,Progressing,Active,Reviewed
CNHS-SYN-2627-0553,SY 2026-2027,Grade 8,Term 3,81.0,87.8,83.3,82.5,80.8,79.8,79.0,77.5,81.46,0,0,0,77.5,8,Values Education,Moderate Risk,No Recommendation,N/A,Instructional,Classroom Summative,,,,96.2,N/A,N/A,Active,Reviewed
CNHS-SYN-2627-0554,SY 2026-2027,Grade 9,Term 1,82.8,72.0,75.9,76.4,79.1,76.2,84.1,73.4,77.49,2,1,1,72.0,8,Filipino,High Risk,Classroom Remediation,N/A,N/A,Filipino Diagnostic Assessment,23.9,,,95.3,In Progress,Progressing,In Progress,Approved
CNHS-SYN-2627-0554,SY 2026-2027,Grade 9,Term 2,81.6,77.1,79.3,77.1,79.9,75.8,81.3,79.3,78.92,0,0,0,75.8,8,Araling Panlipunan,Moderate Risk,No Recommendation,N/A,Instructional,Classroom Summative,,,,95.5,In Progress,Progressing,Active,Reviewed
CNHS-SYN-2627-0554,SY 2026-2027,Grade 9,Term 3,78.9,74.8,76.8,80.5,82.7,78.0,82.1,83.0,79.6,1,1,0,74.8,8,Filipino,Moderate Risk,No Recommendation,N/A,Instructional,Classroom Summative,,,,95.5,N/A,N/A,Active,Reviewed
CNHS-SYN-2627-0555,SY 2026-2027,Grade 10,Term 1,68.2,70.8,67.8,69.1,68.7,66.4,69.2,67.5,68.46,8,2,6,66.4,8,Araling Panlipunan,High Risk,Classroom Remediation,N/A,N/A,Araling Panlipunan Diagnostic Assessment,22.2,,,79.0,In Progress,Progressing,In Progress,Approved
CNHS-SYN-2627-0555,SY 2026-2027,Grade 10,Term 2,68.9,75.8,67.5,66.2,66.4,68.1,68.9,80.2,70.25,6,1,5,66.2,8,Science,High Risk,Classroom Remediation,N/A,N/A,Science Diagnostic Assessment,18.7,24.8,,80.1,In Progress,Progressing,In Progress,Approved
CNHS-SYN-2627-0555,SY 2026-2027,Grade 10,Term 3,67.1,72.8,69.9,77.1,73.1,74.9,64.5,65.0,70.55,7,2,5,64.5,8,Tle,High Risk,Classroom Remediation,N/A,N/A,Tle Diagnostic Assessment,16.6,23.3,28.4,81.1,Improved,Improved,Completed,Approved
CNHS-SYN-2627-0556,SY 2026-2027,Grade 7,Term 1,87.9,90.0,90.7,86.1,80.8,91.2,85.8,86.2,87.34,0,0,0,80.8,8,Mapeh,Low Risk,No Recommendation,N/A,Independent,Classroom Summative,,,,94.3,In Progress,Progressing,Active,Reviewed
CNHS-SYN-2627-0556,SY 2026-2027,Grade 7,Term 2,86.2,85.9,91.0,84.2,89.3,91.5,87.0,91.1,88.28,0,0,0,84.2,8,Science,Low Risk,No Recommendation,N/A,Independent,Classroom Summative,,,,91.6,In Progress,Progressing,Active,Reviewed
CNHS-SYN-2627-0556,SY 2026-2027,Grade 7,Term 3,81.8,89.2,89.6,91.1,90.7,95.2,85.1,88.7,88.93,0,0,0,81.8,8,English,Low Risk,No Recommendation,N/A,Independent,Classroom Summative,,,,97.3,N/A,N/A,Active,Reviewed
CNHS-SYN-2627-0557,SY 2026-2027,Grade 8,Term 1,83.8,73.3,77.0,81.5,81.1,79.5,78.8,77.4,79.05,1,1,0,73.3,8,Filipino,Moderate Risk,No Recommendation,N/A,Instructional,Classroom Summative,,,,90.6,In Progress,Progressing,Active,Reviewed
CNHS-SYN-2627-0557,SY 2026-2027,Grade 8,Term 2,80.6,77.1,80.5,85.2,84.2,76.8,77.3,83.6,80.66,0,0,0,76.8,8,Araling Panlipunan,Moderate Risk,No Recommendation,N/A,Instructional,Classroom Summative,,,,99.1,In Progress,Progressing,Active,Reviewed
CNHS-SYN-2627-0557,SY 2026-2027,Grade 8,Term 3,79.8,77.1,82.1,85.8,72.5,84.5,85.1,79.4,80.79,1,0,1,72.5,8,Mapeh,Moderate Risk,Classroom Remediation,N/A,N/A,Mapeh Diagnostic Assessment,23.7,30.5,35.6,81.9,Improved,Improved,Completed,Approved
CNHS-SYN-2627-0558,SY 2026-2027,Grade 9,Term 1,81.8,78.6,78.3,76.4,74.7,85.0,81.8,80.8,79.67,1,0,1,74.7,8,Mapeh,Moderate Risk,Classroom Remediation,N/A,N/A,Mapeh Diagnostic Assessment,21.1,,,83.5,In Progress,Progressing,In Progress,Approved
CNHS-SYN-2627-0558,SY 2026-2027,Grade 9,Term 2,79.5,78.7,78.3,83.6,81.2,74.4,83.2,82.5,80.17,1,0,1,74.4,8,Araling Panlipunan,Moderate Risk,Classroom Remediation,N/A,N/A,Araling Panlipunan Diagnostic Assessment,24.7,30.5,,84.1,In Progress,Progressing,In Progress,Approved
CNHS-SYN-2627-0558,SY 2026-2027,Grade 9,Term 3,84.9,80.7,77.7,84.2,84.0,85.3,82.1,74.2,81.64,1,0,1,74.2,8,Values Education,Moderate Risk,Classroom Remediation,N/A,N/A,Values Education Diagnostic Assessment,23.5,29.5,36.5,84.8,Improved,Improved,Completed,Approved
CNHS-SYN-2627-0559,SY 2026-2027,Grade 10,Term 1,92.3,97.3,95.2,87.4,87.7,87.4,90.4,93.9,91.45,0,0,0,87.4,8,Science,Low Risk,No Recommendation,N/A,Independent,Classroom Summative,,,,92.7,In Progress,Progressing,Active,Reviewed
CNHS-SYN-2627-0559,SY 2026-2027,Grade 10,Term 2,91.5,98.0,86.6,93.3,92.9,89.8,90.8,92.5,91.92,0,0,0,86.6,8,Mathematics,Low Risk,No Recommendation,N/A,Independent,Classroom Summative,,,,91.8,In Progress,Progressing,Active,Reviewed
CNHS-SYN-2627-0559,SY 2026-2027,Grade 10,Term 3,88.9,98.7,90.5,91.6,93.9,90.1,91.0,92.8,92.19,0,0,0,88.9,8,English,Low Risk,No Recommendation,N/A,Independent,Classroom Summative,,,,88.6,N/A,N/A,Active,Reviewed
CNHS-SYN-2627-0560,SY 2026-2027,Grade 7,Term 1,70.7,80.8,76.8,75.0,76.2,86.3,78.4,76.2,77.55,1,1,0,70.7,8,English,Moderate Risk,No Recommendation,N/A,Instructional,Classroom Summative,,,,98.7,In Progress,Progressing,Active,Reviewed
CNHS-SYN-2627-0560,SY 2026-2027,Grade 7,Term 2,73.1,72.5,75.1,82.3,76.6,71.0,76.0,73.6,75.03,4,2,2,71.0,8,Araling Panlipunan,High Risk,Classroom Remediation,N/A,N/A,Araling Panlipunan Diagnostic Assessment,21.4,26.7,,83.9,In Progress,Progressing,In Progress,Approved
CNHS-SYN-2627-0560,SY 2026-2027,Grade 7,Term 3,75.4,75.5,73.2,69.3,77.8,75.7,75.9,79.6,75.3,2,0,2,69.3,8,Science,High Risk,Classroom Remediation,N/A,N/A,Science Diagnostic Assessment,19.8,26.8,32.7,75.6,Improved,Improved,Completed,Approved
CNHS-SYN-2627-0561,SY 2026-2027,Grade 8,Term 1,82.0,79.6,86.7,79.7,87.3,80.7,78.1,78.2,81.54,0,0,0,78.1,8,Tle,Moderate Risk,No Recommendation,N/A,Instructional,Classroom Summative,,,,90.3,In Progress,Progressing,Active,Reviewed
CNHS-SYN-2627-0561,SY 2026-2027,Grade 8,Term 2,82.6,80.5,81.4,81.5,85.5,79.6,82.4,83.4,82.11,0,0,0,79.6,8,Araling Panlipunan,Moderate Risk,No Recommendation,N/A,Instructional,Classroom Summative,,,,95.8,In Progress,Progressing,Active,Reviewed
CNHS-SYN-2627-0561,SY 2026-2027,Grade 8,Term 3,85.1,85.7,78.8,77.7,81.5,81.3,81.8,80.3,81.53,0,0,0,77.7,8,Science,Moderate Risk,No Recommendation,N/A,Instructional,Classroom Summative,,,,85.1,N/A,N/A,Active,Reviewed
CNHS-SYN-2627-0562,SY 2026-2027,Grade 9,Term 1,99.0,94.1,95.1,99.0,99.0,89.4,91.8,96.8,95.53,0,0,0,89.4,8,Araling Panlipunan,Low Risk,No Recommendation,N/A,Independent,Classroom Summative,,,,96.5,In Progress,Progressing,Active,Reviewed
CNHS-SYN-2627-0562,SY 2026-2027,Grade 9,Term 2,84.1,86.6,99.0,96.3,94.7,88.7,91.8,95.6,92.1,0,0,0,84.1,8,English,Low Risk,No Recommendation,N/A,Independent,Classroom Summative,,,,91.5,In Progress,Progressing,Active,Reviewed
CNHS-SYN-2627-0562,SY 2026-2027,Grade 9,Term 3,95.4,96.3,92.0,97.1,97.0,86.6,99.0,97.8,95.15,0,0,0,86.6,8,Araling Panlipunan,Low Risk,No Recommendation,N/A,Independent,Classroom Summative,,,,93.5,N/A,N/A,Active,Reviewed
CNHS-SYN-2627-0563,SY 2026-2027,Grade 10,Term 1,81.9,87.3,92.5,88.7,91.6,83.6,88.0,93.3,88.36,0,0,0,81.9,8,English,Low Risk,No Recommendation,N/A,Independent,Classroom Summative,,,,93.2,In Progress,Progressing,Active,Reviewed
CNHS-SYN-2627-0563,SY 2026-2027,Grade 10,Term 2,87.9,91.3,92.3,89.3,87.8,89.2,88.3,88.8,89.36,0,0,0,87.8,8,Mapeh,Low Risk,No Recommendation,N/A,Independent,Classroom Summative,,,,89.8,In Progress,Progressing,Active,Reviewed
CNHS-SYN-2627-0563,SY 2026-2027,Grade 10,Term 3,91.2,86.3,98.2,89.3,84.1,88.0,83.4,86.5,88.38,0,0,0,83.4,8,Tle,Low Risk,No Recommendation,N/A,Independent,Classroom Summative,,,,98.8,N/A,N/A,Active,Reviewed
CNHS-SYN-2627-0564,SY 2026-2027,Grade 7,Term 1,99.0,90.9,99.0,86.5,95.1,88.3,88.0,89.5,92.04,0,0,0,86.5,8,Science,Low Risk,No Recommendation,N/A,Independent,Classroom Summative,,,,95.5,In Progress,Progressing,Active,Reviewed
CNHS-SYN-2627-0564,SY 2026-2027,Grade 7,Term 2,97.9,85.2,93.2,86.5,94.1,96.0,90.0,87.9,91.35,0,0,0,85.2,8,Filipino,Low Risk,No Recommendation,N/A,Independent,Classroom Summative,,,,100.0,In Progress,Progressing,Active,Reviewed
CNHS-SYN-2627-0564,SY 2026-2027,Grade 7,Term 3,98.3,85.7,96.3,86.4,88.7,85.9,83.0,90.4,89.34,0,0,0,83.0,8,Tle,Low Risk,No Recommendation,N/A,Independent,Classroom Summative,,,,90.8,N/A,N/A,Active,Reviewed
CNHS-SYN-2627-0565,SY 2026-2027,Grade 8,Term 1,99.0,99.0,93.1,97.5,99.0,91.8,81.4,89.9,93.84,0,0,0,81.4,8,Tle,Low Risk,No Recommendation,N/A,Independent,Classroom Summative,,,,96.0,In Progress,Progressing,Active,Reviewed
CNHS-SYN-2627-0565,SY 2026-2027,Grade 8,Term 2,95.9,98.1,95.1,94.2,94.4,92.3,97.8,99.0,95.85,0,0,0,92.3,8,Araling Panlipunan,Low Risk,No Recommendation,N/A,Independent,Classroom Summative,,,,94.8,In Progress,Progressing,Active,Reviewed
CNHS-SYN-2627-0565,SY 2026-2027,Grade 8,Term 3,92.7,91.4,99.0,99.0,93.4,99.0,92.2,93.8,95.06,0,0,0,91.4,8,Filipino,Low Risk,No Recommendation,N/A,Independent,Classroom Summative,,,,90.8,N/A,N/A,Active,Reviewed
CNHS-SYN-2627-0566,SY 2026-2027,Grade 9,Term 1,84.7,97.8,94.8,90.2,88.1,91.9,94.1,89.7,91.41,0,0,0,84.7,8,English,Low Risk,No Recommendation,N/A,Independent,Classroom Summative,,,,95.0,In Progress,Progressing,Active,Reviewed
CNHS-SYN-2627-0566,SY 2026-2027,Grade 9,Term 2,92.6,96.4,92.0,86.0,90.5,90.9,89.9,95.3,91.7,0,0,0,86.0,8,Science,Low Risk,No Recommendation,N/A,Independent,Classroom Summative,,,,93.6,In Progress,Progressing,Active,Reviewed
CNHS-SYN-2627-0566,SY 2026-2027,Grade 9,Term 3,93.0,93.3,95.9,90.9,90.1,85.7,88.0,91.8,91.09,0,0,0,85.7,8,Araling Panlipunan,Low Risk,No Recommendation,N/A,Independent,Classroom Summative,,,,88.8,N/A,N/A,Active,Reviewed
CNHS-SYN-2627-0567,SY 2026-2027,Grade 10,Term 1,84.4,82.5,78.7,79.7,83.3,80.4,83.3,81.9,81.78,0,0,0,78.7,8,Mathematics,Moderate Risk,No Recommendation,N/A,Instructional,Classroom Summative,,,,95.2,In Progress,Progressing,Active,Reviewed
CNHS-SYN-2627-0567,SY 2026-2027,Grade 10,Term 2,80.8,81.6,84.5,88.3,84.9,70.8,78.5,81.8,81.4,1,0,1,70.8,8,Araling Panlipunan,Moderate Risk,Classroom Remediation,N/A,N/A,Araling Panlipunan Diagnostic Assessment,23.0,29.7,,84.8,In Progress,Progressing,In Progress,Approved
CNHS-SYN-2627-0567,SY 2026-2027,Grade 10,Term 3,81.4,81.1,77.9,83.3,83.1,84.8,81.9,76.4,81.24,0,0,0,76.4,8,Values Education,Moderate Risk,No Recommendation,N/A,Instructional,Classroom Summative,,,,97.0,N/A,N/A,Active,Reviewed
CNHS-SYN-2627-0568,SY 2026-2027,Grade 7,Term 1,65.9,67.7,76.6,67.9,74.2,71.6,69.3,71.8,70.62,7,2,5,65.9,8,English,High Risk,Classroom Remediation,N/A,N/A,English Diagnostic Assessment,19.4,,,80.9,In Progress,Progressing,In Progress,Approved
CNHS-SYN-2627-0568,SY 2026-2027,Grade 7,Term 2,67.7,72.3,68.5,72.0,71.0,73.3,69.6,71.3,70.71,8,2,6,67.7,8,English,High Risk,Classroom Remediation,N/A,N/A,English Diagnostic Assessment,23.2,28.8,,79.8,In Progress,Progressing,In Progress,Approved
CNHS-SYN-2627-0568,SY 2026-2027,Grade 7,Term 3,64.9,69.7,68.4,75.9,72.1,69.1,66.6,69.7,69.55,7,2,5,64.9,8,English,High Risk,Classroom Remediation,N/A,N/A,English Diagnostic Assessment,16.1,23.0,28.7,92.1,Improved,Improved,Completed,Approved
CNHS-SYN-2627-0569,SY 2026-2027,Grade 8,Term 1,99.0,93.2,90.8,94.4,94.7,93.7,91.9,87.0,93.09,0,0,0,87.0,8,Values Education,Low Risk,No Recommendation,N/A,Independent,Classroom Summative,,,,88.4,In Progress,Progressing,Active,Reviewed
CNHS-SYN-2627-0569,SY 2026-2027,Grade 8,Term 2,93.0,92.2,90.2,92.2,88.7,89.9,89.3,91.1,90.83,0,0,0,88.7,8,Mapeh,Low Risk,No Recommendation,N/A,Independent,Classroom Summative,,,,89.3,In Progress,Progressing,Active,Reviewed
CNHS-SYN-2627-0569,SY 2026-2027,Grade 8,Term 3,95.6,94.9,93.8,91.7,92.6,89.6,92.9,95.5,93.33,0,0,0,89.6,8,Araling Panlipunan,Low Risk,No Recommendation,N/A,Independent,Classroom Summative,,,,92.4,N/A,N/A,Active,Reviewed
CNHS-SYN-2627-0570,SY 2026-2027,Grade 9,Term 1,77.3,83.5,77.8,76.4,79.5,81.2,80.7,81.6,79.75,0,0,0,76.4,8,Science,Moderate Risk,No Recommendation,N/A,Instructional,Classroom Summative,,,,98.0,In Progress,Progressing,Active,Reviewed
CNHS-SYN-2627-0570,SY 2026-2027,Grade 9,Term 2,72.6,75.9,79.7,76.9,78.3,75.8,78.7,81.3,77.4,1,1,0,72.6,8,English,Moderate Risk,No Recommendation,N/A,Instructional,Classroom Summative,,,,90.9,In Progress,Progressing,Active,Reviewed
CNHS-SYN-2627-0570,SY 2026-2027,Grade 9,Term 3,77.1,83.1,83.7,77.7,81.4,79.4,84.4,80.2,80.88,0,0,0,77.1,8,English,Moderate Risk,No Recommendation,N/A,Instructional,Classroom Summative,,,,97.9,N/A,N/A,Active,Reviewed
CNHS-SYN-2627-0571,SY 2026-2027,Grade 10,Term 1,86.5,83.9,80.1,78.6,76.4,87.4,77.4,84.4,81.84,0,0,0,76.4,8,Mapeh,Moderate Risk,No Recommendation,N/A,Instructional,Classroom Summative,,,,100.0,In Progress,Progressing,Active,Reviewed
CNHS-SYN-2627-0571,SY 2026-2027,Grade 10,Term 2,76.2,81.5,87.6,79.1,83.9,80.7,83.2,85.8,82.25,0,0,0,76.2,8,English,Moderate Risk,No Recommendation,N/A,Instructional,Classroom Summative,,,,99.2,In Progress,Progressing,Active,Reviewed
CNHS-SYN-2627-0571,SY 2026-2027,Grade 10,Term 3,82.7,88.7,79.8,79.3,80.9,77.1,85.3,81.5,81.91,0,0,0,77.1,8,Araling Panlipunan,Moderate Risk,No Recommendation,N/A,Instructional,Classroom Summative,,,,91.1,N/A,N/A,Active,Reviewed
CNHS-SYN-2627-0572,SY 2026-2027,Grade 7,Term 1,80.2,80.7,88.1,80.5,84.7,80.2,87.8,76.8,82.38,0,0,0,76.8,8,Values Education,Moderate Risk,No Recommendation,N/A,Instructional,Classroom Summative,,,,91.3,In Progress,Progressing,Active,Reviewed
CNHS-SYN-2627-0572,SY 2026-2027,Grade 7,Term 2,90.0,84.2,74.9,77.9,84.0,83.9,83.6,82.0,82.56,1,0,1,74.9,8,Mathematics,Moderate Risk,Classroom Remediation,N/A,N/A,Mathematics Diagnostic Assessment,17.7,23.2,,79.2,In Progress,Progressing,In Progress,Approved
CNHS-SYN-2627-0572,SY 2026-2027,Grade 7,Term 3,78.9,79.8,78.6,83.5,75.8,83.0,79.0,81.5,80.01,0,0,0,75.8,8,Mapeh,Moderate Risk,No Recommendation,N/A,Instructional,Classroom Summative,,,,92.3,N/A,N/A,Active,Reviewed
CNHS-SYN-2627-0573,SY 2026-2027,Grade 8,Term 1,77.0,73.2,75.7,84.1,81.1,79.8,77.1,85.8,79.22,1,1,0,73.2,8,Filipino,Moderate Risk,No Recommendation,N/A,Instructional,Classroom Summative,,,,94.5,In Progress,Progressing,Active,Reviewed
CNHS-SYN-2627-0573,SY 2026-2027,Grade 8,Term 2,79.9,73.0,76.2,77.5,82.5,77.6,73.8,73.4,76.74,3,1,2,73.0,8,Filipino,High Risk,Classroom Remediation,N/A,N/A,Filipino Diagnostic Assessment,22.2,29.9,,85.5,In Progress,Progressing,In Progress,Approved
CNHS-SYN-2627-0573,SY 2026-2027,Grade 8,Term 3,81.1,78.0,78.0,82.1,81.9,75.5,76.0,81.9,79.31,0,0,0,75.5,8,Araling Panlipunan,Moderate Risk,No Recommendation,N/A,Instructional,Classroom Summative,,,,96.1,N/A,N/A,Active,Reviewed
CNHS-SYN-2627-0574,SY 2026-2027,Grade 9,Term 1,72.7,76.0,79.1,85.9,76.2,79.2,87.2,75.3,78.95,1,1,0,72.7,8,English,Moderate Risk,No Recommendation,N/A,Instructional,Classroom Summative,,,,91.5,In Progress,Progressing,Active,Reviewed
CNHS-SYN-2627-0574,SY 2026-2027,Grade 9,Term 2,80.0,87.4,82.8,80.0,75.8,78.8,77.3,73.9,79.5,1,0,1,73.9,8,Values Education,Moderate Risk,Classroom Remediation,N/A,N/A,Values Education Diagnostic Assessment,20.6,26.4,,78.7,In Progress,Progressing,In Progress,Approved
CNHS-SYN-2627-0574,SY 2026-2027,Grade 9,Term 3,79.2,72.0,76.8,70.1,87.9,80.2,80.1,81.5,78.47,2,1,1,70.1,8,Science,High Risk,Classroom Remediation,N/A,N/A,Science Diagnostic Assessment,17.7,24.2,29.9,76.5,Improved,Improved,Completed,Approved
CNHS-SYN-2627-0575,SY 2026-2027,Grade 10,Term 1,93.9,82.6,80.3,85.1,80.6,84.7,78.3,83.6,83.64,0,0,0,78.3,8,Tle,Low Risk,No Recommendation,N/A,Independent,Classroom Summative,,,,91.3,In Progress,Progressing,Active,Reviewed
CNHS-SYN-2627-0575,SY 2026-2027,Grade 10,Term 2,80.5,87.4,81.6,82.4,84.7,87.4,79.5,83.9,83.42,0,0,0,79.5,8,Tle,Moderate Risk,No Recommendation,N/A,Instructional,Classroom Summative,,,,93.3,In Progress,Progressing,Active,Reviewed
CNHS-SYN-2627-0575,SY 2026-2027,Grade 10,Term 3,88.1,75.1,79.4,82.2,84.5,87.7,76.6,88.4,82.75,0,0,0,75.1,8,Filipino,Moderate Risk,No Recommendation,N/A,Instructional,Classroom Summative,,,,93.2,N/A,N/A,Active,Reviewed
CNHS-SYN-2627-0576,SY 2026-2027,Grade 7,Term 1,77.2,74.2,81.5,77.0,76.6,77.2,75.1,74.4,76.65,2,1,1,74.2,8,Filipino,High Risk,Classroom Remediation,N/A,N/A,Filipino Diagnostic Assessment,22.7,,,79.0,In Progress,Progressing,In Progress,Approved
CNHS-SYN-2627-0576,SY 2026-2027,Grade 7,Term 2,76.4,77.7,75.7,73.1,78.4,84.7,81.0,82.4,78.68,1,0,1,73.1,8,Science,Moderate Risk,Classroom Remediation,N/A,N/A,Science Diagnostic Assessment,24.9,30.7,,86.1,In Progress,Progressing,In Progress,Approved
CNHS-SYN-2627-0576,SY 2026-2027,Grade 7,Term 3,77.2,69.2,74.3,79.9,76.3,77.1,79.9,81.8,76.96,2,1,1,69.2,8,Filipino,High Risk,Classroom Remediation,N/A,N/A,Filipino Diagnostic Assessment,21.8,27.9,35.6,79.6,Improved,Improved,Completed,Approved
CNHS-SYN-2627-0577,SY 2026-2027,Grade 8,Term 1,60.0,60.7,62.8,61.6,66.8,69.7,64.8,60.0,63.3,8,2,6,60.0,8,English,High Risk,Classroom Remediation,N/A,N/A,English Diagnostic Assessment,20.0,,,76.6,In Progress,Progressing,In Progress,Approved
CNHS-SYN-2627-0577,SY 2026-2027,Grade 8,Term 2,67.4,65.4,62.9,60.7,67.2,63.0,67.9,67.0,65.19,8,2,6,60.7,8,Science,High Risk,Classroom Remediation,N/A,N/A,Science Diagnostic Assessment,16.2,21.4,,79.0,In Progress,Progressing,In Progress,Approved
CNHS-SYN-2627-0577,SY 2026-2027,Grade 8,Term 3,60.0,60.7,67.1,66.9,60.0,70.3,72.0,60.0,64.62,8,2,6,60.0,8,English,High Risk,Classroom Remediation,N/A,N/A,English Diagnostic Assessment,16.8,22.5,29.6,86.2,Improved,Improved,Completed,Approved
CNHS-SYN-2627-0578,SY 2026-2027,Grade 9,Term 1,76.9,80.2,85.0,78.1,76.6,77.3,80.9,73.3,78.54,1,0,1,73.3,8,Values Education,Moderate Risk,Classroom Remediation,N/A,N/A,Values Education Diagnostic Assessment,21.9,,,79.7,In Progress,Progressing,In Progress,Approved
CNHS-SYN-2627-0578,SY 2026-2027,Grade 9,Term 2,82.7,71.1,81.1,75.9,74.3,79.7,83.4,84.1,79.04,2,1,1,71.1,8,Filipino,High Risk,Classroom Remediation,N/A,N/A,Filipino Diagnostic Assessment,16.2,22.4,,80.7,In Progress,Progressing,In Progress,Approved
CNHS-SYN-2627-0578,SY 2026-2027,Grade 9,Term 3,82.9,76.4,75.9,85.1,78.4,79.2,80.5,75.0,79.18,0,0,0,75.0,8,Values Education,Moderate Risk,No Recommendation,N/A,Instructional,Classroom Summative,,,,91.8,N/A,N/A,Active,Reviewed
CNHS-SYN-2627-0579,SY 2026-2027,Grade 10,Term 1,83.5,84.0,88.8,80.2,81.5,84.6,77.9,82.6,82.89,0,0,0,77.9,8,Tle,Moderate Risk,No Recommendation,N/A,Instructional,Classroom Summative,,,,100.0,In Progress,Progressing,Active,Reviewed
CNHS-SYN-2627-0579,SY 2026-2027,Grade 10,Term 2,87.0,88.1,85.6,81.9,89.7,79.9,87.2,81.6,85.12,0,0,0,79.9,8,Araling Panlipunan,Low Risk,No Recommendation,N/A,Independent,Classroom Summative,,,,95.9,In Progress,Progressing,Active,Reviewed
CNHS-SYN-2627-0579,SY 2026-2027,Grade 10,Term 3,91.4,89.1,85.0,83.7,86.5,88.7,76.8,83.0,85.53,0,0,0,76.8,8,Tle,Low Risk,No Recommendation,N/A,Independent,Classroom Summative,,,,93.2,N/A,N/A,Active,Reviewed
CNHS-SYN-2627-0580,SY 2026-2027,Grade 7,Term 1,98.0,92.7,92.9,96.2,95.8,99.0,98.3,90.8,95.46,0,0,0,90.8,8,Values Education,Low Risk,No Recommendation,N/A,Independent,Classroom Summative,,,,96.6,In Progress,Progressing,Active,Reviewed
CNHS-SYN-2627-0580,SY 2026-2027,Grade 7,Term 2,92.4,94.6,89.6,89.7,99.0,95.3,92.3,92.9,93.22,0,0,0,89.6,8,Mathematics,Low Risk,No Recommendation,N/A,Independent,Classroom Summative,,,,91.7,In Progress,Progressing,Active,Reviewed
CNHS-SYN-2627-0580,SY 2026-2027,Grade 7,Term 3,97.6,99.0,99.0,91.5,89.4,90.5,97.5,99.0,95.44,0,0,0,89.4,8,Mapeh,Low Risk,No Recommendation,N/A,Independent,Classroom Summative,,,,91.7,N/A,N/A,Active,Reviewed
CNHS-SYN-2627-0581,SY 2026-2027,Grade 8,Term 1,77.1,76.6,84.5,78.2,74.1,82.4,76.5,76.7,78.26,1,0,1,74.1,8,Mapeh,Moderate Risk,Classroom Remediation,N/A,N/A,Mapeh Diagnostic Assessment,17.0,,,80.7,In Progress,Progressing,In Progress,Approved
CNHS-SYN-2627-0581,SY 2026-2027,Grade 8,Term 2,77.6,70.4,79.2,86.3,82.6,78.7,82.0,82.6,79.92,1,1,0,70.4,8,Filipino,Moderate Risk,No Recommendation,N/A,Instructional,Classroom Summative,,,,98.4,In Progress,Progressing,Active,Reviewed
CNHS-SYN-2627-0581,SY 2026-2027,Grade 8,Term 3,79.9,78.1,85.9,72.3,75.7,82.6,82.7,86.4,80.45,1,0,1,72.3,8,Science,Moderate Risk,Classroom Remediation,N/A,N/A,Science Diagnostic Assessment,22.8,28.9,33.0,81.7,Improved,Improved,Completed,Approved
CNHS-SYN-2627-0582,SY 2026-2027,Grade 9,Term 1,93.1,94.1,99.0,95.0,92.6,94.3,96.0,93.3,94.67,0,0,0,92.6,8,Mapeh,Low Risk,No Recommendation,N/A,Independent,Classroom Summative,,,,96.2,In Progress,Progressing,Active,Reviewed
CNHS-SYN-2627-0582,SY 2026-2027,Grade 9,Term 2,93.3,92.1,91.1,94.0,93.8,88.2,87.6,99.0,92.39,0,0,0,87.6,8,Tle,Low Risk,No Recommendation,N/A,Independent,Classroom Summative,,,,94.3,In Progress,Progressing,Active,Reviewed
CNHS-SYN-2627-0582,SY 2026-2027,Grade 9,Term 3,95.7,91.6,93.5,91.9,95.5,86.5,88.0,87.2,91.24,0,0,0,86.5,8,Araling Panlipunan,Low Risk,No Recommendation,N/A,Independent,Classroom Summative,,,,93.6,N/A,N/A,Active,Reviewed
CNHS-SYN-2627-0583,SY 2026-2027,Grade 10,Term 1,89.3,84.0,88.2,77.6,85.0,77.6,92.4,76.5,83.83,0,0,0,76.5,8,Values Education,Low Risk,No Recommendation,N/A,Independent,Classroom Summative,,,,93.9,In Progress,Progressing,Active,Reviewed
CNHS-SYN-2627-0583,SY 2026-2027,Grade 10,Term 2,83.8,86.8,79.7,86.1,86.4,83.2,84.1,90.4,85.06,0,0,0,79.7,8,Mathematics,Low Risk,No Recommendation,N/A,Independent,Classroom Summative,,,,91.3,In Progress,Progressing,Active,Reviewed
CNHS-SYN-2627-0583,SY 2026-2027,Grade 10,Term 3,87.4,82.5,80.5,85.1,79.3,83.3,85.7,90.4,84.28,0,0,0,79.3,8,Mapeh,Low Risk,No Recommendation,N/A,Independent,Classroom Summative,,,,88.9,N/A,N/A,Active,Reviewed
CNHS-SYN-2627-0584,SY 2026-2027,Grade 7,Term 1,71.5,78.3,77.9,79.1,76.5,72.5,69.9,73.5,74.9,4,1,3,69.9,8,Tle,High Risk,Classroom Remediation,N/A,N/A,Tle Diagnostic Assessment,18.5,,,83.8,In Progress,Progressing,In Progress,Approved
CNHS-SYN-2627-0584,SY 2026-2027,Grade 7,Term 2,79.0,71.5,71.2,76.7,79.6,82.3,70.5,82.1,76.61,3,1,2,70.5,8,Tle,High Risk,Classroom Remediation,N/A,N/A,Tle Diagnostic Assessment,18.1,24.4,,74.4,In Progress,Progressing,In Progress,Approved
CNHS-SYN-2627-0584,SY 2026-2027,Grade 7,Term 3,73.7,73.2,79.8,82.2,77.0,75.6,78.4,75.8,76.96,2,2,0,73.2,8,Filipino,High Risk,No Recommendation,N/A,Instructional,Classroom Summative,,,,95.8,N/A,N/A,Active,Reviewed
CNHS-SYN-2627-0585,SY 2026-2027,Grade 8,Term 1,85.9,89.7,84.5,85.1,77.6,77.1,85.1,73.6,82.33,1,0,1,73.6,8,Values Education,Moderate Risk,Classroom Remediation,N/A,N/A,Values Education Diagnostic Assessment,25.7,,,81.8,In Progress,Progressing,In Progress,Approved
CNHS-SYN-2627-0585,SY 2026-2027,Grade 8,Term 2,78.6,88.3,87.4,84.6,81.5,79.2,85.5,80.2,83.16,0,0,0,78.6,8,English,Moderate Risk,No Recommendation,N/A,Instructional,Classroom Summative,,,,96.2,In Progress,Progressing,Active,Reviewed
CNHS-SYN-2627-0585,SY 2026-2027,Grade 8,Term 3,80.9,86.0,77.7,81.6,89.5,84.8,80.6,84.4,83.19,0,0,0,77.7,8,Mathematics,Moderate Risk,No Recommendation,N/A,Instructional,Classroom Summative,,,,99.1,N/A,N/A,Active,Reviewed
CNHS-SYN-2627-0586,SY 2026-2027,Grade 9,Term 1,93.8,,96.2,92.7,88.4,89.4,90.2,91.5,91.74,0,0,0,88.4,7,Mapeh,Low Risk,No Recommendation,N/A,Independent,Classroom Summative,,,,90.6,In Progress,Progressing,Active,Reviewed
CNHS-SYN-2627-0586,SY 2026-2027,Grade 9,Term 2,85.5,99.0,91.0,95.3,93.4,88.2,90.6,90.1,91.64,0,0,0,85.5,8,English,Low Risk,No Recommendation,N/A,Independent,Classroom Summative,,,,91.3,In Progress,Progressing,Active,Reviewed
CNHS-SYN-2627-0586,SY 2026-2027,Grade 9,Term 3,91.4,91.9,98.3,89.6,87.4,89.1,92.5,84.4,90.57,0,0,0,84.4,8,Values Education,Low Risk,No Recommendation,N/A,Independent,Classroom Summative,,,,94.1,N/A,N/A,Active,Reviewed
CNHS-SYN-2627-0587,SY 2026-2027,Grade 10,Term 1,91.3,88.2,95.4,90.1,84.9,88.4,93.2,95.6,90.89,0,0,0,84.9,8,Mapeh,Low Risk,No Recommendation,N/A,Independent,Classroom Summative,,,,100.0,In Progress,Progressing,Active,Reviewed
CNHS-SYN-2627-0587,SY 2026-2027,Grade 10,Term 2,90.3,87.4,99.0,86.8,96.5,88.2,89.6,85.8,90.45,0,0,0,85.8,8,Values Education,Low Risk,No Recommendation,N/A,Independent,Classroom Summative,,,,94.7,In Progress,Progressing,Active,Reviewed
CNHS-SYN-2627-0587,SY 2026-2027,Grade 10,Term 3,98.3,91.4,93.8,93.2,88.9,95.9,90.3,88.7,92.56,0,0,0,88.7,8,Values Education,Low Risk,No Recommendation,N/A,Independent,Classroom Summative,,,,89.5,N/A,N/A,Active,Reviewed
CNHS-SYN-2627-0588,SY 2026-2027,Grade 7,Term 1,73.0,77.3,86.3,74.5,78.0,68.9,76.1,76.5,76.33,3,1,2,68.9,8,Araling Panlipunan,High Risk,Classroom Remediation,N/A,N/A,Araling Panlipunan Diagnostic Assessment,19.2,,,81.1,In Progress,Progressing,In Progress,Approved
CNHS-SYN-2627-0588,SY 2026-2027,Grade 7,Term 2,75.4,76.0,82.3,75.7,79.8,77.4,73.4,76.9,77.11,1,0,1,73.4,8,Tle,Moderate Risk,Classroom Remediation,N/A,N/A,Tle Diagnostic Assessment,16.8,22.9,,86.1,In Progress,Progressing,In Progress,Approved
CNHS-SYN-2627-0588,SY 2026-2027,Grade 7,Term 3,84.0,76.7,77.9,82.3,80.1,82.0,82.6,80.2,80.72,0,0,0,76.7,8,Filipino,Moderate Risk,No Recommendation,N/A,Instructional,Classroom Summative,,,,91.7,N/A,N/A,Active,Reviewed
CNHS-SYN-2627-0589,SY 2026-2027,Grade 8,Term 1,83.0,83.9,86.0,80.0,88.4,80.9,82.7,88.8,84.21,0,0,0,80.0,8,Science,Low Risk,No Recommendation,N/A,Independent,Classroom Summative,,,,91.0,In Progress,Progressing,Active,Reviewed
CNHS-SYN-2627-0589,SY 2026-2027,Grade 8,Term 2,79.1,82.4,83.1,78.3,81.0,73.4,87.3,87.0,81.45,1,0,1,73.4,8,Araling Panlipunan,Moderate Risk,Classroom Remediation,N/A,N/A,Araling Panlipunan Diagnostic Assessment,22.6,28.1,,78.8,In Progress,Progressing,In Progress,Approved
CNHS-SYN-2627-0589,SY 2026-2027,Grade 8,Term 3,78.2,82.7,86.9,80.7,79.8,82.2,85.4,83.3,82.4,0,0,0,78.2,8,English,Moderate Risk,No Recommendation,N/A,Instructional,Classroom Summative,,,,93.5,N/A,N/A,Active,Reviewed
CNHS-SYN-2627-0590,SY 2026-2027,Grade 9,Term 1,79.6,86.1,80.2,76.0,76.6,81.6,81.4,81.3,80.35,0,0,0,76.0,8,Science,Moderate Risk,No Recommendation,N/A,Instructional,Classroom Summative,,,,100.0,In Progress,Progressing,Active,Reviewed
CNHS-SYN-2627-0590,SY 2026-2027,Grade 9,Term 2,85.2,80.1,75.8,87.0,85.3,81.4,85.5,79.1,82.42,0,0,0,75.8,8,Mathematics,Moderate Risk,No Recommendation,N/A,Instructional,Classroom Summative,,,,94.6,In Progress,Progressing,Active,Reviewed
CNHS-SYN-2627-0590,SY 2026-2027,Grade 9,Term 3,73.7,75.4,83.7,81.9,75.7,79.4,75.9,79.1,78.1,1,1,0,73.7,8,English,Moderate Risk,No Recommendation,N/A,Instructional,Classroom Summative,,,,97.5,N/A,N/A,Active,Reviewed
CNHS-SYN-2627-0591,SY 2026-2027,Grade 10,Term 1,69.6,71.9,72.8,74.8,75.0,80.6,67.9,73.1,73.21,6,2,4,67.9,8,Tle,High Risk,Classroom Remediation,N/A,N/A,Tle Diagnostic Assessment,21.4,,,83.8,In Progress,Progressing,In Progress,Approved
CNHS-SYN-2627-0591,SY 2026-2027,Grade 10,Term 2,66.0,63.2,70.1,69.7,74.5,68.7,71.5,65.7,68.67,8,2,6,63.2,8,Filipino,High Risk,Classroom Remediation,N/A,N/A,Filipino Diagnostic Assessment,21.4,26.9,,82.6,In Progress,Progressing,In Progress,Approved
CNHS-SYN-2627-0591,SY 2026-2027,Grade 10,Term 3,63.6,69.2,71.2,66.7,73.1,64.0,69.6,75.2,69.08,7,2,5,63.6,8,English,High Risk,Classroom Remediation,N/A,N/A,English Diagnostic Assessment,20.8,27.6,33.7,88.3,Improved,Improved,Completed,Approved
CNHS-SYN-2627-0592,SY 2026-2027,Grade 7,Term 1,96.2,95.1,95.1,90.7,,86.8,97.5,98.9,94.33,0,0,0,86.8,7,Araling Panlipunan,Low Risk,No Recommendation,N/A,Independent,Classroom Summative,,,,87.8,In Progress,Progressing,Active,Reviewed
CNHS-SYN-2627-0592,SY 2026-2027,Grade 7,Term 2,90.1,89.9,92.4,89.1,94.5,93.4,98.5,91.0,92.36,0,0,0,89.1,8,Science,Low Risk,No Recommendation,N/A,Independent,Classroom Summative,,,,96.6,In Progress,Progressing,Active,Reviewed
CNHS-SYN-2627-0592,SY 2026-2027,Grade 7,Term 3,96.9,88.3,96.1,93.0,93.6,92.7,99.0,89.1,93.59,0,0,0,88.3,8,Filipino,Low Risk,No Recommendation,N/A,Independent,Classroom Summative,,,,91.1,N/A,N/A,Active,Reviewed
CNHS-SYN-2627-0593,SY 2026-2027,Grade 8,Term 1,73.5,79.1,77.0,76.3,71.6,83.6,76.5,82.9,77.56,2,1,1,71.6,8,Mapeh,High Risk,Classroom Remediation,N/A,N/A,Mapeh Diagnostic Assessment,24.0,,,87.0,In Progress,Progressing,In Progress,Approved
CNHS-SYN-2627-0593,SY 2026-2027,Grade 8,Term 2,78.5,72.5,84.3,84.4,75.3,77.3,80.2,69.2,77.71,2,1,1,69.2,8,Values Education,High Risk,Classroom Remediation,N/A,N/A,Values Education Diagnostic Assessment,19.4,26.8,,83.5,In Progress,Progressing,In Progress,Approved
CNHS-SYN-2627-0593,SY 2026-2027,Grade 8,Term 3,71.0,69.2,78.4,81.7,75.9,81.2,79.2,71.5,76.01,3,2,1,69.2,8,Filipino,High Risk,Classroom Remediation,N/A,N/A,Filipino Diagnostic Assessment,20.9,27.9,34.1,80.2,Improved,Improved,Completed,Approved
CNHS-SYN-2627-0594,SY 2026-2027,Grade 9,Term 1,72.5,76.6,79.6,84.7,74.8,80.1,81.5,81.2,78.88,2,1,1,72.5,8,English,High Risk,Classroom Remediation,N/A,N/A,English Diagnostic Assessment,22.8,,,78.9,In Progress,Progressing,In Progress,Approved
CNHS-SYN-2627-0594,SY 2026-2027,Grade 9,Term 2,72.5,82.5,87.1,76.3,85.4,82.2,75.9,77.6,79.94,1,1,0,72.5,8,English,Moderate Risk,No Recommendation,N/A,Instructional,Classroom Summative,,,,94.6,In Progress,Progressing,Active,Reviewed
CNHS-SYN-2627-0594,SY 2026-2027,Grade 9,Term 3,80.0,84.9,84.6,74.4,74.9,82.6,78.3,79.6,79.91,2,0,2,74.4,8,Science,High Risk,Classroom Remediation,N/A,N/A,Science Diagnostic Assessment,19.3,26.5,32.9,81.5,Improved,Improved,Completed,Approved
CNHS-SYN-2627-0595,SY 2026-2027,Grade 10,Term 1,99.0,95.3,92.1,93.2,94.8,90.4,99.0,87.0,93.85,0,0,0,87.0,8,Values Education,Low Risk,No Recommendation,N/A,Independent,Classroom Summative,,,,88.4,In Progress,Progressing,Active,Reviewed
CNHS-SYN-2627-0595,SY 2026-2027,Grade 10,Term 2,95.2,97.0,93.1,94.6,94.5,91.4,94.4,92.1,94.04,0,0,0,91.4,8,Araling Panlipunan,Low Risk,No Recommendation,N/A,Independent,Classroom Summative,,,,92.3,In Progress,Progressing,Active,Reviewed
CNHS-SYN-2627-0595,SY 2026-2027,Grade 10,Term 3,96.1,99.0,89.7,91.0,93.4,99.0,94.4,89.7,94.04,0,0,0,89.7,8,Mathematics,Low Risk,No Recommendation,N/A,Independent,Classroom Summative,,,,97.4,N/A,N/A,Active,Reviewed
CNHS-SYN-2627-0596,SY 2026-2027,Grade 7,Term 1,87.5,86.9,85.6,88.6,92.2,94.6,92.6,86.0,89.25,0,0,0,85.6,8,Mathematics,Low Risk,No Recommendation,N/A,Independent,Classroom Summative,,,,99.0,In Progress,Progressing,Active,Reviewed
CNHS-SYN-2627-0596,SY 2026-2027,Grade 7,Term 2,90.1,94.9,96.3,93.9,92.6,93.9,85.4,96.8,92.99,0,0,0,85.4,8,Tle,Low Risk,No Recommendation,N/A,Independent,Classroom Summative,,,,95.1,In Progress,Progressing,Active,Reviewed
CNHS-SYN-2627-0596,SY 2026-2027,Grade 7,Term 3,91.8,89.6,90.2,93.1,94.0,90.6,89.9,95.9,91.89,0,0,0,89.6,8,Filipino,Low Risk,No Recommendation,N/A,Independent,Classroom Summative,,,,93.9,N/A,N/A,Active,Reviewed
CNHS-SYN-2627-0597,SY 2026-2027,Grade 8,Term 1,66.6,69.4,70.7,73.2,72.7,73.3,71.1,78.6,71.95,7,2,5,66.6,8,English,High Risk,Classroom Remediation,N/A,N/A,English Diagnostic Assessment,21.8,,,80.3,In Progress,Progressing,In Progress,Approved
CNHS-SYN-2627-0597,SY 2026-2027,Grade 8,Term 2,73.0,79.4,70.5,87.5,76.6,75.0,77.1,67.2,75.79,3,1,2,67.2,8,Values Education,High Risk,Classroom Remediation,N/A,N/A,Values Education Diagnostic Assessment,23.1,31.0,,78.4,In Progress,Progressing,In Progress,Approved
CNHS-SYN-2627-0597,SY 2026-2027,Grade 8,Term 3,79.8,72.7,66.0,77.4,69.1,78.9,73.7,68.9,73.31,5,1,4,66.0,8,Mathematics,High Risk,Classroom Remediation,N/A,N/A,Mathematics Diagnostic Assessment,25.7,33.3,40.0,83.3,Improved,Improved,Completed,Approved
CNHS-SYN-2627-0598,SY 2026-2027,Grade 9,Term 1,92.9,91.9,94.6,88.4,86.8,86.4,90.3,87.4,89.84,0,0,0,86.4,8,Araling Panlipunan,Low Risk,No Recommendation,N/A,Independent,Classroom Summative,,,,98.7,In Progress,Progressing,Active,Reviewed
CNHS-SYN-2627-0598,SY 2026-2027,Grade 9,Term 2,92.0,93.3,93.1,95.6,97.0,88.9,93.4,98.6,93.99,0,0,0,88.9,8,Araling Panlipunan,Low Risk,No Recommendation,N/A,Independent,Classroom Summative,,,,97.4,In Progress,Progressing,Active,Reviewed
CNHS-SYN-2627-0598,SY 2026-2027,Grade 9,Term 3,86.2,92.9,93.5,84.2,94.8,91.2,87.1,91.9,90.22,0,0,0,84.2,8,Science,Low Risk,No Recommendation,N/A,Independent,Classroom Summative,,,,87.8,N/A,N/A,Active,Reviewed
CNHS-SYN-2627-0599,SY 2026-2027,Grade 10,Term 1,80.7,83.3,80.6,76.1,82.1,77.0,76.8,77.8,79.3,0,0,0,76.1,8,Science,Moderate Risk,No Recommendation,N/A,Instructional,Classroom Summative,,,,93.3,In Progress,Progressing,Active,Reviewed
CNHS-SYN-2627-0599,SY 2026-2027,Grade 10,Term 2,80.6,83.2,75.3,81.1,80.2,82.8,83.0,82.6,81.1,0,0,0,75.3,8,Mathematics,Moderate Risk,No Recommendation,N/A,Instructional,Classroom Summative,,,,90.8,In Progress,Progressing,Active,Reviewed
CNHS-SYN-2627-0599,SY 2026-2027,Grade 10,Term 3,82.2,80.2,86.3,82.4,82.3,77.1,79.8,83.0,81.66,0,0,0,77.1,8,Araling Panlipunan,Moderate Risk,No Recommendation,N/A,Instructional,Classroom Summative,,,,93.7,N/A,N/A,Active,Reviewed
CNHS-SYN-2627-0600,SY 2026-2027,Grade 7,Term 1,73.1,76.3,74.6,82.5,85.8,82.7,83.5,77.4,79.49,2,1,1,73.1,8,English,High Risk,Classroom Remediation,N/A,N/A,English Diagnostic Assessment,22.1,,,80.7,In Progress,Progressing,In Progress,Approved
CNHS-SYN-2627-0600,SY 2026-2027,Grade 7,Term 2,83.4,79.7,82.8,88.5,83.2,78.4,79.5,84.6,82.51,0,0,0,78.4,8,Araling Panlipunan,Moderate Risk,No Recommendation,N/A,Instructional,Classroom Summative,,,,93.9,In Progress,Progressing,Active,Reviewed
CNHS-SYN-2627-0600,SY 2026-2027,Grade 7,Term 3,74.5,76.7,82.5,83.5,85.1,73.6,84.6,86.7,80.9,2,1,1,73.6,8,Araling Panlipunan,High Risk,Classroom Remediation,N/A,N/A,Araling Panlipunan Diagnostic Assessment,16.0,21.6,26.0,79.8,Needs Further Intervention,Limited Improvement,Needs Further Support,Approved
