english_grade,filipino_grade,mathematics_grade,science_grade,mapeh_grade,araling_panlipunan_grade,tle_grade,values_education_grade,general_average,failing_subject_count,language_fail_count,non_language_fail_count,lowest_grade,available_grade_count,risk_label
80.2,74.29,77.32,81.97,79.47,88.8,83.95,74.86,80.11,2,1,1,74.29,8,Moderate Risk
68.43,69.81,66.77,67.71,67.48,68.03,78.02,75.19,70.18,6,2,4,66.77,8,High Risk
62.64,60.49,64.93,62.37,62.4,67.85,61.41,73.77,64.48,8,2,6,60.49,8,High Risk
67.57,64.96,76.89,,62.09,71.44,63.44,78.95,69.33,5,2,3,62.09,7,High Risk
62.43,76.24,60.0,69.11,73.39,60.0,67.25,68.94,67.17,7,1,6,60.0,8,High Risk
79.48,80.02,79.39,81.4,83.81,80.08,79.55,82.06,80.72,0,0,0,79.39,8,Moderate Risk
96.83,97.69,88.88,97.87,96.75,97.46,94.93,99.43,96.23,0,0,0,88.88,8,Low Risk
87.64,96.76,94.43,88.33,94.54,95.29,98.08,88.34,92.93,0,0,0,87.64,8,Low Risk
69.45,74.14,71.31,72.1,69.23,79.65,65.38,67.26,71.06,7,2,5,65.38,8,High Risk
60.0,60.0,60.0,61.77,,60.23,65.46,62.28,61.39,7,2,5,60.0,7,High Risk
71.78,81.3,68.51,78.77,,82.56,80.61,76.94,77.21,2,1,1,68.51,7,Moderate Risk
70.07,76.33,68.25,64.78,65.56,60.97,76.32,82.8,70.63,5,1,4,60.97,8,High Risk
82.78,74.89,66.98,78.35,71.7,78.02,69.21,79.73,75.21,4,1,3,66.98,8,Moderate Risk
60.0,64.75,60.0,69.94,64.53,60.77,63.9,73.65,64.69,8,2,6,60.0,8,High Risk
76.51,75.54,72.81,77.34,71.26,77.71,77.92,60.57,73.71,3,0,3,60.57,8,High Risk
92.07,89.52,88.62,97.1,85.31,97.51,92.77,88.22,91.39,0,0,0,85.31,8,Low Risk
99.09,87.05,91.08,99.7,89.13,100.0,94.4,89.88,93.79,0,0,0,87.05,8,Low Risk
88.09,84.86,91.52,85.83,90.03,89.41,89.56,100.0,89.91,0,0,0,84.86,8,Low Risk
80.62,88.03,92.34,83.9,87.56,86.36,89.36,86.14,86.79,0,0,0,80.62,8,Low Risk
84.78,87.81,85.26,90.17,86.04,85.76,87.4,93.77,87.62,0,0,0,84.78,8,Low Risk
60.0,79.35,70.19,65.8,69.35,67.65,64.45,67.43,68.03,7,1,6,60.0,8,High Risk
60.0,68.96,67.18,71.58,66.32,68.15,67.62,65.24,66.88,8,2,6,60.0,8,High Risk
94.95,99.87,92.13,100.0,97.38,93.31,100.0,100.0,97.2,0,0,0,92.13,8,Low Risk
87.08,91.99,83.66,80.5,86.71,86.19,83.88,79.85,84.98,0,0,0,79.85,8,Low Risk
84.02,89.92,92.38,89.65,96.79,89.59,94.2,89.97,90.81,0,0,0,84.02,8,Low Risk
75.98,72.28,81.41,80.1,86.38,72.98,69.91,71.83,76.36,4,1,3,69.91,8,Moderate Risk
86.5,89.01,92.42,99.21,89.25,90.11,85.81,80.54,89.11,0,0,0,80.54,8,Low Risk
76.77,,79.88,80.56,86.25,81.26,84.08,80.44,81.32,0,0,0,76.77,7,Moderate Risk
65.69,74.33,75.8,76.24,65.19,71.4,78.01,77.91,73.07,4,2,2,65.19,8,High Risk
88.09,80.63,78.66,84.15,82.79,84.96,82.47,85.9,83.46,0,0,0,78.66,8,Moderate Risk
97.76,90.57,96.51,88.63,92.63,98.57,94.36,93.43,94.06,0,0,0,88.63,8,Low Risk
93.26,98.45,99.78,96.93,98.1,95.1,96.39,96.57,96.82,0,0,0,93.26,8,Low Risk
81.68,74.89,78.69,79.8,89.87,76.21,80.95,84.18,80.78,1,1,0,74.89,8,Moderate Risk
96.58,93.88,98.6,100.0,98.88,100.0,97.23,96.28,97.68,0,0,0,93.88,8,Low Risk
75.44,76.77,78.25,80.71,79.76,83.73,75.84,74.7,78.15,1,0,1,74.7,8,Moderate Risk
64.83,66.99,60.92,60.0,71.85,67.85,67.68,71.53,66.46,8,2,6,60.0,8,High Risk
,77.5,81.87,77.28,85.04,83.63,85.77,85.91,82.43,0,0,0,77.28,7,Moderate Risk
87.55,82.79,89.48,88.92,87.53,,91.6,92.31,88.6,0,0,0,82.79,7,Low Risk
78.76,68.77,78.39,77.24,74.25,75.62,77.44,78.77,76.16,2,1,1,68.77,8,Moderate Risk
70.18,76.17,70.02,77.37,78.51,80.38,83.3,67.43,75.42,3,1,2,67.43,8,Moderate Risk
68.7,61.49,65.66,70.78,65.5,63.67,71.67,71.17,67.33,8,2,6,61.49,8,High Risk
98.02,89.94,100.0,92.49,92.01,96.03,95.82,92.57,94.61,0,0,0,89.94,8,Low Risk
92.32,100.0,95.15,91.31,94.66,97.42,100.0,93.49,95.54,0,0,0,91.31,8,Low Risk
60.0,60.59,68.67,73.7,70.49,60.0,62.48,68.02,65.49,8,2,6,60.0,8,High Risk
83.03,74.33,75.89,80.25,72.72,81.33,82.71,78.8,78.63,2,1,1,72.72,8,Moderate Risk
74.8,60.0,64.38,70.93,65.96,67.05,66.48,68.48,67.26,8,2,6,60.0,8,High Risk
72.88,87.62,77.98,85.93,84.75,92.97,76.36,,82.64,1,1,0,72.88,7,Moderate Risk
60.0,72.87,83.0,71.47,79.14,72.96,76.35,73.07,73.61,5,2,3,60.0,8,High Risk
99.06,95.98,100.0,95.44,98.2,100.0,100.0,96.57,98.16,0,0,0,95.44,8,Low Risk
67.46,78.7,71.84,68.59,77.65,76.18,73.89,76.77,73.89,4,1,3,67.46,8,High Risk
81.92,82.52,65.13,74.46,79.46,70.55,74.52,71.95,75.06,5,0,5,65.13,8,Moderate Risk
84.19,80.11,74.07,69.07,80.75,81.62,86.04,87.85,80.46,2,0,2,69.07,8,Moderate Risk
96.98,100.0,100.0,96.12,94.14,100.0,93.27,96.72,97.15,0,0,0,93.27,8,Low Risk
70.44,77.35,76.09,75.44,74.5,79.82,68.21,73.29,74.39,4,1,3,68.21,8,High Risk
,89.16,73.81,87.14,75.31,85.16,79.18,77.81,81.08,1,0,1,73.81,7,Moderate Risk
76.3,77.88,80.04,75.15,74.31,70.4,80.09,76.87,76.38,2,0,2,70.4,8,Moderate Risk
92.59,84.85,98.27,99.25,90.85,91.3,96.29,84.52,92.24,0,0,0,84.52,8,Low Risk
97.3,93.86,100.0,89.45,91.69,99.05,85.67,95.87,94.11,0,0,0,85.67,8,Low Risk
75.8,73.95,83.43,77.8,78.8,81.31,73.59,82.15,78.35,2,1,1,73.59,8,Moderate Risk
89.29,95.79,89.34,89.87,93.65,88.17,89.84,91.84,90.97,0,0,0,88.17,8,Low Risk
66.69,70.51,78.0,72.83,75.26,74.91,76.58,85.39,75.02,4,2,2,66.69,8,Moderate Risk
77.68,83.15,76.1,80.82,70.48,81.69,84.45,79.24,79.2,1,0,1,70.48,8,Moderate Risk
81.3,79.6,80.81,84.51,87.16,80.26,84.35,76.76,81.84,0,0,0,76.76,8,Moderate Risk
86.41,73.75,74.91,83.81,80.41,78.89,82.69,80.07,80.12,2,1,1,73.75,8,Moderate Risk
89.25,85.17,78.1,89.64,82.19,85.13,81.72,78.17,83.67,0,0,0,78.1,8,Moderate Risk
82.65,84.04,81.37,73.44,91.91,85.85,82.09,80.58,82.74,1,0,1,73.44,8,Moderate Risk
71.53,65.51,62.78,70.1,60.0,60.0,67.51,67.61,65.63,8,2,6,60.0,8,High Risk
65.78,65.52,64.65,78.65,60.0,69.52,60.0,65.87,66.25,7,2,5,60.0,8,High Risk
80.81,70.2,86.61,86.89,81.23,79.67,86.08,87.85,82.42,1,1,0,70.2,8,Moderate Risk
93.89,85.89,100.0,94.99,98.32,93.16,92.13,93.95,94.04,0,0,0,85.89,8,Low Risk
98.16,88.52,90.69,92.4,92.88,95.01,91.37,96.68,93.21,0,0,0,88.52,8,Low Risk
93.54,96.59,87.21,90.35,98.59,94.79,85.98,97.79,93.1,0,0,0,85.98,8,Low Risk
82.43,87.11,77.6,81.58,86.7,75.91,74.23,86.68,81.53,1,0,1,74.23,8,Moderate Risk
68.29,79.95,74.73,86.87,75.17,75.17,86.27,79.65,78.26,2,1,1,68.29,8,Moderate Risk
96.32,85.38,89.07,84.76,88.49,88.73,93.27,,89.43,0,0,0,84.76,7,Low Risk
68.95,69.6,65.84,80.26,70.64,81.42,68.5,73.33,72.32,6,2,4,65.84,8,High Risk
69.67,73.06,74.3,78.57,72.47,76.33,79.47,72.18,74.51,5,2,3,69.67,8,High Risk
60.0,63.96,62.22,63.73,60.0,67.99,72.46,61.06,63.93,8,2,6,60.0,8,High Risk
68.54,64.39,66.72,71.39,62.67,69.97,60.0,60.0,65.46,8,2,6,60.0,8,High Risk
92.43,81.9,87.33,91.21,90.0,97.06,95.28,93.44,91.08,0,0,0,81.9,8,Low Risk
77.85,76.57,86.81,81.93,79.99,82.88,66.57,82.39,79.37,1,0,1,66.57,8,Moderate Risk
75.89,64.71,72.17,72.45,72.73,78.0,65.25,72.82,71.75,6,1,5,64.71,8,High Risk
87.66,84.98,87.14,95.18,82.76,83.14,82.61,94.73,87.28,0,0,0,82.61,8,Low Risk
90.12,95.89,98.72,89.74,95.74,89.82,86.04,97.23,92.91,0,0,0,86.04,8,Low Risk
60.95,69.11,61.66,60.0,64.71,70.5,60.0,67.85,64.35,8,2,6,60.0,8,High Risk
84.43,72.23,85.56,78.4,77.64,72.01,89.88,85.24,80.67,2,1,1,72.01,8,Moderate Risk
74.18,69.47,86.9,74.43,68.31,73.88,65.03,80.12,74.04,6,2,4,65.03,8,High Risk
75.44,69.05,68.13,65.01,65.77,77.34,67.81,63.75,69.04,6,1,5,63.75,8,High Risk
94.15,90.44,88.04,,94.49,94.11,86.68,87.19,90.73,0,0,0,86.68,7,Low Risk
71.43,72.76,78.77,78.49,77.92,80.63,77.92,73.28,76.4,3,2,1,71.43,8,Moderate Risk
90.34,91.49,85.15,89.31,88.81,96.65,96.98,82.62,90.17,0,0,0,82.62,8,Low Risk
82.16,71.56,75.26,78.57,76.95,81.78,76.17,74.96,77.18,2,1,1,71.56,8,Moderate Risk
78.18,69.44,,79.45,80.4,74.74,82.67,82.36,78.18,2,1,1,69.44,7,Moderate Risk
72.82,69.62,64.18,76.79,68.29,91.35,66.48,65.45,71.87,6,2,4,64.18,8,High Risk
81.25,69.83,74.7,70.59,80.65,68.85,73.46,77.38,74.59,5,1,4,68.85,8,High Risk
91.25,93.41,88.68,89.9,90.73,89.25,87.1,87.36,89.71,0,0,0,87.1,8,Low Risk
85.67,82.58,90.96,87.36,83.59,90.28,84.8,81.42,85.83,0,0,0,81.42,8,Low Risk
89.52,95.7,86.3,93.27,89.16,98.65,91.09,82.16,90.73,0,0,0,82.16,8,Low Risk
95.34,83.58,83.41,87.19,81.2,83.72,83.59,89.89,85.99,0,0,0,81.2,8,Low Risk
72.85,77.64,85.96,85.35,76.29,66.37,71.23,87.18,77.86,3,1,2,66.37,8,Moderate Risk
80.24,68.2,67.7,69.85,78.09,71.02,72.85,75.51,72.93,5,1,4,67.7,8,High Risk
60.05,60.0,68.78,66.27,66.69,77.29,60.0,65.42,65.56,7,2,5,60.0,8,High Risk
60.48,70.15,74.9,62.51,68.88,62.39,62.52,60.0,65.23,8,2,6,60.0,8,High Risk
62.03,66.71,66.38,76.19,65.75,68.48,60.0,64.24,66.22,7,2,5,60.0,8,High Risk
67.78,70.66,64.02,78.71,61.46,60.0,60.0,78.36,67.62,6,2,4,60.0,8,High Risk
82.42,82.66,73.82,72.83,65.28,80.45,73.79,78.84,76.26,4,0,4,65.28,8,Moderate Risk
66.9,74.33,65.47,75.6,71.52,,61.9,78.26,70.57,5,2,3,61.9,7,High Risk
74.92,77.39,71.55,77.12,75.25,78.61,69.6,77.54,75.25,3,1,2,69.6,8,Moderate Risk
83.99,79.16,89.74,82.84,78.99,80.98,84.44,81.57,82.71,0,0,0,78.99,8,Moderate Risk
95.01,91.9,85.71,89.02,87.52,84.77,87.55,87.42,88.61,0,0,0,84.77,8,Low Risk
90.57,95.7,84.4,85.57,86.58,87.3,93.87,82.18,88.27,0,0,0,82.18,8,Low Risk
74.06,85.81,80.71,72.13,74.46,86.0,,75.21,78.34,3,1,2,72.13,7,Moderate Risk
85.2,78.95,88.09,89.44,79.92,87.93,79.32,92.38,85.15,0,0,0,78.95,8,Low Risk
83.62,85.31,81.27,87.79,89.14,83.53,84.1,87.67,85.3,0,0,0,81.27,8,Low Risk
88.49,98.68,94.51,92.54,94.38,88.72,90.78,88.09,92.02,0,0,0,88.09,8,Low Risk
95.2,95.97,95.65,93.25,95.07,90.52,94.9,96.1,94.58,0,0,0,90.52,8,Low Risk
71.12,71.31,80.36,77.72,84.89,74.09,90.19,73.89,77.95,4,2,2,71.12,8,Moderate Risk
69.12,67.62,67.07,67.26,60.18,68.15,64.83,61.99,65.78,8,2,6,60.18,8,High Risk
60.0,60.0,66.51,66.56,67.29,60.0,65.28,60.0,63.2,8,2,6,60.0,8,High Risk
,70.9,65.54,69.96,60.0,70.48,66.36,69.06,67.47,7,1,6,60.0,7,High Risk
88.39,98.75,89.98,91.53,92.56,94.02,90.0,89.76,91.87,0,0,0,88.39,8,Low Risk
63.14,74.8,69.16,76.55,67.89,66.96,77.38,68.56,70.55,6,2,4,63.14,8,High Risk
74.95,79.08,73.21,76.15,75.64,79.47,70.82,81.03,76.29,3,1,2,70.82,8,Moderate Risk
90.88,88.63,81.91,73.18,72.26,82.76,78.52,76.91,80.63,2,0,2,72.26,8,Moderate Risk
66.13,63.6,82.05,66.54,78.21,70.09,76.27,79.58,72.81,4,2,2,63.6,8,High Risk
82.9,82.81,86.86,87.77,87.18,82.46,80.43,89.32,84.97,0,0,0,80.43,8,Low Risk
80.31,86.91,84.35,79.4,90.86,78.26,80.95,83.18,83.03,0,0,0,78.26,8,Moderate Risk
76.66,65.98,67.49,65.85,,74.22,65.77,66.66,68.95,6,1,5,65.77,7,High Risk
76.99,70.92,84.07,79.19,72.56,81.87,71.65,80.39,77.2,3,1,2,70.92,8,Moderate Risk
85.92,88.64,87.11,91.31,86.76,91.57,90.86,88.85,88.88,0,0,0,85.92,8,Low Risk
90.43,90.35,97.49,87.2,87.07,87.95,81.1,83.36,88.12,0,0,0,81.1,8,Low Risk
78.29,85.69,78.14,75.6,84.63,82.82,70.92,77.39,79.19,1,0,1,70.92,8,Moderate Risk
68.64,66.36,60.0,61.19,62.87,62.55,60.0,60.37,62.75,8,2,6,60.0,8,High Risk
91.39,84.89,90.25,94.7,98.4,94.77,85.77,90.72,91.36,0,0,0,84.89,8,Low Risk
87.79,87.89,90.31,83.78,85.62,76.19,84.52,84.91,85.13,0,0,0,76.19,8,Low Risk
85.58,88.66,91.13,84.06,89.31,88.06,90.4,89.69,88.36,0,0,0,84.06,8,Low Risk
88.9,94.74,98.18,94.56,91.82,94.57,96.58,96.98,94.54,0,0,0,88.9,8,Low Risk
70.88,69.79,61.39,67.62,64.24,60.33,65.91,64.4,65.57,8,2,6,60.33,8,High Risk
60.69,60.0,68.9,71.45,62.23,72.82,60.0,60.0,64.51,8,2,6,60.0,8,High Risk
95.79,96.66,85.97,86.66,95.26,93.31,90.32,95.01,92.37,0,0,0,85.97,8,Low Risk
74.06,71.27,77.78,65.53,88.28,73.65,73.68,74.55,74.85,6,2,4,65.53,8,High Risk
75.45,79.82,74.97,84.0,78.11,81.87,79.94,90.99,80.64,1,0,1,74.97,8,Moderate Risk
89.65,93.88,88.27,93.87,87.8,89.8,83.63,92.77,89.96,0,0,0,83.63,8,Low Risk
78.25,70.75,69.38,75.38,71.36,62.27,62.86,62.46,69.09,6,1,5,62.27,8,High Risk
78.3,82.91,63.7,71.15,79.55,76.28,65.12,76.64,74.21,3,0,3,63.7,8,High Risk
96.27,91.02,95.59,96.93,95.18,96.01,94.62,92.75,94.8,0,0,0,91.02,8,Low Risk
68.77,75.22,83.47,76.06,81.28,81.66,75.11,79.24,77.6,1,1,0,68.77,8,Moderate Risk
,84.78,80.6,83.74,84.23,76.32,84.06,74.53,81.18,1,0,1,74.53,7,Moderate Risk
85.31,86.12,84.04,87.26,80.34,84.18,82.42,76.05,83.22,0,0,0,76.05,8,Moderate Risk
87.49,81.61,94.18,87.19,93.16,89.34,89.82,82.59,88.17,0,0,0,81.61,8,Low Risk
69.01,66.64,64.13,67.48,63.45,61.16,74.69,71.35,67.24,8,2,6,61.16,8,High Risk
85.66,91.98,94.11,89.39,89.56,,92.73,87.1,90.08,0,0,0,85.66,7,Low Risk
66.9,76.99,60.0,68.79,70.96,70.2,70.56,68.03,69.05,7,1,6,60.0,8,High Risk
65.18,73.99,75.02,63.65,75.54,84.0,72.14,71.3,72.6,5,2,3,63.65,8,High Risk
73.43,73.42,77.99,84.98,87.24,80.48,76.36,90.7,80.58,2,2,0,73.42,8,Moderate Risk
85.53,98.03,84.98,96.37,90.81,93.76,83.94,96.41,91.23,0,0,0,83.94,8,Low Risk
96.21,91.76,87.36,98.22,99.54,91.97,96.17,93.71,94.37,0,0,0,87.36,8,Low Risk
76.11,81.67,79.18,74.32,85.09,82.11,82.59,84.9,80.75,1,0,1,74.32,8,Moderate Risk
90.68,94.25,94.25,87.91,87.07,99.96,92.94,90.71,92.22,0,0,0,87.07,8,Low Risk
76.26,76.59,76.89,69.85,73.43,72.62,72.05,70.4,73.51,5,0,5,69.85,8,High Risk
82.55,86.83,84.45,87.43,85.5,79.84,86.21,81.77,84.32,0,0,0,79.84,8,Low Risk
68.6,65.38,60.0,76.72,60.0,68.54,60.76,65.36,65.67,7,2,5,60.0,8,High Risk
80.97,76.11,74.89,83.1,94.09,87.71,84.55,80.53,82.74,1,0,1,74.89,8,Moderate Risk
69.45,60.0,60.0,60.0,62.63,60.0,60.0,60.0,61.51,8,2,6,60.0,8,High Risk
85.48,84.32,87.18,87.98,84.71,85.63,82.18,81.86,84.92,0,0,0,81.86,8,Low Risk
87.5,86.49,89.0,88.91,84.86,90.81,86.18,87.79,87.69,0,0,0,84.86,8,Low Risk
88.67,100.0,90.85,88.78,88.61,96.74,87.87,88.67,91.27,0,0,0,87.87,8,Low Risk
91.28,100.0,90.5,100.0,94.26,100.0,96.03,94.64,95.84,0,0,0,90.5,8,Low Risk
79.26,78.24,83.13,72.21,78.92,84.94,82.66,84.09,80.43,1,0,1,72.21,8,Moderate Risk
74.86,75.33,66.01,60.58,71.16,71.92,75.19,63.02,69.76,6,1,5,60.58,8,High Risk
89.22,91.05,88.55,97.74,99.63,87.47,91.01,92.5,92.15,0,0,0,87.47,8,Low Risk
85.68,84.84,79.35,84.57,78.62,81.04,88.62,85.06,83.47,0,0,0,78.62,8,Moderate Risk
93.19,93.62,90.3,94.26,93.23,95.24,94.69,92.4,93.37,0,0,0,90.3,8,Low Risk
84.42,79.73,87.57,78.27,84.57,85.93,79.45,78.72,82.33,0,0,0,78.27,8,Moderate Risk
73.18,67.43,61.9,80.57,66.64,63.06,76.29,69.4,69.81,6,2,4,61.9,8,High Risk
74.4,69.2,77.73,85.5,76.68,64.58,75.78,89.95,76.73,3,2,1,64.58,8,Moderate Risk
65.24,60.0,63.35,60.0,60.0,62.87,60.35,65.17,62.12,8,2,6,60.0,8,High Risk
95.01,88.77,98.95,100.0,98.54,99.53,97.35,93.17,96.41,0,0,0,88.77,8,Low Risk
60.0,60.0,60.0,67.57,62.86,74.23,,73.21,65.41,7,2,5,60.0,7,High Risk
70.73,73.86,70.18,69.19,64.56,70.97,79.39,68.26,70.89,7,2,5,64.56,8,High Risk
81.27,88.17,76.35,82.81,75.88,96.2,75.99,78.73,81.92,0,0,0,75.88,8,Moderate Risk
88.61,73.85,67.03,76.99,76.63,74.96,79.32,80.19,77.2,3,1,2,67.03,8,Moderate Risk
82.15,86.94,88.72,79.87,79.82,82.54,81.33,88.58,83.74,0,0,0,79.82,8,Moderate Risk
99.21,100.0,97.58,100.0,97.77,96.09,93.96,100.0,98.08,0,0,0,93.96,8,Low Risk
92.2,89.64,87.02,99.46,89.66,88.29,90.03,81.91,89.78,0,0,0,81.91,8,Low Risk
64.34,79.23,72.46,66.63,67.92,64.53,63.39,63.09,67.7,7,1,6,63.09,8,High Risk
72.79,84.0,76.93,81.76,81.84,79.01,,84.15,80.07,1,1,0,72.79,7,Moderate Risk
72.8,76.05,83.04,86.83,76.3,82.26,75.67,79.32,79.03,1,1,0,72.8,8,Moderate Risk
84.75,83.99,80.94,86.97,89.53,87.05,94.91,91.67,87.48,0,0,0,80.94,8,Low Risk
78.75,84.03,78.94,81.09,86.27,78.51,77.09,85.2,81.24,0,0,0,77.09,8,Moderate Risk
95.33,94.43,88.85,91.47,91.16,92.45,97.56,94.34,93.2,0,0,0,88.85,8,Low Risk
96.99,99.25,98.6,,97.88,95.18,97.26,98.32,97.64,0,0,0,95.18,7,Low Risk
70.87,78.53,76.7,78.64,79.83,83.97,79.03,81.52,78.64,1,1,0,70.87,8,Moderate Risk
93.46,94.39,90.26,91.64,94.91,88.05,88.14,91.38,91.53,0,0,0,88.05,8,Low Risk
82.23,71.33,81.95,81.94,89.82,76.66,78.62,69.68,79.03,2,1,1,69.68,8,Moderate Risk
81.21,86.52,80.25,87.23,82.0,78.01,73.52,79.89,81.08,1,0,1,73.52,8,Moderate Risk
85.45,82.44,79.3,88.56,89.62,88.1,85.48,88.61,85.94,0,0,0,79.3,8,Low Risk
85.3,76.83,82.96,83.92,76.72,79.37,79.37,73.36,79.73,1,0,1,73.36,8,Moderate Risk
79.94,85.11,77.63,78.07,84.96,,83.08,85.03,81.97,0,0,0,77.63,7,Moderate Risk
60.93,68.63,,63.25,60.0,60.03,71.98,64.89,64.24,7,2,5,60.0,7,High Risk
81.0,77.4,83.65,67.34,77.02,86.52,75.97,,78.41,1,0,1,67.34,7,Moderate Risk
64.74,67.99,78.83,77.12,73.54,62.81,62.83,74.0,70.23,6,2,4,62.81,8,High Risk
71.88,65.48,74.79,78.13,75.41,72.21,67.29,65.34,71.32,6,2,4,65.34,8,High Risk
61.33,60.0,62.94,60.0,76.6,62.29,64.77,64.86,64.1,7,2,5,60.0,8,High Risk
78.62,70.18,60.0,72.05,60.0,66.08,60.0,60.0,65.87,7,1,6,60.0,8,High Risk
72.06,93.88,79.91,81.24,85.63,86.8,79.47,81.36,82.54,1,1,0,72.06,8,Moderate Risk
69.8,,73.64,81.09,68.46,80.52,74.03,90.4,76.85,4,1,3,68.46,7,Moderate Risk
67.33,74.92,,71.19,68.44,60.0,72.66,71.59,69.45,7,2,5,60.0,7,High Risk
62.76,61.19,60.0,60.0,63.61,62.11,63.57,65.28,62.31,8,2,6,60.0,8,High Risk
73.63,75.27,71.66,80.52,66.93,81.2,83.17,73.77,75.77,4,1,3,66.93,8,Moderate Risk
82.78,79.74,79.81,85.52,89.6,82.89,77.45,78.4,82.02,0,0,0,77.45,8,Moderate Risk
82.9,84.98,79.62,76.72,88.55,68.82,85.5,79.19,80.78,1,0,1,68.82,8,Moderate Risk
90.49,94.46,92.59,88.07,90.9,99.49,94.66,96.17,93.35,0,0,0,88.07,8,Low Risk
,95.24,92.48,93.0,95.42,95.38,96.41,100.0,95.42,0,0,0,92.48,7,Low Risk
72.18,70.8,70.0,69.85,73.85,66.91,64.48,88.31,72.05,7,2,5,64.48,8,High Risk
84.12,85.53,94.11,91.82,92.2,82.85,97.28,85.16,89.13,0,0,0,82.85,8,Low Risk
78.73,77.18,77.27,75.88,66.93,82.74,76.72,74.7,76.27,2,0,2,66.93,8,Moderate Risk
60.0,65.44,61.03,60.0,62.76,60.0,60.0,60.0,61.15,8,2,6,60.0,8,High Risk
66.81,69.19,64.34,62.98,60.0,72.37,69.25,65.49,66.3,8,2,6,60.0,8,High Risk
66.71,72.34,79.74,64.35,67.8,74.7,73.0,68.74,70.92,7,2,5,64.35,8,High Risk
89.5,90.96,87.51,91.09,82.13,95.03,89.37,93.77,89.92,0,0,0,82.13,8,Low Risk
60.84,67.13,61.35,60.0,67.14,64.64,63.32,76.72,65.14,7,2,5,60.0,8,High Risk
62.7,62.66,74.11,64.72,70.01,61.02,64.55,60.33,65.01,8,2,6,60.33,8,High Risk
70.79,74.64,60.0,62.38,60.53,70.92,67.58,60.0,65.85,8,2,6,60.0,8,High Risk
76.58,82.54,88.87,83.57,77.22,83.42,72.35,74.52,79.88,2,0,2,72.35,8,Moderate Risk
82.1,82.71,85.94,83.92,90.82,83.85,79.98,82.59,83.99,0,0,0,79.98,8,Moderate Risk
91.38,82.43,83.02,86.17,86.85,85.1,89.66,82.85,85.93,0,0,0,82.43,8,Low Risk
64.79,78.67,67.13,60.84,76.05,70.66,61.27,68.41,68.48,6,1,5,60.84,8,High Risk
76.48,72.58,73.93,72.72,71.7,67.5,81.51,65.05,72.68,6,1,5,65.05,8,High Risk
84.34,71.77,78.52,70.04,74.51,66.14,78.1,74.4,74.73,5,1,4,66.14,8,High Risk
64.78,69.62,75.93,65.38,65.93,75.06,69.85,70.41,69.62,6,2,4,64.78,8,High Risk
68.89,71.53,65.18,60.0,60.58,68.82,66.09,67.36,66.06,8,2,6,60.0,8,High Risk
77.04,76.56,,79.38,86.9,70.44,77.9,79.77,78.28,1,0,1,70.44,7,Moderate Risk
78.67,71.8,67.14,76.33,73.07,60.0,80.4,73.76,72.65,5,1,4,60.0,8,High Risk
75.75,84.63,88.29,81.97,82.48,84.13,73.88,83.39,81.81,1,0,1,73.88,8,Moderate Risk
61.77,60.0,63.46,66.24,65.06,61.77,72.24,64.25,64.35,8,2,6,60.0,8,High Risk
83.18,69.8,86.51,80.94,86.72,83.45,89.15,81.23,82.62,1,1,0,69.8,8,Moderate Risk
88.75,82.78,91.53,85.0,82.33,87.58,88.14,82.0,86.01,0,0,0,82.0,8,Low Risk
76.59,64.32,67.48,63.44,65.27,60.0,71.91,60.0,66.13,7,1,6,60.0,8,High Risk
86.65,73.18,85.63,63.27,72.32,90.99,80.29,71.8,78.02,4,1,3,63.27,8,Moderate Risk
99.44,94.04,96.45,90.51,89.17,86.26,87.04,89.71,91.58,0,0,0,86.26,8,Low Risk
82.37,87.0,89.47,97.97,89.43,95.41,91.81,91.72,90.65,0,0,0,82.37,8,Low Risk
63.25,64.75,,70.14,64.89,68.45,67.08,62.38,65.85,7,2,5,62.38,7,High Risk
60.0,61.52,60.0,77.95,68.14,70.65,67.6,73.94,67.48,7,2,5,60.0,8,High Risk
80.57,84.76,83.12,88.35,83.66,85.74,77.05,76.27,82.44,0,0,0,76.27,8,Moderate Risk
77.77,77.51,75.41,74.32,80.85,78.86,87.36,83.29,79.42,1,0,1,74.32,8,Moderate Risk
81.07,84.57,86.52,81.17,85.09,78.68,72.07,82.47,81.45,1,0,1,72.07,8,Moderate Risk
95.32,91.75,95.86,91.91,98.59,90.62,91.82,100.0,94.48,0,0,0,90.62,8,Low Risk
73.05,60.0,70.79,68.95,72.57,77.87,69.16,64.75,69.64,7,2,5,60.0,8,High Risk
67.84,79.31,66.89,69.19,,74.61,74.09,68.93,71.55,6,1,5,66.89,7,High Risk
66.81,70.2,60.18,61.26,60.0,72.76,69.06,70.59,66.36,8,2,6,60.0,8,High Risk
66.25,73.3,66.38,70.73,86.8,71.46,79.29,76.89,73.89,5,2,3,66.25,8,High Risk
75.57,81.36,60.0,69.42,75.38,70.04,75.75,66.36,71.74,4,0,4,60.0,8,High Risk
79.19,84.42,81.12,79.9,71.77,72.96,79.62,89.46,79.8,2,0,2,71.77,8,Moderate Risk
62.5,78.18,72.55,78.7,81.18,74.71,74.82,77.08,74.97,4,1,3,62.5,8,High Risk
76.83,66.67,68.05,68.27,71.28,72.08,69.36,71.57,70.51,7,1,6,66.67,8,High Risk
80.39,87.28,81.49,85.11,84.31,92.88,84.66,90.03,85.77,0,0,0,80.39,8,Low Risk
96.12,85.65,87.39,90.83,91.93,88.72,92.24,87.12,90.0,0,0,0,85.65,8,Low Risk
96.19,87.98,89.73,94.12,97.76,97.9,96.81,91.34,93.98,0,0,0,87.98,8,Low Risk
64.63,60.0,70.05,60.0,60.0,60.0,61.44,60.0,62.02,8,2,6,60.0,8,High Risk
77.68,75.53,74.78,87.21,76.92,70.51,77.35,69.69,76.21,3,0,3,69.69,8,Moderate Risk
87.53,91.0,83.51,85.74,88.99,85.39,86.79,89.67,87.33,0,0,0,83.51,8,Low Risk
99.57,99.02,87.59,89.05,90.13,90.04,93.1,95.92,93.05,0,0,0,87.59,8,Low Risk
61.01,67.27,,79.45,74.26,71.52,61.04,63.73,68.33,6,2,4,61.01,7,High Risk
85.7,79.02,83.18,74.02,82.41,84.07,87.53,80.98,82.11,1,0,1,74.02,8,Moderate Risk
60.0,74.91,68.31,75.35,72.72,70.48,60.91,76.77,69.93,6,2,4,60.0,8,High Risk
74.52,70.17,72.7,79.33,74.86,76.15,73.69,76.67,74.76,5,2,3,70.17,8,High Risk
68.02,72.69,60.95,65.47,60.0,72.67,78.32,66.41,68.07,7,2,5,60.0,8,High Risk
63.47,74.03,66.96,65.99,70.65,67.43,63.23,67.9,67.46,8,2,6,63.23,8,High Risk
63.35,60.0,66.63,71.24,73.72,77.11,66.07,,68.3,6,2,4,60.0,7,High Risk
63.08,73.83,68.11,76.04,61.72,70.69,67.7,67.02,68.52,7,2,5,61.72,8,High Risk
67.73,67.58,67.07,66.82,64.44,71.19,70.02,60.0,66.86,8,2,6,60.0,8,High Risk
94.11,98.13,91.27,100.0,98.32,95.24,93.18,94.88,95.64,0,0,0,91.27,8,Low Risk
77.82,76.5,77.94,66.95,79.46,79.22,84.19,70.64,76.59,2,0,2,66.95,8,Moderate Risk
92.75,89.67,90.68,84.74,81.22,83.33,87.85,84.53,86.85,0,0,0,81.22,8,Low Risk
88.09,96.58,94.52,98.61,,95.13,98.92,91.61,94.78,0,0,0,88.09,7,Low Risk
89.88,91.9,87.36,94.76,87.65,90.68,90.37,92.99,90.7,0,0,0,87.36,8,Low Risk
92.03,90.92,100.0,91.8,97.86,93.07,94.57,93.19,94.18,0,0,0,90.92,8,Low Risk
82.32,87.28,90.05,92.43,83.31,84.28,81.47,95.33,87.06,0,0,0,81.47,8,Low Risk
60.0,69.13,72.91,80.32,60.77,60.32,61.19,76.09,67.59,6,2,4,60.0,8,High Risk
85.71,89.78,85.75,89.22,86.04,85.85,86.83,89.97,87.39,0,0,0,85.71,8,Low Risk
93.6,88.84,91.37,85.0,89.38,90.36,88.65,96.62,90.48,0,0,0,85.0,8,Low Risk
80.75,74.65,79.38,72.48,76.62,77.7,81.38,81.62,78.07,2,1,1,72.48,8,Moderate Risk
71.18,75.59,67.98,76.96,84.32,72.59,76.4,69.87,74.36,4,1,3,67.98,8,High Risk
80.7,80.43,75.2,80.91,75.32,67.85,78.17,71.04,76.2,2,0,2,67.85,8,Moderate Risk
64.16,60.0,76.73,84.03,74.99,70.08,68.04,64.9,70.37,6,2,4,60.0,8,High Risk
98.96,80.45,85.73,88.09,88.17,100.0,84.1,89.33,89.35,0,0,0,80.45,8,Low Risk
91.44,84.24,90.31,89.57,90.54,93.91,92.01,88.55,90.07,0,0,0,84.24,8,Low Risk
74.65,71.58,69.43,67.11,74.2,68.02,70.37,73.4,71.09,8,2,6,67.11,8,High Risk
74.15,68.72,66.25,65.84,77.71,75.84,74.14,76.09,72.34,5,2,3,65.84,8,High Risk
85.22,83.75,80.36,83.57,80.18,86.08,73.81,79.03,81.5,1,0,1,73.81,8,Moderate Risk
93.37,95.89,94.91,99.04,92.85,98.8,98.94,99.87,96.71,0,0,0,92.85,8,Low Risk
84.4,84.28,83.49,91.1,92.52,91.36,87.9,77.69,86.59,0,0,0,77.69,8,Low Risk
60.0,68.57,67.06,67.27,60.0,63.45,60.0,60.0,63.29,8,2,6,60.0,8,High Risk
95.5,88.76,87.71,82.97,90.84,88.47,88.59,98.25,90.14,0,0,0,82.97,8,Low Risk
60.0,66.16,60.0,60.0,69.36,74.42,66.68,60.0,64.58,8,2,6,60.0,8,High Risk
92.2,86.57,92.07,91.18,86.53,86.36,93.55,94.36,90.35,0,0,0,86.36,8,Low Risk
67.21,76.05,60.98,60.67,69.82,65.81,66.71,73.31,67.57,7,1,6,60.67,8,High Risk
87.26,95.09,91.98,91.24,94.69,100.0,100.0,91.35,93.95,0,0,0,87.26,8,Low Risk
94.04,95.64,96.31,87.65,95.08,95.46,93.16,96.42,94.22,0,0,0,87.65,8,Low Risk
61.26,62.07,60.0,72.16,66.58,63.38,60.17,65.33,63.87,8,2,6,60.0,8,High Risk
82.98,85.43,83.7,81.84,83.32,81.48,84.68,93.61,84.63,0,0,0,81.48,8,Low Risk
80.44,80.19,79.99,73.8,71.14,68.9,65.55,69.75,73.72,5,0,5,65.55,8,High Risk
91.5,98.95,90.47,90.46,94.66,99.25,97.72,88.13,93.89,0,0,0,88.13,8,Low Risk
64.92,60.0,60.0,65.84,67.84,66.74,71.17,60.0,64.56,8,2,6,60.0,8,High Risk
92.69,92.12,96.37,85.4,91.87,87.4,93.77,94.85,91.81,0,0,0,85.4,8,Low Risk
86.63,72.66,84.75,78.66,73.9,84.67,73.96,79.06,79.29,3,1,2,72.66,8,Moderate Risk
73.56,79.73,89.16,70.19,79.3,72.29,82.82,73.03,77.51,4,1,3,70.19,8,Moderate Risk
87.7,89.45,82.2,90.43,87.31,92.17,84.69,81.11,86.88,0,0,0,81.11,8,Low Risk
81.79,79.57,76.14,77.66,84.13,72.0,87.66,84.41,80.42,1,0,1,72.0,8,Moderate Risk
77.86,78.1,82.69,84.3,87.65,82.12,84.88,78.78,82.05,0,0,0,77.86,8,Moderate Risk
90.98,86.56,94.67,95.67,88.18,94.81,89.99,92.19,91.63,0,0,0,86.56,8,Low Risk
74.48,61.14,62.51,65.32,60.0,65.6,63.58,71.55,65.52,8,2,6,60.0,8,High Risk
67.27,60.0,60.0,60.0,60.0,63.09,60.0,60.0,61.3,8,2,6,60.0,8,High Risk
81.26,76.27,75.42,76.49,76.51,78.9,85.65,82.58,79.14,0,0,0,75.42,8,Moderate Risk
67.81,70.03,60.0,67.91,66.48,63.81,64.95,60.86,65.23,8,2,6,60.0,8,High Risk
78.68,70.2,66.26,80.14,71.25,77.98,79.17,80.33,75.5,3,1,2,66.26,8,Moderate Risk
92.71,87.23,76.76,85.38,81.0,84.59,78.63,80.93,83.4,0,0,0,76.76,8,Moderate Risk
70.1,62.38,82.94,70.69,60.06,63.36,71.06,,68.66,6,2,4,60.06,7,High Risk
83.63,72.94,85.45,79.41,81.85,77.45,75.6,84.96,80.16,1,1,0,72.94,8,Moderate Risk
100.0,93.77,93.48,98.87,94.99,91.77,96.0,96.42,95.66,0,0,0,91.77,8,Low Risk
85.94,81.14,84.6,81.49,91.61,89.87,86.32,85.05,85.75,0,0,0,81.14,8,Low Risk
93.64,95.98,98.04,91.59,91.62,100.0,97.44,92.79,95.14,0,0,0,91.59,8,Low Risk
71.25,85.85,74.33,60.24,67.45,77.73,72.77,60.0,71.2,6,1,5,60.0,8,High Risk
70.53,65.77,78.18,66.48,80.46,83.98,80.05,81.15,75.83,3,2,1,65.77,8,Moderate Risk
76.74,73.76,60.87,64.89,60.41,70.23,72.32,61.38,67.57,7,1,6,60.41,8,High Risk
93.21,87.36,95.69,96.33,97.18,96.64,94.6,96.8,94.73,0,0,0,87.36,8,Low Risk
71.99,67.27,67.03,72.68,70.53,68.54,68.39,67.31,69.22,8,2,6,67.03,8,High Risk
82.14,79.9,77.81,75.34,74.74,71.04,87.38,86.57,79.37,2,0,2,71.04,8,Moderate Risk
89.71,81.99,84.48,92.19,82.42,79.2,78.12,71.95,82.51,1,0,1,71.95,8,Moderate Risk
70.83,61.58,73.28,69.79,68.21,62.43,72.41,60.0,67.32,8,2,6,60.0,8,High Risk
76.05,83.22,89.14,86.32,84.72,87.94,,99.85,86.75,0,0,0,76.05,7,Low Risk
60.0,73.99,60.0,69.3,77.33,69.36,67.09,60.0,67.13,7,2,5,60.0,8,High Risk
69.28,82.02,79.41,,79.09,80.83,67.4,68.99,75.29,3,1,2,67.4,7,Moderate Risk
67.36,69.32,65.17,60.0,62.61,65.67,60.0,78.21,66.04,7,2,5,60.0,8,High Risk
84.67,75.48,83.81,75.03,76.3,81.57,78.48,75.28,78.83,0,0,0,75.03,8,Moderate Risk
77.71,78.76,72.95,74.55,68.26,70.02,73.35,75.66,73.91,5,0,5,68.26,8,High Risk
84.19,96.12,89.04,87.16,93.43,84.96,90.5,98.02,90.43,0,0,0,84.19,8,Low Risk
89.05,83.59,92.59,86.87,86.61,84.27,87.52,85.87,87.05,0,0,0,83.59,8,Low Risk
92.51,94.48,88.14,90.88,88.71,91.54,91.16,88.26,90.71,0,0,0,88.14,8,Low Risk
71.27,79.12,,73.17,72.44,69.58,76.17,76.14,73.98,4,1,3,69.58,7,High Risk
71.32,75.91,72.69,76.91,78.42,79.76,82.22,87.01,78.03,2,1,1,71.32,8,Moderate Risk
100.0,95.04,97.96,96.27,87.85,90.31,92.57,96.79,94.6,0,0,0,87.85,8,Low Risk
88.6,84.7,82.64,77.19,71.98,78.79,86.85,82.53,81.66,1,0,1,71.98,8,Moderate Risk
94.35,80.03,87.39,79.33,78.61,88.25,87.63,87.5,85.39,0,0,0,78.61,8,Low Risk
77.07,84.52,86.07,80.68,75.02,80.34,84.73,86.19,81.83,0,0,0,75.02,8,Moderate Risk
71.21,82.34,74.37,71.95,69.68,70.67,72.46,81.95,74.33,6,1,5,69.68,8,High Risk
89.14,99.43,92.34,93.83,90.91,93.64,92.78,91.76,92.98,0,0,0,89.14,8,Low Risk
,80.74,60.0,60.0,60.69,65.81,71.81,69.98,67.0,6,0,6,60.0,7,High Risk
94.53,87.46,91.06,98.6,96.52,97.99,88.18,89.61,92.99,0,0,0,87.46,8,Low Risk
93.55,93.43,95.59,100.0,82.3,94.17,84.16,93.1,92.04,0,0,0,82.3,8,Low Risk
84.34,82.88,85.18,81.2,93.19,86.55,94.45,91.7,87.44,0,0,0,81.2,8,Low Risk
81.34,80.9,77.44,78.19,84.97,78.46,76.47,75.62,79.17,0,0,0,75.62,8,Moderate Risk
88.69,89.67,79.53,91.72,88.8,87.52,90.17,87.46,87.94,0,0,0,79.53,8,Low Risk
97.94,91.37,98.34,100.0,98.25,91.91,98.34,97.23,96.67,0,0,0,91.37,8,Low Risk
69.15,76.12,82.32,85.32,75.06,86.79,87.08,83.5,80.67,1,1,0,69.15,8,Moderate Risk
73.47,75.72,69.01,60.0,68.7,73.26,61.56,72.57,69.29,7,1,6,60.0,8,High Risk
90.68,94.38,96.33,92.12,89.36,88.02,89.35,92.74,91.62,0,0,0,88.02,8,Low Risk
92.13,72.81,85.44,81.25,85.94,78.88,85.71,80.76,82.86,1,1,0,72.81,8,Moderate Risk
73.34,,73.65,71.08,75.17,81.84,73.73,71.99,74.4,5,1,4,71.08,7,High Risk
82.95,90.49,84.97,85.35,75.98,76.93,76.33,75.09,81.01,0,0,0,75.09,8,Moderate Risk
60.19,74.6,75.92,60.0,60.0,60.0,65.78,60.0,64.56,7,2,5,60.0,8,High Risk
80.63,83.71,76.77,69.23,74.0,73.08,78.0,80.76,77.02,3,0,3,69.23,8,Moderate Risk
88.6,80.99,80.87,92.38,85.21,84.54,82.36,95.9,86.36,0,0,0,80.87,8,Low Risk
86.77,87.72,89.94,94.0,82.93,83.68,86.26,86.44,87.22,0,0,0,82.93,8,Low Risk
81.32,73.38,80.9,79.45,83.42,75.94,76.28,77.84,78.57,1,1,0,73.38,8,Moderate Risk
98.82,88.54,95.36,100.0,100.0,97.32,100.0,95.73,96.97,0,0,0,88.54,8,Low Risk
78.65,73.87,79.03,78.23,76.34,81.22,91.06,92.71,81.39,1,1,0,73.87,8,Moderate Risk
72.72,76.89,76.77,74.02,84.48,79.15,79.76,63.08,75.86,3,1,2,63.08,8,Moderate Risk
98.78,93.19,100.0,97.23,93.18,96.38,85.82,91.91,94.56,0,0,0,85.82,8,Low Risk
82.22,92.42,91.47,90.82,97.41,89.64,89.87,93.98,90.98,0,0,0,82.22,8,Low Risk
93.23,89.4,94.83,93.65,88.44,91.98,97.39,88.11,92.13,0,0,0,88.11,8,Low Risk
76.92,85.57,84.81,76.57,76.55,85.75,84.65,80.72,81.44,0,0,0,76.55,8,Moderate Risk
87.82,91.43,94.79,87.59,88.93,91.88,88.94,87.66,89.88,0,0,0,87.59,8,Low Risk
94.85,99.03,97.29,100.0,97.07,96.74,97.01,92.42,96.8,0,0,0,92.42,8,Low Risk
70.54,62.7,73.08,71.3,60.0,60.8,74.65,65.22,67.29,8,2,6,60.0,8,High Risk
71.96,69.48,60.0,66.85,60.09,60.87,63.4,69.64,65.29,8,2,6,60.0,8,High Risk
74.26,79.56,75.33,74.71,77.59,65.58,78.41,91.23,77.08,3,1,2,65.58,8,Moderate Risk
74.51,70.19,70.96,83.01,71.31,60.65,69.27,60.0,69.99,7,2,5,60.0,8,High Risk
92.9,93.93,94.3,91.65,89.31,86.4,88.88,94.34,91.46,0,0,0,86.4,8,Low Risk
93.13,85.35,91.89,96.31,80.88,86.54,92.98,82.14,88.65,0,0,0,80.88,8,Low Risk
87.63,96.46,86.25,84.37,82.82,90.4,81.01,85.49,86.8,0,0,0,81.01,8,Low Risk
74.78,67.87,75.34,70.69,77.89,70.24,67.76,60.0,70.57,6,2,4,60.0,8,High Risk
92.1,97.69,91.65,89.25,95.11,89.41,88.68,97.38,92.66,0,0,0,88.68,8,Low Risk
79.56,77.03,86.69,73.44,84.12,75.39,80.37,,79.51,1,0,1,73.44,7,Moderate Risk
86.93,77.47,76.35,86.64,73.06,73.37,86.14,81.2,80.14,2,0,2,73.06,8,Moderate Risk
79.92,78.34,83.71,81.9,80.0,78.33,75.81,83.92,80.24,0,0,0,75.81,8,Moderate Risk
90.12,69.19,79.63,77.17,70.52,79.45,77.47,87.09,78.83,2,1,1,69.19,8,Moderate Risk
82.98,94.1,85.76,89.68,84.06,88.86,92.93,87.85,88.28,0,0,0,82.98,8,Low Risk
67.42,67.6,66.78,60.0,62.59,76.83,67.82,80.01,68.63,6,2,4,60.0,8,High Risk
83.6,85.79,90.99,88.9,80.51,90.01,84.0,81.43,85.65,0,0,0,80.51,8,Low Risk
83.36,77.54,80.62,79.07,82.25,78.2,76.0,81.35,79.8,0,0,0,76.0,8,Moderate Risk
80.37,66.88,76.38,72.41,69.5,65.67,69.59,67.47,71.03,6,1,5,65.67,8,High Risk
75.88,81.57,79.96,73.73,78.89,75.5,68.93,78.48,76.62,2,0,2,68.93,8,Moderate Risk
73.15,,60.0,60.0,60.0,63.06,60.0,60.08,62.33,7,1,6,60.0,7,High Risk
67.6,83.42,68.72,71.67,71.91,67.48,67.47,78.15,72.05,6,1,5,67.47,8,High Risk
89.33,81.37,92.79,91.13,98.24,94.33,95.12,100.0,92.79,0,0,0,81.37,8,Low Risk
72.61,67.28,70.0,63.7,63.49,70.09,66.78,60.0,66.74,8,2,6,60.0,8,High Risk
84.98,90.37,90.91,92.18,90.33,88.73,92.29,91.57,90.17,0,0,0,84.98,8,Low Risk
79.64,89.96,95.74,83.66,95.1,84.77,84.89,88.52,87.78,0,0,0,79.64,8,Low Risk
96.5,96.44,92.72,92.76,99.63,81.54,89.05,92.9,92.69,0,0,0,81.54,8,Low Risk
88.63,91.32,89.17,88.3,89.45,90.09,83.16,91.96,89.01,0,0,0,83.16,8,Low Risk
76.7,64.77,63.94,67.16,78.91,80.32,64.51,,70.9,4,1,3,63.94,7,High Risk
60.0,60.0,64.06,65.58,62.23,60.89,68.15,64.79,63.21,8,2,6,60.0,8,High Risk
100.0,100.0,94.06,94.41,95.57,95.93,92.48,100.0,96.56,0,0,0,92.48,8,Low Risk
93.0,90.96,89.51,89.86,92.59,87.58,80.1,85.77,88.67,0,0,0,80.1,8,Low Risk
77.2,66.67,72.85,62.68,65.38,60.0,74.74,68.58,68.51,7,1,6,60.0,8,High Risk
71.63,64.76,70.98,66.8,66.23,60.93,69.42,67.86,67.33,8,2,6,60.93,8,High Risk
95.89,93.69,89.57,87.67,89.47,91.92,88.7,92.23,91.14,0,0,0,87.67,8,Low Risk
79.5,70.29,78.23,82.99,74.1,75.03,81.47,67.06,76.08,3,1,2,67.06,8,Moderate Risk
65.77,75.45,77.35,83.5,78.88,74.89,78.58,82.02,77.06,2,1,1,65.77,8,Moderate Risk
90.51,80.22,84.25,90.37,84.41,73.91,74.58,79.51,82.22,2,0,2,73.91,8,Moderate Risk
91.03,98.08,88.39,91.14,84.45,91.87,87.39,85.03,89.67,0,0,0,84.45,8,Low Risk
85.69,85.03,80.26,92.03,81.5,85.56,83.6,84.19,84.73,0,0,0,80.26,8,Low Risk
90.57,85.98,82.45,81.83,84.66,87.41,78.77,86.23,84.74,0,0,0,78.77,8,Low Risk
72.87,76.72,83.45,76.83,87.05,69.26,82.49,77.39,78.26,2,1,1,69.26,8,Moderate Risk
92.52,97.78,86.75,85.11,83.65,95.02,86.01,95.04,90.24,0,0,0,83.65,8,Low Risk
99.11,96.28,96.45,95.04,99.3,95.94,93.32,98.91,96.79,0,0,0,93.32,8,Low Risk
,94.2,87.63,81.27,81.71,90.12,81.44,80.05,85.2,0,0,0,80.05,7,Low Risk
93.5,93.7,88.64,87.46,83.85,92.85,85.44,88.14,89.2,0,0,0,83.85,8,Low Risk
79.52,68.02,70.44,66.01,62.07,68.76,63.91,68.9,68.45,7,1,6,62.07,8,High Risk
67.41,69.63,64.27,68.66,60.0,,63.49,72.66,66.59,7,2,5,60.0,7,High Risk
63.09,60.78,61.82,66.26,61.39,64.46,,65.65,63.35,7,2,5,60.78,7,High Risk
85.73,83.09,81.73,95.13,89.99,86.84,90.44,77.83,86.35,0,0,0,77.83,8,Low Risk
90.85,98.92,92.17,,96.78,98.11,94.64,100.0,95.92,0,0,0,90.85,7,Low Risk
91.05,87.8,86.97,77.52,75.91,93.25,93.09,95.71,87.66,0,0,0,75.91,8,Low Risk
66.23,65.16,82.17,71.6,68.67,60.96,78.01,69.19,70.25,6,2,4,60.96,8,High Risk
91.46,89.44,93.16,98.22,92.78,93.04,88.73,96.62,92.93,0,0,0,88.73,8,Low Risk
66.91,60.0,71.49,64.45,65.37,67.7,65.97,60.54,65.3,8,2,6,60.0,8,High Risk
90.77,91.42,95.16,92.13,95.9,90.72,91.4,89.69,92.15,0,0,0,89.69,8,Low Risk
73.07,73.0,70.91,76.24,76.3,87.68,79.19,73.08,76.18,4,2,2,70.91,8,Moderate Risk
69.91,77.51,77.65,72.8,86.34,72.21,78.32,84.55,77.41,3,1,2,69.91,8,Moderate Risk
73.06,76.67,73.14,84.21,80.72,81.1,87.35,77.96,79.28,2,1,1,73.06,8,Moderate Risk
69.58,62.85,67.51,73.03,71.69,78.07,82.6,75.43,72.59,5,2,3,62.85,8,High Risk
98.74,93.99,88.3,88.96,87.77,91.61,86.24,88.36,90.5,0,0,0,86.24,8,Low Risk
80.98,89.14,88.62,75.19,93.39,86.84,82.45,88.53,85.64,0,0,0,75.19,8,Low Risk
95.24,95.3,100.0,85.93,98.7,90.02,90.47,87.37,92.88,0,0,0,85.93,8,Low Risk
89.08,87.95,90.31,93.77,91.31,92.56,95.2,96.75,92.12,0,0,0,87.95,8,Low Risk
79.31,69.59,74.63,77.19,74.42,81.76,70.2,70.33,74.68,5,1,4,69.59,8,High Risk
60.0,61.87,65.78,60.9,73.73,67.8,60.02,65.43,64.44,8,2,6,60.0,8,High Risk
92.91,96.57,99.33,94.95,93.11,96.19,93.44,100.0,95.81,0,0,0,92.91,8,Low Risk
77.97,83.64,87.57,75.62,82.72,87.83,71.32,92.18,82.36,1,0,1,71.32,8,Moderate Risk
90.14,89.35,88.84,93.81,88.85,94.62,90.37,79.54,89.44,0,0,0,79.54,8,Low Risk
89.56,86.31,85.17,80.77,89.93,84.23,86.72,71.22,84.24,1,0,1,71.22,8,Low Risk
79.33,75.02,82.68,65.38,79.72,75.1,72.21,78.46,75.99,2,0,2,65.38,8,Moderate Risk
63.06,67.64,60.0,60.0,67.59,62.31,60.0,60.0,62.58,8,2,6,60.0,8,High Risk
86.78,76.65,82.41,85.16,89.46,76.62,86.11,88.42,83.95,0,0,0,76.62,8,Moderate Risk
78.8,79.95,71.28,81.15,82.03,77.12,68.72,75.62,76.83,2,0,2,68.72,8,Moderate Risk
68.55,76.72,62.95,74.93,72.48,,70.47,68.01,70.59,6,1,5,62.95,7,High Risk
82.4,80.5,80.33,94.62,78.23,79.29,98.55,84.19,84.76,0,0,0,78.23,8,Low Risk
61.5,63.67,75.25,69.0,71.44,68.21,62.93,69.27,67.66,7,2,5,61.5,8,High Risk
93.25,84.41,83.66,76.71,82.52,84.08,80.89,84.66,83.77,0,0,0,76.71,8,Moderate Risk
88.61,82.92,85.14,85.38,84.34,83.75,91.88,91.25,86.66,0,0,0,82.92,8,Low Risk
81.67,78.01,76.25,79.72,79.48,81.47,75.36,82.01,79.25,0,0,0,75.36,8,Moderate Risk
65.84,75.26,66.43,78.15,67.2,69.49,64.55,75.62,70.32,5,1,4,64.55,8,High Risk
69.19,61.49,73.6,70.44,61.7,66.09,64.06,60.0,65.82,8,2,6,60.0,8,High Risk
60.0,60.0,61.65,60.0,66.06,61.76,65.62,61.06,62.02,8,2,6,60.0,8,High Risk
69.62,71.81,73.43,80.44,69.51,71.73,77.03,80.98,74.32,5,2,3,69.51,8,High Risk
100.0,99.39,98.09,87.04,91.92,98.28,91.16,98.12,95.5,0,0,0,87.04,8,Low Risk
65.69,66.27,72.83,70.38,82.26,67.9,80.57,65.97,71.48,6,2,4,65.69,8,High Risk
77.17,74.97,67.77,74.7,82.18,73.84,74.41,75.04,75.01,5,1,4,67.77,8,Moderate Risk
60.94,80.52,63.48,74.84,62.24,65.24,75.42,68.18,68.86,6,1,5,60.94,8,High Risk
88.07,86.49,94.45,83.94,86.57,88.9,83.91,88.42,87.59,0,0,0,83.91,8,Low Risk
97.11,96.57,94.59,96.33,96.63,95.05,98.1,89.55,95.49,0,0,0,89.55,8,Low Risk
91.57,93.93,94.98,95.62,92.98,94.85,90.05,94.23,93.53,0,0,0,90.05,8,Low Risk
65.3,88.36,86.39,86.73,83.16,77.53,74.61,85.53,80.95,2,1,1,65.3,8,Moderate Risk
72.34,72.64,81.75,65.44,68.66,65.38,64.19,75.58,70.75,6,2,4,64.19,8,High Risk
78.44,84.36,81.11,81.55,85.3,77.92,67.83,78.73,79.41,1,0,1,67.83,8,Moderate Risk
83.71,77.81,80.7,81.49,81.21,89.7,83.31,83.91,82.73,0,0,0,77.81,8,Moderate Risk
74.35,70.31,60.0,60.02,64.05,60.93,60.0,60.0,63.71,8,2,6,60.0,8,High Risk
76.13,77.41,83.11,76.85,81.14,78.68,70.65,77.21,77.65,1,0,1,70.65,8,Moderate Risk
94.33,91.39,99.03,100.0,93.68,96.81,97.47,100.0,96.59,0,0,0,91.39,8,Low Risk
83.25,60.0,60.0,68.28,71.69,61.36,64.01,72.38,67.62,7,1,6,60.0,8,High Risk
95.76,94.73,98.66,97.2,100.0,98.6,98.63,92.01,96.95,0,0,0,92.01,8,Low Risk
91.3,89.55,96.18,93.41,86.48,81.65,94.71,90.84,90.52,0,0,0,81.65,8,Low Risk
81.64,86.15,85.28,90.07,86.56,90.71,90.25,85.75,87.05,0,0,0,81.64,8,Low Risk
85.03,82.42,90.89,80.67,80.33,83.28,85.3,82.77,83.84,0,0,0,80.33,8,Moderate Risk
82.57,80.56,82.05,85.25,82.27,83.18,78.14,78.15,81.52,0,0,0,78.14,8,Moderate Risk
76.04,68.16,85.69,80.26,81.48,65.8,78.93,82.58,77.37,2,1,1,65.8,8,Moderate Risk
65.64,60.0,60.0,60.0,60.64,76.2,65.52,68.47,64.56,7,2,5,60.0,8,High Risk
69.83,64.06,68.85,63.11,60.0,62.66,62.98,62.83,64.29,8,2,6,60.0,8,High Risk
70.4,73.92,73.1,67.32,70.96,60.0,60.0,70.62,68.29,8,2,6,60.0,8,High Risk
95.27,93.92,97.51,100.0,,92.52,89.14,100.0,95.48,0,0,0,89.14,7,Low Risk
71.42,68.79,69.05,69.01,67.9,63.06,80.98,73.22,70.43,7,2,5,63.06,8,High Risk
96.9,97.54,97.28,97.61,95.25,93.72,100.0,92.69,96.37,0,0,0,92.69,8,Low Risk
85.09,86.59,82.91,86.14,89.81,93.81,90.96,78.34,86.71,0,0,0,78.34,8,Low Risk
91.36,88.64,89.48,94.95,89.49,93.91,93.33,92.24,91.67,0,0,0,88.64,8,Low Risk
74.58,69.15,85.68,71.01,81.52,76.39,73.69,75.57,75.95,4,2,2,69.15,8,Moderate Risk
60.0,72.1,60.0,71.28,66.13,62.92,70.65,65.16,66.03,8,2,6,60.0,8,High Risk
64.45,64.01,61.53,60.0,60.6,72.64,69.67,63.15,64.51,8,2,6,60.0,8,High Risk
70.55,73.12,72.42,74.25,62.27,71.26,70.58,78.56,71.63,7,2,5,62.27,8,High Risk
67.68,71.56,73.1,66.67,70.57,67.01,74.29,61.14,69.0,8,2,6,61.14,8,High Risk
67.04,71.03,60.0,60.0,60.0,62.87,62.6,66.79,63.79,8,2,6,60.0,8,High Risk
60.75,63.38,68.59,60.0,60.0,60.0,69.63,62.38,63.09,8,2,6,60.0,8,High Risk
96.44,94.05,85.14,87.67,82.43,86.74,85.05,85.95,87.93,0,0,0,82.43,8,Low Risk
65.38,60.0,60.0,,65.39,63.91,60.0,63.85,62.65,7,2,5,60.0,7,High Risk
82.9,81.8,83.86,75.5,81.23,75.41,76.84,65.86,77.92,1,0,1,65.86,8,Moderate Risk
90.98,84.49,86.37,87.73,94.11,95.9,87.18,87.09,89.23,0,0,0,84.49,8,Low Risk
86.02,71.63,81.42,83.32,70.24,78.96,,79.48,78.72,2,1,1,70.24,7,Moderate Risk
77.2,72.64,86.39,73.97,84.25,76.67,78.73,81.66,78.94,2,1,1,72.64,8,Moderate Risk
84.72,82.03,95.66,94.73,87.05,87.57,89.49,92.99,89.28,0,0,0,82.03,8,Low Risk
66.2,68.25,61.51,60.0,65.56,60.0,61.29,67.63,63.8,8,2,6,60.0,8,High Risk
77.91,78.44,83.45,74.6,76.1,82.6,76.85,71.76,77.71,2,0,2,71.76,8,Moderate Risk
85.82,86.34,84.82,84.62,81.09,94.16,84.68,87.94,86.18,0,0,0,81.09,8,Low Risk
66.8,70.28,78.89,64.68,68.4,66.47,80.51,,70.86,5,2,3,64.68,7,High Risk
86.76,85.24,84.37,90.98,89.87,90.92,91.29,85.67,88.14,0,0,0,84.37,8,Low Risk
63.07,73.31,73.77,79.33,71.07,76.94,71.89,80.49,73.73,5,2,3,63.07,8,High Risk
72.63,75.15,81.3,81.61,70.57,72.2,76.03,61.76,73.91,4,1,3,61.76,8,High Risk
67.32,62.5,64.87,61.49,71.52,71.98,69.47,68.39,67.19,8,2,6,61.49,8,High Risk
72.68,77.21,64.7,62.58,68.07,67.12,65.63,73.2,68.9,7,1,6,62.58,8,High Risk
74.64,74.08,79.47,76.37,84.67,80.0,85.61,79.32,79.27,2,2,0,74.08,8,Moderate Risk
67.57,64.85,61.67,71.1,63.06,71.65,66.91,75.67,67.81,7,2,5,61.67,8,High Risk
78.74,77.92,83.88,81.5,81.97,80.92,92.15,80.22,82.16,0,0,0,77.92,8,Moderate Risk
88.04,85.01,90.18,83.76,82.87,88.81,88.15,80.2,85.88,0,0,0,80.2,8,Low Risk
84.12,78.18,76.04,79.14,78.17,82.12,84.45,92.88,81.89,0,0,0,76.04,8,Moderate Risk
91.36,93.38,97.25,94.07,89.37,100.0,95.04,90.64,93.89,0,0,0,89.37,8,Low Risk
85.64,79.1,84.25,85.13,80.84,83.93,85.01,82.29,83.27,0,0,0,79.1,8,Moderate Risk
69.22,64.99,60.0,75.42,65.42,67.46,63.19,60.0,65.71,7,2,5,60.0,8,High Risk
94.18,80.68,99.98,87.4,97.48,88.03,91.04,94.27,91.63,0,0,0,80.68,8,Low Risk
88.88,87.81,94.21,87.37,94.81,85.44,90.95,,89.92,0,0,0,85.44,7,Low Risk
64.3,69.65,68.47,68.34,66.67,69.72,65.02,84.82,69.62,7,2,5,64.3,8,High Risk
96.46,90.78,96.42,96.76,100.0,100.0,93.62,96.2,96.28,0,0,0,90.78,8,Low Risk
73.08,69.51,68.85,78.07,71.2,73.08,83.11,80.27,74.65,5,2,3,68.85,8,High Risk
75.52,70.93,74.67,72.48,80.21,81.86,81.71,78.21,76.95,3,1,2,70.93,8,Moderate Risk
83.61,83.57,73.15,80.63,74.36,82.67,89.49,78.91,80.8,2,0,2,73.15,8,Moderate Risk
69.89,78.49,76.13,86.52,86.03,82.89,85.43,,80.77,1,1,0,69.89,7,Moderate Risk
78.18,87.15,85.45,76.51,73.78,84.94,81.27,80.19,80.93,1,0,1,73.78,8,Moderate Risk
63.76,80.04,73.58,61.03,70.51,82.16,64.11,68.97,70.52,6,1,5,61.03,8,High Risk
99.31,88.37,85.71,89.71,90.23,94.64,92.95,92.32,91.66,0,0,0,85.71,8,Low Risk
91.03,64.49,62.02,64.56,62.64,65.75,76.51,73.33,70.04,6,1,5,62.02,8,High Risk
83.59,69.41,82.1,64.84,72.85,76.42,80.65,74.39,75.53,4,1,3,64.84,8,Moderate Risk
62.26,60.0,68.78,65.77,69.79,61.06,60.0,72.42,65.01,8,2,6,60.0,8,High Risk
78.91,64.34,68.43,61.92,63.92,73.56,73.59,63.4,68.51,7,1,6,61.92,8,High Risk
87.01,84.61,83.5,72.17,77.99,,77.38,80.82,80.5,1,0,1,72.17,7,Moderate Risk
95.18,96.35,95.7,89.5,96.62,95.68,94.18,100.0,95.4,0,0,0,89.5,8,Low Risk
82.83,66.2,60.0,65.62,63.97,63.77,66.13,67.48,67.0,7,1,6,60.0,8,High Risk
91.43,96.37,95.33,87.95,96.07,96.58,93.9,89.55,93.4,0,0,0,87.95,8,Low Risk
82.47,84.43,81.67,76.07,84.39,75.71,79.68,72.4,79.6,1,0,1,72.4,8,Moderate Risk
78.82,80.79,85.93,77.77,73.92,79.91,74.95,85.88,79.75,2,0,2,73.92,8,Moderate Risk
71.05,61.88,62.41,62.41,74.03,72.16,61.48,65.29,66.34,8,2,6,61.48,8,High Risk
70.57,67.19,61.73,66.4,68.48,65.18,67.26,66.24,66.63,8,2,6,61.73,8,High Risk
77.0,81.14,72.89,73.79,80.78,86.14,79.55,76.73,78.5,2,0,2,72.89,8,Moderate Risk
60.0,71.35,60.0,62.21,60.05,71.08,62.0,64.15,63.85,8,2,6,60.0,8,High Risk
84.65,75.88,83.04,83.92,83.45,84.57,89.96,77.38,82.86,0,0,0,75.88,8,Moderate Risk
70.16,84.02,73.37,64.74,60.62,64.7,70.85,69.02,69.69,7,1,6,60.62,8,High Risk
93.29,99.22,91.03,98.11,92.45,96.93,94.29,100.0,95.66,0,0,0,91.03,8,Low Risk
78.16,75.67,73.87,74.24,82.0,73.44,79.27,78.01,76.83,3,0,3,73.44,8,Moderate Risk
92.59,95.29,92.12,97.79,100.0,94.07,94.87,99.12,95.73,0,0,0,92.12,8,Low Risk
100.0,95.6,85.61,95.73,90.77,95.2,92.15,93.98,93.63,0,0,0,85.61,8,Low Risk
68.49,88.13,79.91,71.75,79.25,71.68,62.93,81.27,75.43,4,1,3,62.93,8,Moderate Risk
72.53,71.85,71.52,80.97,75.32,72.41,80.73,77.87,75.4,4,2,2,71.52,8,Moderate Risk
87.97,88.54,100.0,94.95,91.29,93.39,98.08,92.52,93.34,0,0,0,87.97,8,Low Risk
90.1,92.87,94.97,91.28,93.67,98.7,92.49,96.84,93.87,0,0,0,90.1,8,Low Risk
82.83,69.87,87.09,75.88,78.75,81.47,80.73,87.64,80.53,1,1,0,69.87,8,Moderate Risk
83.45,83.36,87.93,84.46,83.31,88.0,81.43,89.08,85.13,0,0,0,81.43,8,Low Risk
87.27,89.72,88.33,81.24,91.93,87.54,91.05,90.65,88.47,0,0,0,81.24,8,Low Risk
73.47,75.34,76.13,72.53,71.72,67.75,71.39,77.15,73.19,5,1,4,67.75,8,High Risk
68.15,79.83,68.16,68.97,63.48,66.65,69.54,,69.25,6,1,5,63.48,7,High Risk
92.93,87.21,95.01,90.21,91.99,92.22,94.74,92.06,92.05,0,0,0,87.21,8,Low Risk
69.92,60.0,62.62,66.27,68.75,60.89,60.0,66.6,64.38,8,2,6,60.0,8,High Risk
88.2,97.72,90.8,89.28,94.02,96.2,95.58,91.91,92.96,0,0,0,88.2,8,Low Risk
68.41,73.92,61.91,69.81,68.27,70.21,70.8,76.47,69.97,7,2,5,61.91,8,High Risk
64.36,60.0,67.25,77.92,68.34,69.71,63.11,64.13,66.85,7,2,5,60.0,8,High Risk
75.92,66.31,61.26,60.0,60.0,,64.03,60.0,63.93,6,1,5,60.0,7,High Risk
61.44,61.84,60.0,60.0,64.17,64.72,66.57,60.91,62.46,8,2,6,60.0,8,High Risk
63.06,61.36,78.24,62.22,66.72,67.26,67.77,65.12,66.47,7,2,5,61.36,8,High Risk
72.68,87.04,76.6,79.36,70.73,73.77,79.82,82.51,77.81,3,1,2,70.73,8,Moderate Risk
93.15,91.53,83.33,80.57,86.81,88.89,76.93,80.34,85.19,0,0,0,76.93,8,Low Risk
89.72,93.92,91.03,85.35,86.6,90.68,90.31,86.31,89.24,0,0,0,85.35,8,Low Risk
89.7,83.99,92.5,83.62,90.96,97.39,97.52,83.61,89.91,0,0,0,83.61,8,Low Risk
71.82,85.0,74.38,81.48,66.74,74.19,73.84,78.35,75.72,5,1,4,66.74,8,Moderate Risk
75.76,79.52,75.18,78.61,80.73,73.82,76.3,82.41,77.79,1,0,1,73.82,8,Moderate Risk
60.0,66.03,65.43,65.45,66.23,69.02,66.48,67.65,65.79,8,2,6,60.0,8,High Risk
98.07,100.0,99.7,92.03,99.51,94.15,91.7,95.69,96.36,0,0,0,91.7,8,Low Risk
87.19,85.09,81.96,81.92,84.14,82.09,77.14,85.23,83.09,0,0,0,77.14,8,Moderate Risk
60.51,68.59,74.11,68.03,69.16,70.17,79.59,70.95,70.14,7,2,5,60.51,8,High Risk
63.49,60.0,68.46,62.14,66.12,65.48,67.97,67.98,65.2,8,2,6,60.0,8,High Risk
85.03,83.62,88.21,85.54,91.24,89.72,84.74,84.42,86.56,0,0,0,83.62,8,Low Risk
72.71,77.71,79.86,83.36,76.25,87.78,77.54,69.83,78.13,2,1,1,69.83,8,Moderate Risk
67.46,63.3,62.64,70.2,69.18,72.33,63.34,72.55,67.62,8,2,6,62.64,8,High Risk
83.21,91.96,86.14,87.19,90.34,86.14,85.92,82.67,86.7,0,0,0,82.67,8,Low Risk
69.66,76.76,78.74,78.64,70.56,61.23,83.96,72.54,74.01,4,1,3,61.23,8,High Risk
100.0,95.33,92.76,100.0,97.41,98.62,96.91,96.5,97.19,0,0,0,92.76,8,Low Risk
82.09,78.9,75.52,67.85,68.97,71.57,64.78,82.52,74.03,4,0,4,64.78,8,High Risk
73.53,87.98,82.24,88.49,83.11,85.25,89.89,83.65,84.27,1,1,0,73.53,8,Low Risk
84.66,81.48,84.16,84.97,83.45,80.27,82.79,80.58,82.8,0,0,0,80.27,8,Moderate Risk
70.75,73.04,74.99,82.25,81.43,80.42,82.94,81.54,78.42,3,2,1,70.75,8,Moderate Risk
83.44,85.24,77.11,71.02,86.45,83.92,80.61,79.68,80.93,1,0,1,71.02,8,Moderate Risk
91.86,86.29,89.8,85.78,85.13,91.07,93.19,83.54,88.33,0,0,0,83.54,8,Low Risk
,100.0,96.37,100.0,92.45,93.89,89.23,93.56,95.07,0,0,0,89.23,7,Low Risk
90.64,90.11,84.83,90.19,92.17,82.24,92.11,82.68,88.12,0,0,0,82.24,8,Low Risk
83.7,70.23,76.22,70.76,80.91,68.33,73.1,75.41,74.83,4,1,3,68.33,8,High Risk
87.81,70.98,89.88,88.69,84.84,76.58,79.9,92.2,83.86,1,1,0,70.98,8,Moderate Risk
70.95,61.15,68.71,63.65,60.0,78.23,65.8,74.33,67.85,7,2,5,60.0,8,High Risk
85.51,88.43,87.6,84.91,81.26,86.44,80.0,83.53,84.71,0,0,0,80.0,8,Low Risk
91.8,100.0,100.0,92.97,91.41,100.0,91.3,92.89,95.05,0,0,0,91.3,8,Low Risk
85.88,89.13,87.95,80.9,77.14,92.0,73.82,74.32,82.64,2,0,2,73.82,8,Moderate Risk
98.25,87.26,88.5,99.11,89.8,90.88,98.05,100.0,93.98,0,0,0,87.26,8,Low Risk
94.76,89.4,95.39,96.51,94.18,88.26,95.69,92.93,93.39,0,0,0,88.26,8,Low Risk
60.8,60.0,61.63,73.29,69.93,60.0,71.71,71.7,66.13,8,2,6,60.0,8,High Risk
67.1,74.09,76.36,60.0,63.64,63.35,72.77,73.64,68.87,7,2,5,60.0,8,High Risk
85.28,68.75,85.39,79.3,73.78,79.16,82.02,79.79,79.18,2,1,1,68.75,8,Moderate Risk
72.89,66.13,60.59,69.3,60.0,66.94,60.35,60.65,64.61,8,2,6,60.0,8,High Risk
79.81,79.49,82.76,71.02,82.82,83.62,88.21,78.51,80.78,1,0,1,71.02,8,Moderate Risk
72.08,62.21,83.59,76.5,80.94,68.25,68.45,83.65,74.46,4,2,2,62.21,8,High Risk
60.0,60.0,79.85,66.39,60.0,60.0,60.0,72.81,64.88,7,2,5,60.0,8,High Risk
80.94,73.84,75.8,72.3,72.57,77.5,76.37,86.1,76.93,3,1,2,72.3,8,Moderate Risk
86.19,87.39,92.44,89.89,99.32,95.4,94.4,92.75,92.22,0,0,0,86.19,8,Low Risk
99.77,94.36,100.0,91.16,93.72,96.16,95.03,99.19,96.17,0,0,0,91.16,8,Low Risk
81.58,83.76,88.34,88.28,84.62,94.41,83.53,85.99,86.31,0,0,0,81.58,8,Low Risk
98.83,96.28,96.75,96.7,99.13,86.4,89.45,96.37,94.99,0,0,0,86.4,8,Low Risk
68.62,60.0,60.0,60.17,60.0,60.0,61.5,61.43,61.47,8,2,6,60.0,8,High Risk
97.65,92.23,90.86,92.31,97.88,100.0,90.0,94.95,94.48,0,0,0,90.0,8,Low Risk
74.85,70.96,71.81,64.51,70.02,64.1,71.59,72.16,70.0,8,2,6,64.1,8,High Risk
65.22,70.81,63.29,70.71,60.0,60.0,60.0,64.69,64.34,8,2,6,60.0,8,High Risk
60.0,70.5,71.68,65.88,69.03,72.79,74.94,69.78,69.32,8,2,6,60.0,8,High Risk
80.25,77.13,78.08,73.55,69.34,81.2,83.42,69.64,76.58,3,0,3,69.34,8,Moderate Risk
71.61,63.12,70.15,69.24,67.58,62.17,71.2,71.49,68.32,8,2,6,62.17,8,High Risk
90.46,88.3,88.54,89.16,81.53,91.3,85.34,78.61,86.66,0,0,0,78.61,8,Low Risk
71.35,66.87,64.36,81.55,68.81,67.03,74.55,65.21,69.97,7,2,5,64.36,8,High Risk
69.01,78.42,64.82,73.56,66.42,68.54,75.41,66.89,70.38,6,1,5,64.82,8,High Risk
88.61,88.09,97.93,100.0,87.14,92.4,87.53,90.13,91.48,0,0,0,87.14,8,Low Risk
72.65,76.33,73.28,75.27,72.19,79.81,81.51,68.44,74.94,4,1,3,68.44,8,High Risk
76.4,64.81,68.24,69.69,62.92,67.04,63.82,61.15,66.76,7,1,6,61.15,8,High Risk
93.21,97.69,85.4,96.12,94.27,97.5,97.11,93.58,94.36,0,0,0,85.4,8,Low Risk
87.3,90.73,85.71,86.73,87.02,92.85,100.0,92.54,90.36,0,0,0,85.71,8,Low Risk
93.54,87.09,95.46,85.78,89.35,94.52,92.4,97.9,92.0,0,0,0,85.78,8,Low Risk
88.36,95.62,97.41,97.27,96.78,94.19,99.29,96.29,95.65,0,0,0,88.36,8,Low Risk
90.11,93.91,91.1,98.61,89.39,100.0,97.14,96.33,94.57,0,0,0,89.39,8,Low Risk
67.33,67.05,60.0,61.65,70.47,68.35,74.67,62.85,66.55,8,2,6,60.0,8,High Risk
93.31,95.29,96.67,95.98,95.88,94.85,91.28,96.8,95.01,0,0,0,91.28,8,Low Risk
82.24,82.47,79.49,85.52,70.36,86.33,72.97,75.27,79.33,2,0,2,70.36,8,Moderate Risk
100.0,96.45,98.45,95.62,94.55,98.44,95.93,100.0,97.43,0,0,0,94.55,8,Low Risk
63.03,69.07,69.91,67.65,64.96,66.1,67.99,64.31,66.63,8,2,6,63.03,8,High Risk
67.9,71.1,70.06,63.02,66.56,67.27,61.7,71.51,67.39,8,2,6,61.7,8,High Risk
89.05,81.13,80.48,89.92,92.23,84.16,92.0,89.85,87.35,0,0,0,80.48,8,Low Risk
84.18,82.93,81.09,91.87,83.22,86.31,84.66,83.33,84.7,0,0,0,81.09,8,Low Risk
68.86,60.56,63.75,62.3,80.22,60.0,69.9,60.0,65.7,7,2,5,60.0,8,High Risk
60.0,63.2,69.88,61.37,68.5,60.0,60.0,63.2,63.27,8,2,6,60.0,8,High Risk
60.0,66.07,60.0,76.71,60.0,63.29,63.22,68.73,64.75,7,2,5,60.0,8,High Risk
79.55,83.51,91.61,77.72,81.47,75.72,75.03,77.14,80.22,0,0,0,75.03,8,Moderate Risk
60.0,60.0,61.44,69.75,65.08,63.2,60.0,60.0,62.43,8,2,6,60.0,8,High Risk
85.05,79.63,79.26,85.99,82.25,94.1,89.94,90.24,85.81,0,0,0,79.26,8,Low Risk
92.15,97.41,91.33,90.79,97.24,84.54,97.63,89.53,92.58,0,0,0,84.54,8,Low Risk
81.79,83.51,91.95,84.73,86.34,82.2,85.86,97.71,86.76,0,0,0,81.79,8,Low Risk
86.13,88.53,90.76,84.82,84.8,,83.96,91.55,87.22,0,0,0,83.96,7,Low Risk
70.0,78.91,82.74,72.08,67.28,73.61,71.28,86.51,75.3,5,1,4,67.28,8,Moderate Risk
91.48,94.42,94.14,88.66,99.38,91.72,91.07,81.58,91.56,0,0,0,81.58,8,Low Risk
91.43,88.78,93.49,94.19,90.71,95.43,91.32,89.62,91.87,0,0,0,88.78,8,Low Risk
87.79,82.03,88.47,95.61,88.7,91.75,98.58,90.79,90.47,0,0,0,82.03,8,Low Risk
90.96,91.15,96.01,85.32,88.63,90.05,94.3,96.48,91.61,0,0,0,85.32,8,Low Risk
67.62,64.93,66.74,60.0,69.97,68.14,76.86,69.27,67.94,7,2,5,60.0,8,High Risk
86.56,98.91,100.0,,95.77,94.84,100.0,99.43,96.5,0,0,0,86.56,7,Low Risk
93.43,87.1,95.91,86.88,95.19,93.3,97.19,92.66,92.71,0,0,0,86.88,8,Low Risk
82.01,87.58,84.09,85.39,92.1,83.95,83.83,78.89,84.73,0,0,0,78.89,8,Low Risk
89.11,90.52,90.06,89.54,91.88,84.92,80.3,88.26,88.07,0,0,0,80.3,8,Low Risk
93.01,87.13,76.76,85.23,80.92,84.74,83.96,86.04,84.72,0,0,0,76.76,8,Low Risk
83.47,100.0,97.0,,94.75,94.09,96.19,94.06,94.22,0,0,0,83.47,7,Low Risk
78.18,72.87,78.05,79.42,69.87,69.08,80.29,68.65,74.55,4,1,3,68.65,8,High Risk
97.18,95.81,80.26,87.74,92.99,88.25,94.55,,90.97,0,0,0,80.26,7,Low Risk
67.92,72.34,77.59,75.79,78.47,65.1,61.68,71.85,71.34,5,2,3,61.68,8,High Risk
92.63,95.07,99.69,93.54,93.85,94.31,98.79,91.19,94.88,0,0,0,91.19,8,Low Risk
60.0,74.53,72.8,70.26,81.0,63.01,68.93,63.91,69.31,7,2,5,60.0,8,High Risk
77.11,76.93,67.4,70.85,69.16,69.73,66.35,63.38,70.11,6,0,6,63.38,8,High Risk
67.72,64.19,69.56,60.0,63.97,67.28,64.83,72.59,66.27,8,2,6,60.0,8,High Risk
71.41,60.0,74.73,60.0,,62.32,67.87,60.04,65.2,7,2,5,60.0,7,High Risk
100.0,89.33,97.11,94.36,85.05,90.71,82.33,93.46,91.54,0,0,0,82.33,8,Low Risk
76.6,76.92,79.56,79.17,69.8,84.44,71.93,84.64,77.88,2,0,2,69.8,8,Moderate Risk
88.3,89.67,92.49,83.91,87.62,78.65,90.44,81.26,86.54,0,0,0,78.65,8,Low Risk
62.17,63.29,60.0,67.96,60.0,60.0,63.5,62.96,62.48,8,2,6,60.0,8,High Risk
100.0,98.39,100.0,99.46,98.93,100.0,89.86,90.01,97.08,0,0,0,89.86,8,Low Risk
86.26,84.37,83.28,76.63,85.27,73.94,85.07,75.99,81.35,1,0,1,73.94,8,Moderate Risk
,74.21,71.35,80.41,82.63,82.03,82.84,79.77,79.03,2,1,1,71.35,7,Moderate Risk
77.03,77.12,,96.54,74.48,80.59,74.09,79.27,79.87,2,0,2,74.09,7,Moderate Risk
95.61,90.43,95.49,97.31,99.25,96.08,96.01,90.13,95.04,0,0,0,90.13,8,Low Risk
70.38,61.26,63.82,66.02,62.03,60.54,67.31,66.91,64.78,8,2,6,60.54,8,High Risk
92.13,92.54,83.9,91.78,93.52,94.01,91.93,83.55,90.42,0,0,0,83.55,8,Low Risk
74.74,84.12,79.5,86.07,72.98,76.73,71.62,77.45,77.9,3,1,2,71.62,8,Moderate Risk
71.92,70.85,62.09,68.03,80.08,65.19,66.97,71.55,69.58,7,2,5,62.09,8,High Risk
90.15,96.58,88.76,95.04,86.73,83.63,89.93,93.23,90.51,0,0,0,83.63,8,Low Risk
100.0,95.47,88.92,92.88,92.31,91.07,94.85,95.63,93.89,0,0,0,88.92,8,Low Risk
87.6,94.52,100.0,100.0,90.03,96.07,97.27,96.82,95.29,0,0,0,87.6,8,Low Risk
92.48,87.11,91.25,94.15,93.23,93.01,92.11,95.44,92.35,0,0,0,87.11,8,Low Risk
88.53,80.63,88.6,87.08,,85.93,92.14,85.66,86.94,0,0,0,80.63,7,Low Risk
81.31,64.54,78.98,88.11,71.89,66.98,75.84,74.42,75.26,4,1,3,64.54,8,Moderate Risk
80.34,83.37,79.44,86.33,87.44,86.56,80.3,70.44,81.78,1,0,1,70.44,8,Moderate Risk
64.16,64.26,60.0,73.28,60.13,65.95,71.67,71.43,66.36,8,2,6,60.0,8,High Risk
87.14,80.83,78.82,84.94,78.32,89.56,81.14,81.89,82.83,0,0,0,78.32,8,Moderate Risk
79.71,69.69,81.62,77.8,84.81,69.6,,81.32,77.79,2,1,1,69.6,7,Moderate Risk
65.66,60.0,67.84,60.0,61.22,60.95,64.92,62.36,62.87,8,2,6,60.0,8,High Risk
93.28,88.44,97.94,97.16,98.28,98.08,100.0,92.89,95.76,0,0,0,88.44,8,Low Risk
88.57,95.1,99.01,94.87,100.0,91.42,86.32,97.06,94.04,0,0,0,86.32,8,Low Risk
89.52,85.06,87.55,91.61,87.67,84.27,82.6,84.36,86.58,0,0,0,82.6,8,Low Risk
95.46,86.4,91.02,97.37,91.59,90.66,95.23,100.0,93.47,0,0,0,86.4,8,Low Risk
75.36,66.81,84.84,83.83,78.15,76.86,68.43,75.09,76.17,2,1,1,66.81,8,Moderate Risk
61.76,75.96,60.0,62.24,60.12,67.0,69.03,64.77,65.11,7,1,6,60.0,8,High Risk
79.84,89.45,70.55,69.94,74.01,66.47,76.54,65.54,74.04,5,0,5,65.54,8,High Risk
69.84,83.43,70.32,66.88,66.0,66.93,76.16,68.29,70.98,6,1,5,66.0,8,High Risk
62.64,65.64,60.0,61.21,65.7,73.35,76.65,77.54,67.84,6,2,4,60.0,8,High Risk
77.43,66.61,70.15,,75.77,76.42,79.86,79.34,75.08,2,1,1,66.61,7,Moderate Risk
82.0,85.3,83.26,84.6,78.83,87.45,86.15,86.19,84.22,0,0,0,78.83,8,Low Risk
85.75,79.73,74.44,75.38,78.7,70.26,83.1,74.15,77.69,3,0,3,70.26,8,Moderate Risk
64.66,64.44,62.25,60.3,71.43,60.0,63.7,62.12,63.61,8,2,6,60.0,8,High Risk
85.29,92.22,82.71,85.49,90.99,82.64,87.13,87.41,86.73,0,0,0,82.64,8,Low Risk
78.06,76.41,83.8,76.51,79.18,,73.73,84.63,78.9,1,0,1,73.73,7,Moderate Risk
60.0,72.55,61.94,60.0,60.0,61.92,65.1,64.76,63.28,8,2,6,60.0,8,High Risk
60.0,72.81,68.93,63.23,68.58,66.92,71.49,69.05,67.63,8,2,6,60.0,8,High Risk
71.96,70.0,74.38,69.91,63.42,69.48,75.55,71.49,70.77,7,2,5,63.42,8,High Risk
67.71,70.55,60.0,69.29,68.63,60.87,73.13,64.76,66.87,8,2,6,60.0,8,High Risk
100.0,97.57,100.0,99.5,93.3,90.69,98.56,96.07,96.96,0,0,0,90.69,8,Low Risk
62.11,64.67,66.73,60.0,60.34,60.0,69.72,61.25,63.1,8,2,6,60.0,8,High Risk
75.49,88.28,79.24,80.62,81.49,90.05,,89.99,83.59,0,0,0,75.49,7,Moderate Risk
76.99,83.7,76.79,78.98,81.02,76.18,72.43,74.07,77.52,2,0,2,72.43,8,Moderate Risk
70.19,60.55,69.44,61.51,62.1,60.0,67.57,63.71,64.38,8,2,6,60.0,8,High Risk
93.12,88.63,90.43,92.8,91.73,89.98,88.73,93.45,91.11,0,0,0,88.63,8,Low Risk
73.95,75.0,77.08,82.08,80.62,76.65,82.11,78.62,78.26,1,1,0,73.95,8,Moderate Risk
96.61,90.87,93.18,100.0,89.48,94.37,92.3,91.19,93.5,0,0,0,89.48,8,Low Risk
80.08,68.82,77.86,77.38,79.43,69.19,80.09,85.69,77.32,2,1,1,68.82,8,Moderate Risk
85.37,88.61,96.58,90.03,89.36,96.22,89.79,91.45,90.93,0,0,0,85.37,8,Low Risk
98.31,100.0,93.57,100.0,92.04,91.21,95.24,100.0,96.3,0,0,0,91.21,8,Low Risk
81.99,87.7,90.3,90.79,86.35,89.37,84.34,89.29,87.52,0,0,0,81.99,8,Low Risk
84.07,83.69,76.75,80.72,74.86,80.04,80.2,88.62,81.12,1,0,1,74.86,8,Moderate Risk
89.77,90.99,94.14,88.83,82.77,82.49,88.06,80.01,87.13,0,0,0,80.01,8,Low Risk
60.0,69.74,60.0,60.65,65.93,68.97,72.4,71.51,66.15,8,2,6,60.0,8,High Risk
60.0,60.0,60.0,60.0,60.3,66.79,73.36,60.0,62.56,8,2,6,60.0,8,High Risk
95.99,99.13,93.48,99.24,100.0,96.3,93.11,97.45,96.84,0,0,0,93.11,8,Low Risk
61.88,66.62,71.58,66.32,60.53,69.81,66.36,79.18,67.78,7,2,5,60.53,8,High Risk
94.0,92.4,95.08,97.61,94.23,91.14,91.68,87.7,92.98,0,0,0,87.7,8,Low Risk
86.73,82.82,77.54,76.64,90.12,82.05,87.1,88.4,83.93,0,0,0,76.64,8,Moderate Risk
79.98,81.45,79.0,79.87,80.63,92.05,72.32,84.0,81.16,1,0,1,72.32,8,Moderate Risk
64.78,70.07,72.0,73.05,70.34,62.16,68.41,68.44,68.66,8,2,6,62.16,8,High Risk
66.92,76.65,82.16,77.69,83.68,78.78,71.6,79.22,77.09,2,1,1,66.92,8,Moderate Risk
69.29,73.02,74.31,84.97,65.72,77.02,83.49,71.89,74.96,5,2,3,65.72,8,High Risk
72.22,68.63,77.85,74.2,70.27,80.42,78.92,70.07,74.07,5,2,3,68.63,8,High Risk
66.8,67.37,60.0,68.63,60.0,64.24,60.0,60.0,63.38,8,2,6,60.0,8,High Risk
86.08,83.82,93.29,81.64,89.0,90.55,83.43,84.82,86.58,0,0,0,81.64,8,Low Risk
68.78,72.5,70.28,73.08,74.23,66.26,78.8,77.49,72.68,6,2,4,66.26,8,High Risk
70.51,73.75,78.57,82.54,78.98,72.72,72.13,77.6,75.85,4,2,2,70.51,8,Moderate Risk
94.93,86.69,89.43,90.49,94.34,94.78,96.48,92.59,92.47,0,0,0,86.69,8,Low Risk
71.04,76.85,81.1,71.47,73.08,85.44,79.15,74.8,76.62,4,1,3,71.04,8,Moderate Risk
76.36,84.21,72.04,65.8,79.28,75.81,64.21,71.56,73.66,4,0,4,64.21,8,High Risk
73.17,88.53,85.43,79.64,84.67,74.15,79.21,79.83,80.58,2,1,1,73.17,8,Moderate Risk
84.7,76.92,90.43,85.61,86.06,90.43,92.69,89.24,87.01,0,0,0,76.92,8,Low Risk
71.4,62.95,60.0,65.71,69.36,64.49,66.52,80.26,67.59,7,2,5,60.0,8,High Risk
85.05,91.29,80.98,89.25,90.6,92.7,88.55,87.35,88.22,0,0,0,80.98,8,Low Risk
100.0,97.28,97.97,89.38,93.36,90.37,92.79,100.0,95.14,0,0,0,89.38,8,Low Risk
86.71,84.93,79.74,82.91,88.36,75.98,74.37,74.07,80.88,2,0,2,74.07,8,Moderate Risk
71.07,74.41,76.63,77.87,74.35,82.03,78.68,79.9,76.87,3,2,1,71.07,8,Moderate Risk
84.12,86.27,88.99,85.3,78.39,79.16,81.04,84.16,83.43,0,0,0,78.39,8,Moderate Risk
60.0,60.0,83.75,80.61,63.96,70.73,61.04,61.95,67.75,6,2,4,60.0,8,High Risk
69.69,73.88,70.62,63.84,62.34,61.41,74.3,68.37,68.06,8,2,6,61.41,8,High Risk
66.72,69.27,78.26,65.99,72.18,75.05,72.42,73.89,71.72,6,2,4,65.99,8,High Risk
69.89,78.8,74.37,76.13,76.41,81.25,72.08,73.26,75.27,4,1,3,69.89,8,Moderate Risk
60.57,64.79,70.84,76.42,60.0,73.97,60.0,65.44,66.5,7,2,5,60.0,8,High Risk
83.84,73.77,82.56,91.55,76.06,80.34,77.6,77.07,80.35,1,1,0,73.77,8,Moderate Risk
73.75,73.78,70.98,76.01,75.51,73.52,78.08,78.51,75.02,4,2,2,70.98,8,Moderate Risk
100.0,84.44,85.79,94.25,88.43,90.98,98.01,89.98,91.49,0,0,0,84.44,8,Low Risk
93.16,92.54,91.57,92.01,89.57,90.23,92.22,84.2,90.69,0,0,0,84.2,8,Low Risk
93.68,90.5,88.04,88.93,95.81,86.58,86.99,85.36,89.49,0,0,0,85.36,8,Low Risk
89.98,95.01,86.95,86.2,82.04,90.03,87.72,89.85,88.47,0,0,0,82.04,8,Low Risk
91.79,89.81,98.96,86.32,93.64,79.25,93.43,83.28,89.56,0,0,0,79.25,8,Low Risk
77.34,67.34,74.6,85.07,79.32,71.28,74.81,84.94,76.84,4,1,3,67.34,8,Moderate Risk
92.9,89.61,91.61,99.88,92.8,93.91,94.88,100.0,94.45,0,0,0,89.61,8,Low Risk
84.82,86.49,86.79,91.16,84.4,87.6,90.44,84.31,87.0,0,0,0,84.31,8,Low Risk
71.24,73.77,83.81,77.92,80.71,69.03,74.45,81.18,76.51,4,2,2,69.03,8,Moderate Risk
76.94,68.68,82.78,75.92,74.17,69.65,72.36,73.12,74.2,5,1,4,68.68,8,High Risk
69.94,73.86,74.44,73.51,78.51,85.97,66.33,87.43,76.25,5,2,3,66.33,8,Moderate Risk
71.03,76.72,66.92,76.97,80.83,75.42,82.48,82.27,76.58,2,1,1,66.92,8,Moderate Risk
76.13,76.42,62.67,74.9,69.0,83.96,83.75,80.08,75.86,3,0,3,62.67,8,Moderate Risk
81.08,74.46,86.61,88.96,89.75,86.65,87.47,81.72,84.59,1,1,0,74.46,8,Low Risk
67.04,60.98,60.0,74.54,74.76,63.49,65.2,60.0,65.75,8,2,6,60.0,8,High Risk
82.7,91.07,94.69,96.27,87.19,90.81,88.46,85.59,89.6,0,0,0,82.7,8,Low Risk
85.35,83.27,82.44,87.06,87.48,89.72,82.38,83.5,85.15,0,0,0,82.38,8,Low Risk
86.61,93.04,91.2,86.85,83.26,94.45,90.17,84.92,88.81,0,0,0,83.26,8,Low Risk
77.46,62.12,71.47,82.46,62.32,75.37,66.88,60.0,69.76,5,1,4,60.0,8,High Risk
74.68,84.65,76.79,78.76,79.48,80.59,85.05,80.86,80.11,1,1,0,74.68,8,Moderate Risk
94.64,100.0,92.81,95.34,86.47,94.01,87.99,92.04,92.91,0,0,0,86.47,8,Low Risk
,72.32,86.86,81.68,78.07,74.39,74.79,84.06,78.88,3,1,2,72.32,7,Moderate Risk
80.73,85.43,83.04,77.18,73.15,80.7,86.46,76.06,80.34,1,0,1,73.15,8,Moderate Risk
95.13,95.98,91.28,95.41,98.49,98.46,100.0,100.0,96.84,0,0,0,91.28,8,Low Risk
65.24,68.05,71.99,70.8,66.34,71.78,74.63,72.34,70.15,8,2,6,65.24,8,High Risk
78.33,85.71,76.57,81.12,84.86,79.14,85.81,82.1,81.7,0,0,0,76.57,8,Moderate Risk
88.57,88.0,85.22,81.64,82.13,86.6,83.0,86.88,85.25,0,0,0,81.64,8,Low Risk
71.38,71.78,68.94,72.46,80.05,66.69,65.33,61.61,69.78,7,2,5,61.61,8,High Risk
84.23,90.98,89.03,81.03,87.97,82.63,85.74,96.29,87.24,0,0,0,81.03,8,Low Risk
100.0,95.83,92.49,88.07,94.49,93.69,92.23,97.83,94.33,0,0,0,88.07,8,Low Risk
92.75,,94.21,97.37,90.82,90.42,88.2,93.01,92.4,0,0,0,88.2,7,Low Risk
82.45,78.12,84.25,66.97,79.08,76.34,88.11,79.89,79.4,1,0,1,66.97,8,Moderate Risk
,84.82,83.35,81.03,80.45,85.31,86.3,79.36,82.95,0,0,0,79.36,7,Moderate Risk
77.94,85.96,70.26,67.81,84.26,84.33,70.86,71.85,76.66,4,0,4,67.81,8,Moderate Risk
74.21,94.9,85.86,82.57,85.92,76.02,79.39,84.12,82.87,1,1,0,74.21,8,Moderate Risk
90.02,88.24,84.65,92.51,90.73,86.43,92.18,90.75,89.44,0,0,0,84.65,8,Low Risk
85.54,83.08,82.03,89.74,86.64,89.63,85.63,85.96,86.03,0,0,0,82.03,8,Low Risk
75.85,73.01,76.27,80.93,74.47,79.28,66.62,67.07,74.19,4,1,3,66.62,8,High Risk
90.82,94.06,89.23,91.0,97.26,98.26,94.66,92.81,93.51,0,0,0,89.23,8,Low Risk
62.5,60.0,60.0,71.19,68.3,73.62,60.0,76.45,66.51,7,2,5,60.0,8,High Risk
95.51,96.57,92.86,90.53,100.0,99.23,100.0,97.62,96.54,0,0,0,90.53,8,Low Risk
79.67,73.45,82.64,80.18,80.41,74.73,78.78,71.21,77.63,3,1,2,71.21,8,Moderate Risk
61.63,83.07,64.06,72.82,82.14,72.74,75.73,69.5,72.71,5,1,4,61.63,8,High Risk
76.22,71.73,78.62,77.35,70.21,73.53,84.42,77.38,76.18,3,1,2,70.21,8,Moderate Risk
84.02,87.15,87.48,82.58,84.83,88.34,85.35,85.04,85.6,0,0,0,82.58,8,Low Risk
75.41,75.65,67.59,63.35,60.0,66.96,73.81,64.19,68.37,6,0,6,60.0,8,High Risk
74.17,75.91,71.1,73.76,72.39,70.49,82.47,75.26,74.44,5,1,4,70.49,8,High Risk
72.84,76.19,71.51,74.71,71.19,60.25,62.84,75.51,70.63,6,1,5,60.25,8,High Risk
63.31,60.0,60.43,67.03,66.24,68.46,62.74,60.1,63.54,8,2,6,60.0,8,High Risk
84.33,78.17,78.72,70.82,73.8,84.4,79.53,70.7,77.56,3,0,3,70.7,8,Moderate Risk
72.98,81.12,74.88,79.67,86.96,81.84,74.84,86.71,79.88,3,1,2,72.98,8,Moderate Risk
89.05,90.44,91.2,81.06,89.76,86.77,93.02,88.24,88.69,0,0,0,81.06,8,Low Risk
67.11,72.17,60.0,60.8,75.0,60.0,71.99,70.93,67.25,7,2,5,60.0,8,High Risk
69.61,63.54,63.92,77.2,68.45,66.15,78.39,73.38,70.08,6,2,4,63.54,8,High Risk
70.96,60.0,60.0,60.0,60.0,60.0,60.0,61.21,61.52,8,2,6,60.0,8,High Risk
77.54,77.03,79.02,78.23,91.45,82.17,72.21,79.47,79.64,1,0,1,72.21,8,Moderate Risk
72.5,84.26,83.55,85.31,82.91,81.9,78.52,85.1,81.76,1,1,0,72.5,8,Moderate Risk
71.99,70.29,73.21,69.71,65.38,72.57,70.07,81.35,71.82,7,2,5,65.38,8,High Risk
100.0,100.0,98.09,96.94,97.57,93.79,99.64,99.0,98.13,0,0,0,93.79,8,Low Risk
79.75,78.29,86.04,86.92,82.51,78.2,81.18,82.53,81.93,0,0,0,78.2,8,Moderate Risk
95.6,100.0,90.24,91.3,100.0,100.0,98.66,99.9,96.96,0,0,0,90.24,8,Low Risk
96.54,96.25,97.34,100.0,93.59,93.16,96.32,91.82,95.63,0,0,0,91.82,8,Low Risk
,75.5,80.9,75.43,70.74,74.9,79.49,77.58,76.36,2,0,2,70.74,7,Moderate Risk
76.54,73.27,87.37,70.35,73.27,75.45,69.58,72.1,74.74,5,1,4,69.58,8,High Risk
78.03,88.26,81.51,69.63,74.35,85.26,99.07,84.28,82.55,2,0,2,69.63,8,Moderate Risk
75.42,,71.8,83.04,77.88,78.67,78.09,72.53,76.78,2,0,2,71.8,7,Moderate Risk
76.44,84.46,74.11,79.1,89.86,75.68,82.72,81.11,80.44,1,0,1,74.11,8,Moderate Risk
74.32,76.65,69.79,82.6,81.71,71.16,74.88,75.26,75.8,4,1,3,69.79,8,Moderate Risk
64.24,60.41,75.77,73.85,68.04,60.0,73.09,69.67,68.13,7,2,5,60.0,8,High Risk
75.41,79.31,83.98,77.77,76.75,82.08,77.62,86.45,79.92,0,0,0,75.41,8,Moderate Risk
78.7,82.61,83.0,81.74,76.93,78.44,80.12,92.42,81.75,0,0,0,76.93,8,Moderate Risk
64.17,70.02,62.63,68.92,74.9,72.48,63.21,63.74,67.51,8,2,6,62.63,8,High Risk
79.06,82.86,75.54,82.2,72.43,78.98,79.08,83.33,79.19,1,0,1,72.43,8,Moderate Risk
90.18,90.38,78.31,77.99,85.32,81.95,83.07,80.73,83.49,0,0,0,77.99,8,Moderate Risk
74.59,79.31,74.91,75.75,81.88,77.23,78.63,71.77,76.76,3,1,2,71.77,8,Moderate Risk
88.06,87.13,79.21,87.99,82.03,85.25,84.32,82.93,84.61,0,0,0,79.21,8,Low Risk
75.41,72.6,74.15,75.94,74.16,76.72,83.66,89.49,77.77,3,1,2,72.6,8,Moderate Risk
99.84,100.0,93.18,94.0,85.32,93.77,86.43,86.1,92.33,0,0,0,85.32,8,Low Risk
87.71,86.91,91.13,87.17,89.3,82.75,86.82,91.92,87.96,0,0,0,82.75,8,Low Risk
93.33,92.27,96.44,99.53,93.86,96.63,96.11,100.0,96.02,0,0,0,92.27,8,Low Risk
65.37,75.12,72.48,79.8,80.14,62.27,76.04,73.51,73.09,4,1,3,62.27,8,High Risk
82.48,87.95,84.85,80.38,85.93,85.26,81.89,90.3,84.88,0,0,0,80.38,8,Low Risk
86.07,84.94,84.03,85.46,87.63,86.68,87.48,80.54,85.35,0,0,0,80.54,8,Low Risk
100.0,97.04,92.28,91.23,87.56,97.62,86.87,93.21,93.23,0,0,0,86.87,8,Low Risk
60.05,63.09,74.1,63.56,68.59,71.63,69.43,60.0,66.31,8,2,6,60.0,8,High Risk
66.81,60.0,60.76,67.23,69.88,75.39,64.03,77.66,67.72,6,2,4,60.0,8,High Risk
73.27,81.23,86.97,77.58,76.47,82.14,77.54,81.02,79.53,1,1,0,73.27,8,Moderate Risk
,60.84,71.37,75.77,74.05,69.2,76.61,68.66,70.93,5,1,4,60.84,7,High Risk
84.82,94.34,87.45,90.79,75.38,75.97,81.47,83.29,84.19,0,0,0,75.38,8,Low Risk
80.05,79.23,71.27,64.85,70.35,82.55,67.8,67.18,72.91,5,0,5,64.85,8,High Risk
85.54,87.42,93.74,,93.68,89.73,98.63,90.6,91.33,0,0,0,85.54,7,Low Risk
60.0,60.0,63.18,60.0,61.54,65.08,64.2,61.16,61.9,8,2,6,60.0,8,High Risk
96.22,92.89,97.13,95.42,100.0,95.52,94.97,94.4,95.82,0,0,0,92.89,8,Low Risk
66.54,,61.0,68.73,76.75,72.69,80.87,76.01,71.8,4,1,3,61.0,7,High Risk
87.6,90.16,87.9,85.3,90.24,84.63,90.03,89.55,88.18,0,0,0,84.63,8,Low Risk
82.49,90.64,88.82,85.81,82.68,93.42,86.8,85.03,86.96,0,0,0,82.49,8,Low Risk
70.43,67.9,68.61,69.14,73.16,66.93,61.69,65.73,67.95,8,2,6,61.69,8,High Risk
85.35,95.28,91.5,89.5,90.05,92.32,85.92,86.67,89.57,0,0,0,85.35,8,Low Risk
83.48,84.49,87.93,86.28,90.15,83.06,81.21,85.56,85.27,0,0,0,81.21,8,Low Risk
60.0,60.0,70.01,60.43,71.12,64.39,65.99,62.95,64.36,8,2,6,60.0,8,High Risk
60.0,61.95,62.12,60.0,63.85,62.33,66.9,68.84,63.25,8,2,6,60.0,8,High Risk
67.99,60.0,71.27,70.38,68.78,69.91,60.0,75.4,67.97,7,2,5,60.0,8,High Risk
66.15,73.97,77.52,77.76,70.64,75.65,75.03,78.41,74.39,3,2,1,66.15,8,High Risk
64.68,80.24,84.02,60.91,76.1,80.45,74.87,73.49,74.34,4,1,3,60.91,8,High Risk
67.03,70.4,78.89,62.87,68.81,68.71,85.0,68.03,71.22,6,2,4,62.87,8,High Risk
88.67,96.89,86.43,82.11,92.17,84.2,83.04,84.01,87.19,0,0,0,82.11,8,Low Risk
76.32,72.54,68.37,77.43,76.75,73.61,74.05,78.33,74.68,4,1,3,68.37,8,High Risk
70.18,63.53,67.98,60.34,69.22,68.4,71.54,61.09,66.53,8,2,6,60.34,8,High Risk
78.84,60.0,61.56,66.16,60.0,60.0,62.39,68.79,64.72,7,1,6,60.0,8,High Risk
70.41,71.27,69.01,78.97,69.36,68.76,69.13,67.2,70.51,7,2,5,67.2,8,High Risk
86.63,85.87,91.2,88.02,80.83,91.23,89.35,84.89,87.25,0,0,0,80.83,8,Low Risk
88.91,72.69,81.74,80.98,80.08,83.13,81.34,74.48,80.42,2,1,1,72.69,8,Moderate Risk
82.5,88.25,87.65,84.78,85.02,82.7,84.64,87.15,85.34,0,0,0,82.5,8,Low Risk
74.55,80.56,78.58,73.86,73.35,79.92,75.89,72.53,76.16,4,1,3,72.53,8,Moderate Risk
65.04,79.46,84.42,80.0,78.41,71.81,79.37,70.54,76.13,3,1,2,65.04,8,Moderate Risk
65.36,82.23,72.41,66.52,69.62,60.06,69.1,69.37,69.33,7,1,6,60.06,8,High Risk
96.49,94.45,92.34,91.95,88.37,93.16,91.72,96.15,93.08,0,0,0,88.37,8,Low Risk
73.09,71.18,75.85,80.76,76.06,72.37,74.8,65.17,73.66,5,2,3,65.17,8,High Risk
84.39,89.1,93.62,85.54,87.18,87.29,92.49,89.84,88.68,0,0,0,84.39,8,Low Risk
86.78,85.83,86.2,92.05,85.42,90.92,84.62,84.06,86.98,0,0,0,84.06,8,Low Risk
84.61,75.5,77.23,81.72,89.41,78.12,82.64,80.09,81.16,0,0,0,75.5,8,Moderate Risk
62.92,64.47,73.65,68.16,66.19,75.6,60.0,75.2,68.27,6,2,4,60.0,8,High Risk
72.43,86.11,75.65,78.44,77.04,85.41,66.19,78.65,77.49,2,1,1,66.19,8,Moderate Risk
99.06,96.29,100.0,97.68,98.21,90.87,94.87,100.0,97.12,0,0,0,90.87,8,Low Risk
85.89,82.19,82.6,90.41,75.81,82.86,79.97,82.63,82.79,0,0,0,75.81,8,Moderate Risk
78.35,67.12,71.8,70.92,66.28,79.22,69.85,80.59,73.02,5,1,4,66.28,8,High Risk
71.84,74.83,71.24,75.14,73.89,71.57,70.85,73.01,72.8,7,2,5,70.85,8,High Risk
69.63,68.02,64.02,60.05,73.2,,60.0,73.87,66.97,7,2,5,60.0,7,High Risk
60.0,64.24,69.62,65.01,68.89,68.71,70.1,70.78,67.17,8,2,6,60.0,8,High Risk
73.74,79.66,79.02,69.77,74.62,70.74,79.92,69.18,74.58,5,1,4,69.18,8,High Risk
88.34,97.3,95.14,95.65,91.33,91.43,89.66,92.92,92.72,0,0,0,88.34,8,Low Risk
93.18,93.29,86.18,81.65,91.86,85.91,87.91,81.92,87.74,0,0,0,81.65,8,Low Risk
78.94,84.01,85.09,73.59,84.74,82.26,81.21,81.59,81.43,1,0,1,73.59,8,Moderate Risk
80.72,74.79,79.55,74.21,71.25,78.14,87.1,79.67,78.18,3,1,2,71.25,8,Moderate Risk
79.41,74.02,77.93,71.78,78.74,83.06,,72.74,76.81,3,1,2,71.78,7,Moderate Risk
66.21,69.0,69.32,69.3,81.84,64.25,75.62,83.09,72.33,5,2,3,64.25,8,High Risk
63.58,73.68,64.76,67.16,67.52,71.31,84.3,66.79,69.89,7,2,5,63.58,8,High Risk
69.49,60.0,60.99,67.51,81.84,69.04,65.18,61.75,66.97,7,2,5,60.0,8,High Risk
82.78,86.18,,81.56,79.2,75.31,79.35,84.29,81.24,0,0,0,75.31,7,Moderate Risk
67.72,60.0,68.16,60.0,60.0,62.16,75.37,60.0,64.18,7,2,5,60.0,8,High Risk
79.31,79.24,73.71,81.89,86.51,82.3,87.47,84.92,81.92,1,0,1,73.71,8,Moderate Risk
78.75,82.28,91.97,86.03,79.07,76.19,82.36,87.45,83.01,0,0,0,76.19,8,Moderate Risk
62.38,60.0,60.0,67.15,60.76,61.7,60.95,63.93,62.11,8,2,6,60.0,8,High Risk
80.17,81.65,77.69,73.8,67.93,72.31,74.24,71.03,74.85,5,0,5,67.93,8,High Risk
60.62,74.79,60.23,,63.15,61.8,60.75,61.08,63.2,7,2,5,60.23,7,High Risk
75.4,66.69,71.35,64.84,66.24,73.92,75.34,69.2,70.37,6,1,5,64.84,8,High Risk
81.43,87.7,88.05,88.75,88.11,82.28,86.07,88.72,86.39,0,0,0,81.43,8,Low Risk
93.68,91.09,94.97,95.68,91.99,99.6,87.7,98.65,94.17,0,0,0,87.7,8,Low Risk
63.95,71.53,63.62,60.0,63.53,60.0,63.3,82.14,66.01,7,2,5,60.0,8,High Risk
74.51,68.22,71.63,61.9,63.79,71.01,70.57,65.72,68.42,8,2,6,61.9,8,High Risk
71.43,74.17,68.02,73.36,70.07,75.73,67.51,83.76,73.01,6,2,4,67.51,8,High Risk
64.45,72.37,60.0,66.68,74.28,60.0,75.79,65.39,67.37,7,2,5,60.0,8,High Risk
85.37,87.14,84.9,92.19,88.32,86.66,87.9,90.62,87.89,0,0,0,84.9,8,Low Risk
83.14,76.46,85.49,85.45,81.44,85.98,77.69,77.85,81.69,0,0,0,76.46,8,Moderate Risk
69.32,77.59,82.16,65.68,62.68,67.75,67.26,63.9,69.54,6,1,5,62.68,8,High Risk
76.94,73.96,66.93,69.59,74.07,82.06,73.43,77.39,74.3,5,1,4,66.93,8,High Risk
82.6,88.43,84.56,87.93,87.43,83.83,82.71,85.51,85.38,0,0,0,82.6,8,Low Risk
64.94,69.06,73.98,69.22,71.21,64.77,79.49,82.15,71.85,6,2,4,64.77,8,High Risk
60.0,60.0,78.42,62.86,,60.0,71.39,70.54,66.17,6,2,4,60.0,7,High Risk
88.9,82.39,89.05,79.08,79.17,76.35,77.83,71.82,80.57,1,0,1,71.82,8,Moderate Risk
86.99,92.56,92.59,82.08,76.08,90.33,90.92,79.38,86.37,0,0,0,76.08,8,Low Risk
70.58,66.3,67.65,75.36,69.89,69.17,65.55,67.48,69.0,7,2,5,65.55,8,High Risk
87.33,83.78,,83.62,81.05,85.31,85.94,94.51,85.93,0,0,0,81.05,7,Low Risk
78.21,85.81,68.5,75.87,67.97,71.55,75.59,78.21,75.21,3,0,3,67.97,8,Moderate Risk
88.05,66.02,83.55,75.79,76.97,73.46,73.91,72.24,76.25,4,1,3,66.02,8,Moderate Risk
81.12,74.12,70.71,93.57,85.82,85.14,75.06,78.48,80.5,2,1,1,70.71,8,Moderate Risk
61.53,66.66,61.18,67.57,60.0,63.55,65.48,65.42,63.92,8,2,6,60.0,8,High Risk
93.2,90.69,100.0,91.59,98.2,100.0,89.76,96.03,94.93,0,0,0,89.76,8,Low Risk
62.0,68.79,68.1,71.92,69.01,72.26,68.83,70.9,68.98,8,2,6,62.0,8,High Risk
62.29,69.36,64.63,68.25,65.63,70.65,61.9,69.87,66.57,8,2,6,61.9,8,High Risk
66.66,66.04,60.0,62.08,60.0,60.0,60.0,60.0,61.85,8,2,6,60.0,8,High Risk
75.82,61.25,63.83,75.15,73.14,65.44,60.0,60.0,66.83,6,1,5,60.0,8,High Risk
74.1,64.52,60.0,64.33,66.8,60.0,60.2,60.0,63.74,8,2,6,60.0,8,High Risk
89.46,79.67,76.5,79.51,76.75,79.02,81.57,77.47,79.99,0,0,0,76.5,8,Moderate Risk
80.78,84.18,90.9,83.71,86.08,86.65,79.49,78.46,83.78,0,0,0,78.46,8,Moderate Risk
71.0,67.78,65.37,74.69,66.66,62.71,63.74,60.0,66.49,8,2,6,60.0,8,High Risk
63.87,60.0,75.21,71.77,60.28,64.28,67.89,60.89,65.52,7,2,5,60.0,8,High Risk
90.22,88.21,87.28,85.97,86.7,86.2,84.4,74.97,85.49,1,0,1,74.97,8,Low Risk
68.43,72.28,71.3,77.83,71.15,69.66,80.8,74.25,73.21,6,2,4,68.43,8,High Risk
62.06,66.29,68.09,62.23,71.9,70.05,69.26,60.0,66.23,8,2,6,60.0,8,High Risk
87.57,80.76,97.09,93.81,90.92,88.7,88.0,93.14,90.0,0,0,0,80.76,8,Low Risk
75.91,69.26,77.63,74.88,74.32,78.38,84.32,77.47,76.52,3,1,2,69.26,8,Moderate Risk
69.85,62.72,67.54,69.02,65.01,69.52,60.88,69.58,66.77,8,2,6,60.88,8,High Risk
79.73,73.82,79.49,71.34,80.36,71.75,,78.19,76.38,3,1,2,71.34,7,Moderate Risk
74.09,76.95,76.8,71.49,,83.08,75.3,70.52,75.46,3,1,2,70.52,7,Moderate Risk
91.06,91.73,80.14,83.77,86.02,96.09,94.23,92.2,89.41,0,0,0,80.14,8,Low Risk
83.28,93.37,87.32,90.87,81.12,87.98,83.38,86.59,86.74,0,0,0,81.12,8,Low Risk
71.1,68.65,64.2,73.5,68.18,66.51,64.64,67.96,68.09,8,2,6,64.2,8,High Risk
72.99,75.4,74.31,83.74,74.38,84.33,72.09,75.87,76.64,4,1,3,72.09,8,Moderate Risk
100.0,98.94,89.0,88.5,91.87,98.31,88.61,97.44,94.08,0,0,0,88.5,8,Low Risk
91.24,92.76,84.67,81.93,84.23,86.35,87.21,77.97,85.8,0,0,0,77.97,8,Low Risk
83.65,78.03,69.38,81.91,74.13,82.8,85.46,70.75,78.26,3,0,3,69.38,8,Moderate Risk
80.08,71.95,80.75,80.2,64.64,76.63,82.14,78.87,76.91,2,1,1,64.64,8,Moderate Risk
75.22,78.63,81.71,82.12,79.07,84.11,76.76,71.42,78.63,1,0,1,71.42,8,Moderate Risk
76.8,86.23,74.77,71.53,81.6,70.7,87.52,73.15,77.79,4,0,4,70.7,8,Moderate Risk
98.68,94.74,96.11,97.86,91.51,93.8,98.45,90.64,95.22,0,0,0,90.64,8,Low Risk
89.38,84.89,89.01,88.02,94.72,92.47,89.59,85.38,89.18,0,0,0,84.89,8,Low Risk
62.93,70.51,62.8,64.11,65.54,64.56,76.78,68.76,67.0,7,2,5,62.8,8,High Risk
79.03,78.81,82.06,76.16,75.97,72.74,70.07,67.87,75.34,3,0,3,67.87,8,Moderate Risk
71.61,73.62,77.02,78.1,83.91,84.99,88.77,70.62,78.58,3,2,1,70.62,8,Moderate Risk
94.69,98.41,99.38,99.46,93.56,94.82,93.99,89.19,95.44,0,0,0,89.19,8,Low Risk
63.7,60.0,69.86,60.0,62.64,65.05,66.13,68.9,64.53,8,2,6,60.0,8,High Risk
79.83,78.16,76.33,81.61,76.75,79.7,83.41,80.7,79.56,0,0,0,76.33,8,Moderate Risk
63.67,75.33,60.0,62.56,69.49,68.76,60.34,71.14,66.41,7,1,6,60.0,8,High Risk
72.91,67.44,72.39,70.21,64.56,63.07,74.73,73.15,69.81,8,2,6,63.07,8,High Risk
83.35,97.46,84.39,83.45,74.11,89.82,88.69,83.37,85.58,1,0,1,74.11,8,Low Risk
78.88,80.38,81.63,78.64,80.94,66.35,70.62,74.97,76.55,3,0,3,66.35,8,Moderate Risk
82.2,75.46,81.19,98.74,80.25,94.47,87.69,78.8,84.85,0,0,0,75.46,8,Low Risk
79.24,84.09,79.03,73.24,78.73,79.99,69.73,79.96,78.0,2,0,2,69.73,8,Moderate Risk
92.81,100.0,98.75,94.14,87.11,97.3,91.97,93.27,94.42,0,0,0,87.11,8,Low Risk
73.99,78.31,60.0,60.0,60.0,69.99,62.04,63.26,65.95,7,1,6,60.0,8,High Risk
60.0,67.15,65.19,60.6,60.0,71.06,60.93,60.0,63.12,8,2,6,60.0,8,High Risk
60.0,60.0,64.16,78.97,60.0,66.61,66.68,60.0,64.55,7,2,5,60.0,8,High Risk
80.4,65.69,85.22,82.4,80.54,84.01,68.26,81.82,78.54,2,1,1,65.69,8,Moderate Risk
91.19,67.36,74.15,83.58,80.49,74.76,85.26,82.45,79.91,3,1,2,67.36,8,Moderate Risk
80.51,76.86,73.14,67.31,79.67,68.53,73.51,69.61,73.64,5,0,5,67.31,8,High Risk
92.44,87.47,95.22,93.51,97.01,97.58,92.71,86.31,92.78,0,0,0,86.31,8,Low Risk
62.74,73.04,66.05,68.96,61.1,76.44,74.22,73.81,69.54,7,2,5,61.1,8,High Risk
93.16,91.01,93.62,89.48,95.4,93.44,84.84,92.88,91.73,0,0,0,84.84,8,Low Risk
71.14,67.96,72.33,78.9,70.93,66.68,68.03,66.98,70.37,7,2,5,66.68,8,High Risk
88.53,87.07,89.05,87.61,92.11,90.16,85.71,95.68,89.49,0,0,0,85.71,8,Low Risk
88.96,90.02,88.59,87.37,82.23,88.58,86.31,87.1,87.4,0,0,0,82.23,8,Low Risk
75.7,75.38,77.48,79.47,83.38,82.06,75.17,86.92,79.44,0,0,0,75.17,8,Moderate Risk
99.53,94.05,94.04,96.32,94.89,92.79,86.04,96.25,94.24,0,0,0,86.04,8,Low Risk
97.41,100.0,96.65,95.45,100.0,93.15,94.71,91.05,96.05,0,0,0,91.05,8,Low Risk
78.97,80.54,70.88,84.39,71.53,86.37,89.89,81.28,80.48,2,0,2,70.88,8,Moderate Risk
80.56,60.0,81.89,74.85,68.55,73.62,77.47,71.13,73.51,5,1,4,60.0,8,High Risk
85.23,74.94,84.16,79.8,80.76,70.89,82.35,80.51,79.83,2,1,1,70.89,8,Moderate Risk
76.79,77.82,90.63,84.28,74.88,89.91,77.56,79.87,81.47,1,0,1,74.88,8,Moderate Risk
96.07,99.26,97.57,97.39,100.0,99.09,98.05,98.47,98.24,0,0,0,96.07,8,Low Risk
60.35,60.0,65.65,62.96,68.41,62.89,60.81,69.97,63.88,8,2,6,60.0,8,High Risk
68.03,60.0,76.23,64.75,64.52,69.64,69.64,64.71,67.19,7,2,5,60.0,8,High Risk
93.53,97.29,100.0,90.63,98.08,95.87,97.57,93.31,95.78,0,0,0,90.63,8,Low Risk
100.0,96.71,86.24,89.63,94.5,91.67,99.33,,94.01,0,0,0,86.24,7,Low Risk
89.04,92.93,94.2,90.66,84.01,89.87,90.72,91.94,90.42,0,0,0,84.01,8,Low Risk
75.53,77.45,80.17,82.09,71.64,73.4,73.44,,76.25,3,0,3,71.64,7,Moderate Risk
87.96,91.56,84.55,91.99,96.13,89.87,88.49,94.3,90.61,0,0,0,84.55,8,Low Risk
60.0,63.34,66.08,72.84,77.28,66.71,72.27,68.54,68.38,7,2,5,60.0,8,High Risk
93.16,94.56,84.32,89.47,96.76,94.37,86.18,85.38,90.53,0,0,0,84.32,8,Low Risk
80.14,62.37,70.76,72.06,73.33,79.03,77.7,67.34,72.84,5,1,4,62.37,8,High Risk
68.8,60.0,80.9,60.0,69.68,69.49,71.55,64.05,68.06,7,2,5,60.0,8,High Risk
96.43,93.74,89.64,93.95,96.84,96.64,87.25,89.73,93.03,0,0,0,87.25,8,Low Risk
79.39,86.96,87.34,79.7,81.28,85.01,90.25,82.74,84.08,0,0,0,79.39,8,Low Risk
94.28,90.95,86.94,80.6,78.0,91.61,86.91,87.42,87.09,0,0,0,78.0,8,Low Risk
78.9,67.19,71.05,69.19,81.02,67.19,77.36,72.2,73.01,5,1,4,67.19,8,High Risk
71.37,79.93,76.99,60.0,72.42,71.05,69.57,73.43,71.84,6,1,5,60.0,8,High Risk
98.2,100.0,99.0,100.0,100.0,96.57,100.0,97.72,98.94,0,0,0,96.57,8,Low Risk
72.4,61.0,68.48,83.95,74.17,67.9,71.06,68.37,70.92,7,2,5,61.0,8,High Risk
62.3,67.25,60.0,68.27,69.59,70.78,69.71,75.84,67.97,7,2,5,60.0,8,High Risk
94.37,70.5,84.02,81.12,85.02,80.15,78.03,78.78,81.5,1,1,0,70.5,8,Moderate Risk
75.43,80.85,83.88,73.7,72.61,79.82,80.31,73.97,77.57,3,0,3,72.61,8,Moderate Risk
68.6,60.0,64.99,75.99,64.37,69.72,65.27,68.85,67.22,7,2,5,60.0,8,High Risk
77.0,71.43,63.2,61.7,74.14,66.03,60.0,60.0,66.69,7,1,6,60.0,8,High Risk
69.89,63.29,60.0,68.25,67.74,63.86,67.89,66.12,65.88,8,2,6,60.0,8,High Risk
70.68,68.28,64.79,70.8,65.84,60.0,70.37,60.0,66.34,8,2,6,60.0,8,High Risk
77.7,76.9,79.96,76.59,86.37,80.7,82.83,86.76,80.98,0,0,0,76.59,8,Moderate Risk
68.53,75.37,74.62,60.0,77.71,78.08,70.69,78.42,72.93,4,1,3,60.0,8,High Risk
72.63,66.32,61.95,68.73,74.77,74.39,71.25,60.0,68.75,8,2,6,60.0,8,High Risk
65.56,78.11,69.77,72.44,66.85,82.06,60.87,62.88,69.82,6,1,5,60.87,8,High Risk
95.34,91.57,94.39,98.59,92.71,94.99,94.15,90.45,94.02,0,0,0,90.45,8,Low Risk
77.06,79.9,72.18,82.27,78.31,81.29,81.66,72.2,78.11,2,0,2,72.18,8,Moderate Risk
60.0,60.17,66.13,60.0,69.02,67.55,75.22,80.2,67.29,6,2,4,60.0,8,High Risk
76.42,69.8,69.74,71.46,77.35,75.6,83.48,76.58,75.05,3,1,2,69.74,8,Moderate Risk
63.82,62.86,64.85,80.51,73.11,68.64,73.29,60.0,68.39,7,2,5,60.0,8,High Risk
63.67,66.49,68.61,60.0,81.26,60.0,65.6,60.83,65.81,7,2,5,60.0,8,High Risk
83.98,75.42,81.26,81.4,80.06,80.24,78.3,79.35,80.0,0,0,0,75.42,8,Moderate Risk
86.39,73.1,68.8,77.34,75.4,70.23,78.16,72.86,75.28,4,1,3,68.8,8,Moderate Risk
79.06,80.42,74.07,76.44,78.25,78.85,77.94,75.98,77.63,1,0,1,74.07,8,Moderate Risk
88.2,65.69,76.82,70.09,63.21,65.95,75.43,61.65,70.88,5,1,4,61.65,8,High Risk
73.28,70.76,77.86,71.4,72.76,77.17,74.15,71.91,73.66,6,2,4,70.76,8,High Risk
80.53,75.75,83.32,81.4,89.1,84.44,80.38,84.61,82.44,0,0,0,75.75,8,Moderate Risk
83.54,80.31,79.95,76.56,69.88,67.06,88.79,79.95,78.25,2,0,2,67.06,8,Moderate Risk
92.71,91.11,88.57,90.6,100.0,93.05,99.13,100.0,94.4,0,0,0,88.57,8,Low Risk
85.49,93.21,91.38,76.98,83.83,85.6,87.43,78.67,85.32,0,0,0,76.98,8,Low Risk
64.16,63.71,64.81,71.19,63.87,60.0,78.29,72.13,67.27,7,2,5,60.0,8,High Risk
88.36,85.01,80.4,82.16,77.4,79.67,77.23,82.15,81.55,0,0,0,77.23,8,Moderate Risk
90.18,90.49,86.56,91.42,91.59,87.21,86.87,88.51,89.1,0,0,0,86.56,8,Low Risk
73.3,66.89,67.71,67.46,76.02,73.71,60.0,70.43,69.44,7,2,5,60.0,8,High Risk
63.31,60.0,66.76,60.0,60.0,60.0,63.61,76.81,63.81,7,2,5,60.0,8,High Risk
86.18,82.27,84.32,83.4,81.26,80.23,86.54,80.27,83.06,0,0,0,80.23,8,Moderate Risk
78.12,63.77,64.91,69.01,65.89,68.02,74.46,71.92,69.51,7,1,6,63.77,8,High Risk
77.73,74.88,79.93,72.74,72.25,74.73,74.21,82.15,76.08,5,1,4,72.25,8,Moderate Risk
100.0,97.28,98.82,98.39,93.33,93.73,95.29,93.61,96.31,0,0,0,93.33,8,Low Risk
69.48,67.69,70.5,62.92,61.29,72.53,60.21,68.02,66.58,8,2,6,60.21,8,High Risk
79.96,69.62,63.74,83.27,66.09,88.48,74.35,82.75,76.03,4,1,3,63.74,8,Moderate Risk
74.44,80.79,73.4,80.18,73.01,75.85,78.03,74.28,76.25,4,1,3,73.01,8,Moderate Risk
96.41,97.75,93.63,99.48,98.79,90.61,100.0,100.0,97.08,0,0,0,90.61,8,Low Risk
95.82,100.0,100.0,93.74,96.59,100.0,95.75,98.13,97.5,0,0,0,93.74,8,Low Risk
66.91,78.91,80.71,74.04,68.25,63.64,89.75,78.04,75.03,4,1,3,63.64,8,Moderate Risk
71.62,89.67,76.15,73.83,77.39,78.39,90.21,79.02,79.53,2,1,1,71.62,8,Moderate Risk
71.36,75.92,72.52,66.91,68.52,61.74,70.89,73.56,70.18,7,1,6,61.74,8,High Risk
86.9,77.85,92.71,89.98,92.91,86.46,85.58,81.43,86.73,0,0,0,77.85,8,Low Risk
93.15,93.15,85.31,100.0,90.17,94.49,95.13,89.67,92.63,0,0,0,85.31,8,Low Risk
71.18,75.85,82.76,79.31,75.44,78.83,65.56,72.72,75.21,3,1,2,65.56,8,Moderate Risk
74.98,76.07,70.75,74.05,68.9,80.78,64.94,73.49,73.0,6,1,5,64.94,8,High Risk
78.1,84.22,75.57,86.66,82.91,85.95,84.71,91.81,83.74,0,0,0,75.57,8,Moderate Risk
78.18,72.28,75.23,79.39,76.33,71.17,69.05,87.22,76.11,3,1,2,69.05,8,Moderate Risk
87.27,80.6,94.94,72.43,80.65,76.01,77.98,83.1,81.62,1,0,1,72.43,8,Moderate Risk
84.02,72.38,77.85,76.57,73.6,82.14,82.52,74.22,77.91,3,1,2,72.38,8,Moderate Risk
93.05,100.0,91.78,98.21,95.93,96.04,98.54,99.4,96.62,0,0,0,91.78,8,Low Risk
96.34,98.01,92.48,87.94,96.47,92.54,89.65,90.99,93.05,0,0,0,87.94,8,Low Risk
75.52,69.87,60.0,62.67,66.69,65.79,72.88,76.01,68.68,6,1,5,60.0,8,High Risk
,68.81,68.12,68.28,60.0,62.08,74.06,60.0,65.91,7,1,6,60.0,7,High Risk
88.2,94.15,89.22,86.1,89.22,,88.37,95.92,90.17,0,0,0,86.1,7,Low Risk
60.0,60.0,60.0,67.21,60.0,63.35,61.04,73.38,63.12,8,2,6,60.0,8,High Risk
76.83,70.6,78.64,76.76,74.52,69.36,70.38,78.16,74.41,4,1,3,69.36,8,High Risk
87.52,93.78,95.12,94.04,89.67,98.11,86.0,98.49,92.84,0,0,0,86.0,8,Low Risk
100.0,89.61,86.49,100.0,89.07,87.71,93.84,86.22,91.62,0,0,0,86.22,8,Low Risk
90.29,88.42,88.76,85.96,86.69,86.57,86.11,93.19,88.25,0,0,0,85.96,8,Low Risk
85.42,97.51,89.79,90.79,90.0,88.6,95.06,92.25,91.18,0,0,0,85.42,8,Low Risk
86.9,90.2,,76.71,84.29,83.61,89.66,75.22,83.8,0,0,0,75.22,7,Moderate Risk
70.58,63.88,72.39,72.06,82.85,68.86,73.2,71.75,71.95,7,2,5,63.88,8,High Risk
68.28,79.51,60.0,64.31,61.27,60.0,66.57,68.33,66.03,7,1,6,60.0,8,High Risk
77.52,82.46,77.92,78.06,,81.22,84.85,77.56,79.94,0,0,0,77.52,7,Moderate Risk
64.68,72.05,73.77,69.97,62.56,64.74,64.37,66.63,67.35,8,2,6,62.56,8,High Risk
76.14,63.1,66.2,80.72,61.3,73.24,65.69,70.88,69.66,6,1,5,61.3,8,High Risk
88.95,85.77,92.06,89.38,85.94,86.94,92.12,83.69,88.11,0,0,0,83.69,8,Low Risk
61.94,73.21,65.56,63.04,64.97,61.45,71.04,67.42,66.08,8,2,6,61.45,8,High Risk
81.02,64.2,73.92,73.13,73.67,74.51,72.88,65.28,72.33,7,1,6,64.2,8,High Risk
82.64,71.57,82.06,65.32,73.46,69.89,68.84,76.01,73.72,5,1,4,65.32,8,High Risk
60.19,60.43,64.64,76.42,63.79,60.0,73.72,68.05,65.91,7,2,5,60.0,8,High Risk
92.83,91.31,95.02,98.53,94.33,90.1,89.74,90.04,92.74,0,0,0,89.74,8,Low Risk
78.97,85.0,81.03,80.86,89.46,86.1,87.03,86.09,84.32,0,0,0,78.97,8,Low Risk
78.77,83.29,77.01,82.24,87.46,86.96,74.07,84.42,81.78,1,0,1,74.07,8,Moderate Risk
78.07,80.28,75.92,74.79,68.17,79.44,77.07,,76.25,2,0,2,68.17,7,Moderate Risk
73.95,83.34,71.07,64.27,81.71,79.36,77.62,80.88,76.53,3,1,2,64.27,8,Moderate Risk
85.26,90.69,86.5,92.81,88.4,88.43,96.53,93.52,90.27,0,0,0,85.26,8,Low Risk
100.0,91.63,97.08,91.45,97.41,91.13,100.0,97.99,95.84,0,0,0,91.13,8,Low Risk
70.87,64.58,61.59,61.18,60.0,60.0,61.62,64.97,63.1,8,2,6,60.0,8,High Risk
89.33,86.22,88.26,83.44,90.62,84.76,83.78,88.83,86.91,0,0,0,83.44,8,Low Risk
88.47,92.37,93.28,96.14,94.37,89.85,85.71,88.6,91.1,0,0,0,85.71,8,Low Risk
94.43,96.75,95.44,95.41,88.12,90.94,94.01,88.81,92.99,0,0,0,88.12,8,Low Risk
64.37,70.9,78.17,68.81,80.09,78.48,74.06,75.75,73.83,4,2,2,64.37,8,High Risk
64.13,64.66,60.0,68.36,66.74,60.0,65.07,70.16,64.89,8,2,6,60.0,8,High Risk
65.93,75.99,71.71,72.37,72.27,72.7,75.3,68.95,71.9,6,1,5,65.93,8,High Risk
95.11,95.4,85.31,85.37,83.27,83.32,86.95,87.04,87.72,0,0,0,83.27,8,Low Risk
67.37,64.67,66.69,68.82,68.75,73.66,70.2,73.06,69.15,8,2,6,64.67,8,High Risk
92.59,93.1,91.29,91.61,92.17,91.82,89.81,95.11,92.19,0,0,0,89.81,8,Low Risk
66.23,60.0,60.11,62.95,70.84,65.12,64.3,65.94,64.44,8,2,6,60.0,8,High Risk
62.43,69.51,60.0,69.59,60.0,64.74,60.0,65.55,63.98,8,2,6,60.0,8,High Risk
74.7,72.18,78.91,72.1,72.27,77.42,82.01,71.59,75.15,5,2,3,71.59,8,Moderate Risk
77.59,89.6,79.28,87.7,84.02,78.98,87.76,88.0,84.12,0,0,0,77.59,8,Low Risk
61.39,60.0,73.91,62.3,65.85,70.83,75.45,,67.1,6,2,4,60.0,7,High Risk
99.0,100.0,94.48,97.09,94.74,96.96,96.84,100.0,97.39,0,0,0,94.48,8,Low Risk
60.0,62.36,60.0,60.0,60.43,60.0,62.68,62.43,60.99,8,2,6,60.0,8,High Risk
75.23,81.65,83.09,72.07,77.59,74.96,71.7,77.5,76.72,3,0,3,71.7,8,Moderate Risk
85.19,80.65,85.86,86.04,86.76,81.07,85.16,89.67,85.05,0,0,0,80.65,8,Low Risk
77.81,76.95,81.96,79.35,77.8,83.15,75.87,74.43,78.41,1,0,1,74.43,8,Moderate Risk
88.26,95.27,93.58,94.33,88.96,92.88,91.18,86.34,91.35,0,0,0,86.34,8,Low Risk
72.61,70.76,68.07,67.26,68.04,68.45,60.0,60.86,67.01,8,2,6,60.0,8,High Risk
81.95,84.89,82.0,79.47,84.14,77.98,70.12,76.41,79.62,1,0,1,70.12,8,Moderate Risk
68.79,60.0,62.59,66.17,60.0,60.26,60.0,61.24,62.38,8,2,6,60.0,8,High Risk
100.0,100.0,97.76,88.85,88.03,94.44,95.92,98.7,95.46,0,0,0,88.03,8,Low Risk
62.92,60.45,63.84,63.33,60.0,66.16,68.33,66.23,63.91,8,2,6,60.0,8,High Risk
74.02,75.81,82.35,84.2,83.69,77.08,76.31,87.14,80.07,1,1,0,74.02,8,Moderate Risk
84.57,87.21,79.21,86.94,71.62,76.39,74.88,68.34,78.64,3,0,3,68.34,8,Moderate Risk
97.96,95.5,90.7,94.12,97.44,93.56,90.95,88.96,93.65,0,0,0,88.96,8,Low Risk
68.42,66.98,72.54,81.0,73.76,78.77,64.3,60.0,70.72,6,2,4,60.0,8,High Risk
81.23,65.1,77.58,68.19,79.52,76.75,77.81,80.9,75.88,2,1,1,65.1,8,Moderate Risk
91.34,99.03,89.37,91.65,90.8,92.52,95.98,92.56,92.91,0,0,0,89.37,8,Low Risk
79.82,85.11,83.75,75.19,72.22,71.06,70.48,76.04,76.71,3,0,3,70.48,8,Moderate Risk
65.88,67.28,73.27,71.03,69.7,71.0,72.55,72.49,70.4,8,2,6,65.88,8,High Risk
73.29,74.33,78.9,66.13,80.36,72.55,69.37,69.19,73.02,6,2,4,66.13,8,High Risk
93.48,79.9,90.8,87.62,91.14,87.39,85.48,86.89,87.84,0,0,0,79.9,8,Low Risk
93.82,94.52,79.21,85.69,93.53,94.73,93.68,87.29,90.31,0,0,0,79.21,8,Low Risk
87.44,,85.33,86.64,87.54,82.14,80.81,90.52,85.77,0,0,0,80.81,7,Low Risk
79.78,79.28,83.38,81.58,80.17,78.13,81.08,78.34,80.22,0,0,0,78.13,8,Moderate Risk
78.11,87.21,82.58,79.59,73.67,76.69,82.37,76.47,79.59,1,0,1,73.67,8,Moderate Risk
86.61,84.29,86.7,88.72,89.36,95.03,88.09,83.5,87.79,0,0,0,83.5,8,Low Risk
77.67,79.67,66.6,79.7,81.34,84.08,73.22,78.01,77.54,2,0,2,66.6,8,Moderate Risk
64.22,,70.8,60.0,62.44,60.94,60.08,60.0,62.64,7,1,6,60.0,7,High Risk
95.38,99.8,94.33,91.33,95.65,100.0,91.37,98.61,95.81,0,0,0,91.33,8,Low Risk
90.48,85.9,85.57,86.62,86.73,85.97,86.56,92.7,87.57,0,0,0,85.57,8,Low Risk
92.7,86.44,89.0,86.07,90.19,84.32,86.96,79.31,86.87,0,0,0,79.31,8,Low Risk
84.91,83.58,82.79,76.04,74.99,80.34,77.45,87.97,81.01,1,0,1,74.99,8,Moderate Risk
77.79,79.01,79.29,71.99,68.19,77.08,81.75,77.13,76.53,2,0,2,68.19,8,Moderate Risk
78.8,73.44,69.04,76.27,70.57,72.26,60.61,80.45,72.68,5,1,4,60.61,8,High Risk
81.22,85.8,84.78,80.59,86.4,82.71,89.76,82.74,84.25,0,0,0,80.59,8,Low Risk
88.53,70.87,68.86,67.62,67.45,82.25,68.87,60.0,71.81,6,1,5,60.0,8,High Risk
78.53,84.67,83.15,76.65,82.87,78.04,78.78,84.09,80.85,0,0,0,76.65,8,Moderate Risk
72.17,67.5,71.46,65.58,64.01,74.08,68.62,66.95,68.8,8,2,6,64.01,8,High Risk
90.35,,94.27,88.81,91.53,92.79,92.85,92.44,91.86,0,0,0,88.81,7,Low Risk
79.13,75.4,87.1,75.1,81.08,73.12,83.33,76.3,78.82,1,0,1,73.12,8,Moderate Risk
78.63,85.06,78.91,78.04,83.11,85.69,90.31,77.64,82.17,0,0,0,77.64,8,Moderate Risk
83.22,69.01,69.4,68.31,74.34,82.16,65.01,81.86,74.16,5,1,4,65.01,8,High Risk
90.43,81.58,81.12,84.6,80.97,86.3,75.02,76.92,82.12,0,0,0,75.02,8,Moderate Risk
89.26,94.2,92.45,91.27,97.41,100.0,95.95,96.26,94.6,0,0,0,89.26,8,Low Risk
82.51,81.5,78.14,88.41,87.77,83.44,71.61,75.22,81.07,1,0,1,71.61,8,Moderate Risk
70.72,86.78,78.43,72.25,69.15,71.2,68.94,77.72,74.4,5,1,4,68.94,8,High Risk
75.78,85.59,71.64,77.11,80.8,60.64,81.58,69.42,75.32,3,0,3,60.64,8,Moderate Risk
69.45,68.27,70.51,71.48,67.25,73.36,75.53,75.17,71.38,6,2,4,67.25,8,High Risk
93.65,90.89,82.51,85.11,84.83,88.2,83.35,,86.93,0,0,0,82.51,7,Low Risk
89.58,85.39,88.34,91.42,88.9,89.22,91.36,95.44,89.96,0,0,0,85.39,8,Low Risk
93.87,95.75,98.54,85.68,92.3,94.6,93.13,89.48,92.92,0,0,0,85.68,8,Low Risk
87.37,97.15,92.57,89.38,92.58,97.9,86.58,86.78,91.29,0,0,0,86.58,8,Low Risk
84.01,89.8,87.27,86.12,85.07,79.85,,79.62,84.53,0,0,0,79.62,7,Low Risk
87.19,82.99,83.73,90.63,87.54,91.47,86.43,86.58,87.07,0,0,0,82.99,8,Low Risk
79.09,80.47,74.88,68.3,78.84,68.35,66.05,67.95,72.99,5,0,5,66.05,8,High Risk
75.21,67.36,69.89,62.77,62.63,69.05,76.05,72.35,69.41,6,1,5,62.63,8,High Risk
64.06,62.76,72.3,60.0,60.72,61.61,60.0,62.07,62.94,8,2,6,60.0,8,High Risk
89.58,93.16,82.89,79.06,80.17,90.3,85.98,88.75,86.24,0,0,0,79.06,8,Low Risk
60.0,68.62,67.16,71.15,72.08,75.66,60.0,75.85,68.81,6,2,4,60.0,8,High Risk
60.0,69.34,69.19,65.39,64.98,61.15,74.34,68.54,66.62,8,2,6,60.0,8,High Risk
69.18,60.0,60.0,70.03,62.26,70.28,65.38,62.81,64.99,8,2,6,60.0,8,High Risk
97.19,94.77,100.0,97.8,99.85,99.0,100.0,98.2,98.35,0,0,0,94.77,8,Low Risk
61.12,73.67,72.06,70.08,73.09,64.49,62.84,69.85,68.4,8,2,6,61.12,8,High Risk
87.6,73.76,85.35,68.26,84.94,74.53,80.41,75.71,78.82,3,1,2,68.26,8,Moderate Risk
91.55,95.46,96.59,94.83,89.32,93.47,97.26,92.15,93.83,0,0,0,89.32,8,Low Risk
80.4,81.9,75.16,84.7,87.69,89.97,78.79,80.83,82.43,0,0,0,75.16,8,Moderate Risk
98.94,98.93,92.63,94.99,94.21,91.55,89.7,94.61,94.44,0,0,0,89.7,8,Low Risk
80.72,75.01,82.05,77.15,75.49,76.73,74.0,75.01,77.02,1,0,1,74.0,8,Moderate Risk
92.63,97.4,97.22,91.63,91.57,87.44,92.7,86.77,92.17,0,0,0,86.77,8,Low Risk
90.01,92.52,99.4,96.47,99.33,94.38,100.0,97.33,96.18,0,0,0,90.01,8,Low Risk
76.15,69.58,70.36,64.66,75.57,73.51,72.98,61.77,70.57,6,1,5,61.77,8,High Risk
61.62,73.98,71.01,71.5,60.0,67.48,70.82,62.23,67.33,8,2,6,60.0,8,High Risk
74.26,80.65,,88.47,78.7,78.43,85.92,79.31,80.82,1,1,0,74.26,7,Moderate Risk
76.94,68.24,72.52,62.29,67.51,67.14,70.98,75.4,70.13,6,1,5,62.29,8,High Risk
76.34,73.91,80.12,71.04,80.2,74.08,80.17,86.46,77.79,3,1,2,71.04,8,Moderate Risk
91.64,96.6,93.25,94.52,88.38,90.71,96.48,97.02,93.57,0,0,0,88.38,8,Low Risk
67.36,60.0,69.29,75.46,77.67,60.0,60.0,60.0,66.22,6,2,4,60.0,8,High Risk
78.59,79.77,83.86,81.31,83.26,79.32,85.85,83.1,81.88,0,0,0,78.59,8,Moderate Risk
75.12,71.24,60.0,74.51,,73.63,67.79,60.0,68.9,6,1,5,60.0,7,High Risk
85.2,93.83,80.07,99.84,89.45,90.95,86.89,88.62,89.36,0,0,0,80.07,8,Low Risk
69.24,63.65,70.08,66.54,84.13,66.57,65.52,,69.39,6,2,4,63.65,7,High Risk
92.48,89.96,94.08,91.06,89.53,97.43,91.02,95.88,92.68,0,0,0,89.53,8,Low Risk
93.43,90.05,82.0,93.54,91.65,93.97,90.2,93.33,91.02,0,0,0,82.0,8,Low Risk
60.0,60.0,64.91,60.35,60.0,78.17,62.68,60.0,63.26,7,2,5,60.0,8,High Risk
69.89,71.3,66.4,71.55,75.12,76.16,76.86,67.36,71.83,5,2,3,66.4,8,High Risk
76.56,80.26,84.4,73.98,72.32,73.56,70.29,,75.91,4,0,4,70.29,7,Moderate Risk
85.09,90.24,84.19,88.17,87.56,95.65,84.35,89.92,88.15,0,0,0,84.19,8,Low Risk
66.84,65.96,62.53,70.8,63.66,64.91,67.66,66.86,66.15,8,2,6,62.53,8,High Risk
66.14,60.0,60.0,74.39,60.0,70.98,60.0,70.94,65.31,8,2,6,60.0,8,High Risk
89.2,76.26,74.25,87.81,79.12,80.5,82.28,74.35,80.47,2,0,2,74.25,8,Moderate Risk
65.95,60.0,68.9,67.42,65.24,70.44,63.83,65.39,65.9,8,2,6,60.0,8,High Risk
73.36,65.16,67.98,72.87,86.56,77.25,82.11,69.21,74.31,5,2,3,65.16,8,High Risk
68.62,61.75,60.0,68.73,60.03,69.53,60.0,66.69,64.42,8,2,6,60.0,8,High Risk
90.44,88.48,94.65,87.1,90.23,92.68,97.75,91.26,91.57,0,0,0,87.1,8,Low Risk
60.0,67.11,60.83,75.58,71.99,71.27,66.27,70.91,68.0,7,2,5,60.0,8,High Risk
65.08,65.9,71.0,71.57,65.32,63.8,60.91,60.0,65.45,8,2,6,60.0,8,High Risk
69.11,74.5,72.55,64.78,71.73,72.47,75.09,64.68,70.61,7,2,5,64.68,8,High Risk
87.02,77.5,78.64,87.36,78.44,84.15,80.75,85.89,82.47,0,0,0,77.5,8,Moderate Risk
100.0,99.63,100.0,100.0,100.0,99.09,100.0,100.0,99.84,0,0,0,99.09,8,Low Risk
75.96,74.2,68.49,83.74,79.82,65.44,74.63,81.91,75.52,4,1,3,65.44,8,Moderate Risk
85.54,80.94,75.38,75.06,78.3,79.12,83.74,87.55,80.7,0,0,0,75.06,8,Moderate Risk
77.2,76.23,87.12,65.98,68.27,79.55,76.31,70.45,75.14,3,0,3,65.98,8,Moderate Risk
85.62,85.16,72.51,72.17,85.79,81.43,79.74,80.49,80.36,2,0,2,72.17,8,Moderate Risk
91.42,85.71,87.95,90.56,89.15,93.22,90.53,86.12,89.33,0,0,0,85.71,8,Low Risk
90.55,85.49,80.05,86.47,85.85,92.74,86.33,89.38,87.11,0,0,0,80.05,8,Low Risk
74.75,72.05,75.91,67.33,72.64,77.3,75.7,63.77,72.43,5,2,3,63.77,8,High Risk
81.37,73.59,76.38,,76.62,66.36,80.85,74.38,75.65,3,1,2,66.36,7,Moderate Risk
90.03,89.93,78.06,89.3,82.33,82.38,76.29,80.41,83.59,0,0,0,76.29,8,Moderate Risk
63.22,69.71,65.29,62.95,83.57,,65.94,64.94,67.95,6,2,4,62.95,7,High Risk
83.67,85.57,81.91,85.58,74.48,92.52,77.47,78.28,82.44,1,0,1,74.48,8,Moderate Risk
100.0,92.42,95.05,98.17,100.0,100.0,93.21,96.28,96.89,0,0,0,92.42,8,Low Risk
87.56,99.62,92.32,94.19,97.94,86.33,91.36,100.0,93.66,0,0,0,86.33,8,Low Risk
74.74,60.0,70.27,62.65,72.99,71.68,72.36,70.41,69.39,8,2,6,60.0,8,High Risk
63.06,67.21,60.0,63.67,70.34,68.94,63.05,60.0,64.53,8,2,6,60.0,8,High Risk
71.43,80.62,81.54,69.05,75.06,66.89,74.46,71.36,73.8,5,1,4,66.89,8,High Risk
74.52,61.38,70.67,79.94,71.55,66.83,67.95,68.89,70.22,7,2,5,61.38,8,High Risk
78.45,79.22,74.92,72.77,82.15,77.1,81.73,85.22,78.94,2,0,2,72.77,8,Moderate Risk
97.19,75.01,88.64,74.41,77.12,86.42,79.53,80.33,82.33,1,0,1,74.41,8,Moderate Risk
60.0,66.71,60.0,60.0,61.2,69.53,60.0,60.0,62.18,8,2,6,60.0,8,High Risk
63.08,77.8,64.46,69.96,68.96,61.31,78.59,64.63,68.6,6,1,5,61.31,8,High Risk
82.84,,79.65,83.74,77.75,77.07,82.49,80.62,80.59,0,0,0,77.07,7,Moderate Risk
95.77,91.62,95.59,86.57,94.45,95.56,83.54,93.73,92.1,0,0,0,83.54,8,Low Risk
93.32,83.74,94.97,93.41,95.27,87.7,93.82,84.59,90.85,0,0,0,83.74,8,Low Risk
69.96,60.72,60.0,60.0,76.79,68.0,70.14,62.03,65.96,7,2,5,60.0,8,High Risk
84.62,83.71,87.28,83.79,88.22,88.22,86.36,83.77,85.75,0,0,0,83.71,8,Low Risk
95.79,92.2,93.67,95.6,90.95,98.53,93.45,92.38,94.07,0,0,0,90.95,8,Low Risk
83.26,79.64,77.06,78.61,83.21,84.22,84.9,80.9,81.48,0,0,0,77.06,8,Moderate Risk
82.82,87.06,87.85,90.66,85.58,87.27,96.31,83.7,87.66,0,0,0,82.82,8,Low Risk
89.15,89.36,97.86,95.82,96.55,86.93,91.48,94.32,92.68,0,0,0,86.93,8,Low Risk
87.23,93.85,79.1,81.43,75.97,80.88,71.91,77.89,81.03,1,0,1,71.91,8,Moderate Risk
92.28,97.81,90.24,82.81,86.8,93.48,89.96,89.71,90.39,0,0,0,82.81,8,Low Risk
73.0,77.8,80.85,63.91,65.64,82.65,74.93,69.73,73.56,5,1,4,63.91,8,High Risk
68.7,65.13,68.34,63.57,60.83,74.35,79.77,78.41,69.89,6,2,4,60.83,8,High Risk
88.82,88.79,80.35,87.31,91.7,85.11,87.53,90.87,87.56,0,0,0,80.35,8,Low Risk
79.21,77.75,82.21,91.03,84.85,86.23,82.28,88.63,84.02,0,0,0,77.75,8,Low Risk
81.99,71.79,73.44,82.24,74.21,74.34,68.56,76.13,75.34,5,1,4,68.56,8,Moderate Risk
85.29,73.55,70.37,70.52,72.29,70.23,73.08,68.82,73.02,7,1,6,68.82,8,High Risk
66.06,70.34,66.16,60.0,60.0,73.76,60.0,67.49,65.48,8,2,6,60.0,8,High Risk
90.21,90.72,96.02,94.68,90.02,94.29,89.82,96.97,92.84,0,0,0,89.82,8,Low Risk
90.35,84.59,88.95,82.11,85.8,84.24,83.83,85.64,85.69,0,0,0,82.11,8,Low Risk
85.75,75.79,82.45,69.22,71.0,79.8,81.94,78.36,78.04,2,0,2,69.22,8,Moderate Risk
64.55,72.82,65.23,60.0,60.0,60.0,61.9,60.0,63.06,8,2,6,60.0,8,High Risk
,84.78,84.91,85.81,84.06,81.09,84.75,86.04,84.49,0,0,0,81.09,7,Low Risk
79.97,71.54,79.44,72.74,78.9,82.85,86.16,78.76,78.8,2,1,1,71.54,8,Moderate Risk
79.42,84.24,81.35,75.42,73.79,88.33,82.67,82.35,80.95,1,0,1,73.79,8,Moderate Risk
62.68,60.44,64.17,60.0,65.95,62.63,66.76,68.04,63.83,8,2,6,60.0,8,High Risk
67.9,71.06,66.84,69.42,60.0,77.69,74.69,66.45,69.26,7,2,5,60.0,8,High Risk
81.04,80.64,76.5,84.06,73.1,83.51,81.59,89.4,81.23,1,0,1,73.1,8,Moderate Risk
90.01,94.22,96.0,97.41,95.59,97.17,90.93,96.08,94.68,0,0,0,90.01,8,Low Risk
100.0,100.0,98.24,99.56,94.89,96.28,92.49,100.0,97.68,0,0,0,92.49,8,Low Risk
99.8,99.55,84.44,98.55,93.42,99.46,100.0,100.0,96.9,0,0,0,84.44,8,Low Risk
97.15,93.88,82.92,98.01,88.33,92.99,85.88,91.94,91.39,0,0,0,82.92,8,Low Risk
82.37,85.88,85.47,88.3,93.9,85.7,79.87,75.81,84.66,0,0,0,75.81,8,Low Risk
63.33,61.25,68.01,60.0,69.68,60.0,74.01,67.14,65.43,8,2,6,60.0,8,High Risk
69.7,66.28,63.88,67.17,75.78,62.58,69.48,60.31,66.9,7,2,5,60.31,8,High Risk
68.38,60.0,67.93,60.99,60.0,64.81,70.25,68.83,65.15,8,2,6,60.0,8,High Risk
71.14,69.97,60.0,74.51,77.29,66.25,65.52,73.78,69.81,7,2,5,60.0,8,High Risk
94.59,95.92,93.2,98.18,,88.16,99.23,93.42,94.67,0,0,0,88.16,7,Low Risk
81.56,79.19,69.47,89.02,82.64,87.24,86.05,84.39,82.44,1,0,1,69.47,8,Moderate Risk
74.66,75.1,60.0,71.87,61.02,78.2,73.96,75.46,71.28,5,1,4,60.0,8,High Risk
88.68,89.45,95.75,92.77,94.84,94.93,92.26,98.77,93.43,0,0,0,88.68,8,Low Risk
67.53,60.0,73.61,64.2,75.02,69.02,65.9,74.95,68.78,7,2,5,60.0,8,High Risk
60.0,,71.8,68.98,75.79,72.82,72.18,71.21,70.4,6,1,5,60.0,7,High Risk
66.95,67.45,60.0,71.99,62.84,60.07,76.2,70.51,67.0,7,2,5,60.0,8,High Risk
82.29,88.77,82.84,93.54,82.19,76.21,74.57,74.74,81.89,2,0,2,74.57,8,Moderate Risk
72.07,73.14,68.1,64.55,76.55,60.0,69.83,66.93,68.9,7,2,5,60.0,8,High Risk
80.31,87.64,90.52,82.03,80.78,79.94,83.49,77.73,82.81,0,0,0,77.73,8,Moderate Risk
86.84,86.77,91.29,86.71,95.44,85.22,88.85,82.11,87.9,0,0,0,82.11,8,Low Risk
87.93,87.96,83.35,85.42,92.67,88.37,81.35,90.89,87.24,0,0,0,81.35,8,Low Risk
85.26,89.6,84.63,87.87,78.36,77.84,80.14,83.2,83.36,0,0,0,77.84,8,Moderate Risk
76.07,86.61,84.52,79.65,77.18,82.37,81.02,87.1,81.81,0,0,0,76.07,8,Moderate Risk
91.17,92.4,87.2,81.27,93.77,79.79,80.62,83.84,86.26,0,0,0,79.79,8,Low Risk
74.78,72.46,82.43,71.04,67.92,75.34,76.96,73.18,74.26,5,2,3,67.92,8,High Risk
76.41,79.07,77.06,73.69,77.85,80.26,79.08,78.81,77.78,1,0,1,73.69,8,Moderate Risk
75.76,68.36,79.01,75.93,73.22,62.13,62.91,60.0,69.66,5,1,4,60.0,8,High Risk
87.08,78.5,75.99,79.3,75.22,88.89,73.6,79.13,79.71,1,0,1,73.6,8,Moderate Risk
81.73,77.62,79.56,81.59,92.06,83.14,84.94,79.96,82.57,0,0,0,77.62,8,Moderate Risk
100.0,93.35,82.13,89.99,100.0,95.53,99.71,91.76,94.06,0,0,0,82.13,8,Low Risk
74.94,71.34,77.84,69.19,74.05,73.37,69.99,66.91,72.2,7,2,5,66.91,8,High Risk
92.38,81.1,90.78,90.02,86.95,84.92,80.54,89.87,87.07,0,0,0,80.54,8,Low Risk
94.45,95.74,95.2,94.09,95.82,94.09,100.0,99.18,96.07,0,0,0,94.09,8,Low Risk
88.4,90.74,94.25,89.88,86.54,96.41,90.79,89.72,90.84,0,0,0,86.54,8,Low Risk
61.82,60.0,60.0,60.66,60.0,60.56,60.0,65.56,61.08,8,2,6,60.0,8,High Risk
77.37,68.19,63.1,65.12,63.6,64.69,60.0,60.51,65.32,7,1,6,60.0,8,High Risk
91.27,82.4,85.95,73.93,85.19,78.42,92.0,79.61,83.6,1,0,1,73.93,8,Moderate Risk
93.16,90.74,86.76,86.06,82.47,74.8,89.44,83.18,85.83,1,0,1,74.8,8,Low Risk
92.92,77.98,85.54,91.58,89.28,89.33,85.83,83.27,86.97,0,0,0,77.98,8,Low Risk
83.52,82.51,90.22,87.95,86.09,84.29,86.81,84.79,85.77,0,0,0,82.51,8,Low Risk
94.82,95.7,94.18,96.06,84.6,90.9,97.28,94.91,93.56,0,0,0,84.6,8,Low Risk
71.23,63.34,67.36,66.25,64.3,72.22,79.99,75.41,70.01,6,2,4,63.34,8,High Risk
98.8,96.76,100.0,98.03,94.56,94.36,98.7,99.19,97.55,0,0,0,94.36,8,Low Risk
92.71,80.21,85.31,86.91,90.7,92.76,90.16,87.11,88.23,0,0,0,80.21,8,Low Risk
71.62,60.0,60.99,60.83,70.79,65.65,62.96,80.28,66.64,7,2,5,60.0,8,High Risk
91.61,97.91,95.0,94.58,94.93,91.72,98.57,97.17,95.19,0,0,0,91.61,8,Low Risk
73.32,71.42,76.95,79.3,73.05,78.93,68.32,69.61,73.86,5,2,3,68.32,8,High Risk
60.89,61.96,74.55,68.77,60.0,60.0,60.0,60.85,63.38,8,2,6,60.0,8,High Risk
79.19,73.76,89.03,87.2,79.68,82.5,82.63,81.28,81.91,1,1,0,73.76,8,Moderate Risk
75.44,85.82,72.14,78.33,79.13,79.94,64.3,92.72,78.48,2,0,2,64.3,8,Moderate Risk
90.64,94.15,93.87,91.58,93.64,94.94,93.41,93.2,93.18,0,0,0,90.64,8,Low Risk
74.13,73.83,84.51,77.33,68.93,75.96,78.37,78.27,76.42,3,2,1,68.93,8,Moderate Risk
64.03,63.07,64.94,70.8,69.08,71.6,64.35,75.7,67.95,7,2,5,63.07,8,High Risk
89.91,79.16,91.5,88.83,87.96,85.11,80.68,94.21,87.17,0,0,0,79.16,8,Low Risk
75.17,79.61,,75.93,73.6,75.18,72.73,70.05,74.61,3,0,3,70.05,7,High Risk
74.51,70.6,65.18,73.79,62.73,72.62,62.03,70.48,68.99,8,2,6,62.03,8,High Risk
70.88,92.17,81.23,72.04,81.03,86.84,77.92,84.07,80.77,2,1,1,70.88,8,Moderate Risk
85.26,96.08,91.45,94.65,,96.3,96.89,99.58,94.32,0,0,0,85.26,7,Low Risk
90.74,77.22,80.47,82.43,84.91,72.73,81.62,68.85,79.87,2,0,2,68.85,8,Moderate Risk
67.57,80.25,78.69,67.54,68.65,77.55,71.17,77.74,73.65,4,1,3,67.54,8,High Risk
100.0,100.0,96.27,96.1,95.68,99.6,94.27,100.0,97.74,0,0,0,94.27,8,Low Risk
73.82,85.85,74.12,72.32,75.85,75.14,70.05,73.52,75.08,5,1,4,70.05,8,Moderate Risk
71.58,68.43,65.83,62.01,67.13,76.77,68.8,69.27,68.73,7,2,5,62.01,8,High Risk
88.1,91.23,92.38,91.63,94.57,91.28,98.38,91.58,92.39,0,0,0,88.1,8,Low Risk
81.22,74.75,69.48,87.45,76.29,84.04,71.2,73.98,77.3,4,1,3,69.48,8,Moderate Risk
92.17,88.19,85.26,95.65,96.31,85.88,85.62,88.64,89.72,0,0,0,85.26,8,Low Risk
96.9,98.14,92.88,100.0,100.0,97.0,87.28,95.1,95.91,0,0,0,87.28,8,Low Risk
77.6,88.46,79.87,76.48,83.53,90.56,82.12,84.04,82.83,0,0,0,76.48,8,Moderate Risk
86.24,85.89,84.85,85.9,78.85,78.54,82.9,83.02,83.27,0,0,0,78.54,8,Moderate Risk
100.0,100.0,91.88,95.37,96.85,95.58,94.32,95.32,96.16,0,0,0,91.88,8,Low Risk
100.0,97.25,96.21,94.32,97.34,93.12,100.0,87.95,95.77,0,0,0,87.95,8,Low Risk
60.32,71.49,64.56,67.74,66.15,72.6,71.35,65.1,67.41,8,2,6,60.32,8,High Risk
88.71,94.73,89.3,89.98,92.36,90.17,85.67,95.59,90.81,0,0,0,85.67,8,Low Risk
99.13,100.0,98.3,,100.0,100.0,94.94,99.2,98.8,0,0,0,94.94,7,Low Risk
76.86,80.39,76.06,84.49,80.81,78.93,84.42,83.29,80.66,0,0,0,76.06,8,Moderate Risk
80.55,79.17,78.73,71.6,83.91,85.1,85.33,83.07,80.93,1,0,1,71.6,8,Moderate Risk
92.13,95.67,99.05,97.33,93.96,90.71,95.43,99.12,95.43,0,0,0,90.71,8,Low Risk
75.9,81.23,72.13,82.34,81.04,79.41,89.2,81.42,80.33,1,0,1,72.13,8,Moderate Risk
72.73,74.81,63.9,72.92,72.21,66.4,71.22,75.16,71.17,7,2,5,63.9,8,High Risk
75.0,78.16,75.01,74.81,77.4,81.88,78.46,84.18,78.11,1,0,1,74.81,8,Moderate Risk
79.11,62.61,75.87,76.95,63.93,72.5,69.01,79.64,72.45,4,1,3,62.61,8,High Risk
60.0,,70.22,72.91,68.91,71.81,71.97,64.54,68.62,7,1,6,60.0,7,High Risk
95.33,92.18,87.26,87.09,89.14,84.54,91.26,93.83,90.08,0,0,0,84.54,8,Low Risk
72.84,86.29,71.12,78.59,78.85,80.85,87.52,73.63,78.71,3,1,2,71.12,8,Moderate Risk
76.78,68.1,74.77,71.08,66.44,70.59,79.84,63.38,71.37,6,1,5,63.38,8,High Risk
80.06,87.62,82.44,83.52,85.26,73.73,87.5,78.01,82.27,1,0,1,73.73,8,Moderate Risk
65.6,65.73,74.49,69.57,67.13,69.47,61.09,78.37,68.93,7,2,5,61.09,8,High Risk
64.11,,73.44,60.0,72.22,70.2,64.03,69.51,67.64,7,1,6,60.0,7,High Risk
60.35,69.89,63.56,64.77,63.95,60.0,66.28,69.04,64.73,8,2,6,60.0,8,High Risk
60.0,,60.0,68.21,66.09,60.0,63.9,60.0,62.6,7,1,6,60.0,7,High Risk
81.57,60.0,69.43,63.99,72.72,75.88,66.59,60.74,68.87,6,1,5,60.0,8,High Risk
62.26,60.72,66.74,65.16,68.86,60.03,60.0,60.83,63.07,8,2,6,60.0,8,High Risk
78.35,84.21,80.08,86.66,74.12,74.59,85.04,79.56,80.33,2,0,2,74.12,8,Moderate Risk
60.0,60.0,65.04,72.9,62.06,61.96,72.44,69.71,65.51,8,2,6,60.0,8,High Risk
60.0,62.57,72.73,60.0,60.0,64.58,66.24,60.0,63.27,8,2,6,60.0,8,High Risk
92.77,80.83,78.98,86.33,90.8,89.44,83.02,78.97,85.14,0,0,0,78.97,8,Low Risk
65.08,67.63,60.0,71.6,73.24,81.36,62.21,74.59,69.46,7,2,5,60.0,8,High Risk
60.0,62.96,60.0,69.99,60.0,60.0,60.9,65.12,62.37,8,2,6,60.0,8,High Risk
83.3,77.7,67.66,77.23,83.65,83.57,80.8,80.93,79.36,1,0,1,67.66,8,Moderate Risk
83.26,90.58,90.6,91.49,96.88,91.5,87.3,92.48,90.51,0,0,0,83.26,8,Low Risk
78.79,65.59,70.36,86.6,72.13,81.53,74.66,76.67,75.79,4,1,3,65.59,8,Moderate Risk
100.0,100.0,100.0,100.0,100.0,97.25,96.12,94.39,98.47,0,0,0,94.39,8,Low Risk
74.07,75.53,65.85,65.67,70.84,67.56,66.93,82.38,71.1,6,1,5,65.67,8,High Risk
66.3,69.22,73.05,60.0,62.14,60.0,60.0,60.0,63.84,8,2,6,60.0,8,High Risk
77.61,83.41,76.73,64.54,63.95,64.35,62.58,63.48,69.58,5,0,5,62.58,8,High Risk
90.35,91.66,94.74,93.82,99.75,94.64,99.95,96.14,95.13,0,0,0,90.35,8,Low Risk
88.59,98.14,87.84,87.18,91.11,98.79,94.14,90.15,91.99,0,0,0,87.18,8,Low Risk
60.0,67.6,67.62,67.01,60.0,62.6,65.15,64.08,64.26,8,2,6,60.0,8,High Risk
100.0,93.28,95.94,97.94,97.17,99.19,92.28,98.36,96.77,0,0,0,92.28,8,Low Risk
73.1,61.36,65.86,71.24,65.96,64.25,72.92,66.93,67.7,8,2,6,61.36,8,High Risk
66.98,74.84,88.85,79.6,90.94,74.44,76.06,85.29,79.62,3,2,1,66.98,8,Moderate Risk
64.29,63.63,69.03,74.87,63.97,62.82,62.05,74.0,66.83,8,2,6,62.05,8,High Risk
70.45,82.52,83.99,80.54,88.4,85.28,81.8,87.14,82.52,1,1,0,70.45,8,Moderate Risk
80.17,69.61,80.58,80.97,84.51,82.39,78.28,81.96,79.81,1,1,0,69.61,8,Moderate Risk
89.86,89.63,89.59,91.68,96.06,89.56,84.9,88.79,90.01,0,0,0,84.9,8,Low Risk
85.94,91.34,83.83,83.95,79.78,81.02,84.48,84.16,84.31,0,0,0,79.78,8,Low Risk
76.0,64.53,80.58,69.27,78.42,63.92,69.25,65.58,70.94,5,1,4,63.92,8,High Risk
79.05,85.99,78.43,81.45,73.57,78.34,88.5,75.28,80.08,1,0,1,73.57,8,Moderate Risk
67.67,79.67,72.58,77.93,66.59,62.04,78.93,69.14,71.82,5,1,4,62.04,8,High Risk
75.86,74.91,71.17,74.04,64.09,69.76,79.47,77.3,73.33,5,1,4,64.09,8,High Risk
73.02,75.27,75.88,89.13,72.54,77.46,80.24,71.52,76.88,3,1,2,71.52,8,Moderate Risk
83.54,80.47,76.23,79.81,72.69,81.86,81.41,84.24,80.03,1,0,1,72.69,8,Moderate Risk
79.72,90.64,,82.48,78.75,80.02,87.88,79.41,82.7,0,0,0,78.75,7,Moderate Risk
68.84,67.33,67.5,69.37,68.66,75.83,74.96,60.0,69.06,7,2,5,60.0,8,High Risk
63.46,,69.99,61.03,60.81,65.45,60.0,62.81,63.36,7,1,6,60.0,7,High Risk
79.77,76.31,74.57,79.77,81.07,75.29,84.67,81.08,79.07,1,0,1,74.57,8,Moderate Risk
81.88,88.45,,78.69,78.4,82.17,85.08,77.56,81.75,0,0,0,77.56,7,Moderate Risk
78.82,72.92,79.76,75.09,77.11,73.62,77.58,73.97,76.11,3,1,2,72.92,8,Moderate Risk
71.32,60.0,66.3,72.36,74.59,72.82,78.45,67.46,70.41,7,2,5,60.0,8,High Risk
88.26,96.22,87.2,85.22,93.27,88.79,88.06,90.67,89.71,0,0,0,85.22,8,Low Risk
69.74,65.99,74.62,60.0,65.61,60.0,63.17,60.33,64.93,8,2,6,60.0,8,High Risk
93.12,100.0,93.58,100.0,97.3,97.6,100.0,93.82,96.93,0,0,0,93.12,8,Low Risk
97.47,88.26,91.39,100.0,94.4,95.55,90.4,95.8,94.16,0,0,0,88.26,8,Low Risk
62.27,63.52,60.0,69.2,70.58,62.09,69.62,64.61,65.24,8,2,6,60.0,8,High Risk
93.09,100.0,94.01,93.97,95.78,94.89,95.52,99.67,95.87,0,0,0,93.09,8,Low Risk
77.36,67.0,80.47,72.22,66.47,77.76,82.85,67.2,73.92,4,1,3,66.47,8,High Risk
95.76,98.22,92.84,91.01,100.0,94.58,99.25,100.0,96.46,0,0,0,91.01,8,Low Risk
70.46,62.13,67.34,67.21,70.54,74.58,70.03,63.1,68.17,8,2,6,62.13,8,High Risk
68.05,77.21,85.16,78.28,85.42,79.44,81.3,74.07,78.62,2,1,1,68.05,8,Moderate Risk
77.9,74.52,73.87,71.23,73.29,77.73,73.95,77.76,75.03,5,1,4,71.23,8,Moderate Risk
73.51,76.88,83.22,80.54,84.78,87.42,76.36,86.21,81.11,1,1,0,73.51,8,Moderate Risk
94.01,88.44,87.01,97.65,100.0,93.11,97.55,100.0,94.72,0,0,0,87.01,8,Low Risk
75.72,,78.28,75.88,68.18,80.63,69.72,79.24,75.38,2,0,2,68.18,7,Moderate Risk
99.68,87.63,88.22,83.63,93.39,87.64,92.6,88.06,90.11,0,0,0,83.63,8,Low Risk
60.0,71.08,73.07,75.23,66.43,65.95,70.54,68.53,68.85,7,2,5,60.0,8,High Risk
84.04,93.79,89.29,94.42,86.52,81.24,86.77,91.15,88.4,0,0,0,81.24,8,Low Risk
72.35,68.97,60.0,67.83,71.45,72.85,70.34,69.09,69.11,8,2,6,60.0,8,High Risk
92.86,97.86,94.58,95.75,98.36,88.06,85.92,94.91,93.54,0,0,0,85.92,8,Low Risk
94.23,87.76,92.62,85.31,93.67,91.11,87.59,90.58,90.36,0,0,0,85.31,8,Low Risk
81.86,78.81,84.18,78.84,87.32,86.28,79.49,84.39,82.65,0,0,0,78.81,8,Moderate Risk
63.67,70.68,72.77,61.44,65.06,77.19,60.0,64.61,66.93,7,2,5,60.0,8,High Risk
61.94,63.22,60.11,63.64,68.08,78.24,67.86,60.0,65.39,7,2,5,60.0,8,High Risk
,60.0,60.63,62.83,72.28,60.0,65.13,68.25,64.16,7,1,6,60.0,7,High Risk
90.28,80.74,81.93,77.89,84.67,80.86,87.2,86.43,83.75,0,0,0,77.89,8,Moderate Risk
87.91,100.0,90.56,100.0,98.75,87.92,90.31,92.8,93.53,0,0,0,87.91,8,Low Risk
69.81,71.1,69.99,67.14,63.58,72.58,60.53,69.05,67.97,8,2,6,60.53,8,High Risk
72.25,70.36,73.79,71.6,72.08,78.6,70.4,70.84,72.49,7,2,5,70.36,8,High Risk
80.68,76.67,83.38,82.97,82.21,73.3,71.51,80.25,78.87,2,0,2,71.51,8,Moderate Risk
99.06,100.0,98.69,98.31,94.77,95.17,95.11,91.52,96.58,0,0,0,91.52,8,Low Risk
80.73,83.78,71.25,67.87,79.69,81.94,82.81,77.46,78.19,2,0,2,67.87,8,Moderate Risk
84.55,88.41,76.96,74.75,82.57,75.94,,71.37,79.22,2,0,2,71.37,7,Moderate Risk
60.0,60.0,69.23,60.0,65.27,60.0,65.44,60.0,62.49,8,2,6,60.0,8,High Risk
81.03,88.8,,90.63,90.02,88.65,96.57,98.09,90.54,0,0,0,81.03,7,Low Risk
70.62,76.97,78.13,77.69,70.87,82.11,75.11,84.52,77.0,2,1,1,70.62,8,Moderate Risk
89.01,78.13,85.46,83.51,79.85,86.96,82.99,86.99,84.11,0,0,0,78.13,8,Low Risk
70.76,71.69,64.96,76.65,64.21,70.45,63.67,60.0,67.8,7,2,5,60.0,8,High Risk
83.91,86.1,75.91,82.76,80.64,76.91,82.15,80.18,81.07,0,0,0,75.91,8,Moderate Risk
92.23,84.12,75.93,91.69,88.27,86.85,71.72,83.3,84.26,1,0,1,71.72,8,Low Risk
95.75,99.22,95.61,98.68,100.0,100.0,100.0,98.16,98.43,0,0,0,95.61,8,Low Risk
95.01,85.2,81.48,80.62,78.61,81.42,84.45,83.77,83.82,0,0,0,78.61,8,Moderate Risk
76.85,74.89,83.19,83.92,74.61,78.1,74.43,84.94,78.87,3,1,2,74.43,8,Moderate Risk
76.0,61.7,62.2,65.06,77.88,67.92,62.59,69.52,67.86,6,1,5,61.7,8,High Risk
,89.58,94.24,81.29,83.06,87.51,90.13,76.79,86.09,0,0,0,76.79,7,Low Risk
88.1,96.05,95.72,98.09,94.41,91.48,93.57,97.08,94.31,0,0,0,88.1,8,Low Risk
75.47,83.85,76.22,76.27,,77.57,77.36,85.88,78.95,0,0,0,75.47,7,Moderate Risk
67.75,69.88,68.55,75.27,68.04,66.69,81.01,70.3,70.94,6,2,4,66.69,8,High Risk
94.72,96.94,88.66,88.77,96.95,79.32,88.95,87.03,90.17,0,0,0,79.32,8,Low Risk
63.58,62.78,67.18,69.19,61.64,76.1,72.91,69.96,67.92,7,2,5,61.64,8,High Risk
88.72,83.84,80.45,83.52,84.84,80.27,77.82,88.57,83.5,0,0,0,77.82,8,Moderate Risk
81.49,95.13,87.92,90.2,88.17,83.45,97.09,93.71,89.65,0,0,0,81.49,8,Low Risk
67.6,71.04,67.94,61.26,82.78,71.41,72.73,67.45,70.28,7,2,5,61.26,8,High Risk
93.19,98.19,,100.0,94.98,97.81,95.39,85.82,95.05,0,0,0,85.82,7,Low Risk
60.0,70.15,72.18,60.0,60.0,80.03,68.52,63.81,66.84,7,2,5,60.0,8,High Risk
60.0,,65.4,84.26,67.4,70.57,70.36,72.44,70.06,6,1,5,60.0,7,High Risk
95.93,95.39,95.21,98.12,98.62,98.15,97.44,96.42,96.91,0,0,0,95.21,8,Low Risk
80.05,81.46,84.94,81.63,80.69,83.82,77.55,81.14,81.41,0,0,0,77.55,8,Moderate Risk
62.91,72.9,66.66,71.88,71.71,73.95,65.06,75.16,70.03,7,2,5,62.91,8,High Risk
91.13,98.42,100.0,94.87,98.58,96.4,95.79,100.0,96.9,0,0,0,91.13,8,Low Risk
77.46,74.34,69.99,60.0,81.19,67.82,70.53,70.66,71.5,6,1,5,60.0,8,High Risk
90.78,92.58,95.74,86.67,88.81,94.93,89.47,88.42,90.92,0,0,0,86.67,8,Low Risk
82.24,79.06,89.67,73.49,75.28,88.06,90.89,72.4,81.39,2,0,2,72.4,8,Moderate Risk
69.83,72.04,68.32,78.64,77.64,82.98,81.28,72.58,75.41,4,2,2,68.32,8,Moderate Risk
80.48,69.45,74.6,86.16,81.71,76.2,78.59,77.98,78.15,2,1,1,69.45,8,Moderate Risk
73.38,68.12,69.06,64.88,75.95,71.16,73.29,63.73,69.95,7,2,5,63.73,8,High Risk
93.24,98.65,100.0,98.89,92.85,93.82,100.0,92.31,96.22,0,0,0,92.31,8,Low Risk
89.36,87.88,84.81,90.77,89.12,90.66,92.99,86.44,89.0,0,0,0,84.81,8,Low Risk
85.86,92.14,,100.0,97.7,89.15,92.43,95.83,93.3,0,0,0,85.86,7,Low Risk
70.7,60.0,62.34,60.0,,60.0,69.36,71.69,64.87,7,2,5,60.0,7,High Risk
87.3,74.41,79.91,76.35,82.14,76.71,77.5,79.7,79.25,1,1,0,74.41,8,Moderate Risk
88.96,97.89,84.37,95.75,90.15,83.81,76.07,89.15,88.27,0,0,0,76.07,8,Low Risk
60.0,61.16,60.53,60.5,60.0,63.21,60.0,68.17,61.7,8,2,6,60.0,8,High Risk
85.7,74.02,66.42,81.6,80.31,77.97,60.0,74.05,75.01,4,1,3,60.0,8,Moderate Risk
100.0,95.38,96.9,100.0,99.01,99.97,96.11,100.0,98.42,0,0,0,95.38,8,Low Risk
,71.31,71.67,66.4,60.0,70.44,60.0,65.78,66.51,7,1,6,60.0,7,High Risk
100.0,100.0,100.0,94.57,98.1,99.07,100.0,100.0,98.97,0,0,0,94.57,8,Low Risk
92.17,78.09,93.96,91.87,89.99,94.14,95.35,92.1,90.96,0,0,0,78.09,8,Low Risk
81.58,77.23,88.74,79.06,86.16,83.65,93.14,85.13,84.34,0,0,0,77.23,8,Low Risk
81.05,72.78,78.11,70.21,79.06,74.61,70.21,76.03,75.26,4,1,3,70.21,8,Moderate Risk
96.82,95.16,88.21,89.01,90.2,98.23,96.94,88.31,92.86,0,0,0,88.21,8,Low Risk
65.15,75.29,68.19,68.23,60.72,67.54,73.26,75.72,69.26,6,1,5,60.72,8,High Risk
95.87,96.41,88.51,91.67,85.17,93.38,85.3,99.28,91.95,0,0,0,85.17,8,Low Risk
70.33,87.33,83.25,74.9,72.97,76.97,67.69,88.65,77.76,4,1,3,67.69,8,Moderate Risk
60.42,72.37,67.6,68.16,65.95,60.8,64.61,60.0,64.99,8,2,6,60.0,8,High Risk
76.57,86.11,69.81,77.12,76.24,,80.76,77.68,77.76,1,0,1,69.81,7,Moderate Risk
83.13,66.34,60.0,69.93,76.68,73.74,71.92,74.02,71.97,6,1,5,60.0,8,High Risk
97.47,88.37,98.22,,93.41,100.0,95.13,96.02,95.52,0,0,0,88.37,7,Low Risk
67.62,62.54,60.0,70.63,65.94,60.0,73.51,67.19,65.93,8,2,6,60.0,8,High Risk
100.0,97.69,93.29,88.33,95.52,100.0,96.99,90.39,95.28,0,0,0,88.33,8,Low Risk
70.94,77.82,85.61,78.74,82.17,91.99,84.88,81.07,81.65,1,1,0,70.94,8,Moderate Risk
82.18,71.87,80.87,82.32,73.58,83.98,76.53,83.72,79.38,2,1,1,71.87,8,Moderate Risk
75.09,82.19,84.94,78.01,74.49,72.59,77.05,81.45,78.23,2,0,2,72.59,8,Moderate Risk
96.07,86.45,89.51,86.46,99.57,93.29,91.15,98.42,92.62,0,0,0,86.45,8,Low Risk
90.5,94.13,87.25,87.4,80.73,78.28,80.15,75.79,84.28,0,0,0,75.79,8,Low Risk
92.21,91.45,76.79,81.1,90.34,82.33,75.54,81.65,83.93,0,0,0,75.54,8,Moderate Risk
74.59,64.02,61.61,60.0,61.26,65.14,71.63,68.81,65.88,8,2,6,60.0,8,High Risk
67.31,67.35,65.68,68.28,60.22,77.36,60.0,68.87,66.88,7,2,5,60.0,8,High Risk
84.7,83.57,81.4,86.28,79.39,92.98,89.97,93.09,86.42,0,0,0,79.39,8,Low Risk
60.0,62.74,60.0,61.27,60.0,64.78,70.24,60.0,62.38,8,2,6,60.0,8,High Risk
85.76,88.97,87.14,82.14,85.51,70.55,81.18,86.17,83.43,1,0,1,70.55,8,Moderate Risk
86.15,84.11,81.75,84.76,77.31,85.42,78.96,78.58,82.13,0,0,0,77.31,8,Moderate Risk
65.64,67.87,74.53,66.96,60.98,60.0,74.82,64.24,66.88,8,2,6,60.0,8,High Risk
87.45,92.14,90.79,90.17,86.66,83.63,85.18,87.17,87.9,0,0,0,83.63,8,Low Risk
76.33,82.55,87.21,77.89,79.66,87.01,87.76,79.13,82.19,0,0,0,76.33,8,Moderate Risk
93.35,96.64,95.01,89.61,95.47,96.13,96.68,91.04,94.24,0,0,0,89.61,8,Low Risk
80.17,75.99,83.85,73.61,80.77,74.0,92.95,83.8,80.64,2,0,2,73.61,8,Moderate Risk
84.77,74.43,86.51,79.95,79.68,64.76,74.06,82.87,78.38,3,1,2,64.76,8,Moderate Risk
83.02,84.94,91.42,75.03,73.15,78.4,76.71,78.68,80.17,1,0,1,73.15,8,Moderate Risk
91.6,80.02,90.0,88.17,90.62,97.16,91.25,86.26,89.38,0,0,0,80.02,8,Low Risk
84.52,68.62,77.89,76.1,73.12,74.15,72.77,70.24,74.68,5,1,4,68.62,8,High Risk
61.23,68.27,67.65,67.42,62.64,60.0,70.71,66.33,65.53,8,2,6,60.0,8,High Risk
68.83,61.96,60.0,60.0,65.32,69.89,70.17,76.44,66.58,7,2,5,60.0,8,High Risk
61.06,,71.07,72.76,77.14,69.93,77.69,65.12,70.68,5,1,4,61.06,7,High Risk
67.16,60.0,67.49,71.41,69.39,68.8,68.96,68.13,67.67,8,2,6,60.0,8,High Risk
63.0,67.15,60.0,60.0,68.61,72.67,67.29,83.82,67.82,7,2,5,60.0,8,High Risk
84.4,81.23,76.62,84.66,82.76,72.08,77.95,68.61,78.54,2,0,2,68.61,8,Moderate Risk
99.1,90.4,94.4,89.87,98.46,100.0,93.06,93.48,94.85,0,0,0,89.87,8,Low Risk
69.52,68.94,68.28,77.43,60.0,72.52,85.77,83.18,73.2,5,2,3,60.0,8,High Risk
88.81,89.77,76.15,,84.27,82.98,82.54,83.62,84.02,0,0,0,76.15,7,Low Risk
90.36,90.83,89.5,96.11,94.05,96.9,89.77,89.0,92.06,0,0,0,89.0,8,Low Risk
87.05,87.57,92.35,85.17,93.61,81.48,88.08,86.07,87.67,0,0,0,81.48,8,Low Risk
60.0,73.64,62.39,72.61,66.32,65.38,75.46,60.81,67.08,7,2,5,60.0,8,High Risk
95.33,98.04,100.0,96.99,95.68,97.42,100.0,93.65,97.14,0,0,0,93.65,8,Low Risk
67.2,69.63,79.66,70.57,68.94,69.46,68.06,67.06,70.07,7,2,5,67.06,8,High Risk
67.02,66.77,71.52,71.04,76.68,69.33,65.89,71.01,69.91,7,2,5,65.89,8,High Risk
77.64,70.19,77.1,79.5,72.4,79.26,82.75,81.91,77.59,2,1,1,70.19,8,Moderate Risk
72.52,70.66,67.09,60.0,60.0,60.3,66.34,64.75,65.21,8,2,6,60.0,8,High Risk
82.98,90.7,79.97,86.08,82.01,84.29,86.02,82.37,84.3,0,0,0,79.97,8,Low Risk
70.9,72.25,78.94,77.01,81.98,85.44,79.39,78.25,78.02,2,2,0,70.9,8,Moderate Risk
95.85,92.86,95.57,100.0,99.35,93.19,100.0,85.45,95.28,0,0,0,85.45,8,Low Risk
84.54,86.55,70.7,79.79,80.33,71.18,81.65,76.04,78.85,2,0,2,70.7,8,Moderate Risk
83.16,74.04,62.04,70.55,76.3,75.39,70.02,63.04,71.82,5,1,4,62.04,8,High Risk
75.44,,70.73,79.14,70.96,70.51,73.29,67.21,72.47,5,0,5,67.21,7,High Risk
85.95,99.3,91.21,96.19,86.68,99.94,88.14,97.99,93.17,0,0,0,85.95,8,Low Risk
85.03,76.07,73.08,80.63,73.41,79.0,84.79,80.05,79.01,2,0,2,73.08,8,Moderate Risk
60.0,63.72,67.56,68.34,64.96,60.4,74.05,60.94,65.0,8,2,6,60.0,8,High Risk
97.84,100.0,100.0,97.13,94.76,100.0,,100.0,98.53,0,0,0,94.76,7,Low Risk
90.44,97.12,96.12,93.9,94.14,99.2,87.96,91.11,93.75,0,0,0,87.96,8,Low Risk
68.9,72.84,63.25,66.02,74.87,60.16,67.05,69.96,67.88,8,2,6,60.16,8,High Risk
99.0,100.0,95.81,100.0,94.27,98.07,93.9,100.0,97.63,0,0,0,93.9,8,Low Risk
87.56,84.26,85.32,79.39,86.53,85.31,86.73,85.17,85.03,0,0,0,79.39,8,Low Risk
95.07,92.52,93.31,82.92,99.25,91.94,99.58,87.36,92.74,0,0,0,82.92,8,Low Risk
78.74,76.41,69.0,77.84,70.01,69.54,74.52,78.58,74.33,4,0,4,69.0,8,High Risk
100.0,99.61,89.09,92.73,93.04,97.96,90.47,97.44,95.04,0,0,0,89.09,8,Low Risk
72.02,74.52,67.15,70.62,63.02,61.65,78.03,62.57,68.7,7,2,5,61.65,8,High Risk
89.5,90.77,84.89,,91.44,90.21,86.78,82.73,88.05,0,0,0,82.73,7,Low Risk
81.23,97.94,89.49,82.28,81.61,89.71,85.39,91.22,87.36,0,0,0,81.23,8,Low Risk
81.0,80.5,85.48,78.47,81.69,90.13,89.53,76.2,82.88,0,0,0,76.2,8,Moderate Risk
96.14,98.64,92.63,95.09,100.0,100.0,99.26,95.83,97.2,0,0,0,92.63,8,Low Risk
95.94,98.96,90.66,97.29,97.6,89.94,87.69,96.99,94.38,0,0,0,87.69,8,Low Risk
75.18,70.9,77.2,73.47,86.04,78.02,81.51,68.59,76.36,3,1,2,68.59,8,Moderate Risk
97.92,90.73,89.14,92.79,90.04,86.79,86.7,84.47,89.82,0,0,0,84.47,8,Low Risk
79.83,84.32,78.26,77.44,74.98,79.19,86.31,83.92,80.53,1,0,1,74.98,8,Moderate Risk
60.0,60.0,81.52,60.28,81.24,66.65,60.0,60.0,66.21,6,2,4,60.0,8,High Risk
66.89,73.16,72.67,81.23,63.82,74.46,70.15,67.6,71.25,7,2,5,63.82,8,High Risk
83.98,90.53,86.27,100.0,94.96,93.19,100.0,97.2,93.27,0,0,0,83.98,8,Low Risk
89.02,96.49,86.44,95.77,96.92,96.7,91.33,95.03,93.46,0,0,0,86.44,8,Low Risk
83.43,87.04,85.71,83.54,96.58,86.74,90.06,81.7,86.85,0,0,0,81.7,8,Low Risk
92.43,93.91,91.56,94.38,94.34,100.0,93.51,98.82,94.87,0,0,0,91.56,8,Low Risk
89.18,99.25,95.99,98.74,100.0,97.15,89.4,94.01,95.47,0,0,0,89.18,8,Low Risk
82.57,76.29,75.94,76.2,67.1,72.93,,73.11,74.88,3,0,3,67.1,7,High Risk
84.54,81.13,82.9,86.88,88.6,86.0,89.93,84.94,85.62,0,0,0,81.13,8,Low Risk
76.94,74.12,60.23,74.92,64.52,74.25,63.07,67.97,69.5,7,1,6,60.23,8,High Risk
66.76,73.43,76.31,65.5,72.83,86.39,70.13,72.69,73.0,6,2,4,65.5,8,High Risk
66.72,68.78,60.0,70.54,60.0,60.0,65.83,73.85,65.72,8,2,6,60.0,8,High Risk
90.09,92.61,92.53,93.8,95.62,90.49,89.11,86.58,91.35,0,0,0,86.58,8,Low Risk
87.36,87.29,86.35,95.06,91.06,89.54,88.64,85.62,88.87,0,0,0,85.62,8,Low Risk
60.0,62.28,,73.92,69.17,60.0,74.5,66.69,66.65,7,2,5,60.0,7,High Risk
69.74,66.2,60.0,63.26,60.0,70.1,60.0,66.63,64.49,8,2,6,60.0,8,High Risk
72.88,80.68,70.37,78.38,75.48,81.9,77.89,78.82,77.05,2,1,1,70.37,8,Moderate Risk
60.0,66.18,61.33,60.0,61.76,60.15,75.99,79.5,65.61,6,2,4,60.0,8,High Risk
75.58,68.39,69.62,70.5,64.75,68.41,78.75,72.43,71.05,6,1,5,64.75,8,High Risk
89.38,91.34,84.37,79.9,95.31,89.83,90.07,93.89,89.26,0,0,0,79.9,8,Low Risk
90.62,88.15,91.82,86.36,92.75,90.18,83.48,89.6,89.12,0,0,0,83.48,8,Low Risk
73.42,71.82,,67.45,72.46,69.89,65.76,69.59,70.06,7,2,5,65.76,7,High Risk
70.03,81.34,70.68,81.93,80.94,75.35,74.38,70.84,75.69,4,1,3,70.03,8,Moderate Risk
73.02,69.61,79.08,78.69,79.13,81.63,74.67,77.34,76.65,3,2,1,69.61,8,Moderate Risk
86.62,68.61,83.26,87.69,81.6,84.89,86.21,85.23,83.01,1,1,0,68.61,8,Moderate Risk
69.21,68.15,78.21,64.27,73.6,70.71,63.66,62.35,68.77,7,2,5,62.35,8,High Risk
67.94,60.0,68.52,65.28,63.78,68.13,72.38,67.58,66.7,8,2,6,60.0,8,High Risk
89.31,84.85,81.51,81.37,78.42,89.79,86.92,85.4,84.7,0,0,0,78.42,8,Low Risk
67.53,73.35,78.54,73.43,80.62,79.86,64.14,71.09,73.57,5,2,3,64.14,8,High Risk
66.52,66.82,60.0,65.45,60.0,61.84,69.92,70.03,65.07,8,2,6,60.0,8,High Risk
74.99,67.79,70.73,60.0,77.74,73.81,60.0,62.23,68.41,7,2,5,60.0,8,High Risk
77.77,83.22,87.69,78.6,68.84,86.02,81.08,77.49,80.09,1,0,1,68.84,8,Moderate Risk
72.61,89.19,90.24,88.3,81.8,87.62,89.31,81.3,85.05,1,1,0,72.61,8,Low Risk
86.32,98.65,96.93,95.37,87.56,100.0,94.08,93.08,94.0,0,0,0,86.32,8,Low Risk
67.34,60.0,72.32,60.48,60.0,65.02,65.16,68.43,64.84,8,2,6,60.0,8,High Risk
98.13,90.35,100.0,97.47,97.31,97.28,87.83,92.13,95.06,0,0,0,87.83,8,Low Risk
85.15,87.67,85.83,88.71,82.17,85.1,87.73,85.91,86.03,0,0,0,82.17,8,Low Risk
66.86,72.12,64.53,73.98,78.09,66.53,66.12,65.9,69.27,7,2,5,64.53,8,High Risk
93.08,91.07,93.38,100.0,91.16,90.01,98.37,95.73,94.1,0,0,0,90.01,8,Low Risk
77.31,67.17,73.2,71.28,78.05,67.71,74.46,75.83,73.13,5,1,4,67.17,8,High Risk
63.56,73.51,75.03,64.57,66.42,65.69,67.91,64.0,67.59,7,2,5,63.56,8,High Risk
100.0,87.35,95.36,97.57,92.41,91.7,100.0,97.23,95.2,0,0,0,87.35,8,Low Risk
74.09,73.04,70.7,72.71,79.65,67.72,78.42,71.73,73.51,6,2,4,67.72,8,High Risk
73.57,72.03,81.71,75.23,74.48,71.88,73.07,71.9,74.23,6,2,4,71.88,8,High Risk
66.74,75.61,82.45,64.22,85.77,83.16,74.75,75.63,76.04,3,1,2,64.22,8,Moderate Risk
64.57,84.92,71.74,71.85,74.53,75.25,60.0,68.7,71.44,6,1,5,60.0,8,High Risk
88.82,82.0,89.04,91.75,94.95,87.28,91.74,91.26,89.61,0,0,0,82.0,8,Low Risk
66.27,64.0,69.94,67.77,74.26,69.06,64.79,68.67,68.09,8,2,6,64.0,8,High Risk
81.22,76.01,72.4,80.8,73.43,85.62,79.8,77.4,78.34,2,0,2,72.4,8,Moderate Risk
71.42,87.25,69.53,73.82,78.25,75.32,77.74,77.31,76.33,3,1,2,69.53,8,Moderate Risk
96.21,92.86,95.49,94.82,100.0,96.87,97.6,97.02,96.36,0,0,0,92.86,8,Low Risk
75.9,74.6,75.87,75.44,80.97,80.69,74.31,76.82,76.82,2,1,1,74.31,8,Moderate Risk
83.51,79.39,72.1,64.61,76.05,78.53,62.51,76.23,74.12,3,0,3,62.51,8,High Risk
82.26,86.8,85.38,87.4,90.32,85.06,87.02,90.88,86.89,0,0,0,82.26,8,Low Risk
88.15,90.14,70.9,79.44,79.7,82.84,91.06,77.22,82.43,1,0,1,70.9,8,Moderate Risk
76.38,84.55,75.1,81.46,73.78,74.96,78.47,74.85,77.44,3,0,3,73.78,8,Moderate Risk
62.6,70.47,72.09,71.65,62.57,65.42,62.4,68.52,66.97,8,2,6,62.4,8,High Risk
65.88,,68.81,73.69,65.71,65.22,61.27,65.54,66.59,7,1,6,61.27,7,High Risk
86.47,82.69,93.36,88.62,86.49,86.93,92.92,90.0,88.44,0,0,0,82.69,8,Low Risk
88.21,80.07,74.6,72.13,78.07,80.65,76.99,70.99,77.71,3,0,3,70.99,8,Moderate Risk
85.93,82.85,83.47,85.7,85.27,82.24,81.88,81.69,83.63,0,0,0,81.69,8,Moderate Risk
84.03,86.37,86.48,85.57,86.6,80.0,84.43,86.07,84.94,0,0,0,80.0,8,Low Risk
78.02,68.72,61.06,62.34,68.79,60.0,60.0,60.62,64.94,7,1,6,60.0,8,High Risk
80.22,72.79,76.38,82.81,83.94,83.98,84.56,78.38,80.38,1,1,0,72.79,8,Moderate Risk
90.78,93.72,88.41,94.54,98.41,90.49,92.27,86.55,91.9,0,0,0,86.55,8,Low Risk
67.84,72.2,74.8,73.04,69.09,74.93,76.6,66.6,71.89,7,2,5,66.6,8,High Risk
80.26,74.42,74.41,73.59,76.67,71.59,74.33,70.99,74.53,6,1,5,70.99,8,High Risk
68.04,70.96,67.92,74.38,66.34,75.46,76.79,77.08,72.12,5,2,3,66.34,8,High Risk
80.39,62.89,61.55,76.89,61.47,60.0,63.94,60.09,65.9,6,1,5,60.0,8,High Risk
89.05,93.14,93.02,95.58,94.45,94.56,100.0,100.0,94.97,0,0,0,89.05,8,Low Risk
92.19,93.54,100.0,85.98,90.81,99.0,90.75,95.99,93.53,0,0,0,85.98,8,Low Risk
75.0,60.0,76.13,60.0,66.0,60.0,60.0,68.34,65.68,6,1,5,60.0,8,High Risk
87.15,95.75,87.32,93.52,95.73,92.6,93.87,93.56,92.44,0,0,0,87.15,8,Low Risk
85.9,83.62,83.86,83.0,77.13,78.35,84.07,87.56,82.94,0,0,0,77.13,8,Moderate Risk
72.99,64.85,61.87,64.64,60.0,60.0,79.7,66.09,66.27,7,2,5,60.0,8,High Risk
66.25,71.93,67.16,74.55,72.81,74.03,75.91,70.65,71.66,7,2,5,66.25,8,High Risk
76.0,85.37,78.15,87.96,82.81,77.22,93.21,75.48,82.03,0,0,0,75.48,8,Moderate Risk
78.28,81.96,84.64,75.74,69.87,79.08,76.63,68.79,76.87,2,0,2,68.79,8,Moderate Risk
92.91,84.94,77.47,83.37,87.23,86.29,83.47,85.47,85.14,0,0,0,77.47,8,Low Risk
69.03,69.02,68.35,73.83,60.0,60.0,62.54,62.03,65.6,8,2,6,60.0,8,High Risk
92.69,92.54,93.83,96.71,98.54,92.53,89.13,98.53,94.31,0,0,0,89.13,8,Low Risk
92.93,84.23,78.78,85.51,80.59,82.39,87.03,83.12,84.32,0,0,0,78.78,8,Low Risk
91.18,92.48,94.82,90.1,94.79,82.0,91.33,87.91,90.58,0,0,0,82.0,8,Low Risk
84.84,87.87,79.79,79.23,75.45,81.72,82.52,87.39,82.35,0,0,0,75.45,8,Moderate Risk
78.86,70.99,81.17,80.28,80.83,74.4,78.9,71.17,77.07,3,1,2,70.99,8,Moderate Risk
62.57,60.0,69.19,60.0,64.29,64.91,61.94,65.05,63.49,8,2,6,60.0,8,High Risk
77.68,73.53,60.0,61.13,64.95,81.31,64.94,71.29,69.35,6,1,5,60.0,8,High Risk
86.7,79.72,86.13,81.13,90.35,90.27,91.67,93.06,87.38,0,0,0,79.72,8,Low Risk
91.25,83.07,95.02,94.86,94.13,95.54,80.3,97.75,91.49,0,0,0,80.3,8,Low Risk
88.38,100.0,94.46,97.81,98.8,100.0,96.6,91.49,95.94,0,0,0,88.38,8,Low Risk
91.04,87.78,93.64,99.0,98.21,96.03,97.98,95.83,94.94,0,0,0,87.78,8,Low Risk
65.68,74.37,75.28,72.54,81.53,70.26,79.42,80.36,74.93,4,2,2,65.68,8,High Risk
72.2,65.08,70.03,71.76,60.0,65.33,60.03,69.79,66.78,8,2,6,60.0,8,High Risk
88.28,91.91,97.39,94.3,91.23,97.6,91.26,88.38,92.54,0,0,0,88.28,8,Low Risk
70.53,60.71,71.15,73.73,69.72,71.34,62.44,64.4,68.0,8,2,6,60.71,8,High Risk
62.51,63.25,65.66,61.42,60.0,60.0,62.44,64.05,62.42,8,2,6,60.0,8,High Risk
88.01,97.61,85.09,83.71,,94.02,87.96,96.17,90.37,0,0,0,83.71,7,Low Risk
78.14,83.86,83.18,84.66,74.61,80.01,79.12,79.36,80.37,1,0,1,74.61,8,Moderate Risk
60.0,62.33,72.81,60.0,63.33,70.09,60.0,72.67,65.15,8,2,6,60.0,8,High Risk
74.69,89.1,91.0,81.05,76.56,86.21,81.39,84.42,83.05,1,1,0,74.69,8,Moderate Risk
97.31,88.12,81.6,90.21,87.22,93.27,90.25,90.68,89.83,0,0,0,81.6,8,Low Risk
77.5,78.62,73.69,79.49,76.56,69.94,80.02,81.83,77.21,2,0,2,69.94,8,Moderate Risk
93.25,81.7,71.16,80.36,82.9,80.53,70.87,78.88,79.96,2,0,2,70.87,8,Moderate Risk
95.7,100.0,92.88,95.13,95.25,96.99,96.54,100.0,96.56,0,0,0,92.88,8,Low Risk
66.88,60.0,60.04,74.37,66.56,60.0,60.0,67.85,64.46,8,2,6,60.0,8,High Risk
85.63,89.96,74.94,76.16,93.29,87.79,76.82,75.28,82.48,1,0,1,74.94,8,Moderate Risk
78.93,81.82,89.76,78.19,74.93,82.53,88.74,78.57,81.68,1,0,1,74.93,8,Moderate Risk
80.57,82.08,85.24,91.09,80.26,72.21,81.19,83.7,82.04,1,0,1,72.21,8,Moderate Risk
99.47,91.73,86.33,94.63,94.3,89.08,93.14,92.74,92.68,0,0,0,86.33,8,Low Risk
74.24,67.31,71.37,77.7,73.39,70.73,74.0,80.34,73.64,6,2,4,67.31,8,High Risk
97.79,95.48,89.27,96.84,96.86,94.32,99.62,92.59,95.35,0,0,0,89.27,8,Low Risk
60.0,64.91,73.73,62.4,63.1,71.15,73.83,60.0,66.14,8,2,6,60.0,8,High Risk
80.39,96.18,75.25,78.92,81.82,78.14,76.87,79.36,80.87,0,0,0,75.25,8,Moderate Risk
82.24,83.62,83.95,89.35,85.85,79.76,90.87,88.44,85.51,0,0,0,79.76,8,Low Risk
66.98,68.38,69.58,61.83,79.15,74.69,66.23,71.87,69.84,7,2,5,61.83,8,High Risk
100.0,88.57,85.99,81.1,94.94,88.54,93.45,94.26,90.86,0,0,0,81.1,8,Low Risk
100.0,93.02,96.67,100.0,99.98,97.96,100.0,100.0,98.45,0,0,0,93.02,8,Low Risk
79.58,78.56,77.93,81.48,91.12,83.93,81.56,75.3,81.18,0,0,0,75.3,8,Moderate Risk
94.53,91.46,95.78,90.29,91.95,87.33,88.6,85.37,90.66,0,0,0,85.37,8,Low Risk
79.5,89.35,74.49,84.26,79.7,82.84,91.08,75.54,82.09,1,0,1,74.49,8,Moderate Risk
82.57,95.24,90.28,88.52,87.19,91.6,94.17,79.81,88.67,0,0,0,79.81,8,Low Risk
96.17,100.0,100.0,100.0,91.62,93.19,93.52,100.0,96.81,0,0,0,91.62,8,Low Risk
68.37,70.91,64.13,76.73,60.33,65.1,66.58,72.28,68.05,7,2,5,60.33,8,High Risk
96.65,99.07,93.31,99.26,85.86,98.61,92.82,92.82,94.8,0,0,0,85.86,8,Low Risk
69.99,65.75,62.02,73.0,69.42,60.83,60.0,60.33,65.17,8,2,6,60.0,8,High Risk
90.65,95.83,91.55,98.77,85.57,93.59,86.77,95.09,92.23,0,0,0,85.57,8,Low Risk
82.39,77.67,77.94,87.23,86.87,73.01,80.69,80.81,80.83,1,0,1,73.01,8,Moderate Risk
88.48,85.49,80.02,76.01,81.03,81.48,84.63,86.4,82.94,0,0,0,76.01,8,Moderate Risk
60.0,74.25,60.0,77.8,68.22,66.31,60.0,65.38,66.5,7,2,5,60.0,8,High Risk
60.98,63.94,70.51,,60.0,66.81,62.18,62.63,63.86,7,2,5,60.0,7,High Risk
71.42,86.72,63.94,61.63,73.24,68.47,78.84,72.54,72.1,6,1,5,61.63,8,High Risk
74.32,72.0,70.35,77.07,78.89,84.34,78.26,72.95,76.02,4,2,2,70.35,8,Moderate Risk
85.25,81.55,83.91,86.32,79.83,79.54,84.08,78.17,82.33,0,0,0,78.17,8,Moderate Risk
86.79,,86.77,82.93,84.86,89.76,87.96,85.22,86.33,0,0,0,82.93,7,Low Risk
70.88,64.59,65.88,66.65,60.0,60.0,60.0,63.13,63.89,8,2,6,60.0,8,High Risk
86.93,92.3,85.4,84.16,84.07,87.16,84.71,79.89,85.58,0,0,0,79.89,8,Low Risk
100.0,93.44,92.27,88.05,87.9,95.04,96.18,100.0,94.11,0,0,0,87.9,8,Low Risk
96.72,96.18,92.78,98.16,100.0,100.0,98.87,100.0,97.84,0,0,0,92.78,8,Low Risk
87.93,82.92,82.19,81.82,81.92,83.83,88.68,87.87,84.65,0,0,0,81.82,8,Low Risk
88.31,84.14,86.53,74.66,92.29,85.67,84.07,83.23,84.86,1,0,1,74.66,8,Low Risk
72.09,73.57,80.07,77.16,77.77,78.86,75.34,70.71,75.7,3,2,1,70.71,8,Moderate Risk
86.67,71.23,70.91,80.23,76.54,74.95,64.57,76.99,75.26,4,1,3,64.57,8,Moderate Risk
92.85,87.54,94.48,89.38,96.86,85.88,85.18,84.84,89.63,0,0,0,84.84,8,Low Risk
63.94,75.43,78.22,77.17,66.41,73.57,74.9,69.07,72.34,5,1,4,63.94,8,High Risk
94.39,100.0,98.98,96.66,96.04,90.55,93.0,93.13,95.34,0,0,0,90.55,8,Low Risk
84.25,77.68,78.55,75.17,82.08,77.0,78.3,82.26,79.41,0,0,0,75.17,8,Moderate Risk
72.58,79.65,71.99,71.21,82.61,76.91,78.41,75.56,76.12,3,1,2,71.21,8,Moderate Risk
64.73,66.56,61.08,60.0,64.1,71.42,66.4,62.38,64.58,8,2,6,60.0,8,High Risk
67.07,60.32,60.0,69.86,60.0,73.47,60.0,76.45,65.9,7,2,5,60.0,8,High Risk
98.44,96.52,93.13,94.72,95.11,94.16,88.58,96.22,94.61,0,0,0,88.58,8,Low Risk
73.05,86.9,83.18,82.7,82.73,89.54,80.9,75.38,81.8,1,1,0,73.05,8,Moderate Risk
62.37,60.0,65.32,60.0,68.31,60.0,60.0,73.91,63.74,8,2,6,60.0,8,High Risk
84.24,82.74,74.99,74.37,64.43,73.43,76.19,76.19,75.82,4,0,4,64.43,8,Moderate Risk
81.2,78.87,75.89,74.54,78.52,75.45,79.42,71.25,76.89,2,0,2,71.25,8,Moderate Risk
80.91,80.0,79.85,77.71,69.37,83.67,90.23,81.67,80.43,1,0,1,69.37,8,Moderate Risk
99.57,93.71,92.88,96.46,98.62,98.73,88.68,89.08,94.72,0,0,0,88.68,8,Low Risk
67.17,63.61,67.13,60.0,60.0,65.28,67.41,70.29,65.11,8,2,6,60.0,8,High Risk
86.55,79.27,81.8,82.58,84.73,74.47,80.58,86.48,82.06,1,0,1,74.47,8,Moderate Risk
88.34,88.11,79.29,80.25,80.23,81.33,77.44,78.28,81.66,0,0,0,77.44,8,Moderate Risk
72.53,77.15,68.11,75.7,75.54,83.82,74.75,80.79,76.05,3,1,2,68.11,8,Moderate Risk
70.79,70.41,66.03,72.6,68.24,60.0,66.35,61.38,66.97,8,2,6,60.0,8,High Risk
70.27,60.0,71.06,74.22,61.92,60.75,79.04,67.28,68.07,7,2,5,60.0,8,High Risk
69.74,69.0,,60.0,61.78,60.0,67.19,73.22,65.85,7,2,5,60.0,7,High Risk
89.22,85.19,95.44,90.73,90.65,91.16,94.74,92.5,91.2,0,0,0,85.19,8,Low Risk
67.4,67.72,68.4,67.9,63.44,74.76,65.23,68.89,67.97,8,2,6,63.44,8,High Risk
60.97,83.94,76.39,74.17,74.94,,78.67,74.12,74.74,4,1,3,60.97,7,High Risk
75.31,79.63,69.09,80.82,73.27,81.46,73.44,77.18,76.28,3,0,3,69.09,8,Moderate Risk
73.59,63.5,60.0,63.34,61.01,60.0,64.36,60.0,63.23,8,2,6,60.0,8,High Risk
64.19,78.12,79.94,79.54,72.29,77.32,81.5,73.0,75.74,3,1,2,64.19,8,Moderate Risk
78.63,76.6,84.47,70.21,79.56,84.38,83.36,79.62,79.6,1,0,1,70.21,8,Moderate Risk
65.39,68.12,72.94,62.94,73.65,74.43,72.81,65.42,69.46,8,2,6,62.94,8,High Risk
87.76,84.25,84.53,90.5,91.46,89.24,84.06,85.46,87.16,0,0,0,84.06,8,Low Risk
65.59,71.96,63.96,65.71,74.79,67.17,78.64,64.07,68.99,7,2,5,63.96,8,High Risk
97.15,96.47,94.69,89.06,91.93,83.7,89.98,84.31,90.91,0,0,0,83.7,8,Low Risk
92.54,91.62,83.68,93.26,97.6,87.42,99.67,91.25,92.13,0,0,0,83.68,8,Low Risk
76.19,78.47,72.08,71.41,70.51,69.08,69.2,72.42,72.42,6,0,6,69.08,8,High Risk
83.83,72.07,74.89,77.71,76.55,76.44,72.31,76.76,76.32,3,1,2,72.07,8,Moderate Risk
73.91,76.29,60.0,73.53,76.24,68.28,78.83,66.53,71.7,5,1,4,60.0,8,High Risk
85.94,88.16,87.75,94.71,87.25,83.52,83.8,86.38,87.19,0,0,0,83.52,8,Low Risk
83.9,93.2,77.66,81.7,86.4,85.72,91.85,89.19,86.2,0,0,0,77.66,8,Low Risk
88.53,88.93,79.69,87.85,91.07,83.85,91.73,78.85,86.31,0,0,0,78.85,8,Low Risk
94.02,96.24,95.06,97.61,93.83,96.08,93.92,91.68,94.81,0,0,0,91.68,8,Low Risk
96.15,88.4,95.63,82.27,89.94,94.33,86.84,93.09,90.83,0,0,0,82.27,8,Low Risk
93.97,97.22,96.14,94.84,95.7,89.84,94.43,91.36,94.19,0,0,0,89.84,8,Low Risk
99.04,91.61,92.34,87.34,87.66,96.24,88.17,89.45,91.48,0,0,0,87.34,8,Low Risk
80.52,73.47,79.64,68.95,77.26,72.42,72.29,85.35,76.24,4,1,3,68.95,8,Moderate Risk
71.28,64.46,73.4,60.36,75.41,60.0,67.99,60.0,66.61,7,2,5,60.0,8,High Risk
96.89,83.62,92.35,93.85,87.79,88.67,86.46,97.62,90.91,0,0,0,83.62,8,Low Risk
93.57,89.52,86.46,96.24,84.71,91.15,98.07,94.36,91.76,0,0,0,84.71,8,Low Risk
77.39,,79.42,77.64,82.88,80.34,78.2,71.98,78.26,1,0,1,71.98,7,Moderate Risk
70.09,73.82,77.27,75.97,73.72,70.83,83.86,67.56,74.14,5,2,3,67.56,8,High Risk
70.92,65.38,67.94,62.49,73.89,70.61,,72.96,69.17,7,2,5,62.49,7,High Risk
87.69,89.33,83.9,92.72,82.42,79.77,88.83,76.81,85.18,0,0,0,76.81,8,Low Risk
74.36,75.32,76.28,85.43,81.39,80.54,85.47,86.04,80.6,1,1,0,74.36,8,Moderate Risk
91.01,91.57,90.39,90.41,93.26,92.1,94.11,91.66,91.81,0,0,0,90.39,8,Low Risk
87.31,89.29,91.0,96.53,91.65,90.42,87.35,93.33,90.86,0,0,0,87.31,8,Low Risk
,73.8,77.71,77.79,84.24,71.51,88.24,77.91,78.74,2,1,1,71.51,7,Moderate Risk
67.14,76.23,70.44,73.08,78.18,79.72,79.57,72.44,74.6,4,1,3,67.14,8,High Risk
83.09,70.07,78.41,75.28,83.48,81.07,77.36,66.67,76.93,2,1,1,66.67,8,Moderate Risk
73.39,75.38,80.86,76.92,78.63,80.56,73.0,83.13,77.73,2,1,1,73.0,8,Moderate Risk
60.0,61.13,60.0,69.07,60.55,67.02,62.48,60.0,62.53,8,2,6,60.0,8,High Risk
91.06,64.15,81.86,74.84,74.87,78.31,84.42,78.91,78.55,3,1,2,64.15,8,Moderate Risk
92.87,96.02,96.38,98.68,99.6,98.27,95.04,98.22,96.88,0,0,0,92.87,8,Low Risk
87.83,78.27,88.32,75.26,86.21,81.29,82.34,81.02,82.57,0,0,0,75.26,8,Moderate Risk
92.36,91.9,93.0,95.36,96.5,99.7,95.85,92.99,94.71,0,0,0,91.9,8,Low Risk
62.87,66.05,65.31,62.67,60.0,60.02,68.79,61.15,63.36,8,2,6,60.0,8,High Risk
90.36,96.04,84.16,95.63,99.38,97.22,85.58,100.0,93.55,0,0,0,84.16,8,Low Risk
70.02,64.28,72.64,64.42,60.0,72.05,65.97,71.34,67.59,8,2,6,60.0,8,High Risk
61.44,67.14,68.1,60.0,62.84,62.66,62.44,60.0,63.08,8,2,6,60.0,8,High Risk
73.56,77.56,73.58,77.46,73.28,69.37,71.56,70.71,73.38,6,1,5,69.37,8,High Risk
76.4,72.8,80.71,89.75,87.45,75.54,81.72,81.8,80.77,1,1,0,72.8,8,Moderate Risk
98.35,95.81,86.84,100.0,100.0,92.75,94.91,98.77,95.93,0,0,0,86.84,8,Low Risk
83.39,82.72,88.24,86.19,76.82,86.58,85.05,71.43,82.55,1,0,1,71.43,8,Moderate Risk
79.61,85.12,78.78,77.82,83.61,72.46,78.57,72.44,78.55,2,0,2,72.44,8,Moderate Risk
,80.12,84.54,77.08,62.86,82.2,75.43,76.36,76.94,1,0,1,62.86,7,Moderate Risk
91.07,87.47,84.39,85.88,87.84,89.56,87.08,93.3,88.32,0,0,0,84.39,8,Low Risk
98.8,94.9,100.0,97.13,99.4,95.03,89.35,87.54,95.27,0,0,0,87.54,8,Low Risk
73.71,60.0,73.63,60.0,78.08,76.72,78.27,67.75,71.02,5,2,3,60.0,8,High Risk
93.2,85.71,87.46,95.51,88.08,90.93,94.48,95.66,91.38,0,0,0,85.71,8,Low Risk
89.29,94.07,98.88,89.02,94.2,92.13,91.58,91.0,92.52,0,0,0,89.02,8,Low Risk
72.0,68.28,72.77,77.82,71.84,80.27,74.8,73.95,73.97,6,2,4,68.28,8,High Risk
61.43,72.91,74.28,65.24,68.89,63.93,72.98,62.93,67.82,8,2,6,61.43,8,High Risk
68.34,66.33,60.0,60.0,68.3,63.21,60.08,63.62,63.73,8,2,6,60.0,8,High Risk
78.91,83.96,79.99,84.05,85.54,85.56,83.28,83.12,83.05,0,0,0,78.91,8,Moderate Risk
69.2,68.63,68.22,72.18,60.53,70.73,60.0,65.83,66.91,8,2,6,60.0,8,High Risk
60.0,71.51,64.59,68.59,61.67,71.62,60.88,62.76,65.2,8,2,6,60.0,8,High Risk
68.6,,70.4,76.01,71.4,78.71,70.96,70.74,72.4,5,1,4,68.6,7,High Risk
80.53,80.37,75.0,67.11,68.27,74.15,68.65,74.25,73.54,5,0,5,67.11,8,High Risk
76.6,80.04,70.67,,71.45,80.33,78.6,77.53,76.46,2,0,2,70.67,7,Moderate Risk
89.06,91.47,100.0,90.46,93.15,93.86,97.6,88.75,93.04,0,0,0,88.75,8,Low Risk
91.55,72.05,85.18,78.9,78.2,82.09,76.77,77.44,80.27,1,1,0,72.05,8,Moderate Risk
89.84,96.37,,90.48,96.56,91.35,86.19,96.02,92.4,0,0,0,86.19,7,Low Risk
95.79,95.47,93.67,95.93,92.39,99.83,95.74,91.17,95.0,0,0,0,91.17,8,Low Risk
85.61,92.69,91.4,80.25,85.35,85.73,89.09,83.06,86.65,0,0,0,80.25,8,Low Risk
75.24,75.76,84.01,81.46,71.86,79.23,71.27,85.81,78.08,2,0,2,71.27,8,Moderate Risk
90.39,92.83,100.0,98.62,98.69,95.48,90.19,91.72,94.74,0,0,0,90.19,8,Low Risk
100.0,100.0,90.17,100.0,91.37,97.02,100.0,99.07,97.2,0,0,0,90.17,8,Low Risk
88.25,82.5,80.28,88.84,82.8,86.66,85.99,90.98,85.79,0,0,0,80.28,8,Low Risk
99.28,,91.3,92.16,97.35,91.09,94.64,100.0,95.12,0,0,0,91.09,7,Low Risk
89.94,86.36,84.0,78.26,73.6,93.34,73.35,81.87,82.59,2,0,2,73.35,8,Moderate Risk
66.19,68.4,66.84,66.44,60.0,78.93,70.06,68.1,68.12,7,2,5,60.0,8,High Risk
76.35,73.13,80.71,76.84,70.94,74.24,75.88,63.41,73.94,4,1,3,63.41,8,High Risk
63.51,75.62,72.28,69.54,63.36,72.43,68.2,69.25,69.27,7,1,6,63.36,8,High Risk
84.34,77.73,72.23,73.36,65.39,79.58,69.29,80.14,75.26,4,0,4,65.39,8,Moderate Risk
76.99,81.13,70.63,79.74,70.25,67.35,77.62,81.22,75.62,3,0,3,67.35,8,Moderate Risk
84.82,89.38,81.29,79.57,89.1,80.85,86.89,88.51,85.05,0,0,0,79.57,8,Low Risk
69.62,62.35,67.16,76.23,78.23,67.97,64.29,74.95,70.1,6,2,4,62.35,8,High Risk
66.62,71.9,65.95,61.52,63.18,68.65,62.94,66.11,65.86,8,2,6,61.52,8,High Risk
67.49,61.31,68.55,66.4,66.09,67.74,70.21,70.95,67.34,8,2,6,61.31,8,High Risk
74.48,60.0,62.88,71.72,60.0,62.86,63.36,68.02,65.42,8,2,6,60.0,8,High Risk
69.26,71.15,60.0,,74.4,80.14,74.09,72.92,71.71,6,2,4,60.0,7,High Risk
70.17,61.01,75.67,60.53,60.63,71.47,65.44,70.84,66.97,7,2,5,60.53,8,High Risk
75.22,80.2,76.35,78.32,74.89,68.3,80.2,79.91,76.67,2,0,2,68.3,8,Moderate Risk
85.82,78.09,87.03,84.33,74.34,80.44,90.24,75.61,81.99,1,0,1,74.34,8,Moderate Risk
67.31,63.41,65.18,72.24,63.54,70.14,71.7,61.07,66.82,8,2,6,61.07,8,High Risk
80.25,77.88,81.18,80.14,75.68,79.94,75.48,79.83,78.8,0,0,0,75.48,8,Moderate Risk
91.22,88.63,90.95,95.43,95.72,93.96,91.59,90.8,92.29,0,0,0,88.63,8,Low Risk
60.0,70.85,64.47,64.37,63.99,60.0,68.87,65.2,64.72,8,2,6,60.0,8,High Risk
65.12,68.57,60.0,69.95,69.07,70.77,74.33,75.14,69.12,7,2,5,60.0,8,High Risk
70.55,76.27,67.6,66.42,,62.58,63.68,60.0,66.73,6,1,5,60.0,7,High Risk
75.04,70.13,79.55,76.63,79.99,81.42,78.41,71.53,76.59,2,1,1,70.13,8,Moderate Risk
74.78,67.33,76.92,72.71,69.51,70.9,79.78,76.63,73.57,5,2,3,67.33,8,High Risk
60.0,71.26,71.11,68.51,70.21,65.55,70.56,60.0,67.15,8,2,6,60.0,8,High Risk
98.2,93.92,88.81,94.28,97.43,98.41,89.77,100.0,95.1,0,0,0,88.81,8,Low Risk
73.19,76.89,84.62,77.4,72.52,77.71,85.13,78.69,78.27,2,1,1,72.52,8,Moderate Risk
,88.28,91.47,88.54,91.79,90.34,93.84,91.94,90.89,0,0,0,88.28,7,Low Risk
81.7,69.27,74.38,78.51,80.79,85.6,88.15,74.33,79.09,3,1,2,69.27,8,Moderate Risk
74.66,76.06,69.1,70.28,72.03,74.19,78.72,73.62,73.58,6,1,5,69.1,8,High Risk
78.18,88.82,86.02,92.99,85.53,74.06,84.43,81.09,83.89,1,0,1,74.06,8,Moderate Risk
86.55,94.16,90.57,96.46,83.0,92.67,95.26,90.53,91.15,0,0,0,83.0,8,Low Risk
65.99,75.22,62.76,72.64,68.82,64.71,72.33,76.51,69.87,6,1,5,62.76,8,High Risk
86.81,96.07,77.82,87.13,84.13,77.08,84.26,92.44,85.72,0,0,0,77.08,8,Low Risk
71.72,60.0,71.83,71.91,60.0,73.23,77.42,69.59,69.46,7,2,5,60.0,8,High Risk
93.02,89.56,90.33,99.64,96.31,89.33,92.91,98.29,93.67,0,0,0,89.33,8,Low Risk
73.29,66.13,60.03,78.08,64.61,70.05,61.0,66.16,67.42,7,2,5,60.03,8,High Risk
88.25,94.07,90.94,97.63,87.47,97.41,87.88,88.73,91.55,0,0,0,87.47,8,Low Risk
71.33,71.52,70.35,83.07,77.48,76.97,78.61,73.12,75.31,4,2,2,70.35,8,Moderate Risk
96.81,93.16,90.82,91.46,100.0,92.9,89.67,91.18,93.25,0,0,0,89.67,8,Low Risk
94.75,100.0,95.84,88.59,91.42,93.05,89.33,93.83,93.35,0,0,0,88.59,8,Low Risk
89.97,87.39,94.71,84.51,82.13,85.47,90.49,94.07,88.59,0,0,0,82.13,8,Low Risk
64.52,62.35,63.62,60.0,79.27,66.89,69.32,74.62,67.57,7,2,5,60.0,8,High Risk
68.28,66.62,67.57,64.47,69.88,69.86,71.76,70.69,68.64,8,2,6,64.47,8,High Risk
89.5,93.88,97.71,86.56,93.26,89.68,89.45,84.44,90.56,0,0,0,84.44,8,Low Risk
60.0,73.05,69.33,68.09,62.77,71.33,62.33,66.42,66.67,8,2,6,60.0,8,High Risk
88.4,83.88,91.22,83.93,74.45,81.17,77.57,82.18,82.85,1,0,1,74.45,8,Moderate Risk
60.0,60.0,68.62,60.12,60.0,64.05,60.0,65.57,62.3,8,2,6,60.0,8,High Risk
85.46,93.7,88.88,84.36,87.75,85.76,86.98,89.45,87.79,0,0,0,84.36,8,Low Risk
86.57,89.42,95.27,99.99,87.0,90.45,93.43,88.21,91.29,0,0,0,86.57,8,Low Risk
67.88,73.15,63.0,60.0,60.33,70.52,67.38,62.17,65.55,8,2,6,60.0,8,High Risk
71.4,,65.42,64.07,65.05,60.79,60.0,67.0,64.82,7,1,6,60.0,7,High Risk
65.15,76.24,77.47,62.19,69.52,62.52,61.45,77.69,69.03,5,1,4,61.45,8,High Risk
71.53,72.03,78.26,67.83,84.06,68.7,77.44,76.46,74.54,4,2,2,67.83,8,High Risk
69.26,60.51,68.85,67.63,64.61,64.07,62.46,65.14,65.32,8,2,6,60.51,8,High Risk
61.52,63.52,63.56,69.65,61.21,65.49,77.02,66.36,66.04,7,2,5,61.21,8,High Risk
69.71,72.6,79.42,65.88,71.18,73.73,74.47,73.3,72.54,7,2,5,65.88,8,High Risk
75.62,79.06,76.65,81.84,80.83,76.46,85.81,71.94,78.53,1,0,1,71.94,8,Moderate Risk
91.2,94.29,96.16,93.28,96.56,96.88,99.25,93.82,95.18,0,0,0,91.2,8,Low Risk
96.44,90.82,90.89,92.6,96.46,98.73,95.83,94.61,94.55,0,0,0,90.82,8,Low Risk
60.0,71.65,69.52,72.13,67.48,75.23,60.73,64.78,67.69,7,2,5,60.0,8,High Risk
77.3,87.74,82.1,79.55,85.59,87.45,78.73,72.31,81.35,1,0,1,72.31,8,Moderate Risk
69.65,60.2,73.88,75.91,64.91,67.75,67.58,60.0,67.48,7,2,5,60.0,8,High Risk
65.29,66.75,72.41,60.0,60.0,71.59,71.83,66.15,66.75,8,2,6,60.0,8,High Risk
90.47,90.73,88.4,88.22,83.99,84.45,96.36,83.86,88.31,0,0,0,83.86,8,Low Risk
68.79,68.77,71.32,64.84,78.55,70.68,63.9,70.16,69.63,7,2,5,63.9,8,High Risk
94.56,97.0,97.07,94.98,94.28,98.59,94.15,92.32,95.37,0,0,0,92.32,8,Low Risk
60.96,61.75,61.15,66.46,78.16,72.79,76.46,61.4,67.39,6,2,4,60.96,8,High Risk
78.59,71.0,74.89,61.37,71.24,77.22,73.65,74.8,72.84,6,1,5,61.37,8,High Risk
62.83,61.01,65.79,65.18,76.02,66.56,70.92,65.35,66.71,7,2,5,61.01,8,High Risk
77.29,81.91,78.99,79.62,73.82,87.01,78.39,75.22,79.03,1,0,1,73.82,8,Moderate Risk
66.13,70.96,71.79,68.77,74.09,69.14,71.38,69.88,70.27,8,2,6,66.13,8,High Risk
62.64,75.51,69.19,65.42,73.41,69.59,88.08,66.31,71.27,6,1,5,62.64,8,High Risk
70.27,67.6,73.81,61.78,66.05,65.32,,72.17,68.14,7,2,5,61.78,7,High Risk
80.48,77.64,78.15,78.12,77.32,75.77,77.17,84.52,78.65,0,0,0,75.77,8,Moderate Risk
90.67,94.7,98.38,95.04,92.03,98.34,88.79,90.59,93.57,0,0,0,88.79,8,Low Risk
92.55,92.15,92.42,87.97,87.73,97.51,88.58,92.55,91.43,0,0,0,87.73,8,Low Risk
71.17,84.27,73.72,78.34,75.39,79.35,69.14,75.43,75.85,3,1,2,69.14,8,Moderate Risk
90.63,93.34,99.59,95.08,91.66,90.23,91.92,88.2,92.58,0,0,0,88.2,8,Low Risk
78.23,80.64,81.05,82.36,76.72,77.02,72.64,70.49,77.39,2,0,2,70.49,8,Moderate Risk
97.35,100.0,92.28,93.19,100.0,91.04,92.48,100.0,95.79,0,0,0,91.04,8,Low Risk
86.15,94.46,99.06,85.41,87.68,92.5,100.0,96.53,92.72,0,0,0,85.41,8,Low Risk
87.33,94.95,94.23,92.76,91.84,100.0,92.2,94.65,93.5,0,0,0,87.33,8,Low Risk
93.78,93.16,100.0,91.84,98.6,99.74,96.96,95.25,96.17,0,0,0,91.84,8,Low Risk
77.78,79.46,75.88,66.72,79.83,71.87,80.97,77.25,76.22,2,0,2,66.72,8,Moderate Risk
74.61,72.05,69.67,83.28,79.92,76.8,79.52,79.38,76.9,3,2,1,69.67,8,Moderate Risk
87.09,83.03,77.86,87.84,83.91,82.17,85.37,84.0,83.91,0,0,0,77.86,8,Moderate Risk
71.67,79.75,78.24,82.18,79.78,80.63,80.87,78.18,78.91,1,1,0,71.67,8,Moderate Risk
96.88,84.71,85.8,87.32,87.81,84.03,82.1,88.22,87.11,0,0,0,82.1,8,Low Risk
63.1,71.37,71.55,63.04,60.0,60.23,66.84,60.0,64.52,8,2,6,60.0,8,High Risk
78.44,71.13,83.72,77.82,81.47,78.93,80.96,76.93,78.67,1,1,0,71.13,8,Moderate Risk
97.1,100.0,87.72,94.26,93.21,99.95,93.57,96.69,95.31,0,0,0,87.72,8,Low Risk
81.32,63.06,62.37,66.99,60.0,63.95,66.19,75.41,67.41,6,1,5,60.0,8,High Risk
87.16,81.43,87.66,84.91,85.97,85.37,91.04,91.25,86.85,0,0,0,81.43,8,Low Risk
64.35,76.33,63.78,65.44,61.09,70.77,69.69,74.7,68.27,7,1,6,61.09,8,High Risk
80.43,90.52,81.03,90.77,85.23,91.79,87.46,86.43,86.71,0,0,0,80.43,8,Low Risk
100.0,96.95,94.33,92.99,94.56,91.98,100.0,94.12,95.62,0,0,0,91.98,8,Low Risk
95.8,96.19,94.95,88.29,87.28,100.0,84.01,95.34,92.73,0,0,0,84.01,8,Low Risk
71.18,81.52,77.0,83.09,68.86,81.45,77.48,77.7,77.28,2,1,1,68.86,8,Moderate Risk
67.29,64.47,69.62,60.0,70.02,60.44,69.57,62.1,65.44,8,2,6,60.0,8,High Risk
85.67,88.12,77.71,84.98,73.97,83.75,73.43,77.38,80.63,2,0,2,73.43,8,Moderate Risk
62.14,74.19,62.69,70.65,70.36,72.14,74.25,73.87,70.04,8,2,6,62.14,8,High Risk
83.72,75.66,79.75,81.62,70.02,74.54,72.78,83.83,77.74,3,0,3,70.02,8,Moderate Risk
86.79,81.24,88.11,82.38,71.73,88.66,84.92,82.76,83.32,1,0,1,71.73,8,Moderate Risk
86.55,90.53,90.0,94.84,92.9,89.89,89.39,90.06,90.52,0,0,0,86.55,8,Low Risk
77.25,79.1,80.7,85.48,82.22,78.22,79.97,81.17,80.51,0,0,0,77.25,8,Moderate Risk
97.71,100.0,100.0,95.7,92.88,96.61,100.0,100.0,97.86,0,0,0,92.88,8,Low Risk
63.9,60.0,60.0,,60.0,60.0,63.64,64.27,61.69,7,2,5,60.0,7,High Risk
64.37,76.45,66.33,65.76,62.19,62.79,73.98,68.69,67.57,7,1,6,62.19,8,High Risk
93.82,99.46,100.0,97.89,97.67,100.0,100.0,91.48,97.54,0,0,0,91.48,8,Low Risk
91.88,91.23,85.58,86.26,87.19,85.14,93.05,77.33,87.21,0,0,0,77.33,8,Low Risk
90.04,98.59,94.35,99.35,91.29,89.49,93.29,94.41,93.85,0,0,0,89.49,8,Low Risk
79.15,76.81,80.22,64.16,64.15,74.38,62.47,69.95,71.41,5,0,5,62.47,8,High Risk
94.41,89.49,89.94,87.63,91.26,89.88,88.93,92.85,90.55,0,0,0,87.63,8,Low Risk
93.31,83.63,83.86,79.64,86.99,81.36,87.5,79.34,84.45,0,0,0,79.34,8,Low Risk
78.52,74.98,74.13,76.29,74.74,78.27,80.95,79.92,77.22,3,1,2,74.13,8,Moderate Risk
74.72,81.35,74.56,84.87,80.14,78.25,85.9,76.4,79.52,2,1,1,74.56,8,Moderate Risk
97.79,97.36,87.06,93.1,96.46,99.2,97.95,97.58,95.81,0,0,0,87.06,8,Low Risk
73.47,78.3,82.93,82.26,76.49,72.33,77.01,86.15,78.62,2,1,1,72.33,8,Moderate Risk
86.5,84.32,87.5,82.18,86.94,87.97,81.28,87.23,85.49,0,0,0,81.28,8,Low Risk
70.33,72.92,71.7,68.67,72.86,68.56,60.0,61.5,68.32,8,2,6,60.0,8,High Risk
79.02,88.34,78.41,75.09,73.43,77.81,78.58,78.01,78.59,1,0,1,73.43,8,Moderate Risk
92.47,91.71,86.47,86.5,92.08,90.66,88.35,92.08,90.04,0,0,0,86.47,8,Low Risk
65.32,61.07,71.31,67.96,65.24,62.68,62.02,67.31,65.36,8,2,6,61.07,8,High Risk
70.77,72.58,73.43,86.49,70.71,77.95,72.95,80.07,75.62,5,2,3,70.71,8,Moderate Risk
80.42,93.29,75.12,,81.03,80.84,80.35,82.71,81.97,0,0,0,75.12,7,Moderate Risk
100.0,97.21,94.17,92.66,93.17,85.2,100.0,98.66,95.13,0,0,0,85.2,8,Low Risk
77.86,78.05,78.14,78.59,,71.36,80.43,83.5,78.28,1,0,1,71.36,7,Moderate Risk
79.25,86.95,84.64,85.72,85.24,77.42,78.37,81.33,82.37,0,0,0,77.42,8,Moderate Risk
64.34,60.0,60.0,70.77,62.94,69.32,62.87,69.66,64.99,8,2,6,60.0,8,High Risk
71.24,76.82,68.74,70.34,69.44,66.76,65.94,78.33,70.95,6,1,5,65.94,8,High Risk
82.75,83.47,87.25,74.7,71.54,82.35,84.72,81.97,81.09,2,0,2,71.54,8,Moderate Risk
71.87,85.69,72.3,77.18,81.63,87.83,69.07,80.65,78.28,3,1,2,69.07,8,Moderate Risk
88.95,91.18,86.29,81.59,92.65,90.26,89.2,84.18,88.04,0,0,0,81.59,8,Low Risk
70.92,64.04,65.06,72.29,69.46,73.74,66.15,70.5,69.02,8,2,6,64.04,8,High Risk
71.18,,70.85,82.39,77.62,80.2,69.76,72.9,74.99,4,1,3,69.76,7,High Risk
85.16,76.05,83.71,85.83,83.37,90.88,78.91,83.22,83.39,0,0,0,76.05,8,Moderate Risk
84.5,85.09,75.27,81.05,86.61,79.87,82.65,,82.15,0,0,0,75.27,7,Moderate Risk
92.92,96.33,97.12,96.1,95.19,97.04,99.08,98.01,96.47,0,0,0,92.92,8,Low Risk
92.54,90.45,82.01,90.3,95.9,90.22,89.67,86.95,89.75,0,0,0,82.01,8,Low Risk
84.87,76.46,88.79,78.67,76.88,69.16,75.06,82.26,79.02,1,0,1,69.16,8,Moderate Risk
91.07,100.0,96.9,97.75,99.52,89.45,87.15,97.99,94.98,0,0,0,87.15,8,Low Risk
74.63,67.79,76.75,73.88,85.17,79.89,82.74,82.2,77.88,3,2,1,67.79,8,Moderate Risk
73.28,61.72,,73.32,71.51,62.88,72.59,72.19,69.64,7,2,5,61.72,7,High Risk
73.0,70.33,78.75,80.06,78.41,74.34,65.68,82.79,75.42,4,2,2,65.68,8,Moderate Risk
100.0,94.74,93.8,100.0,89.63,89.13,91.7,99.97,94.87,0,0,0,89.13,8,Low Risk
100.0,100.0,98.44,95.37,97.79,95.85,100.0,95.07,97.81,0,0,0,95.07,8,Low Risk
93.12,96.78,98.69,98.37,92.76,89.24,89.71,94.23,94.11,0,0,0,89.24,8,Low Risk
94.91,88.12,90.59,94.06,99.88,93.74,95.3,97.55,94.27,0,0,0,88.12,8,Low Risk
64.18,62.11,72.06,72.06,76.94,67.28,61.89,63.98,67.56,7,2,5,61.89,8,High Risk
96.38,91.14,86.85,93.31,98.8,96.63,92.77,100.0,94.48,0,0,0,86.85,8,Low Risk
87.06,85.53,86.08,90.24,83.29,91.35,81.16,93.19,87.24,0,0,0,81.16,8,Low Risk
63.68,60.0,66.1,73.24,70.58,72.81,70.7,60.92,67.25,8,2,6,60.0,8,High Risk
65.06,70.83,65.96,65.68,64.86,80.43,65.19,76.83,69.35,6,2,4,64.86,8,High Risk
100.0,100.0,95.5,100.0,95.1,88.58,90.21,91.19,95.07,0,0,0,88.58,8,Low Risk
71.38,85.52,78.82,85.71,81.51,95.79,83.48,84.53,83.34,1,1,0,71.38,8,Moderate Risk
75.88,60.0,76.81,68.43,73.04,64.6,78.3,75.83,71.61,4,1,3,60.0,8,High Risk
87.31,95.19,97.17,93.46,97.89,100.0,94.56,96.15,95.22,0,0,0,87.31,8,Low Risk
80.7,83.11,75.03,72.81,79.25,83.52,85.92,65.04,78.17,2,0,2,65.04,8,Moderate Risk
68.27,65.24,60.0,60.0,67.44,65.13,74.08,64.47,65.58,8,2,6,60.0,8,High Risk
95.08,95.0,92.07,94.69,95.39,93.28,87.68,84.52,92.21,0,0,0,84.52,8,Low Risk
73.1,70.46,64.07,74.72,75.12,67.91,72.66,60.0,69.75,7,2,5,60.0,8,High Risk
93.1,,79.22,87.46,89.15,88.97,89.03,86.34,87.61,0,0,0,79.22,7,Low Risk
93.12,95.71,95.83,100.0,93.94,94.66,96.37,96.69,95.79,0,0,0,93.12,8,Low Risk
69.32,72.68,68.29,65.12,76.86,69.76,66.34,66.17,69.32,7,2,5,65.12,8,High Risk
77.73,87.84,85.84,82.71,87.79,83.84,86.47,89.83,85.26,0,0,0,77.73,8,Low Risk
64.62,62.01,62.0,70.86,63.3,60.09,61.14,64.38,63.55,8,2,6,60.09,8,High Risk
64.49,68.72,60.0,60.0,68.23,66.17,70.76,60.0,64.8,8,2,6,60.0,8,High Risk
67.58,69.17,74.76,76.68,60.0,66.8,71.32,70.04,69.54,7,2,5,60.0,8,High Risk
60.0,60.0,60.0,64.61,65.55,64.09,60.0,62.37,62.08,8,2,6,60.0,8,High Risk
81.37,87.32,78.28,82.13,80.89,89.06,81.87,75.18,82.01,0,0,0,75.18,8,Moderate Risk
83.68,77.96,79.26,81.25,77.63,74.77,84.11,73.73,79.05,2,0,2,73.73,8,Moderate Risk
60.0,65.59,60.0,60.0,60.96,62.53,64.88,60.0,61.75,8,2,6,60.0,8,High Risk
68.08,60.0,72.11,65.29,67.52,77.53,81.98,76.59,71.14,5,2,3,60.0,8,High Risk
87.6,94.44,90.3,90.74,95.43,94.91,90.9,94.72,92.38,0,0,0,87.6,8,Low Risk
60.0,60.0,63.59,62.38,74.35,66.04,61.53,60.24,63.52,8,2,6,60.0,8,High Risk
85.06,80.47,82.31,86.88,87.43,86.21,88.9,84.36,85.2,0,0,0,80.47,8,Low Risk
71.28,62.04,69.23,71.15,71.37,65.13,74.04,72.6,69.6,8,2,6,62.04,8,High Risk
63.6,72.72,78.22,63.16,74.41,70.2,60.0,67.7,68.75,7,2,5,60.0,8,High Risk
89.97,90.02,90.4,98.74,91.92,96.24,96.02,90.82,93.02,0,0,0,89.97,8,Low Risk
86.65,71.74,70.22,75.03,79.57,91.76,83.24,76.75,79.37,2,1,1,70.22,8,Moderate Risk
66.08,62.92,60.0,68.73,70.89,60.0,62.36,60.0,63.87,8,2,6,60.0,8,High Risk
72.18,76.18,79.26,81.95,75.01,75.12,75.14,82.51,77.17,1,1,0,72.18,8,Moderate Risk
96.09,91.68,99.55,97.1,96.52,89.78,89.38,84.45,93.07,0,0,0,84.45,8,Low Risk
60.0,60.0,60.0,65.06,65.12,61.82,60.0,77.87,63.73,7,2,5,60.0,8,High Risk
80.82,75.06,81.83,81.22,79.71,75.34,77.54,78.41,78.74,0,0,0,75.06,8,Moderate Risk
60.1,60.0,60.0,60.0,76.04,60.0,60.0,67.54,62.96,7,2,5,60.0,8,High Risk
95.25,86.47,90.67,91.09,88.63,89.99,89.99,88.18,90.03,0,0,0,86.47,8,Low Risk
94.07,92.0,95.22,100.0,100.0,86.19,97.24,96.31,95.13,0,0,0,86.19,8,Low Risk
80.03,80.81,82.14,80.77,76.91,93.92,81.63,83.64,82.48,0,0,0,76.91,8,Moderate Risk
76.7,73.97,75.66,73.31,78.88,85.65,79.31,72.75,77.03,3,1,2,72.75,8,Moderate Risk
91.5,100.0,97.01,94.99,94.19,97.47,94.05,93.47,95.33,0,0,0,91.5,8,Low Risk
87.1,87.15,84.96,75.19,84.25,88.93,83.2,89.02,84.97,0,0,0,75.19,8,Low Risk
77.31,83.23,79.47,79.39,83.56,81.04,76.08,72.35,79.05,1,0,1,72.35,8,Moderate Risk
73.54,76.62,89.31,72.04,84.4,77.54,75.06,81.29,78.73,2,1,1,72.04,8,Moderate Risk
80.42,71.79,81.42,70.58,88.94,77.53,60.0,64.25,74.37,4,1,3,60.0,8,High Risk
87.99,80.25,89.89,78.39,90.66,90.78,85.16,80.87,85.5,0,0,0,78.39,8,Low Risk
75.26,73.34,81.39,79.63,87.4,78.07,78.12,81.64,79.36,1,1,0,73.34,8,Moderate Risk
94.91,93.16,92.13,96.79,99.12,90.86,100.0,90.72,94.71,0,0,0,90.72,8,Low Risk
87.45,89.23,93.84,85.36,82.16,83.37,87.46,87.52,87.05,0,0,0,82.16,8,Low Risk
79.34,72.67,74.98,83.09,72.62,70.6,74.84,67.18,74.41,6,1,5,67.18,8,High Risk
69.53,67.0,69.0,69.16,66.69,60.0,60.67,67.42,66.18,8,2,6,60.0,8,High Risk
66.98,62.13,71.75,79.41,71.86,82.71,70.28,71.45,72.07,6,2,4,62.13,8,High Risk
84.85,87.36,88.98,89.92,93.56,85.73,92.25,95.32,89.75,0,0,0,84.85,8,Low Risk
70.93,74.16,73.82,71.54,75.56,72.48,73.53,70.7,72.84,7,2,5,70.7,8,High Risk
66.53,70.33,70.7,75.39,76.08,79.27,79.61,67.83,73.22,4,2,2,66.53,8,High Risk
96.91,86.06,100.0,94.16,100.0,90.16,100.0,92.83,95.02,0,0,0,86.06,8,Low Risk
65.41,61.34,62.23,64.89,60.0,61.8,71.4,67.99,64.38,8,2,6,60.0,8,High Risk
100.0,91.83,96.88,95.71,91.58,94.31,98.76,95.1,95.52,0,0,0,91.58,8,Low Risk
75.35,72.14,75.48,75.84,70.15,84.19,79.41,78.11,76.33,2,1,1,70.15,8,Moderate Risk
82.84,80.56,88.84,91.46,93.61,81.2,90.22,85.28,86.75,0,0,0,80.56,8,Low Risk
100.0,96.6,93.28,92.48,98.15,100.0,94.25,92.79,95.94,0,0,0,92.48,8,Low Risk
88.89,88.34,81.27,87.23,75.27,78.62,89.38,75.45,83.06,0,0,0,75.27,8,Moderate Risk
80.0,86.21,84.82,73.22,77.08,89.89,87.58,71.48,81.28,2,0,2,71.48,8,Moderate Risk
93.58,97.41,94.49,92.59,89.91,83.21,94.07,92.42,92.21,0,0,0,83.21,8,Low Risk
100.0,88.1,97.33,97.45,92.77,96.47,97.29,95.18,95.57,0,0,0,88.1,8,Low Risk
91.44,,87.55,90.96,91.4,89.58,85.44,84.03,88.63,0,0,0,84.03,7,Low Risk
80.95,77.23,83.89,71.72,83.47,70.52,73.96,74.53,77.03,4,0,4,70.52,8,Moderate Risk
69.84,66.43,68.75,60.0,71.18,68.85,63.99,65.73,66.85,8,2,6,60.0,8,High Risk
91.54,66.71,84.39,78.53,84.25,87.88,72.75,80.28,80.79,2,1,1,66.71,8,Moderate Risk
92.68,99.8,94.46,93.94,86.93,99.5,92.4,93.24,94.12,0,0,0,86.93,8,Low Risk
78.77,73.53,65.1,70.95,78.34,66.45,67.55,66.56,70.91,6,1,5,65.1,8,High Risk
63.26,66.47,66.3,62.35,60.0,62.82,60.6,65.09,63.36,8,2,6,60.0,8,High Risk
82.27,78.88,73.25,73.54,81.4,72.82,81.37,80.13,77.96,3,0,3,72.82,8,Moderate Risk
87.5,90.14,86.04,92.98,86.92,85.41,92.03,85.91,88.37,0,0,0,85.41,8,Low Risk
75.12,81.9,71.03,81.84,77.15,80.24,86.73,80.68,79.34,1,0,1,71.03,8,Moderate Risk
80.39,75.31,72.1,75.05,69.53,76.97,74.66,77.35,75.17,3,0,3,69.53,8,Moderate Risk
78.9,77.98,64.37,69.41,65.06,60.0,71.4,65.08,69.03,6,0,6,60.0,8,High Risk
82.12,85.34,76.72,82.4,78.77,89.44,80.36,81.44,82.07,0,0,0,76.72,8,Moderate Risk
92.32,91.24,88.69,89.16,94.04,93.05,92.49,89.73,91.34,0,0,0,88.69,8,Low Risk
66.76,77.48,72.68,77.69,67.85,80.64,75.58,73.83,74.06,4,1,3,66.76,8,High Risk
81.95,100.0,89.96,78.88,91.6,83.73,91.57,83.38,87.63,0,0,0,78.88,8,Low Risk
85.46,84.27,81.87,81.65,88.48,91.15,84.69,81.7,84.91,0,0,0,81.65,8,Low Risk
67.8,69.15,71.0,63.59,61.62,66.99,65.72,67.57,66.68,8,2,6,61.62,8,High Risk
60.0,69.17,70.39,60.0,60.0,60.0,64.79,68.47,64.1,8,2,6,60.0,8,High Risk
74.98,67.19,79.57,64.86,78.81,60.0,73.39,70.42,71.15,6,2,4,60.0,8,High Risk
60.0,63.8,71.57,62.79,60.0,60.0,72.22,71.45,65.23,8,2,6,60.0,8,High Risk
75.81,65.3,62.32,68.19,78.23,75.43,69.77,60.0,69.38,5,1,4,60.0,8,High Risk
94.28,95.26,95.06,94.49,92.28,100.0,93.19,86.07,93.83,0,0,0,86.07,8,Low Risk
84.65,83.95,86.17,80.1,77.9,82.46,79.26,,82.07,0,0,0,77.9,7,Moderate Risk
84.31,90.98,83.98,86.9,82.57,79.63,83.36,81.92,84.21,0,0,0,79.63,8,Low Risk
77.86,74.87,73.6,77.38,79.45,69.9,76.54,63.84,74.18,4,1,3,63.84,8,High Risk
63.0,60.0,60.35,68.48,61.53,62.61,60.16,71.62,63.47,8,2,6,60.0,8,High Risk
,65.76,71.72,62.51,70.88,82.85,68.96,68.08,70.11,6,1,5,62.51,7,High Risk
89.78,96.62,93.79,91.44,94.86,93.91,94.58,89.55,93.07,0,0,0,89.55,8,Low Risk
64.45,74.33,76.71,68.11,71.31,75.69,61.08,66.48,69.77,6,2,4,61.08,8,High Risk
97.94,89.25,100.0,99.51,100.0,100.0,98.12,96.32,97.64,0,0,0,89.25,8,Low Risk
89.69,88.91,85.05,85.98,92.67,93.5,92.76,84.49,89.13,0,0,0,84.49,8,Low Risk
92.59,100.0,95.86,95.58,98.47,92.77,99.27,95.56,96.26,0,0,0,92.59,8,Low Risk
76.09,78.73,82.54,80.86,79.2,75.66,88.08,79.87,80.13,0,0,0,75.66,8,Moderate Risk
69.69,71.21,74.14,60.0,72.65,70.5,67.73,77.79,70.46,7,2,5,60.0,8,High Risk
83.25,92.27,79.1,91.56,86.2,79.98,89.09,90.85,86.54,0,0,0,79.1,8,Low Risk
72.24,67.66,65.47,65.3,68.21,71.93,60.0,66.1,67.11,8,2,6,60.0,8,High Risk
79.34,92.79,79.85,83.15,86.34,85.45,80.77,82.0,83.71,0,0,0,79.34,8,Moderate Risk
77.79,75.95,83.99,82.26,89.06,81.53,77.6,,81.17,0,0,0,75.95,7,Moderate Risk
60.71,71.85,61.72,72.23,71.96,67.93,67.11,66.22,67.47,8,2,6,60.71,8,High Risk
88.23,79.7,84.47,86.92,91.78,75.0,78.49,84.65,83.66,0,0,0,75.0,8,Moderate Risk
84.19,81.84,89.87,84.03,79.8,76.81,84.94,89.79,83.91,0,0,0,76.81,8,Moderate Risk
80.6,74.41,80.14,81.66,80.32,83.22,78.37,87.31,80.75,1,1,0,74.41,8,Moderate Risk
79.46,79.2,73.28,81.29,78.94,75.68,78.49,77.9,78.03,1,0,1,73.28,8,Moderate Risk
86.06,96.91,84.92,89.56,91.59,93.63,88.05,85.7,89.55,0,0,0,84.92,8,Low Risk
70.26,80.56,71.34,66.2,76.82,73.61,72.06,63.27,71.77,6,1,5,63.27,8,High Risk
,93.6,100.0,92.01,89.43,92.68,92.04,99.22,94.14,0,0,0,89.43,7,Low Risk
79.44,82.58,78.31,75.56,80.86,69.75,68.03,81.46,77.0,2,0,2,68.03,8,Moderate Risk
79.75,85.39,83.12,83.82,77.8,80.16,83.74,79.96,81.72,0,0,0,77.8,8,Moderate Risk
82.85,94.75,92.95,93.63,90.0,81.2,94.32,86.1,89.47,0,0,0,81.2,8,Low Risk
86.56,,70.99,74.25,72.67,65.42,72.89,67.32,72.87,6,0,6,65.42,7,High Risk
75.71,69.24,74.77,78.21,75.26,69.72,60.86,72.12,71.99,5,1,4,60.86,8,High Risk
60.0,67.23,81.87,70.15,74.3,71.87,74.82,72.29,71.57,7,2,5,60.0,8,High Risk
98.01,94.91,94.9,87.41,91.33,93.02,96.16,100.0,94.47,0,0,0,87.41,8,Low Risk
79.29,,82.73,88.3,85.73,84.4,78.94,89.63,84.15,0,0,0,78.94,7,Low Risk
60.0,65.94,64.54,67.5,64.31,67.28,60.0,60.0,63.7,8,2,6,60.0,8,High Risk
73.3,68.36,72.26,72.62,85.63,64.46,89.34,62.45,73.55,6,2,4,62.45,8,High Risk
92.47,,88.08,81.58,92.28,89.9,87.86,88.13,88.61,0,0,0,81.58,7,Low Risk
93.89,91.9,87.07,84.44,84.18,89.53,84.81,87.51,87.92,0,0,0,84.18,8,Low Risk
98.02,93.73,100.0,95.18,91.41,93.52,100.0,100.0,96.48,0,0,0,91.41,8,Low Risk
98.88,94.77,97.7,100.0,89.59,91.54,92.19,97.52,95.27,0,0,0,89.59,8,Low Risk
80.42,81.89,74.96,79.07,73.74,80.94,78.83,85.16,79.38,2,0,2,73.74,8,Moderate Risk
95.62,97.91,90.03,93.8,96.45,93.76,98.27,96.08,95.24,0,0,0,90.03,8,Low Risk
72.68,73.36,71.77,77.57,81.08,86.87,72.99,70.8,75.89,5,2,3,70.8,8,Moderate Risk
88.67,83.13,87.15,85.52,80.31,85.47,87.2,77.9,84.42,0,0,0,77.9,8,Low Risk
77.84,85.5,88.04,80.11,81.82,66.96,85.74,85.26,81.41,1,0,1,66.96,8,Moderate Risk
70.58,60.96,66.06,60.0,66.79,60.0,60.0,65.48,63.73,8,2,6,60.0,8,High Risk
97.7,99.37,92.26,96.6,95.25,98.42,96.83,93.35,96.22,0,0,0,92.26,8,Low Risk
60.0,76.83,,74.15,70.82,65.71,70.93,72.6,70.15,6,1,5,60.0,7,High Risk
,60.0,60.0,72.07,74.0,67.55,78.07,75.16,69.55,5,1,4,60.0,7,High Risk
66.9,67.96,62.36,70.31,62.36,63.86,60.0,62.11,64.48,8,2,6,60.0,8,High Risk
66.03,60.0,,66.0,70.02,65.49,66.05,60.0,64.8,7,2,5,60.0,7,High Risk
68.63,85.27,88.23,81.25,79.95,82.84,72.94,69.02,78.52,3,1,2,68.63,8,Moderate Risk
80.06,85.9,76.28,84.38,80.56,91.18,88.35,80.73,83.43,0,0,0,76.28,8,Moderate Risk
88.25,100.0,94.78,89.61,90.25,91.72,90.14,92.58,92.17,0,0,0,88.25,8,Low Risk
94.01,92.85,86.82,93.21,87.61,,96.86,84.33,90.81,0,0,0,84.33,7,Low Risk
78.4,82.35,86.95,82.05,87.77,79.22,76.17,80.66,81.7,0,0,0,76.17,8,Moderate Risk
91.64,89.72,80.0,82.85,97.75,88.18,86.45,88.37,88.12,0,0,0,80.0,8,Low Risk
60.0,60.62,60.82,60.0,68.0,60.0,60.0,60.0,61.18,8,2,6,60.0,8,High Risk
87.08,77.83,80.22,83.6,87.08,72.65,86.0,78.38,81.61,1,0,1,72.65,8,Moderate Risk
79.24,70.63,72.63,79.27,81.63,81.31,76.15,81.86,77.84,2,1,1,70.63,8,Moderate Risk
87.46,99.01,95.08,90.49,100.0,100.0,100.0,94.97,95.88,0,0,0,87.46,8,Low Risk
60.0,63.63,60.95,61.63,60.91,64.87,61.38,66.64,62.5,8,2,6,60.0,8,High Risk
96.82,100.0,99.18,90.38,83.98,87.81,88.21,86.82,91.65,0,0,0,83.98,8,Low Risk
61.82,83.54,73.92,69.2,76.55,64.42,70.8,78.32,72.32,5,1,4,61.82,8,High Risk
68.8,77.04,72.01,75.03,72.26,86.76,75.94,70.32,74.77,4,1,3,68.8,8,High Risk
90.8,88.84,88.24,82.68,94.82,88.0,90.83,87.22,88.93,0,0,0,82.68,8,Low Risk
77.37,69.25,60.0,74.67,65.84,63.19,70.07,67.89,68.53,7,1,6,60.0,8,High Risk
66.43,68.68,71.68,60.4,66.79,69.23,61.64,72.16,67.13,8,2,6,60.4,8,High Risk
68.27,78.37,77.11,74.91,70.15,71.82,79.44,82.3,75.3,4,1,3,68.27,8,Moderate Risk
60.0,64.84,65.18,60.0,70.09,75.45,62.88,60.0,64.81,7,2,5,60.0,8,High Risk
70.94,73.42,62.56,76.02,70.91,76.17,61.91,70.68,70.33,6,2,4,61.91,8,High Risk
95.73,87.91,91.9,96.64,88.73,92.16,94.71,92.8,92.57,0,0,0,87.91,8,Low Risk
79.63,82.8,85.55,85.22,79.51,71.97,82.89,72.37,79.99,2,0,2,71.97,8,Moderate Risk
78.86,73.01,80.25,73.56,80.51,73.69,75.51,76.85,76.53,3,1,2,73.01,8,Moderate Risk
74.75,74.18,74.46,68.47,66.2,73.5,67.98,79.69,72.4,7,2,5,66.2,8,High Risk
,74.6,66.64,68.75,66.48,72.17,70.12,71.21,70.0,7,1,6,66.48,7,High Risk
100.0,100.0,96.6,92.07,92.43,100.0,88.5,100.0,96.2,0,0,0,88.5,8,Low Risk
73.63,86.79,70.89,68.8,66.96,70.99,69.64,65.47,71.65,7,1,6,65.47,8,High Risk
62.66,74.59,79.87,64.24,69.48,75.95,77.79,71.1,71.96,5,2,3,62.66,8,High Risk
71.44,70.24,65.79,65.12,72.22,70.11,70.55,63.18,68.58,8,2,6,63.18,8,High Risk
65.99,60.0,60.0,77.18,75.04,63.56,71.5,76.97,68.78,5,2,3,60.0,8,High Risk
60.0,78.29,70.22,66.91,84.94,72.98,63.18,69.83,70.79,6,1,5,60.0,8,High Risk
77.73,67.89,74.75,77.83,79.35,88.49,72.47,74.59,76.64,4,1,3,67.89,8,Moderate Risk
83.89,88.15,84.04,86.16,72.08,81.78,65.26,83.01,80.55,2,0,2,65.26,8,Moderate Risk
100.0,100.0,95.3,96.53,92.36,95.98,95.66,93.67,96.19,0,0,0,92.36,8,Low Risk
63.02,77.01,80.42,78.62,73.35,77.08,84.49,74.36,76.04,3,1,2,63.02,8,Moderate Risk
88.35,91.37,99.58,94.18,83.39,88.57,100.0,86.2,91.45,0,0,0,83.39,8,Low Risk
83.88,83.15,75.46,81.6,77.41,77.02,86.84,77.52,80.36,0,0,0,75.46,8,Moderate Risk
89.9,100.0,84.18,97.21,93.06,89.54,96.99,83.07,91.74,0,0,0,83.07,8,Low Risk
72.18,62.92,80.19,63.73,66.51,60.0,75.46,60.0,67.62,6,2,4,60.0,8,High Risk
84.99,88.9,94.42,84.6,83.5,82.07,96.04,85.82,87.54,0,0,0,82.07,8,Low Risk
90.96,77.54,84.8,82.57,87.96,82.85,88.14,81.52,84.54,0,0,0,77.54,8,Low Risk
80.06,80.43,79.72,84.18,84.01,83.02,83.11,79.17,81.71,0,0,0,79.17,8,Moderate Risk
93.82,95.11,87.58,100.0,94.86,100.0,93.67,100.0,95.63,0,0,0,87.58,8,Low Risk
60.0,61.89,64.85,61.99,65.25,70.3,66.16,63.12,64.2,8,2,6,60.0,8,High Risk
88.47,87.0,89.4,89.53,92.83,93.91,93.87,90.0,90.63,0,0,0,87.0,8,Low Risk
97.85,90.81,91.35,93.44,93.13,89.75,90.66,89.73,92.09,0,0,0,89.73,8,Low Risk
85.7,93.71,87.06,85.46,87.46,84.28,79.71,82.0,85.67,0,0,0,79.71,8,Low Risk
73.24,60.2,72.47,73.78,72.93,76.06,80.46,66.37,71.94,6,2,4,60.2,8,High Risk
80.32,86.38,81.43,94.92,81.19,78.81,92.36,88.15,85.44,0,0,0,78.81,8,Low Risk
68.46,68.01,78.48,80.59,74.76,78.96,70.7,80.05,75.0,4,2,2,68.01,8,Moderate Risk
79.77,74.65,76.37,78.25,71.34,70.45,78.09,79.6,76.06,3,1,2,70.45,8,Moderate Risk
60.99,68.51,60.0,62.23,70.21,60.0,64.47,69.87,64.53,8,2,6,60.0,8,High Risk
74.73,62.59,60.0,68.84,72.12,63.48,76.63,71.41,68.72,7,2,5,60.0,8,High Risk
74.53,66.84,72.77,70.65,78.2,63.78,65.61,63.48,69.48,7,2,5,63.48,8,High Risk
67.53,79.57,61.0,80.39,72.03,71.73,69.84,64.4,70.81,6,1,5,61.0,8,High Risk
88.08,87.68,95.7,91.59,90.54,91.44,82.04,87.24,89.29,0,0,0,82.04,8,Low Risk
89.91,90.86,85.2,90.05,89.45,83.13,93.18,94.57,89.54,0,0,0,83.13,8,Low Risk
94.18,93.96,92.57,100.0,96.16,94.13,96.71,99.15,95.86,0,0,0,92.57,8,Low Risk
72.36,65.4,75.41,75.67,82.49,76.78,86.82,74.48,76.18,3,2,1,65.4,8,Moderate Risk
78.6,67.38,81.72,63.84,78.6,69.11,74.92,79.0,74.15,4,1,3,63.84,8,High Risk
100.0,100.0,89.98,100.0,96.73,100.0,92.46,97.07,97.03,0,0,0,89.98,8,Low Risk
85.32,90.18,81.48,81.24,91.19,81.17,89.79,86.65,85.88,0,0,0,81.17,8,Low Risk
86.57,71.82,76.16,80.4,81.55,91.0,80.24,74.4,80.27,2,1,1,71.82,8,Moderate Risk
89.57,90.81,76.57,87.74,82.21,82.67,77.92,86.45,84.24,0,0,0,76.57,8,Low Risk
74.5,82.58,69.11,79.91,76.04,79.81,84.35,81.48,78.47,2,1,1,69.11,8,Moderate Risk
60.0,74.86,75.73,73.85,74.17,70.89,66.27,67.98,70.47,7,2,5,60.0,8,High Risk
84.68,78.66,79.01,72.64,79.97,82.18,68.99,72.71,77.36,3,0,3,68.99,8,Moderate Risk
63.58,65.3,61.99,60.0,61.84,60.0,67.35,65.41,63.18,8,2,6,60.0,8,High Risk
76.4,79.27,84.45,87.74,81.65,66.43,79.08,89.06,80.51,1,0,1,66.43,8,Moderate Risk
75.02,66.81,66.46,74.68,71.88,64.54,71.48,67.14,69.75,7,1,6,64.54,8,High Risk
88.28,92.44,91.68,94.56,86.68,95.23,94.07,89.64,91.57,0,0,0,86.68,8,Low Risk
80.62,84.16,81.34,81.41,76.21,86.33,81.89,89.53,82.69,0,0,0,76.21,8,Moderate Risk
60.99,67.74,66.76,78.92,69.1,60.44,60.0,69.57,66.69,7,2,5,60.0,8,High Risk
73.73,63.14,68.91,63.33,66.02,69.8,62.94,68.79,67.08,8,2,6,62.94,8,High Risk
95.04,91.44,88.21,95.37,97.09,94.08,90.85,94.63,93.34,0,0,0,88.21,8,Low Risk
89.05,96.17,85.11,88.87,82.44,89.49,86.5,87.58,88.15,0,0,0,82.44,8,Low Risk
84.89,95.38,92.0,81.39,87.6,89.58,86.28,83.83,87.62,0,0,0,81.39,8,Low Risk
66.45,78.2,63.74,75.6,60.0,60.0,60.0,69.67,66.71,6,1,5,60.0,8,High Risk
84.49,86.62,88.68,96.33,85.7,,90.16,92.77,89.25,0,0,0,84.49,7,Low Risk
90.3,91.99,96.35,97.26,91.64,92.17,88.02,86.35,91.76,0,0,0,86.35,8,Low Risk
80.57,79.97,79.85,86.2,76.5,80.65,78.56,78.49,80.1,0,0,0,76.5,8,Moderate Risk
82.56,80.35,84.33,75.8,75.82,81.04,75.73,79.81,79.43,0,0,0,75.73,8,Moderate Risk
88.2,89.0,84.28,80.53,80.03,77.67,81.31,80.36,82.67,0,0,0,77.67,8,Moderate Risk
89.73,91.56,98.0,85.44,87.4,81.94,86.13,94.9,89.39,0,0,0,81.94,8,Low Risk
96.44,95.25,88.34,91.63,94.59,,93.92,90.22,92.91,0,0,0,88.34,7,Low Risk
75.06,77.37,82.74,80.88,70.2,73.55,75.19,74.39,76.17,3,0,3,70.2,8,Moderate Risk
70.58,71.06,66.82,73.91,63.05,67.34,60.72,61.0,66.81,8,2,6,60.72,8,High Risk
90.96,89.55,98.17,86.53,86.11,87.7,90.79,93.14,90.37,0,0,0,86.11,8,Low Risk
96.13,99.52,97.41,98.88,100.0,90.52,95.48,91.73,96.21,0,0,0,90.52,8,Low Risk
97.01,90.74,91.07,94.09,96.48,91.09,96.17,87.01,92.96,0,0,0,87.01,8,Low Risk
82.92,79.47,82.26,80.62,87.19,73.57,78.84,71.61,79.56,2,0,2,71.61,8,Moderate Risk
92.6,73.34,69.07,71.75,72.63,60.0,72.15,71.58,72.89,7,1,6,60.0,8,High Risk
79.62,83.22,76.65,82.26,80.15,81.96,86.71,79.67,81.28,0,0,0,76.65,8,Moderate Risk
82.27,79.08,75.5,75.0,75.58,82.39,74.17,78.05,77.75,1,0,1,74.17,8,Moderate Risk
90.69,87.72,91.73,86.39,,83.97,95.07,94.04,89.94,0,0,0,83.97,7,Low Risk
80.61,66.21,60.0,68.87,67.59,60.0,68.83,67.79,67.49,7,1,6,60.0,8,High Risk
100.0,100.0,94.33,96.0,100.0,92.22,98.49,99.63,97.58,0,0,0,92.22,8,Low Risk
86.17,82.03,92.09,90.97,85.49,85.41,85.12,85.12,86.55,0,0,0,82.03,8,Low Risk
93.79,87.79,82.07,78.59,85.09,94.32,85.06,79.78,85.81,0,0,0,78.59,8,Low Risk
81.43,71.96,81.69,77.8,76.56,76.51,82.31,78.27,78.32,1,1,0,71.96,8,Moderate Risk
75.65,78.21,69.03,87.36,81.36,75.47,68.21,76.89,76.52,2,0,2,68.21,8,Moderate Risk
66.95,76.13,77.29,78.74,86.08,75.9,73.92,69.84,75.61,3,1,2,66.95,8,Moderate Risk
99.26,100.0,92.11,,100.0,96.32,97.65,99.7,97.86,0,0,0,92.11,7,Low Risk
72.81,67.38,70.66,60.33,60.0,68.46,60.0,60.0,64.95,8,2,6,60.0,8,High Risk
73.11,83.05,81.98,81.75,78.49,,73.86,75.91,78.31,2,1,1,73.11,7,Moderate Risk
60.0,64.2,69.12,60.15,75.09,63.08,77.56,71.15,67.54,6,2,4,60.0,8,High Risk
81.89,80.69,82.94,75.99,79.25,80.89,83.23,83.31,81.02,0,0,0,75.99,8,Moderate Risk
75.07,81.9,78.9,81.05,79.88,79.84,75.34,81.21,79.15,0,0,0,75.07,8,Moderate Risk
97.05,89.15,98.06,90.43,91.82,94.32,92.52,90.17,92.94,0,0,0,89.15,8,Low Risk
87.06,77.1,80.34,86.41,78.1,73.73,75.22,80.13,79.76,1,0,1,73.73,8,Moderate Risk
95.46,95.21,100.0,94.75,92.0,96.71,97.72,95.99,95.98,0,0,0,92.0,8,Low Risk
86.76,77.58,76.9,84.57,82.27,93.5,87.52,74.76,82.98,1,0,1,74.76,8,Moderate Risk
79.84,85.91,92.85,87.13,86.9,94.16,95.08,84.49,88.3,0,0,0,79.84,8,Low Risk
78.0,81.8,69.59,74.39,69.68,72.43,75.14,72.98,74.25,5,0,5,69.59,8,High Risk
66.2,63.06,63.38,67.38,60.0,66.6,60.0,62.84,63.68,8,2,6,60.0,8,High Risk
82.11,74.72,85.74,77.57,80.04,69.7,75.55,81.39,78.35,2,1,1,69.7,8,Moderate Risk
90.27,72.02,70.19,78.09,71.81,69.66,81.26,75.15,76.06,4,1,3,69.66,8,Moderate Risk
67.48,91.7,78.77,78.93,73.57,89.64,78.29,77.82,79.53,2,1,1,67.48,8,Moderate Risk
88.96,94.86,92.57,92.01,86.54,90.81,95.01,86.91,90.96,0,0,0,86.54,8,Low Risk
88.57,81.83,88.63,84.57,87.93,83.58,88.98,89.28,86.67,0,0,0,81.83,8,Low Risk
60.0,64.21,68.23,71.93,67.23,64.81,68.95,60.0,65.67,8,2,6,60.0,8,High Risk
83.32,81.41,76.91,88.54,80.82,76.04,72.06,73.92,79.13,2,0,2,72.06,8,Moderate Risk
77.45,82.54,76.05,78.03,70.78,89.97,74.79,75.17,78.1,2,0,2,70.78,8,Moderate Risk
88.14,91.11,80.97,90.08,88.83,,82.15,84.23,86.5,0,0,0,80.97,7,Low Risk
67.46,83.21,81.67,80.94,78.98,79.61,85.67,74.1,78.95,2,1,1,67.46,8,Moderate Risk
63.89,60.0,81.03,73.02,62.44,63.47,65.84,74.73,68.05,7,2,5,60.0,8,High Risk
81.06,75.33,79.85,73.19,81.79,82.79,76.7,88.32,79.88,1,0,1,73.19,8,Moderate Risk
80.15,71.55,74.95,68.32,68.68,70.25,68.2,77.64,72.47,6,1,5,68.2,8,High Risk
62.53,65.73,65.59,60.0,60.0,60.0,60.19,60.0,61.75,8,2,6,60.0,8,High Risk
79.32,84.94,83.13,72.22,76.46,79.32,75.89,91.44,80.34,1,0,1,72.22,8,Moderate Risk
91.1,98.85,92.27,88.85,97.98,92.57,92.4,83.79,92.23,0,0,0,83.79,8,Low Risk
88.58,95.11,100.0,91.52,99.88,100.0,92.17,90.27,94.69,0,0,0,88.58,8,Low Risk
60.0,60.0,60.49,60.0,60.49,60.0,63.78,64.49,61.16,8,2,6,60.0,8,High Risk
81.94,81.8,78.03,83.56,80.66,84.78,88.51,76.85,82.02,0,0,0,76.85,8,Moderate Risk
74.71,69.26,68.99,67.57,71.99,68.07,75.23,72.95,71.1,7,2,5,67.57,8,High Risk
62.22,66.19,64.43,60.0,66.45,60.0,60.0,60.0,62.41,8,2,6,60.0,8,High Risk
97.29,83.97,87.8,95.52,90.58,91.17,97.05,94.73,92.26,0,0,0,83.97,8,Low Risk
72.68,75.13,75.03,72.29,77.8,76.06,81.7,81.77,76.56,2,1,1,72.29,8,Moderate Risk
78.25,85.35,81.89,81.41,86.4,83.94,85.61,85.0,83.48,0,0,0,78.25,8,Moderate Risk
86.15,83.24,87.82,88.38,87.31,95.67,88.67,87.4,88.08,0,0,0,83.24,8,Low Risk
62.66,65.75,60.0,74.66,73.37,60.0,60.0,65.44,65.23,8,2,6,60.0,8,High Risk
91.44,90.52,99.71,94.49,94.75,97.41,94.9,100.0,95.4,0,0,0,90.52,8,Low Risk
90.02,100.0,91.32,93.93,90.27,90.91,87.63,87.03,91.39,0,0,0,87.03,8,Low Risk
88.92,88.43,86.83,85.13,95.1,83.32,85.21,81.74,86.84,0,0,0,81.74,8,Low Risk
81.62,75.46,74.85,89.12,74.11,79.13,81.2,73.97,78.68,3,0,3,73.97,8,Moderate Risk
68.85,64.48,78.24,70.58,60.0,64.54,60.0,71.63,67.29,7,2,5,60.0,8,High Risk
73.69,83.9,82.61,70.62,77.45,79.65,74.71,70.08,76.59,4,1,3,70.08,8,Moderate Risk
84.93,88.77,88.34,92.78,89.76,87.12,89.83,84.51,88.25,0,0,0,84.51,8,Low Risk
77.95,77.73,86.13,75.43,82.79,85.04,86.13,91.18,82.8,0,0,0,75.43,8,Moderate Risk
84.81,76.09,92.94,79.84,83.94,87.2,91.84,80.55,84.65,0,0,0,76.09,8,Low Risk
97.16,87.78,99.45,99.53,93.56,100.0,93.29,98.76,96.19,0,0,0,87.78,8,Low Risk
80.72,79.5,68.73,80.76,69.79,74.56,73.33,76.84,75.53,4,0,4,68.73,8,Moderate Risk
89.18,81.35,86.4,79.4,83.22,76.41,89.49,83.4,83.61,0,0,0,76.41,8,Moderate Risk
86.8,90.77,86.11,89.44,88.17,91.35,94.82,95.73,90.4,0,0,0,86.11,8,Low Risk
93.77,95.06,96.87,96.86,95.26,99.23,93.29,90.74,95.13,0,0,0,90.74,8,Low Risk
91.28,92.49,97.95,89.46,,100.0,99.05,98.35,95.51,0,0,0,89.46,7,Low Risk
82.73,82.54,81.36,85.86,83.26,85.45,80.23,89.86,83.91,0,0,0,80.23,8,Moderate Risk
87.87,82.73,76.7,84.73,84.43,78.96,83.91,77.81,82.14,0,0,0,76.7,8,Moderate Risk
71.56,67.5,60.0,64.78,61.74,69.4,75.86,72.19,67.88,7,2,5,60.0,8,High Risk
90.51,91.1,82.09,85.81,90.35,88.54,91.06,91.01,88.81,0,0,0,82.09,8,Low Risk
76.61,78.59,82.83,78.56,83.25,85.01,82.61,85.89,81.67,0,0,0,76.61,8,Moderate Risk
66.32,60.0,,60.0,73.32,63.98,60.0,60.0,63.37,7,2,5,60.0,7,High Risk
100.0,98.36,100.0,86.17,90.94,99.88,100.0,90.81,95.77,0,0,0,86.17,8,Low Risk
88.98,83.8,85.31,85.91,84.62,79.14,89.15,90.28,85.9,0,0,0,79.14,8,Low Risk
62.55,70.0,72.72,72.59,65.24,83.32,75.57,62.32,70.54,6,2,4,62.32,8,High Risk
80.9,91.98,79.93,81.28,88.15,73.34,91.53,76.67,82.97,1,0,1,73.34,8,Moderate Risk
87.69,83.9,92.96,96.23,93.02,95.99,87.88,91.88,91.19,0,0,0,83.9,8,Low Risk
68.2,60.0,63.66,62.59,69.52,63.87,,62.23,64.3,7,2,5,60.0,7,High Risk
100.0,93.0,93.49,93.18,86.35,89.87,97.87,87.14,92.61,0,0,0,86.35,8,Low Risk
72.54,,80.86,76.5,75.67,77.21,70.41,83.13,76.62,2,1,1,70.41,7,Moderate Risk
76.09,67.17,71.72,67.25,73.5,60.34,69.54,72.77,69.8,7,1,6,60.34,8,High Risk
92.09,98.97,99.11,89.55,95.98,94.45,100.0,99.13,96.16,0,0,0,89.55,8,Low Risk
84.08,82.23,68.96,82.82,83.94,82.03,75.15,82.06,80.16,1,0,1,68.96,8,Moderate Risk
62.84,67.58,68.54,62.0,63.41,65.76,64.84,60.0,64.37,8,2,6,60.0,8,High Risk
84.28,71.84,75.82,77.77,79.22,80.25,80.13,85.7,79.38,1,1,0,71.84,8,Moderate Risk
77.96,86.41,85.8,84.35,85.72,81.69,88.83,80.93,83.96,0,0,0,77.96,8,Moderate Risk
82.09,77.02,82.8,78.12,89.12,86.75,75.02,80.51,81.43,0,0,0,75.02,8,Moderate Risk
77.72,75.59,65.74,,79.53,70.07,83.19,73.86,75.1,3,0,3,65.74,7,Moderate Risk
81.88,72.84,87.09,80.6,86.11,83.68,86.11,77.75,82.01,1,1,0,72.84,8,Moderate Risk
83.91,88.13,87.15,78.84,88.84,83.93,89.38,88.8,86.12,0,0,0,78.84,8,Low Risk
83.64,81.77,81.99,75.8,86.0,70.02,78.6,76.4,79.28,1,0,1,70.02,8,Moderate Risk
81.22,75.43,78.39,84.61,88.69,86.25,90.98,79.48,83.13,0,0,0,75.43,8,Moderate Risk
85.39,77.11,81.86,74.55,79.12,83.1,79.12,72.35,79.07,2,0,2,72.35,8,Moderate Risk
77.11,87.53,76.44,78.57,66.35,72.97,84.37,73.85,77.15,3,0,3,66.35,8,Moderate Risk
77.55,65.49,60.88,68.55,64.08,64.92,62.77,65.89,66.27,7,1,6,60.88,8,High Risk
96.35,91.89,90.78,95.36,82.69,92.58,86.68,92.97,91.16,0,0,0,82.69,8,Low Risk
70.72,82.59,,83.65,85.3,79.02,84.06,78.1,80.49,1,1,0,70.72,7,Moderate Risk
72.37,72.86,74.49,75.97,69.7,77.28,72.73,76.19,73.95,5,2,3,69.7,8,High Risk
96.17,90.34,90.19,93.88,84.3,84.62,91.03,82.87,89.18,0,0,0,82.87,8,Low Risk
81.61,76.36,84.65,74.61,71.87,71.67,82.38,82.74,78.24,3,0,3,71.67,8,Moderate Risk
93.42,88.65,90.62,92.83,92.76,88.25,88.37,89.52,90.55,0,0,0,88.25,8,Low Risk
74.28,61.46,63.56,66.65,61.25,70.88,67.63,62.9,66.08,8,2,6,61.25,8,High Risk
79.01,85.7,86.02,69.11,79.84,87.48,81.71,84.67,81.69,1,0,1,69.11,8,Moderate Risk
93.82,100.0,96.6,96.65,89.8,91.55,87.31,88.36,93.01,0,0,0,87.31,8,Low Risk
76.73,80.44,90.54,76.29,88.5,71.64,82.2,76.92,80.41,1,0,1,71.64,8,Moderate Risk
79.47,84.76,83.61,78.29,78.53,78.92,86.85,81.72,81.52,0,0,0,78.29,8,Moderate Risk
82.02,78.24,82.87,75.72,85.19,80.85,75.26,75.22,79.42,0,0,0,75.22,8,Moderate Risk
71.52,67.96,67.28,75.31,66.53,64.1,62.24,67.31,67.78,7,2,5,62.24,8,High Risk
64.15,64.95,60.0,64.35,68.76,67.8,69.05,61.17,65.03,8,2,6,60.0,8,High Risk
94.56,94.16,100.0,95.52,95.93,96.68,100.0,93.65,96.31,0,0,0,93.65,8,Low Risk
87.57,81.75,84.82,84.96,86.31,78.37,75.09,79.35,82.28,0,0,0,75.09,8,Moderate Risk
86.91,86.17,87.4,83.85,89.06,91.38,80.95,84.7,86.3,0,0,0,80.95,8,Low Risk
79.31,80.93,88.65,84.14,84.42,69.65,76.27,88.92,81.54,1,0,1,69.65,8,Moderate Risk
91.54,91.53,94.18,86.82,91.79,90.17,89.1,88.12,90.41,0,0,0,86.82,8,Low Risk
78.04,78.08,75.5,83.01,83.22,79.24,78.79,74.76,78.83,1,0,1,74.76,8,Moderate Risk
83.47,79.05,73.59,85.13,84.68,86.8,87.08,85.86,83.21,1,0,1,73.59,8,Moderate Risk
65.79,60.0,71.59,60.0,60.23,64.01,60.0,66.25,63.48,8,2,6,60.0,8,High Risk
68.78,77.31,76.24,71.6,69.38,63.47,75.02,72.1,71.74,5,1,4,63.47,8,High Risk
63.76,69.99,73.64,64.74,60.0,60.0,60.0,62.16,64.29,8,2,6,60.0,8,High Risk
87.0,74.54,75.32,70.18,74.78,77.82,81.19,81.03,77.73,3,1,2,70.18,8,Moderate Risk
90.33,90.19,93.08,95.71,88.13,93.7,95.29,84.82,91.41,0,0,0,84.82,8,Low Risk
86.59,85.39,81.96,89.02,78.77,81.05,80.91,85.7,83.67,0,0,0,78.77,8,Moderate Risk
77.88,80.79,80.91,88.21,85.96,77.03,87.84,82.61,82.65,0,0,0,77.03,8,Moderate Risk
69.38,75.87,87.02,72.83,76.85,77.61,82.81,71.68,76.76,3,1,2,69.38,8,Moderate Risk
78.82,83.03,75.31,73.95,67.22,72.22,77.51,73.69,75.22,4,0,4,67.22,8,Moderate Risk
74.18,61.32,61.56,75.08,64.62,66.82,75.57,60.0,67.39,6,2,4,60.0,8,High Risk
100.0,91.56,93.33,98.0,99.04,94.24,97.16,100.0,96.67,0,0,0,91.56,8,Low Risk
82.07,66.49,68.61,60.85,72.61,73.08,70.66,73.26,70.95,7,1,6,60.85,8,High Risk
72.28,62.32,62.29,62.88,70.92,72.91,74.37,73.07,68.88,8,2,6,62.29,8,High Risk
60.49,61.78,60.04,60.0,67.11,63.91,60.0,66.89,62.53,8,2,6,60.0,8,High Risk
72.0,72.3,86.66,80.01,88.34,79.29,81.05,73.75,79.18,3,2,1,72.0,8,Moderate Risk
72.63,71.56,67.16,66.55,64.97,75.48,67.17,70.96,69.56,7,2,5,64.97,8,High Risk
79.06,82.12,85.97,80.64,87.9,87.45,85.63,86.14,84.36,0,0,0,79.06,8,Low Risk
66.63,68.71,65.58,63.0,60.41,66.79,62.24,75.42,66.1,7,2,5,60.41,8,High Risk
80.29,80.85,75.2,75.27,85.66,84.05,79.17,81.14,80.2,0,0,0,75.2,8,Moderate Risk
64.96,67.18,72.0,65.17,67.48,65.2,66.2,66.63,66.85,8,2,6,64.96,8,High Risk
77.61,85.49,72.78,74.78,75.13,77.04,75.6,84.47,77.86,2,0,2,72.78,8,Moderate Risk
62.77,71.92,76.94,66.85,76.04,60.0,75.31,62.03,68.98,5,2,3,60.0,8,High Risk
93.68,91.87,95.34,93.69,83.78,97.38,98.09,93.24,93.38,0,0,0,83.78,8,Low Risk
85.26,77.2,77.53,77.58,68.75,80.2,83.44,82.68,79.08,1,0,1,68.75,8,Moderate Risk
71.59,76.36,64.89,64.86,66.93,63.27,61.0,71.74,67.58,7,1,6,61.0,8,High Risk
92.58,91.0,93.55,87.52,89.65,91.61,97.59,94.41,92.24,0,0,0,87.52,8,Low Risk
75.97,73.39,67.77,72.23,79.4,81.52,71.35,66.55,73.52,5,1,4,66.55,8,High Risk
63.76,69.65,69.4,78.62,71.1,75.22,87.03,75.75,73.82,4,2,2,63.76,8,High Risk
95.07,86.95,88.91,90.45,98.88,94.05,91.26,96.56,92.77,0,0,0,86.95,8,Low Risk
66.08,75.49,60.0,60.0,72.51,60.0,73.84,66.23,66.77,7,1,6,60.0,8,High Risk
85.0,80.12,83.7,72.83,86.57,82.9,84.23,68.83,80.52,2,0,2,68.83,8,Moderate Risk
71.93,84.2,,68.19,63.6,62.2,75.37,72.39,71.13,5,1,4,62.2,7,High Risk
75.7,73.62,79.74,79.24,71.02,75.13,79.86,76.92,76.4,2,1,1,71.02,8,Moderate Risk
81.9,92.42,84.66,89.73,85.2,91.38,83.91,84.39,86.7,0,0,0,81.9,8,Low Risk
72.77,74.62,71.18,78.6,76.43,,81.88,73.39,75.55,4,2,2,71.18,7,Moderate Risk
98.16,92.1,96.96,98.9,100.0,94.64,91.79,97.46,96.25,0,0,0,91.79,8,Low Risk
89.04,84.26,90.78,91.98,100.0,85.67,93.78,89.54,90.63,0,0,0,84.26,8,Low Risk
60.0,69.35,71.98,67.9,71.7,63.08,69.05,60.0,66.63,8,2,6,60.0,8,High Risk
74.32,69.65,75.44,77.05,81.91,83.11,75.37,76.46,76.66,2,2,0,69.65,8,Moderate Risk
75.3,80.15,60.06,76.73,71.59,68.27,70.87,72.89,71.98,5,0,5,60.06,8,High Risk
80.33,90.07,76.43,84.89,81.22,81.86,91.28,85.21,83.91,0,0,0,76.43,8,Moderate Risk
71.68,67.72,61.87,73.74,60.0,70.85,69.43,61.98,67.16,8,2,6,60.0,8,High Risk
65.18,78.5,75.4,82.8,77.5,73.24,76.75,86.25,76.95,2,1,1,65.18,8,Moderate Risk
68.29,64.57,67.8,76.98,72.61,65.41,73.08,,69.82,6,2,4,64.57,7,High Risk
74.47,80.45,83.04,90.02,87.76,89.41,88.14,82.65,84.49,1,1,0,74.47,8,Low Risk
61.98,66.23,69.12,65.99,62.61,71.79,60.0,60.0,64.72,8,2,6,60.0,8,High Risk
83.1,94.19,80.46,78.67,78.89,74.7,84.0,74.39,81.05,2,0,2,74.39,8,Moderate Risk
92.84,74.92,73.83,83.6,77.7,88.19,86.51,88.64,83.28,2,1,1,73.83,8,Moderate Risk
73.98,88.32,83.55,89.34,76.53,86.63,77.13,90.42,83.24,1,1,0,73.98,8,Moderate Risk
81.5,92.37,87.61,80.22,75.39,85.71,77.14,88.28,83.53,0,0,0,75.39,8,Moderate Risk
85.4,83.78,75.45,87.81,84.85,96.8,82.54,84.53,85.14,0,0,0,75.45,8,Low Risk
88.88,83.71,81.19,86.81,83.34,84.87,88.61,81.72,84.89,0,0,0,81.19,8,Low Risk
75.79,82.88,88.21,77.41,83.55,88.75,80.24,85.79,82.83,0,0,0,75.79,8,Moderate Risk
86.79,84.0,86.85,92.52,86.59,92.94,85.18,76.84,86.46,0,0,0,76.84,8,Low Risk
87.94,91.9,85.72,85.58,76.76,82.86,95.31,78.8,85.61,0,0,0,76.76,8,Low Risk
60.0,71.11,74.37,63.58,67.53,69.23,60.0,67.99,66.73,8,2,6,60.0,8,High Risk
84.31,94.13,87.01,84.43,88.11,85.32,90.97,85.06,87.42,0,0,0,84.31,8,Low Risk
92.19,86.72,88.93,85.94,91.0,92.78,91.18,93.68,90.3,0,0,0,85.94,8,Low Risk
92.38,88.04,89.22,83.4,86.64,88.77,84.66,84.86,87.25,0,0,0,83.4,8,Low Risk
84.89,83.88,82.01,89.85,87.87,94.9,88.36,80.41,86.52,0,0,0,80.41,8,Low Risk
60.0,73.57,60.0,66.96,65.25,77.91,68.2,66.26,67.27,7,2,5,60.0,8,High Risk
78.99,80.38,66.93,83.24,82.76,80.89,77.68,79.53,78.8,1,0,1,66.93,8,Moderate Risk
69.77,67.87,72.84,61.31,61.96,60.0,63.42,68.35,65.69,8,2,6,60.0,8,High Risk
87.56,83.32,84.87,85.39,84.62,85.88,84.04,83.45,84.89,0,0,0,83.32,8,Low Risk
77.63,94.24,86.07,84.77,82.89,79.02,82.26,86.4,84.16,0,0,0,77.63,8,Low Risk
83.72,75.97,89.14,75.79,81.11,75.78,75.67,76.67,79.23,0,0,0,75.67,8,Moderate Risk
95.3,86.86,93.14,87.07,91.49,93.87,84.09,91.98,90.47,0,0,0,84.09,8,Low Risk
81.54,80.93,77.6,82.3,78.18,84.78,85.02,79.26,81.2,0,0,0,77.6,8,Moderate Risk
71.66,79.32,70.97,81.18,81.81,82.12,75.2,82.13,78.05,2,1,1,70.97,8,Moderate Risk
60.0,71.88,65.07,67.35,60.0,60.0,63.75,74.81,65.36,8,2,6,60.0,8,High Risk
63.17,74.72,66.91,71.37,60.0,61.2,60.0,61.28,64.83,8,2,6,60.0,8,High Risk
79.9,64.61,73.41,74.04,69.1,70.69,69.75,60.52,70.25,7,1,6,60.52,8,High Risk
94.44,91.75,86.38,97.78,92.17,93.9,92.59,91.17,92.52,0,0,0,86.38,8,Low Risk
82.43,86.99,86.68,82.74,89.49,86.79,87.45,77.98,85.07,0,0,0,77.98,8,Low Risk
77.44,65.01,69.76,68.36,80.91,75.13,66.89,60.0,70.44,5,1,4,60.0,8,High Risk
60.0,63.62,60.0,65.37,60.0,63.93,69.44,62.27,63.08,8,2,6,60.0,8,High Risk
60.0,73.36,80.31,60.0,63.36,68.28,70.22,63.93,67.43,7,2,5,60.0,8,High Risk
66.32,68.83,65.2,64.98,61.11,60.5,62.89,66.23,64.51,8,2,6,60.5,8,High Risk
89.46,97.51,85.64,97.27,96.4,87.35,89.69,89.15,91.56,0,0,0,85.64,8,Low Risk
96.11,93.29,87.2,99.01,88.65,89.1,89.44,89.15,91.49,0,0,0,87.2,8,Low Risk
71.33,71.15,76.18,76.1,71.75,67.89,73.65,66.46,71.81,6,2,4,66.46,8,High Risk
100.0,80.01,84.77,88.73,86.44,88.01,87.37,95.48,88.85,0,0,0,80.01,8,Low Risk
64.65,63.59,65.84,60.0,66.73,63.17,61.8,63.59,63.67,8,2,6,60.0,8,High Risk
90.63,90.31,81.54,97.82,90.26,97.07,94.19,87.84,91.21,0,0,0,81.54,8,Low Risk
70.29,63.44,70.9,75.75,68.0,72.49,71.57,75.09,70.94,6,2,4,63.44,8,High Risk
69.37,76.54,72.29,70.53,75.2,77.5,78.55,66.65,73.33,4,1,3,66.65,8,High Risk
62.8,60.0,61.69,60.23,60.0,60.0,75.78,61.85,62.79,7,2,5,60.0,8,High Risk
84.78,92.93,83.83,85.41,91.29,75.63,88.23,89.14,86.41,0,0,0,75.63,8,Low Risk
63.45,,61.36,62.91,66.52,76.18,65.94,67.14,66.21,6,1,5,61.36,7,High Risk
79.44,89.52,77.62,87.9,87.19,90.89,89.63,80.68,85.36,0,0,0,77.62,8,Low Risk
82.56,75.41,73.01,88.55,81.17,,85.18,83.38,81.32,1,0,1,73.01,7,Moderate Risk
71.6,82.96,62.16,78.52,68.18,75.17,83.47,64.31,73.3,4,1,3,62.16,8,High Risk
70.72,81.09,69.28,76.8,72.78,74.83,61.5,74.27,72.66,6,1,5,61.5,8,High Risk
66.07,76.23,60.0,60.0,64.17,60.0,60.16,62.99,63.7,7,1,6,60.0,8,High Risk
85.92,85.81,90.23,87.63,100.0,95.89,92.34,93.51,91.42,0,0,0,85.81,8,Low Risk
92.89,79.92,88.83,86.2,95.88,95.44,85.98,86.59,88.97,0,0,0,79.92,8,Low Risk
65.23,84.09,74.73,60.0,60.0,76.38,79.71,73.32,71.68,5,1,4,60.0,8,High Risk
83.58,69.34,86.98,80.75,82.85,78.29,78.64,85.12,80.69,1,1,0,69.34,8,Moderate Risk
73.57,68.97,75.1,80.19,65.33,80.21,82.61,78.11,75.51,3,2,1,65.33,8,Moderate Risk
93.14,92.15,90.32,84.07,92.34,86.78,87.41,87.7,89.24,0,0,0,84.07,8,Low Risk
71.13,71.48,69.58,65.43,79.92,64.86,64.46,60.85,68.46,7,2,5,60.85,8,High Risk
87.75,87.25,83.61,85.78,89.76,85.31,88.9,80.63,86.12,0,0,0,80.63,8,Low Risk
84.41,80.1,75.98,76.09,79.91,86.41,81.95,,80.69,0,0,0,75.98,7,Moderate Risk
75.69,80.21,75.74,82.38,79.82,83.87,84.65,70.67,79.13,1,0,1,70.67,8,Moderate Risk
73.1,78.33,77.24,80.21,92.51,71.65,85.96,80.18,79.9,2,1,1,71.65,8,Moderate Risk
81.02,86.12,72.95,85.21,79.5,68.9,73.34,80.26,78.41,3,0,3,68.9,8,Moderate Risk
80.75,83.73,81.55,84.72,83.62,83.81,79.92,78.88,82.12,0,0,0,78.88,8,Moderate Risk
99.66,95.44,99.39,100.0,100.0,97.82,94.64,96.93,97.98,0,0,0,94.64,8,Low Risk
87.35,98.64,87.67,90.52,82.95,91.65,98.47,87.14,90.55,0,0,0,82.95,8,Low Risk
84.05,77.2,76.78,85.84,75.33,77.59,78.09,69.16,78.0,1,0,1,69.16,8,Moderate Risk
60.0,62.11,62.3,69.21,65.72,67.23,69.78,68.44,65.6,8,2,6,60.0,8,High Risk
89.55,90.09,87.22,94.46,86.25,92.24,96.13,87.65,90.45,0,0,0,86.25,8,Low Risk
68.26,67.02,79.62,66.69,64.17,72.87,72.97,76.36,71.0,6,2,4,64.17,8,High Risk
73.72,73.64,72.11,70.09,78.34,81.9,76.78,82.5,76.13,4,2,2,70.09,8,Moderate Risk
94.02,82.2,79.54,87.1,74.77,86.47,78.38,80.37,82.86,1,0,1,74.77,8,Moderate Risk
93.48,92.26,90.35,88.37,93.66,95.36,93.4,93.25,92.52,0,0,0,88.37,8,Low Risk
67.15,78.67,69.7,77.98,83.99,73.18,70.85,71.63,74.14,5,1,4,67.15,8,High Risk
68.89,71.14,68.93,67.43,77.3,69.76,68.87,69.83,70.27,7,2,5,67.43,8,High Risk
90.43,90.5,89.32,89.65,82.02,86.07,89.62,90.25,88.48,0,0,0,82.02,8,Low Risk
74.5,60.0,73.42,60.0,60.0,60.0,70.66,60.0,64.82,8,2,6,60.0,8,High Risk
65.71,71.94,71.8,74.24,75.5,77.43,72.82,65.53,71.87,6,2,4,65.53,8,High Risk
91.1,100.0,94.23,96.44,90.89,91.58,90.65,92.26,93.39,0,0,0,90.65,8,Low Risk
100.0,100.0,96.98,100.0,90.15,98.25,93.68,94.8,96.73,0,0,0,90.15,8,Low Risk
60.0,61.83,67.23,,61.07,80.98,68.78,77.34,68.18,5,2,3,60.0,7,High Risk
68.14,87.93,69.59,62.27,74.2,,76.51,60.27,71.27,5,1,4,60.27,7,High Risk
61.23,60.25,70.43,77.65,66.63,60.0,64.98,62.47,65.45,7,2,5,60.0,8,High Risk
60.0,75.76,64.62,69.52,60.61,67.41,70.1,63.9,66.49,7,1,6,60.0,8,High Risk
90.31,89.28,84.15,92.09,88.11,93.85,84.77,91.74,89.29,0,0,0,84.15,8,Low Risk
77.38,73.23,75.48,78.61,80.53,79.17,72.97,86.84,78.03,2,1,1,72.97,8,Moderate Risk
72.23,67.81,75.21,79.67,60.0,76.68,69.42,70.72,71.47,5,2,3,60.0,8,High Risk
85.48,73.94,87.68,70.7,81.57,84.59,81.46,,80.77,2,1,1,70.7,7,Moderate Risk
60.91,60.0,60.0,66.51,67.07,60.0,60.0,61.88,62.05,8,2,6,60.0,8,High Risk
60.0,66.44,60.0,65.47,70.05,67.76,67.01,74.4,66.39,8,2,6,60.0,8,High Risk
79.98,76.25,86.23,89.76,76.19,84.4,83.56,84.09,82.56,0,0,0,76.19,8,Moderate Risk
97.45,98.57,88.37,86.14,87.93,92.87,93.49,,92.12,0,0,0,86.14,7,Low Risk
78.48,77.1,63.6,60.89,63.86,70.5,62.54,77.32,69.29,5,0,5,60.89,8,High Risk
85.37,77.8,72.83,80.35,85.54,80.93,91.4,82.43,82.08,1,0,1,72.83,8,Moderate Risk
86.51,88.72,93.32,98.38,93.16,89.55,99.8,81.78,91.4,0,0,0,81.78,8,Low Risk
89.06,89.54,85.94,82.52,88.17,84.25,85.44,93.0,87.24,0,0,0,82.52,8,Low Risk
